item_identifier	component_identifiers_json	components_canonical_sha256
minecraft:abandoned_camp_map	["minecraft:attack_animation","minecraft:attribute_modifiers","minecraft:break_sound","minecraft:enchantments","minecraft:interact_animation","minecraft:item_model","minecraft:item_name","minecraft:lore","minecraft:map_decorations","minecraft:max_stack_size","minecraft:rarity","minecraft:repair_cost","minecraft:tooltip_display","minecraft:use_effects"]	dbb039d858b60cd1d2e00b9ad42a4b93b91a250c24bd54753d2527e3f21c0aff
minecraft:acacia_boat	["minecraft:attack_animation","minecraft:attribute_modifiers","minecraft:break_sound","minecraft:cooking_fuel","minecraft:enchantments","minecraft:interact_animation","minecraft:item_model","minecraft:item_name","minecraft:lore","minecraft:max_stack_size","minecraft:rarity","minecraft:repair_cost","minecraft:tooltip_display","minecraft:use_effects"]	1ea28dff3d069f8f6b1a3aab9a1a4c30d8bb4b24cec40317b3aa6bf7174b3708
minecraft:acacia_button	["minecraft:attack_animation","minecraft:attribute_modifiers","minecraft:break_sound","minecraft:cooking_fuel","minecraft:enchantments","minecraft:interact_animation","minecraft:item_model","minecraft:item_name","minecraft:lore","minecraft:max_stack_size","minecraft:rarity","minecraft:repair_cost","minecraft:tooltip_display","minecraft:use_effects"]	869a2a9ec83bfb02d63cd2c5d970bd78f4a49f0fa12de1ff430d12b3d0db6b8b
minecraft:acacia_chest_boat	["minecraft:attack_animation","minecraft:attribute_modifiers","minecraft:break_sound","minecraft:cooking_fuel","minecraft:enchantments","minecraft:interact_animation","minecraft:item_model","minecraft:item_name","minecraft:lore","minecraft:max_stack_size","minecraft:rarity","minecraft:repair_cost","minecraft:tooltip_display","minecraft:use_effects"]	d43fe708856f3200ee05ea0a5a44222677a18212051e6047ea003b0ceded2638
minecraft:acacia_door	["minecraft:attack_animation","minecraft:attribute_modifiers","minecraft:break_sound","minecraft:cooking_fuel","minecraft:enchantments","minecraft:interact_animation","minecraft:item_model","minecraft:item_name","minecraft:lore","minecraft:max_stack_size","minecraft:rarity","minecraft:repair_cost","minecraft:tooltip_display","minecraft:use_effects"]	d2adee4dcff807fc17ac1bdbcec0800d9fb013750dcd282c3c45b30c83bd9cd0
minecraft:acacia_fence	["minecraft:attack_animation","minecraft:attribute_modifiers","minecraft:break_sound","minecraft:cooking_fuel","minecraft:enchantments","minecraft:interact_animation","minecraft:item_model","minecraft:item_name","minecraft:lore","minecraft:max_stack_size","minecraft:rarity","minecraft:repair_cost","minecraft:tooltip_display","minecraft:use_effects"]	20fe84567f46dc39f5b38282e05a2743f7c1b391c230a4dca8cc954f1341a5d5
minecraft:acacia_fence_gate	["minecraft:attack_animation","minecraft:attribute_modifiers","minecraft:break_sound","minecraft:cooking_fuel","minecraft:enchantments","minecraft:interact_animation","minecraft:item_model","minecraft:item_name","minecraft:lore","minecraft:max_stack_size","minecraft:rarity","minecraft:repair_cost","minecraft:tooltip_display","minecraft:use_effects"]	f1c59d7d72fe4540a492bc8ba539fb89653f382ae6b9929e13fe41496997d024
minecraft:acacia_hanging_sign	["minecraft:attack_animation","minecraft:attribute_modifiers","minecraft:break_sound","minecraft:cooking_fuel","minecraft:enchantments","minecraft:interact_animation","minecraft:item_model","minecraft:item_name","minecraft:lore","minecraft:max_stack_size","minecraft:rarity","minecraft:repair_cost","minecraft:sign_text_back","minecraft:sign_text_front","minecraft:tooltip_display","minecraft:use_effects"]	3ddc8c11b82f148c599418c12b18e0aae6bf17e9043f0073cedd59f1d1c40a82
minecraft:acacia_leaves	["minecraft:attack_animation","minecraft:attribute_modifiers","minecraft:break_sound","minecraft:compostable","minecraft:enchantments","minecraft:interact_animation","minecraft:item_model","minecraft:item_name","minecraft:lore","minecraft:max_stack_size","minecraft:rarity","minecraft:repair_cost","minecraft:tooltip_display","minecraft:use_effects"]	89f47824e10b98fd1218fef157517d4a6f6f9a6b3c99c570efee65bf0ce9f8bc
minecraft:acacia_log	["minecraft:attack_animation","minecraft:attribute_modifiers","minecraft:break_sound","minecraft:cooking_fuel","minecraft:enchantments","minecraft:interact_animation","minecraft:item_model","minecraft:item_name","minecraft:lore","minecraft:max_stack_size","minecraft:rarity","minecraft:repair_cost","minecraft:tooltip_display","minecraft:use_effects"]	9eac0f54c5b91a36ba66699dbdbe15e97dd7fe8fa71bf8fa2bb431405cc62f42
minecraft:acacia_planks	["minecraft:attack_animation","minecraft:attribute_modifiers","minecraft:break_sound","minecraft:cooking_fuel","minecraft:enchantments","minecraft:interact_animation","minecraft:item_model","minecraft:item_name","minecraft:lore","minecraft:max_stack_size","minecraft:rarity","minecraft:repair_cost","minecraft:tooltip_display","minecraft:use_effects"]	58ab70be358a479cba39d6a0c37614e35256c046666aa52fe3ebb996d882c178
minecraft:acacia_pressure_plate	["minecraft:attack_animation","minecraft:attribute_modifiers","minecraft:break_sound","minecraft:cooking_fuel","minecraft:enchantments","minecraft:interact_animation","minecraft:item_model","minecraft:item_name","minecraft:lore","minecraft:max_stack_size","minecraft:rarity","minecraft:repair_cost","minecraft:tooltip_display","minecraft:use_effects"]	dfd05f83a5ede51db6ef891545ad513be8ba9541f454b17eb83f39479c476bd2
minecraft:acacia_sapling	["minecraft:attack_animation","minecraft:attribute_modifiers","minecraft:break_sound","minecraft:compostable","minecraft:cooking_fuel","minecraft:enchantments","minecraft:interact_animation","minecraft:item_model","minecraft:item_name","minecraft:lore","minecraft:max_stack_size","minecraft:rarity","minecraft:repair_cost","minecraft:tooltip_display","minecraft:use_effects"]	ce1315c4ae4ea3e574c7705bb0fbc614767754e9fcc0198aa5e5eb48b9405a33
minecraft:acacia_shelf	["minecraft:attack_animation","minecraft:attribute_modifiers","minecraft:break_sound","minecraft:container","minecraft:cooking_fuel","minecraft:enchantments","minecraft:interact_animation","minecraft:item_model","minecraft:item_name","minecraft:lore","minecraft:max_stack_size","minecraft:rarity","minecraft:repair_cost","minecraft:tooltip_display","minecraft:use_effects"]	b9d2bd6ee5ac1d225c9126fb451f3255d93a8e18815a04616211a62867bcc5e6
minecraft:acacia_sign	["minecraft:attack_animation","minecraft:attribute_modifiers","minecraft:break_sound","minecraft:cooking_fuel","minecraft:enchantments","minecraft:interact_animation","minecraft:item_model","minecraft:item_name","minecraft:lore","minecraft:max_stack_size","minecraft:rarity","minecraft:repair_cost","minecraft:sign_text_back","minecraft:sign_text_front","minecraft:tooltip_display","minecraft:use_effects"]	0f977a1fc7258bc593707bd68e73de451b1d45e289c168af4975579a113c3a58
minecraft:acacia_slab	["minecraft:attack_animation","minecraft:attribute_modifiers","minecraft:break_sound","minecraft:cooking_fuel","minecraft:enchantments","minecraft:interact_animation","minecraft:item_model","minecraft:item_name","minecraft:lore","minecraft:max_stack_size","minecraft:rarity","minecraft:repair_cost","minecraft:tooltip_display","minecraft:use_effects"]	90c203bee0066d71dad1547072bf209f11f3a3631b1699573ce82c019ee9948a
minecraft:acacia_stairs	["minecraft:attack_animation","minecraft:attribute_modifiers","minecraft:break_sound","minecraft:cooking_fuel","minecraft:enchantments","minecraft:interact_animation","minecraft:item_model","minecraft:item_name","minecraft:lore","minecraft:max_stack_size","minecraft:rarity","minecraft:repair_cost","minecraft:tooltip_display","minecraft:use_effects"]	3193421246ec36573f87e6bdc51a724dcb74b7f8f350adf7f3b7264d5a562575
minecraft:acacia_trapdoor	["minecraft:attack_animation","minecraft:attribute_modifiers","minecraft:break_sound","minecraft:cooking_fuel","minecraft:enchantments","minecraft:interact_animation","minecraft:item_model","minecraft:item_name","minecraft:lore","minecraft:max_stack_size","minecraft:rarity","minecraft:repair_cost","minecraft:tooltip_display","minecraft:use_effects"]	c754618badfff310e178d2444b23359e3648559d4d7e0f44db619856f101a63f
minecraft:acacia_wood	["minecraft:attack_animation","minecraft:attribute_modifiers","minecraft:break_sound","minecraft:cooking_fuel","minecraft:enchantments","minecraft:interact_animation","minecraft:item_model","minecraft:item_name","minecraft:lore","minecraft:max_stack_size","minecraft:rarity","minecraft:repair_cost","minecraft:tooltip_display","minecraft:use_effects"]	c63068f9bd5c5bf8dae62877fb99f5d8e552a526afa1ab1252b25a360eeeec31
minecraft:activator_rail	["minecraft:attack_animation","minecraft:attribute_modifiers","minecraft:break_sound","minecraft:enchantments","minecraft:interact_animation","minecraft:item_model","minecraft:item_name","minecraft:lore","minecraft:max_stack_size","minecraft:rarity","minecraft:repair_cost","minecraft:tooltip_display","minecraft:use_effects"]	cd27d68699223ddb0c30a681208417071f883bad0fff51d4cbd61ee18e60ef73
minecraft:air	["minecraft:attack_animation","minecraft:attribute_modifiers","minecraft:break_sound","minecraft:enchantments","minecraft:interact_animation","minecraft:item_model","minecraft:item_name","minecraft:lore","minecraft:max_stack_size","minecraft:rarity","minecraft:repair_cost","minecraft:tooltip_display","minecraft:use_effects"]	0ddd52d58f575d40e27e24d04584bbd37aaa83372efc2c30b12bf8c71b843540
minecraft:allay_spawn_egg	["minecraft:attack_animation","minecraft:attribute_modifiers","minecraft:break_sound","minecraft:enchantments","minecraft:entity_data","minecraft:interact_animation","minecraft:item_model","minecraft:item_name","minecraft:lore","minecraft:max_stack_size","minecraft:rarity","minecraft:repair_cost","minecraft:tooltip_display","minecraft:use_effects"]	f952903bed7df07486141a408fff79959e84efd9099044deffd34b8c35c73353
minecraft:allium	["minecraft:attack_animation","minecraft:attribute_modifiers","minecraft:break_sound","minecraft:compostable","minecraft:enchantments","minecraft:interact_animation","minecraft:item_model","minecraft:item_name","minecraft:lore","minecraft:max_stack_size","minecraft:rarity","minecraft:repair_cost","minecraft:tooltip_display","minecraft:use_effects"]	6efe42f532c0560d96bf5fcae83a46d3dff21f3559a157bf84117914439675d2
minecraft:amethyst_block	["minecraft:attack_animation","minecraft:attribute_modifiers","minecraft:break_sound","minecraft:enchantments","minecraft:interact_animation","minecraft:item_model","minecraft:item_name","minecraft:lore","minecraft:max_stack_size","minecraft:rarity","minecraft:repair_cost","minecraft:tooltip_display","minecraft:use_effects"]	3e65cbf93eb3562c1b261d343125953ebc24791aaa5dce1e0afbd6c887caeb28
minecraft:amethyst_cluster	["minecraft:attack_animation","minecraft:attribute_modifiers","minecraft:break_sound","minecraft:enchantments","minecraft:interact_animation","minecraft:item_model","minecraft:item_name","minecraft:lore","minecraft:max_stack_size","minecraft:rarity","minecraft:repair_cost","minecraft:tooltip_display","minecraft:use_effects"]	230c42b7aebf2982792d860990ca49d3d3ee2384d39b3de7d1ce756e3622abc1
minecraft:amethyst_shard	["minecraft:attack_animation","minecraft:attribute_modifiers","minecraft:break_sound","minecraft:enchantments","minecraft:interact_animation","minecraft:item_model","minecraft:item_name","minecraft:lore","minecraft:max_stack_size","minecraft:provides_trim_material","minecraft:rarity","minecraft:repair_cost","minecraft:tooltip_display","minecraft:use_effects"]	84c3bcc9d4c93c84bd432d95e3ed3e5de4bba77e3668029ca7ae901573476a45
minecraft:ancient_debris	["minecraft:attack_animation","minecraft:attribute_modifiers","minecraft:break_sound","minecraft:damage_resistant","minecraft:enchantments","minecraft:interact_animation","minecraft:item_model","minecraft:item_name","minecraft:lore","minecraft:max_stack_size","minecraft:rarity","minecraft:repair_cost","minecraft:tooltip_display","minecraft:use_effects"]	a4da914e4320c54000f7b5c1e1b6fefc43d4ad9e50e83cc0016eae5ded7a69e4
minecraft:andesite	["minecraft:attack_animation","minecraft:attribute_modifiers","minecraft:break_sound","minecraft:enchantments","minecraft:interact_animation","minecraft:item_model","minecraft:item_name","minecraft:lore","minecraft:max_stack_size","minecraft:rarity","minecraft:repair_cost","minecraft:tooltip_display","minecraft:use_effects"]	b4a3c3f95c6f141069af8aedc24bbc872a798080209e0dd462c27b948fa1301d
minecraft:andesite_slab	["minecraft:attack_animation","minecraft:attribute_modifiers","minecraft:break_sound","minecraft:enchantments","minecraft:interact_animation","minecraft:item_model","minecraft:item_name","minecraft:lore","minecraft:max_stack_size","minecraft:rarity","minecraft:repair_cost","minecraft:tooltip_display","minecraft:use_effects"]	803485c6647709ee04f73c3b28d7cbee0169d4cc0098450c473974fb54923b8b
minecraft:andesite_stairs	["minecraft:attack_animation","minecraft:attribute_modifiers","minecraft:break_sound","minecraft:enchantments","minecraft:interact_animation","minecraft:item_model","minecraft:item_name","minecraft:lore","minecraft:max_stack_size","minecraft:rarity","minecraft:repair_cost","minecraft:tooltip_display","minecraft:use_effects"]	728ca3fcd1999686e03bb0159894a543c67680e536ce4cc636762c7eb003b51b
minecraft:andesite_wall	["minecraft:attack_animation","minecraft:attribute_modifiers","minecraft:break_sound","minecraft:enchantments","minecraft:interact_animation","minecraft:item_model","minecraft:item_name","minecraft:lore","minecraft:max_stack_size","minecraft:rarity","minecraft:repair_cost","minecraft:tooltip_display","minecraft:use_effects"]	362a867afd7ad3ba37ac8508fa7b85053ce1ad1960ccc1bc89bbd0cdc0f70892
minecraft:angler_pottery_sherd	["minecraft:attack_animation","minecraft:attribute_modifiers","minecraft:break_sound","minecraft:enchantments","minecraft:interact_animation","minecraft:item_model","minecraft:item_name","minecraft:lore","minecraft:max_stack_size","minecraft:provides_pottery_pattern","minecraft:rarity","minecraft:repair_cost","minecraft:tooltip_display","minecraft:use_effects"]	cd7ceb4adc2bc91206a32ffb0d0cbdbb8895049a263a866e0f8668d65fb9c423
minecraft:anvil	["minecraft:attack_animation","minecraft:attribute_modifiers","minecraft:break_sound","minecraft:enchantments","minecraft:interact_animation","minecraft:item_model","minecraft:item_name","minecraft:lore","minecraft:max_stack_size","minecraft:rarity","minecraft:repair_cost","minecraft:tooltip_display","minecraft:use_effects"]	d7edd54d8b46ae994fe4cd50691cd36878292acdcd3b04ed12f5a3fd05bff59a
minecraft:apple	["minecraft:attack_animation","minecraft:attribute_modifiers","minecraft:break_sound","minecraft:compostable","minecraft:consumable","minecraft:enchantments","minecraft:food","minecraft:interact_animation","minecraft:item_model","minecraft:item_name","minecraft:lore","minecraft:max_stack_size","minecraft:rarity","minecraft:repair_cost","minecraft:tooltip_display","minecraft:use_effects"]	b216b335d1666a5ba8fceadc4212b72f518506efcac32dcebfbcc9094e1fa8bb
minecraft:archer_pottery_sherd	["minecraft:attack_animation","minecraft:attribute_modifiers","minecraft:break_sound","minecraft:enchantments","minecraft:interact_animation","minecraft:item_model","minecraft:item_name","minecraft:lore","minecraft:max_stack_size","minecraft:provides_pottery_pattern","minecraft:rarity","minecraft:repair_cost","minecraft:tooltip_display","minecraft:use_effects"]	a366376917d358ec9037d727f6fff99bed34c340768b9fca0b8919148923a51d
minecraft:armadillo_scute	["minecraft:attack_animation","minecraft:attribute_modifiers","minecraft:break_sound","minecraft:enchantments","minecraft:interact_animation","minecraft:item_model","minecraft:item_name","minecraft:lore","minecraft:max_stack_size","minecraft:rarity","minecraft:repair_cost","minecraft:tooltip_display","minecraft:use_effects"]	379ef9b9634f92c1c9c7faeceeebef40085ce3d3db0d9d86b08cfeca63269d93
minecraft:armadillo_spawn_egg	["minecraft:attack_animation","minecraft:attribute_modifiers","minecraft:break_sound","minecraft:enchantments","minecraft:entity_data","minecraft:interact_animation","minecraft:item_model","minecraft:item_name","minecraft:lore","minecraft:max_stack_size","minecraft:rarity","minecraft:repair_cost","minecraft:tooltip_display","minecraft:use_effects"]	7b2bd375f75a44775b3e728f45e12d9a9024ea9c71f904abd954945ceee0a403
minecraft:armor_stand	["minecraft:attack_animation","minecraft:attribute_modifiers","minecraft:break_sound","minecraft:enchantments","minecraft:interact_animation","minecraft:item_model","minecraft:item_name","minecraft:lore","minecraft:max_stack_size","minecraft:rarity","minecraft:repair_cost","minecraft:tooltip_display","minecraft:use_effects"]	83ccb76c5974f84172c8731c3f2845bef6b1522c952055569a224b31f3793560
minecraft:arms_up_pottery_sherd	["minecraft:attack_animation","minecraft:attribute_modifiers","minecraft:break_sound","minecraft:enchantments","minecraft:interact_animation","minecraft:item_model","minecraft:item_name","minecraft:lore","minecraft:max_stack_size","minecraft:provides_pottery_pattern","minecraft:rarity","minecraft:repair_cost","minecraft:tooltip_display","minecraft:use_effects"]	3b80d835944ebdb0cda30c0ee528ed0c0e2c42fc25ee71a3c4a2095d70f8a97c
minecraft:arrow	["minecraft:attack_animation","minecraft:attribute_modifiers","minecraft:break_sound","minecraft:enchantments","minecraft:interact_animation","minecraft:item_model","minecraft:item_name","minecraft:lore","minecraft:max_stack_size","minecraft:rarity","minecraft:repair_cost","minecraft:tooltip_display","minecraft:use_effects"]	3193f559d0280b180aa78d08b35b6d32b302ab12209b0e7ba354b8ecdb8dee9d
minecraft:axolotl_bucket	["minecraft:attack_animation","minecraft:attribute_modifiers","minecraft:break_sound","minecraft:bucket_entity_data","minecraft:enchantments","minecraft:interact_animation","minecraft:item_model","minecraft:item_name","minecraft:lore","minecraft:max_stack_size","minecraft:rarity","minecraft:repair_cost","minecraft:tooltip_display","minecraft:use_effects"]	cb1e4f0c0a172e8a22ad6acd9da0d636fd5368d19d7886c5098b827632a78a0a
minecraft:axolotl_spawn_egg	["minecraft:attack_animation","minecraft:attribute_modifiers","minecraft:break_sound","minecraft:enchantments","minecraft:entity_data","minecraft:interact_animation","minecraft:item_model","minecraft:item_name","minecraft:lore","minecraft:max_stack_size","minecraft:rarity","minecraft:repair_cost","minecraft:tooltip_display","minecraft:use_effects"]	8dd19d75bef3d92bd288f9b9778ffa53a382d4af8a17769b6ef47fe48aaa8efc
minecraft:azalea	["minecraft:attack_animation","minecraft:attribute_modifiers","minecraft:break_sound","minecraft:compostable","minecraft:cooking_fuel","minecraft:enchantments","minecraft:interact_animation","minecraft:item_model","minecraft:item_name","minecraft:lore","minecraft:max_stack_size","minecraft:rarity","minecraft:repair_cost","minecraft:tooltip_display","minecraft:use_effects"]	bd320a8080f7714bc1c13a4a9942f08ea1ca85e73088af01ee7d6c587a915335
minecraft:azalea_leaves	["minecraft:attack_animation","minecraft:attribute_modifiers","minecraft:break_sound","minecraft:compostable","minecraft:enchantments","minecraft:interact_animation","minecraft:item_model","minecraft:item_name","minecraft:lore","minecraft:max_stack_size","minecraft:rarity","minecraft:repair_cost","minecraft:tooltip_display","minecraft:use_effects"]	84fdfa7706acd89d4331f68d04023a6e89a72814debafad182f894dbb8b7dc9a
minecraft:azure_bluet	["minecraft:attack_animation","minecraft:attribute_modifiers","minecraft:break_sound","minecraft:compostable","minecraft:enchantments","minecraft:interact_animation","minecraft:item_model","minecraft:item_name","minecraft:lore","minecraft:max_stack_size","minecraft:rarity","minecraft:repair_cost","minecraft:tooltip_display","minecraft:use_effects"]	074c83048f858388fc26880ede73dad6a21cd2fdc2cdb8a6447c881eb22e95be
minecraft:baked_potato	["minecraft:attack_animation","minecraft:attribute_modifiers","minecraft:break_sound","minecraft:compostable","minecraft:consumable","minecraft:enchantments","minecraft:food","minecraft:interact_animation","minecraft:item_model","minecraft:item_name","minecraft:lore","minecraft:max_stack_size","minecraft:rarity","minecraft:repair_cost","minecraft:tooltip_display","minecraft:use_effects"]	6842530870d03a0cb2c395c7a30f1f9df2dc97306156dab0d15e17c40bea5012
minecraft:bamboo	["minecraft:attack_animation","minecraft:attribute_modifiers","minecraft:break_sound","minecraft:cooking_fuel","minecraft:enchantments","minecraft:interact_animation","minecraft:item_model","minecraft:item_name","minecraft:lore","minecraft:max_stack_size","minecraft:rarity","minecraft:repair_cost","minecraft:tooltip_display","minecraft:use_effects"]	06b481d033677555fec5bd7f751e601accf112eb1422631571bb3071d68e2d5e
minecraft:bamboo_block	["minecraft:attack_animation","minecraft:attribute_modifiers","minecraft:break_sound","minecraft:cooking_fuel","minecraft:enchantments","minecraft:interact_animation","minecraft:item_model","minecraft:item_name","minecraft:lore","minecraft:max_stack_size","minecraft:rarity","minecraft:repair_cost","minecraft:tooltip_display","minecraft:use_effects"]	0cb27b5d3081534976b98b72895681eaf796dc3824cbc9c42bfc43114ea6434c
minecraft:bamboo_button	["minecraft:attack_animation","minecraft:attribute_modifiers","minecraft:break_sound","minecraft:cooking_fuel","minecraft:enchantments","minecraft:interact_animation","minecraft:item_model","minecraft:item_name","minecraft:lore","minecraft:max_stack_size","minecraft:rarity","minecraft:repair_cost","minecraft:tooltip_display","minecraft:use_effects"]	8c0dd2f88d3050b3d908ed216d4c313b39262df5f6dfe6626288c5dd33a48d79
minecraft:bamboo_chest_raft	["minecraft:attack_animation","minecraft:attribute_modifiers","minecraft:break_sound","minecraft:cooking_fuel","minecraft:enchantments","minecraft:interact_animation","minecraft:item_model","minecraft:item_name","minecraft:lore","minecraft:max_stack_size","minecraft:rarity","minecraft:repair_cost","minecraft:tooltip_display","minecraft:use_effects"]	f91c9f7f33f56e282cf6b592187cdc25723fb923f9d56297ee86e3ee5679f002
minecraft:bamboo_door	["minecraft:attack_animation","minecraft:attribute_modifiers","minecraft:break_sound","minecraft:cooking_fuel","minecraft:enchantments","minecraft:interact_animation","minecraft:item_model","minecraft:item_name","minecraft:lore","minecraft:max_stack_size","minecraft:rarity","minecraft:repair_cost","minecraft:tooltip_display","minecraft:use_effects"]	eac5b00340133e23807e64d2dd4ef896202ad7eafc0284840a058b8c7b0bbdd7
minecraft:bamboo_fence	["minecraft:attack_animation","minecraft:attribute_modifiers","minecraft:break_sound","minecraft:cooking_fuel","minecraft:enchantments","minecraft:interact_animation","minecraft:item_model","minecraft:item_name","minecraft:lore","minecraft:max_stack_size","minecraft:rarity","minecraft:repair_cost","minecraft:tooltip_display","minecraft:use_effects"]	7d1475e5ba22a89cc72d260f8d9985824da8375d5a25f95208cc4140d5513c22
minecraft:bamboo_fence_gate	["minecraft:attack_animation","minecraft:attribute_modifiers","minecraft:break_sound","minecraft:cooking_fuel","minecraft:enchantments","minecraft:interact_animation","minecraft:item_model","minecraft:item_name","minecraft:lore","minecraft:max_stack_size","minecraft:rarity","minecraft:repair_cost","minecraft:tooltip_display","minecraft:use_effects"]	b99a5c2e5caa8705c024db368a0ebcc0c362d74343b29731bd881896b266ed1a
minecraft:bamboo_hanging_sign	["minecraft:attack_animation","minecraft:attribute_modifiers","minecraft:break_sound","minecraft:cooking_fuel","minecraft:enchantments","minecraft:interact_animation","minecraft:item_model","minecraft:item_name","minecraft:lore","minecraft:max_stack_size","minecraft:rarity","minecraft:repair_cost","minecraft:sign_text_back","minecraft:sign_text_front","minecraft:tooltip_display","minecraft:use_effects"]	50145e8b1005425e9a37cddd61553a0c97734d366ccc6f7454704b7baaf67f32
minecraft:bamboo_mosaic	["minecraft:attack_animation","minecraft:attribute_modifiers","minecraft:break_sound","minecraft:cooking_fuel","minecraft:enchantments","minecraft:interact_animation","minecraft:item_model","minecraft:item_name","minecraft:lore","minecraft:max_stack_size","minecraft:rarity","minecraft:repair_cost","minecraft:tooltip_display","minecraft:use_effects"]	779e06b61242dd9d11b959786378689ec73f4d136ed8a8947454a65c4ce1c357
minecraft:bamboo_mosaic_slab	["minecraft:attack_animation","minecraft:attribute_modifiers","minecraft:break_sound","minecraft:cooking_fuel","minecraft:enchantments","minecraft:interact_animation","minecraft:item_model","minecraft:item_name","minecraft:lore","minecraft:max_stack_size","minecraft:rarity","minecraft:repair_cost","minecraft:tooltip_display","minecraft:use_effects"]	8b967e5fa0a5b03c242d6d919b991bf534738cd9604b7f90cc201c29f98b8adb
minecraft:bamboo_mosaic_stairs	["minecraft:attack_animation","minecraft:attribute_modifiers","minecraft:break_sound","minecraft:cooking_fuel","minecraft:enchantments","minecraft:interact_animation","minecraft:item_model","minecraft:item_name","minecraft:lore","minecraft:max_stack_size","minecraft:rarity","minecraft:repair_cost","minecraft:tooltip_display","minecraft:use_effects"]	4a4c8b561844042fc6c7c56bc933d7dd49c6e2c5a4656ffc11a586d6fe359613
minecraft:bamboo_planks	["minecraft:attack_animation","minecraft:attribute_modifiers","minecraft:break_sound","minecraft:cooking_fuel","minecraft:enchantments","minecraft:interact_animation","minecraft:item_model","minecraft:item_name","minecraft:lore","minecraft:max_stack_size","minecraft:rarity","minecraft:repair_cost","minecraft:tooltip_display","minecraft:use_effects"]	82edc860dc81608bee3bb1cbc8a84bdfd9464e896b1fab435b63a711b050c250
minecraft:bamboo_pressure_plate	["minecraft:attack_animation","minecraft:attribute_modifiers","minecraft:break_sound","minecraft:cooking_fuel","minecraft:enchantments","minecraft:interact_animation","minecraft:item_model","minecraft:item_name","minecraft:lore","minecraft:max_stack_size","minecraft:rarity","minecraft:repair_cost","minecraft:tooltip_display","minecraft:use_effects"]	3a8bcb2bdf120e3fc19dc70d1a7a7df197591f414c82cbf9a936eef3af6947ae
minecraft:bamboo_raft	["minecraft:attack_animation","minecraft:attribute_modifiers","minecraft:break_sound","minecraft:cooking_fuel","minecraft:enchantments","minecraft:interact_animation","minecraft:item_model","minecraft:item_name","minecraft:lore","minecraft:max_stack_size","minecraft:rarity","minecraft:repair_cost","minecraft:tooltip_display","minecraft:use_effects"]	d5d3b47836bdd5613f7fb51dc6c3aa1afe86116f66de5209e2ea6b698e7e8b24
minecraft:bamboo_shelf	["minecraft:attack_animation","minecraft:attribute_modifiers","minecraft:break_sound","minecraft:container","minecraft:cooking_fuel","minecraft:enchantments","minecraft:interact_animation","minecraft:item_model","minecraft:item_name","minecraft:lore","minecraft:max_stack_size","minecraft:rarity","minecraft:repair_cost","minecraft:tooltip_display","minecraft:use_effects"]	701aa23dee9e165ac09e0fba0140dd747462276fb935b3ccca37dcee10331887
minecraft:bamboo_sign	["minecraft:attack_animation","minecraft:attribute_modifiers","minecraft:break_sound","minecraft:cooking_fuel","minecraft:enchantments","minecraft:interact_animation","minecraft:item_model","minecraft:item_name","minecraft:lore","minecraft:max_stack_size","minecraft:rarity","minecraft:repair_cost","minecraft:sign_text_back","minecraft:sign_text_front","minecraft:tooltip_display","minecraft:use_effects"]	a84cd40283d60a2a92d8305cd5584561a96007cd4935fb2da5395a2cb02d4aec
minecraft:bamboo_slab	["minecraft:attack_animation","minecraft:attribute_modifiers","minecraft:break_sound","minecraft:cooking_fuel","minecraft:enchantments","minecraft:interact_animation","minecraft:item_model","minecraft:item_name","minecraft:lore","minecraft:max_stack_size","minecraft:rarity","minecraft:repair_cost","minecraft:tooltip_display","minecraft:use_effects"]	9357c07cf6a6660e2804d49ab9e7149f802caef2892883ca8356b5d5458aa5a7
minecraft:bamboo_stairs	["minecraft:attack_animation","minecraft:attribute_modifiers","minecraft:break_sound","minecraft:cooking_fuel","minecraft:enchantments","minecraft:interact_animation","minecraft:item_model","minecraft:item_name","minecraft:lore","minecraft:max_stack_size","minecraft:rarity","minecraft:repair_cost","minecraft:tooltip_display","minecraft:use_effects"]	7bffdb6a366d4eb1514a59f47c9e83ee910ed176103cf20262574a1a8f738b08
minecraft:bamboo_trapdoor	["minecraft:attack_animation","minecraft:attribute_modifiers","minecraft:break_sound","minecraft:cooking_fuel","minecraft:enchantments","minecraft:interact_animation","minecraft:item_model","minecraft:item_name","minecraft:lore","minecraft:max_stack_size","minecraft:rarity","minecraft:repair_cost","minecraft:tooltip_display","minecraft:use_effects"]	df290b781064bd28191709c562119aa55e19258049881922db9b5b3afac49b9a
minecraft:barrel	["minecraft:attack_animation","minecraft:attribute_modifiers","minecraft:break_sound","minecraft:container","minecraft:cooking_fuel","minecraft:enchantments","minecraft:interact_animation","minecraft:item_model","minecraft:item_name","minecraft:lore","minecraft:max_stack_size","minecraft:rarity","minecraft:repair_cost","minecraft:tooltip_display","minecraft:use_effects"]	14a00fbedb5d370be49558f46cd2f0c5fb3de01c5c8937829d75a6095071efb6
minecraft:barrier	["minecraft:attack_animation","minecraft:attribute_modifiers","minecraft:break_sound","minecraft:enchantments","minecraft:interact_animation","minecraft:item_model","minecraft:item_name","minecraft:lore","minecraft:max_stack_size","minecraft:rarity","minecraft:repair_cost","minecraft:tooltip_display","minecraft:use_effects"]	235a60899d28eae7cabacd99ee11ed541e8d9f0d49a80ece84dc07bcfffddc25
minecraft:basalt	["minecraft:attack_animation","minecraft:attribute_modifiers","minecraft:break_sound","minecraft:enchantments","minecraft:interact_animation","minecraft:item_model","minecraft:item_name","minecraft:lore","minecraft:max_stack_size","minecraft:rarity","minecraft:repair_cost","minecraft:tooltip_display","minecraft:use_effects"]	bb60f82497faad97e18436881c0eda589ac409ac08e776cab3fdbafa21acc949
minecraft:bat_spawn_egg	["minecraft:attack_animation","minecraft:attribute_modifiers","minecraft:break_sound","minecraft:enchantments","minecraft:entity_data","minecraft:interact_animation","minecraft:item_model","minecraft:item_name","minecraft:lore","minecraft:max_stack_size","minecraft:rarity","minecraft:repair_cost","minecraft:tooltip_display","minecraft:use_effects"]	3cdc3b60b166c4d909fbf43a1fe2d55520919391da1a1d04a88d6da97ac815dd
minecraft:beacon	["minecraft:attack_animation","minecraft:attribute_modifiers","minecraft:break_sound","minecraft:enchantments","minecraft:interact_animation","minecraft:item_model","minecraft:item_name","minecraft:lore","minecraft:max_stack_size","minecraft:rarity","minecraft:repair_cost","minecraft:tooltip_display","minecraft:use_effects"]	af966a1c0deb499e0e11cdd1a0aad7dce393f69fc04775a0325c551d8a3a1f4f
minecraft:bedrock	["minecraft:attack_animation","minecraft:attribute_modifiers","minecraft:break_sound","minecraft:enchantments","minecraft:interact_animation","minecraft:item_model","minecraft:item_name","minecraft:lore","minecraft:max_stack_size","minecraft:rarity","minecraft:repair_cost","minecraft:tooltip_display","minecraft:use_effects"]	ec0449beae09fdca472db8416dad114e936b06581cf14996335498f92931fbdb
minecraft:bee_nest	["minecraft:attack_animation","minecraft:attribute_modifiers","minecraft:bees","minecraft:block_state","minecraft:break_sound","minecraft:enchantments","minecraft:interact_animation","minecraft:item_model","minecraft:item_name","minecraft:lore","minecraft:max_stack_size","minecraft:rarity","minecraft:repair_cost","minecraft:tooltip_display","minecraft:use_effects"]	d7dcc8488380063bb7deb5cd8ceb224ac06712232ccfead2df49b7fd115ac08f
minecraft:bee_spawn_egg	["minecraft:attack_animation","minecraft:attribute_modifiers","minecraft:break_sound","minecraft:enchantments","minecraft:entity_data","minecraft:interact_animation","minecraft:item_model","minecraft:item_name","minecraft:lore","minecraft:max_stack_size","minecraft:rarity","minecraft:repair_cost","minecraft:tooltip_display","minecraft:use_effects"]	d071d3eda9edcf6335984ae85926adb3c317b4ebfa0be0cc9bc71178117f3bce
minecraft:beef	["minecraft:attack_animation","minecraft:attribute_modifiers","minecraft:break_sound","minecraft:consumable","minecraft:enchantments","minecraft:food","minecraft:interact_animation","minecraft:item_model","minecraft:item_name","minecraft:lore","minecraft:max_stack_size","minecraft:rarity","minecraft:repair_cost","minecraft:tooltip_display","minecraft:use_effects"]	6b1865cd5f56785805f95f7d13fa3d4f2d081962956e73de21aaf6a3747e2999
minecraft:beehive	["minecraft:attack_animation","minecraft:attribute_modifiers","minecraft:bees","minecraft:block_state","minecraft:break_sound","minecraft:enchantments","minecraft:interact_animation","minecraft:item_model","minecraft:item_name","minecraft:lore","minecraft:max_stack_size","minecraft:rarity","minecraft:repair_cost","minecraft:tooltip_display","minecraft:use_effects"]	907fdc1378cf1a0c24c707767154bda75f6e99691a665573bf63a7115cbe7594
minecraft:beetroot	["minecraft:attack_animation","minecraft:attribute_modifiers","minecraft:break_sound","minecraft:compostable","minecraft:consumable","minecraft:enchantments","minecraft:food","minecraft:interact_animation","minecraft:item_model","minecraft:item_name","minecraft:lore","minecraft:max_stack_size","minecraft:rarity","minecraft:repair_cost","minecraft:tooltip_display","minecraft:use_effects","minecraft:villager_food"]	30ed54a1dc938e3b3a9bdc6bf79ca35f3ad8bd8a3dbd8c2d976ef606cc18919a
minecraft:beetroot_seeds	["minecraft:attack_animation","minecraft:attribute_modifiers","minecraft:break_sound","minecraft:compostable","minecraft:enchantments","minecraft:interact_animation","minecraft:item_model","minecraft:item_name","minecraft:lore","minecraft:max_stack_size","minecraft:rarity","minecraft:repair_cost","minecraft:tooltip_display","minecraft:use_effects"]	bd2d7b58d77dc237a2024ff3873784c9a11802154a5ff4c90fead4f90e64bf3c
minecraft:beetroot_soup	["minecraft:attack_animation","minecraft:attribute_modifiers","minecraft:break_sound","minecraft:consumable","minecraft:enchantments","minecraft:food","minecraft:interact_animation","minecraft:item_model","minecraft:item_name","minecraft:lore","minecraft:max_stack_size","minecraft:rarity","minecraft:repair_cost","minecraft:tooltip_display","minecraft:use_effects","minecraft:use_remainder"]	2a39121224837198ade3c3e6bb41e39f587822eb65cbe66672ac22f7608c476d
minecraft:bell	["minecraft:attack_animation","minecraft:attribute_modifiers","minecraft:break_sound","minecraft:enchantments","minecraft:interact_animation","minecraft:item_model","minecraft:item_name","minecraft:lore","minecraft:max_stack_size","minecraft:rarity","minecraft:repair_cost","minecraft:tooltip_display","minecraft:use_effects"]	5f15d6411c0a4a10a41549fcbdd8fdff41ae4c9cdfb5c9df9c0379cc1f5dcd1c
minecraft:big_dripleaf	["minecraft:attack_animation","minecraft:attribute_modifiers","minecraft:break_sound","minecraft:compostable","minecraft:enchantments","minecraft:interact_animation","minecraft:item_model","minecraft:item_name","minecraft:lore","minecraft:max_stack_size","minecraft:rarity","minecraft:repair_cost","minecraft:tooltip_display","minecraft:use_effects"]	2a14a5fcd32eafb3d7b48cd2ce7001019cec109a8937860f861dc1c8ac99bdce
minecraft:birch_boat	["minecraft:attack_animation","minecraft:attribute_modifiers","minecraft:break_sound","minecraft:cooking_fuel","minecraft:enchantments","minecraft:interact_animation","minecraft:item_model","minecraft:item_name","minecraft:lore","minecraft:max_stack_size","minecraft:rarity","minecraft:repair_cost","minecraft:tooltip_display","minecraft:use_effects"]	038c31c74749108dda2143be7b7a1be9c298fc486979e5f328a2514b3f123764
minecraft:birch_button	["minecraft:attack_animation","minecraft:attribute_modifiers","minecraft:break_sound","minecraft:cooking_fuel","minecraft:enchantments","minecraft:interact_animation","minecraft:item_model","minecraft:item_name","minecraft:lore","minecraft:max_stack_size","minecraft:rarity","minecraft:repair_cost","minecraft:tooltip_display","minecraft:use_effects"]	3730d9b95952844c967f3f4e1eaa9ff5ee78c7694ce4339f9eb6d6d103299f9c
minecraft:birch_chest_boat	["minecraft:attack_animation","minecraft:attribute_modifiers","minecraft:break_sound","minecraft:cooking_fuel","minecraft:enchantments","minecraft:interact_animation","minecraft:item_model","minecraft:item_name","minecraft:lore","minecraft:max_stack_size","minecraft:rarity","minecraft:repair_cost","minecraft:tooltip_display","minecraft:use_effects"]	a5f61d2ce4c29c5331226befc052e1a38e56a8c6f9bb8d8b6487225377a5513e
minecraft:birch_door	["minecraft:attack_animation","minecraft:attribute_modifiers","minecraft:break_sound","minecraft:cooking_fuel","minecraft:enchantments","minecraft:interact_animation","minecraft:item_model","minecraft:item_name","minecraft:lore","minecraft:max_stack_size","minecraft:rarity","minecraft:repair_cost","minecraft:tooltip_display","minecraft:use_effects"]	975ac9230b6a1561ba9d93f1bfc8c5ab518283273d6724eb26aa8dd526c19b0d
minecraft:birch_fence	["minecraft:attack_animation","minecraft:attribute_modifiers","minecraft:break_sound","minecraft:cooking_fuel","minecraft:enchantments","minecraft:interact_animation","minecraft:item_model","minecraft:item_name","minecraft:lore","minecraft:max_stack_size","minecraft:rarity","minecraft:repair_cost","minecraft:tooltip_display","minecraft:use_effects"]	46ee2947978535fbcd5c70393eae5419124f42a7625c78f224609df1fd2bfd85
minecraft:birch_fence_gate	["minecraft:attack_animation","minecraft:attribute_modifiers","minecraft:break_sound","minecraft:cooking_fuel","minecraft:enchantments","minecraft:interact_animation","minecraft:item_model","minecraft:item_name","minecraft:lore","minecraft:max_stack_size","minecraft:rarity","minecraft:repair_cost","minecraft:tooltip_display","minecraft:use_effects"]	787254b58471e812ca2f2549f8dfb008ad91a54e173a71c251b8099f1a8a5051
minecraft:birch_hanging_sign	["minecraft:attack_animation","minecraft:attribute_modifiers","minecraft:break_sound","minecraft:cooking_fuel","minecraft:enchantments","minecraft:interact_animation","minecraft:item_model","minecraft:item_name","minecraft:lore","minecraft:max_stack_size","minecraft:rarity","minecraft:repair_cost","minecraft:sign_text_back","minecraft:sign_text_front","minecraft:tooltip_display","minecraft:use_effects"]	7aa8413c71ef4ee23457300614ebe7ac3ec97a3ed23dfc3b4cccd29fbd57c77f
minecraft:birch_leaves	["minecraft:attack_animation","minecraft:attribute_modifiers","minecraft:break_sound","minecraft:compostable","minecraft:enchantments","minecraft:interact_animation","minecraft:item_model","minecraft:item_name","minecraft:lore","minecraft:max_stack_size","minecraft:rarity","minecraft:repair_cost","minecraft:tooltip_display","minecraft:use_effects"]	af5b46e41e9ca1aba5bec65a360bdeebd9065c31c9097a627ab8a0e32854592a
minecraft:birch_log	["minecraft:attack_animation","minecraft:attribute_modifiers","minecraft:break_sound","minecraft:cooking_fuel","minecraft:enchantments","minecraft:interact_animation","minecraft:item_model","minecraft:item_name","minecraft:lore","minecraft:max_stack_size","minecraft:rarity","minecraft:repair_cost","minecraft:tooltip_display","minecraft:use_effects"]	a4b085557dfc48cf48acf97fdfed744e03a9fd340c817fe16fa5a0597d7eea82
minecraft:birch_planks	["minecraft:attack_animation","minecraft:attribute_modifiers","minecraft:break_sound","minecraft:cooking_fuel","minecraft:enchantments","minecraft:interact_animation","minecraft:item_model","minecraft:item_name","minecraft:lore","minecraft:max_stack_size","minecraft:rarity","minecraft:repair_cost","minecraft:tooltip_display","minecraft:use_effects"]	5d949b251ee08945ff79c5f4787c620d971910a5a3693dce16effbc67d1af5de
minecraft:birch_pressure_plate	["minecraft:attack_animation","minecraft:attribute_modifiers","minecraft:break_sound","minecraft:cooking_fuel","minecraft:enchantments","minecraft:interact_animation","minecraft:item_model","minecraft:item_name","minecraft:lore","minecraft:max_stack_size","minecraft:rarity","minecraft:repair_cost","minecraft:tooltip_display","minecraft:use_effects"]	aa00782e95087e4605dcee8a2b3d4f10ef500e9685fd437c733595f01d579cc1
minecraft:birch_sapling	["minecraft:attack_animation","minecraft:attribute_modifiers","minecraft:break_sound","minecraft:compostable","minecraft:cooking_fuel","minecraft:enchantments","minecraft:interact_animation","minecraft:item_model","minecraft:item_name","minecraft:lore","minecraft:max_stack_size","minecraft:rarity","minecraft:repair_cost","minecraft:tooltip_display","minecraft:use_effects"]	ce92c411e3eddee81c20d17a1894fcc526e670f1b6f1d81c4dee52b2f0bd4845
minecraft:birch_shelf	["minecraft:attack_animation","minecraft:attribute_modifiers","minecraft:break_sound","minecraft:container","minecraft:cooking_fuel","minecraft:enchantments","minecraft:interact_animation","minecraft:item_model","minecraft:item_name","minecraft:lore","minecraft:max_stack_size","minecraft:rarity","minecraft:repair_cost","minecraft:tooltip_display","minecraft:use_effects"]	5c6b614367622101704bb41ddc2dfa62f3022bde630957afd106e9c3ebb4aa59
minecraft:birch_sign	["minecraft:attack_animation","minecraft:attribute_modifiers","minecraft:break_sound","minecraft:cooking_fuel","minecraft:enchantments","minecraft:interact_animation","minecraft:item_model","minecraft:item_name","minecraft:lore","minecraft:max_stack_size","minecraft:rarity","minecraft:repair_cost","minecraft:sign_text_back","minecraft:sign_text_front","minecraft:tooltip_display","minecraft:use_effects"]	d2c7b9600a5a318e36338273d1647e7808bac1d41853a630226d546a249857fd
minecraft:birch_slab	["minecraft:attack_animation","minecraft:attribute_modifiers","minecraft:break_sound","minecraft:cooking_fuel","minecraft:enchantments","minecraft:interact_animation","minecraft:item_model","minecraft:item_name","minecraft:lore","minecraft:max_stack_size","minecraft:rarity","minecraft:repair_cost","minecraft:tooltip_display","minecraft:use_effects"]	ae3914918a30bfe69262012549e6f8349baa8c9b89d8c40546ca731ec52ef00b
minecraft:birch_stairs	["minecraft:attack_animation","minecraft:attribute_modifiers","minecraft:break_sound","minecraft:cooking_fuel","minecraft:enchantments","minecraft:interact_animation","minecraft:item_model","minecraft:item_name","minecraft:lore","minecraft:max_stack_size","minecraft:rarity","minecraft:repair_cost","minecraft:tooltip_display","minecraft:use_effects"]	947f43fb5474cabb40c51b1b7a4f04fecc0f7195cccebb1351e7657ed21fad15
minecraft:birch_trapdoor	["minecraft:attack_animation","minecraft:attribute_modifiers","minecraft:break_sound","minecraft:cooking_fuel","minecraft:enchantments","minecraft:interact_animation","minecraft:item_model","minecraft:item_name","minecraft:lore","minecraft:max_stack_size","minecraft:rarity","minecraft:repair_cost","minecraft:tooltip_display","minecraft:use_effects"]	2d283febc2a5e57b5d841a48dbb1b4d34fc251e6546dfebf5b7a0216b64b75dd
minecraft:birch_wood	["minecraft:attack_animation","minecraft:attribute_modifiers","minecraft:break_sound","minecraft:cooking_fuel","minecraft:enchantments","minecraft:interact_animation","minecraft:item_model","minecraft:item_name","minecraft:lore","minecraft:max_stack_size","minecraft:rarity","minecraft:repair_cost","minecraft:tooltip_display","minecraft:use_effects"]	1f5358f8c1a6a3ae024b532a8bc25dc65e0fbcdc7367a9f5ff41240324fde55c
minecraft:black_banner	["minecraft:attack_animation","minecraft:attribute_modifiers","minecraft:banner_patterns","minecraft:break_sound","minecraft:cooking_fuel","minecraft:enchantments","minecraft:interact_animation","minecraft:item_model","minecraft:item_name","minecraft:lore","minecraft:max_stack_size","minecraft:rarity","minecraft:repair_cost","minecraft:tooltip_display","minecraft:use_effects"]	a54c641090be0ae2ccc1806af3b210ee785d551c3c6b2f6bd68240085d69bd00
minecraft:black_bed	["minecraft:attack_animation","minecraft:attribute_modifiers","minecraft:break_sound","minecraft:enchantments","minecraft:interact_animation","minecraft:item_model","minecraft:item_name","minecraft:lore","minecraft:max_stack_size","minecraft:rarity","minecraft:repair_cost","minecraft:tooltip_display","minecraft:use_effects"]	ace9ee9c7b39d202e7026bafb96734211d91395e367ca89b784fca9595fdd232
minecraft:black_bundle	["minecraft:attack_animation","minecraft:attribute_modifiers","minecraft:break_sound","minecraft:bundle_contents","minecraft:enchantments","minecraft:interact_animation","minecraft:item_model","minecraft:item_name","minecraft:lore","minecraft:max_stack_size","minecraft:rarity","minecraft:repair_cost","minecraft:tooltip_display","minecraft:use_effects"]	032dd789cbd2af0193397a3e29fd4d93a3b8a108a9371a719ca85323dab582b4
minecraft:black_candle	["minecraft:attack_animation","minecraft:attribute_modifiers","minecraft:break_sound","minecraft:enchantments","minecraft:interact_animation","minecraft:item_model","minecraft:item_name","minecraft:lore","minecraft:max_stack_size","minecraft:rarity","minecraft:repair_cost","minecraft:tooltip_display","minecraft:use_effects"]	11464c8b7ebf66ae9d62a298dbca2c1cd46446dfabbed15d20a9729ca3759012
minecraft:black_carpet	["minecraft:attack_animation","minecraft:attribute_modifiers","minecraft:break_sound","minecraft:cooking_fuel","minecraft:enchantments","minecraft:equippable","minecraft:interact_animation","minecraft:item_model","minecraft:item_name","minecraft:lore","minecraft:max_stack_size","minecraft:rarity","minecraft:repair_cost","minecraft:tooltip_display","minecraft:use_effects"]	44bbf1d04e8c0d44fe540a82043333d708d97f997b89a64cf46bc06d75c346a8
minecraft:black_concrete	["minecraft:attack_animation","minecraft:attribute_modifiers","minecraft:break_sound","minecraft:enchantments","minecraft:interact_animation","minecraft:item_model","minecraft:item_name","minecraft:lore","minecraft:max_stack_size","minecraft:rarity","minecraft:repair_cost","minecraft:tooltip_display","minecraft:use_effects"]	9f8d9bdb0b4140768e921c6fa58800c4128d043ac3611c88e15662037eaabe2f
minecraft:black_concrete_powder	["minecraft:attack_animation","minecraft:attribute_modifiers","minecraft:break_sound","minecraft:enchantments","minecraft:interact_animation","minecraft:item_model","minecraft:item_name","minecraft:lore","minecraft:max_stack_size","minecraft:rarity","minecraft:repair_cost","minecraft:tooltip_display","minecraft:use_effects"]	827e798650829d1361bed1d3d80c6652a09f339ca19a9757e2d0442be890402a
minecraft:black_concrete_slab	["minecraft:attack_animation","minecraft:attribute_modifiers","minecraft:break_sound","minecraft:enchantments","minecraft:interact_animation","minecraft:item_model","minecraft:item_name","minecraft:lore","minecraft:max_stack_size","minecraft:rarity","minecraft:repair_cost","minecraft:tooltip_display","minecraft:use_effects"]	5eae0ce2554443a5a40b1dd51dd22155f10319db49cc36471b550aac0e2f7e7e
minecraft:black_concrete_stairs	["minecraft:attack_animation","minecraft:attribute_modifiers","minecraft:break_sound","minecraft:enchantments","minecraft:interact_animation","minecraft:item_model","minecraft:item_name","minecraft:lore","minecraft:max_stack_size","minecraft:rarity","minecraft:repair_cost","minecraft:tooltip_display","minecraft:use_effects"]	53213ed8383ec4995d128e8f8a15b3362c03e49c2ad5bd48ea3e10c918fe4b78
minecraft:black_cushion	["minecraft:attack_animation","minecraft:attribute_modifiers","minecraft:break_sound","minecraft:cooking_fuel","minecraft:cushion/color","minecraft:enchantments","minecraft:interact_animation","minecraft:item_model","minecraft:item_name","minecraft:lore","minecraft:max_stack_size","minecraft:rarity","minecraft:repair_cost","minecraft:tooltip_display","minecraft:use_effects"]	2e3faf14126e9d0fd5db86b9113f6aa5f963c4a69f734f58ed89ea792addf644
minecraft:black_dye	["minecraft:attack_animation","minecraft:attribute_modifiers","minecraft:break_sound","minecraft:dye","minecraft:enchantments","minecraft:interact_animation","minecraft:item_model","minecraft:item_name","minecraft:lore","minecraft:max_stack_size","minecraft:rarity","minecraft:repair_cost","minecraft:tooltip_display","minecraft:use_effects"]	9b2777f254f1e57b52c9edc854df6ed1b4ac45e8d460e5fe7c260c6254e571b6
minecraft:black_glazed_terracotta	["minecraft:attack_animation","minecraft:attribute_modifiers","minecraft:break_sound","minecraft:enchantments","minecraft:interact_animation","minecraft:item_model","minecraft:item_name","minecraft:lore","minecraft:max_stack_size","minecraft:rarity","minecraft:repair_cost","minecraft:tooltip_display","minecraft:use_effects"]	71a3311500ae15a58c0577cff1f6baf69467860e3f692eb94358023cbbe2f7c2
minecraft:black_harness	["minecraft:attack_animation","minecraft:attribute_modifiers","minecraft:break_sound","minecraft:enchantments","minecraft:equippable","minecraft:interact_animation","minecraft:item_model","minecraft:item_name","minecraft:lore","minecraft:max_stack_size","minecraft:rarity","minecraft:repair_cost","minecraft:tooltip_display","minecraft:use_effects"]	db6a31ed6cf5edbee1b1b5efa113b83e96f7a88b7b7d87f36f37e1a3393dbf41
minecraft:black_shulker_box	["minecraft:attack_animation","minecraft:attribute_modifiers","minecraft:break_sound","minecraft:container","minecraft:enchantments","minecraft:interact_animation","minecraft:item_model","minecraft:item_name","minecraft:lore","minecraft:max_stack_size","minecraft:rarity","minecraft:repair_cost","minecraft:tooltip_display","minecraft:use_effects"]	171ca690d614ebe763a43cb390072d4a6bdbb562ce73f0f75b916e05dc5d4e37
minecraft:black_stained_glass	["minecraft:attack_animation","minecraft:attribute_modifiers","minecraft:break_sound","minecraft:enchantments","minecraft:interact_animation","minecraft:item_model","minecraft:item_name","minecraft:lore","minecraft:max_stack_size","minecraft:rarity","minecraft:repair_cost","minecraft:tooltip_display","minecraft:use_effects"]	f1719126487dc484d46e12b8be89e3934ddf6f902bea942baf639d24a24fb239
minecraft:black_stained_glass_pane	["minecraft:attack_animation","minecraft:attribute_modifiers","minecraft:break_sound","minecraft:enchantments","minecraft:interact_animation","minecraft:item_model","minecraft:item_name","minecraft:lore","minecraft:max_stack_size","minecraft:rarity","minecraft:repair_cost","minecraft:tooltip_display","minecraft:use_effects"]	ec033b6420ca18f8161d6bac1d53eb0965633316b8e9bb4b715c0b0d349673f5
minecraft:black_terracotta	["minecraft:attack_animation","minecraft:attribute_modifiers","minecraft:break_sound","minecraft:enchantments","minecraft:interact_animation","minecraft:item_model","minecraft:item_name","minecraft:lore","minecraft:max_stack_size","minecraft:rarity","minecraft:repair_cost","minecraft:tooltip_display","minecraft:use_effects"]	bd011ed4b06d8756168cb158ecb9e67cc68bfb2b80762fc5943f3f1072ee0b1c
minecraft:black_wool	["minecraft:attack_animation","minecraft:attribute_modifiers","minecraft:break_sound","minecraft:cooking_fuel","minecraft:enchantments","minecraft:interact_animation","minecraft:item_model","minecraft:item_name","minecraft:lore","minecraft:max_stack_size","minecraft:rarity","minecraft:repair_cost","minecraft:tooltip_display","minecraft:use_effects"]	8ea3a948034ba137f70142564a73ee8260226b49ed2673b185c24e4f540a58ea
minecraft:black_wool_slab	["minecraft:attack_animation","minecraft:attribute_modifiers","minecraft:break_sound","minecraft:cooking_fuel","minecraft:enchantments","minecraft:interact_animation","minecraft:item_model","minecraft:item_name","minecraft:lore","minecraft:max_stack_size","minecraft:rarity","minecraft:repair_cost","minecraft:tooltip_display","minecraft:use_effects"]	bea7755b7ae6ae4fd54f49992653a6ecb7bb95e9133f4041ecc4d0f230f69dda
minecraft:black_wool_stairs	["minecraft:attack_animation","minecraft:attribute_modifiers","minecraft:break_sound","minecraft:cooking_fuel","minecraft:enchantments","minecraft:interact_animation","minecraft:item_model","minecraft:item_name","minecraft:lore","minecraft:max_stack_size","minecraft:rarity","minecraft:repair_cost","minecraft:tooltip_display","minecraft:use_effects"]	78ca8538857664f9f9d417d0bfe439cf17d38a97c6d44fbf901fe33743bffef5
minecraft:blackstone	["minecraft:attack_animation","minecraft:attribute_modifiers","minecraft:break_sound","minecraft:enchantments","minecraft:interact_animation","minecraft:item_model","minecraft:item_name","minecraft:lore","minecraft:max_stack_size","minecraft:rarity","minecraft:repair_cost","minecraft:tooltip_display","minecraft:use_effects"]	df7095d9c93203a005603e5eb2f5b29388f4f21b04764dafa42a2422b80e6b9c
minecraft:blackstone_slab	["minecraft:attack_animation","minecraft:attribute_modifiers","minecraft:break_sound","minecraft:enchantments","minecraft:interact_animation","minecraft:item_model","minecraft:item_name","minecraft:lore","minecraft:max_stack_size","minecraft:rarity","minecraft:repair_cost","minecraft:tooltip_display","minecraft:use_effects"]	1a1acc7d9cb1103c7ec859d7ffe3147713cbead5d14922d3cfe172c2dce2105b
minecraft:blackstone_stairs	["minecraft:attack_animation","minecraft:attribute_modifiers","minecraft:break_sound","minecraft:enchantments","minecraft:interact_animation","minecraft:item_model","minecraft:item_name","minecraft:lore","minecraft:max_stack_size","minecraft:rarity","minecraft:repair_cost","minecraft:tooltip_display","minecraft:use_effects"]	9bfe3895fd28ee332dd020072590a277534c848f45545146d4f13fbb4660421f
minecraft:blackstone_wall	["minecraft:attack_animation","minecraft:attribute_modifiers","minecraft:break_sound","minecraft:enchantments","minecraft:interact_animation","minecraft:item_model","minecraft:item_name","minecraft:lore","minecraft:max_stack_size","minecraft:rarity","minecraft:repair_cost","minecraft:tooltip_display","minecraft:use_effects"]	b404725de04bff6dca4eee6d0ecd4a01c36b866f7bfe0e9dd816e9107efadbb9
minecraft:blade_pottery_sherd	["minecraft:attack_animation","minecraft:attribute_modifiers","minecraft:break_sound","minecraft:enchantments","minecraft:interact_animation","minecraft:item_model","minecraft:item_name","minecraft:lore","minecraft:max_stack_size","minecraft:provides_pottery_pattern","minecraft:rarity","minecraft:repair_cost","minecraft:tooltip_display","minecraft:use_effects"]	1ab6b6b05fe8e0697d83ddbfa56365e66ad94f11e479ab97d54e1f212c696c31
minecraft:blast_furnace	["minecraft:attack_animation","minecraft:attribute_modifiers","minecraft:break_sound","minecraft:container","minecraft:enchantments","minecraft:interact_animation","minecraft:item_model","minecraft:item_name","minecraft:lore","minecraft:max_stack_size","minecraft:rarity","minecraft:repair_cost","minecraft:tooltip_display","minecraft:use_effects"]	f4a11ead9f388b3a89f3930eb70fc15ab1740344a5734d7d09b043de8b8233ea
minecraft:blaze_powder	["minecraft:attack_animation","minecraft:attribute_modifiers","minecraft:break_sound","minecraft:brewing_fuel","minecraft:enchantments","minecraft:interact_animation","minecraft:item_model","minecraft:item_name","minecraft:lore","minecraft:max_stack_size","minecraft:rarity","minecraft:repair_cost","minecraft:tooltip_display","minecraft:use_effects"]	667f94ad27c691c51c1012f61f85f77dd817a229cf94097f0f4327ad8246b004
minecraft:blaze_rod	["minecraft:attack_animation","minecraft:attribute_modifiers","minecraft:break_sound","minecraft:cooking_fuel","minecraft:enchantments","minecraft:interact_animation","minecraft:item_model","minecraft:item_name","minecraft:lore","minecraft:max_stack_size","minecraft:rarity","minecraft:repair_cost","minecraft:tooltip_display","minecraft:use_effects"]	f8d12868308dc5bb92ad874f95676573ef8a6d4b3b252122da9b337b7dfabb33
minecraft:blaze_spawn_egg	["minecraft:attack_animation","minecraft:attribute_modifiers","minecraft:break_sound","minecraft:enchantments","minecraft:entity_data","minecraft:interact_animation","minecraft:item_model","minecraft:item_name","minecraft:lore","minecraft:max_stack_size","minecraft:rarity","minecraft:repair_cost","minecraft:tooltip_display","minecraft:use_effects"]	e34ac7062fc8ac4a1835dc57812df6ccb88bf0dfe1210e5321ef37a17dae2673
minecraft:blue_banner	["minecraft:attack_animation","minecraft:attribute_modifiers","minecraft:banner_patterns","minecraft:break_sound","minecraft:cooking_fuel","minecraft:enchantments","minecraft:interact_animation","minecraft:item_model","minecraft:item_name","minecraft:lore","minecraft:max_stack_size","minecraft:rarity","minecraft:repair_cost","minecraft:tooltip_display","minecraft:use_effects"]	47a83396021688c99ed22f9091b570c43a58b5fb136398eb964eb6429e7e6975
minecraft:blue_bed	["minecraft:attack_animation","minecraft:attribute_modifiers","minecraft:break_sound","minecraft:enchantments","minecraft:interact_animation","minecraft:item_model","minecraft:item_name","minecraft:lore","minecraft:max_stack_size","minecraft:rarity","minecraft:repair_cost","minecraft:tooltip_display","minecraft:use_effects"]	b621e221b05ad34562271ae45b420949473bd1b65e5ebe421aacbabee6090498
minecraft:blue_bundle	["minecraft:attack_animation","minecraft:attribute_modifiers","minecraft:break_sound","minecraft:bundle_contents","minecraft:enchantments","minecraft:interact_animation","minecraft:item_model","minecraft:item_name","minecraft:lore","minecraft:max_stack_size","minecraft:rarity","minecraft:repair_cost","minecraft:tooltip_display","minecraft:use_effects"]	244bbbdd78eb5054f7d39fa3095978b6a45521711b3bd3616c60ecb61b920b44
minecraft:blue_candle	["minecraft:attack_animation","minecraft:attribute_modifiers","minecraft:break_sound","minecraft:enchantments","minecraft:interact_animation","minecraft:item_model","minecraft:item_name","minecraft:lore","minecraft:max_stack_size","minecraft:rarity","minecraft:repair_cost","minecraft:tooltip_display","minecraft:use_effects"]	04cc33d2a9a4353f75ccd611a0719bae913aa39cb734b1444755bad494ad664b
minecraft:blue_carpet	["minecraft:attack_animation","minecraft:attribute_modifiers","minecraft:break_sound","minecraft:cooking_fuel","minecraft:enchantments","minecraft:equippable","minecraft:interact_animation","minecraft:item_model","minecraft:item_name","minecraft:lore","minecraft:max_stack_size","minecraft:rarity","minecraft:repair_cost","minecraft:tooltip_display","minecraft:use_effects"]	2c974ede52b3b6d0e0dd425bb9bb91fb340de57c414222232863c0577d4c8bd4
minecraft:blue_concrete	["minecraft:attack_animation","minecraft:attribute_modifiers","minecraft:break_sound","minecraft:enchantments","minecraft:interact_animation","minecraft:item_model","minecraft:item_name","minecraft:lore","minecraft:max_stack_size","minecraft:rarity","minecraft:repair_cost","minecraft:tooltip_display","minecraft:use_effects"]	bf11a31b2bbf2d3c9eaf845a7dc5b11a3769b910ce2471239cf9bb1362552142
minecraft:blue_concrete_powder	["minecraft:attack_animation","minecraft:attribute_modifiers","minecraft:break_sound","minecraft:enchantments","minecraft:interact_animation","minecraft:item_model","minecraft:item_name","minecraft:lore","minecraft:max_stack_size","minecraft:rarity","minecraft:repair_cost","minecraft:tooltip_display","minecraft:use_effects"]	ec0ad2cc2320be6d2e31ee989eca2b9e7ffd40c728321e311034dd92c19440f7
minecraft:blue_concrete_slab	["minecraft:attack_animation","minecraft:attribute_modifiers","minecraft:break_sound","minecraft:enchantments","minecraft:interact_animation","minecraft:item_model","minecraft:item_name","minecraft:lore","minecraft:max_stack_size","minecraft:rarity","minecraft:repair_cost","minecraft:tooltip_display","minecraft:use_effects"]	23779d2d6e1c9a8b1ab0ae3d17ddefb110c385d641df57368b904272c0cd7d2b
minecraft:blue_concrete_stairs	["minecraft:attack_animation","minecraft:attribute_modifiers","minecraft:break_sound","minecraft:enchantments","minecraft:interact_animation","minecraft:item_model","minecraft:item_name","minecraft:lore","minecraft:max_stack_size","minecraft:rarity","minecraft:repair_cost","minecraft:tooltip_display","minecraft:use_effects"]	50c50c1e7aa8f210cbf73766c85749b1eb974174be0ae3124e7855b1b2f4af84
minecraft:blue_cushion	["minecraft:attack_animation","minecraft:attribute_modifiers","minecraft:break_sound","minecraft:cooking_fuel","minecraft:cushion/color","minecraft:enchantments","minecraft:interact_animation","minecraft:item_model","minecraft:item_name","minecraft:lore","minecraft:max_stack_size","minecraft:rarity","minecraft:repair_cost","minecraft:tooltip_display","minecraft:use_effects"]	acc2b881536d963d39342889ddeca6a32db9634af4ed67b49e2fd584d2567395
minecraft:blue_dye	["minecraft:attack_animation","minecraft:attribute_modifiers","minecraft:break_sound","minecraft:dye","minecraft:enchantments","minecraft:interact_animation","minecraft:item_model","minecraft:item_name","minecraft:lore","minecraft:max_stack_size","minecraft:rarity","minecraft:repair_cost","minecraft:tooltip_display","minecraft:use_effects"]	4ce86972f3dd4a28db536a5238b459b9ce1fd6a244535375cfad6001b9092b08
minecraft:blue_egg	["minecraft:attack_animation","minecraft:attribute_modifiers","minecraft:break_sound","minecraft:chicken/variant","minecraft:enchantments","minecraft:interact_animation","minecraft:item_model","minecraft:item_name","minecraft:lore","minecraft:max_stack_size","minecraft:rarity","minecraft:repair_cost","minecraft:tooltip_display","minecraft:use_effects"]	21e1029f2b596ab248fba27cae75e62e8c4ee46e4e46788c498f1efab08a1d4a
minecraft:blue_glazed_terracotta	["minecraft:attack_animation","minecraft:attribute_modifiers","minecraft:break_sound","minecraft:enchantments","minecraft:interact_animation","minecraft:item_model","minecraft:item_name","minecraft:lore","minecraft:max_stack_size","minecraft:rarity","minecraft:repair_cost","minecraft:tooltip_display","minecraft:use_effects"]	132b1dc2f8c20f94cd462e2d65ada0fa6e2e66e9966dc79567f446d87a3a1067
minecraft:blue_harness	["minecraft:attack_animation","minecraft:attribute_modifiers","minecraft:break_sound","minecraft:enchantments","minecraft:equippable","minecraft:interact_animation","minecraft:item_model","minecraft:item_name","minecraft:lore","minecraft:max_stack_size","minecraft:rarity","minecraft:repair_cost","minecraft:tooltip_display","minecraft:use_effects"]	0510a6f8fa6ecb7d567d6259edd514ea78a8477f86ea0b5efd51cd773bd5a8a0
minecraft:blue_ice	["minecraft:attack_animation","minecraft:attribute_modifiers","minecraft:break_sound","minecraft:enchantments","minecraft:interact_animation","minecraft:item_model","minecraft:item_name","minecraft:lore","minecraft:max_stack_size","minecraft:rarity","minecraft:repair_cost","minecraft:tooltip_display","minecraft:use_effects"]	e0f288f9921f3123836e9f471d8ae3c5a351dffda9dad882fd12613e757f3459
minecraft:blue_orchid	["minecraft:attack_animation","minecraft:attribute_modifiers","minecraft:break_sound","minecraft:compostable","minecraft:enchantments","minecraft:interact_animation","minecraft:item_model","minecraft:item_name","minecraft:lore","minecraft:max_stack_size","minecraft:rarity","minecraft:repair_cost","minecraft:tooltip_display","minecraft:use_effects"]	0e189c3b84a981335f599b5a6acf72c62691e3ca0dc2a7df996de4ff3f0db28f
minecraft:blue_shulker_box	["minecraft:attack_animation","minecraft:attribute_modifiers","minecraft:break_sound","minecraft:container","minecraft:enchantments","minecraft:interact_animation","minecraft:item_model","minecraft:item_name","minecraft:lore","minecraft:max_stack_size","minecraft:rarity","minecraft:repair_cost","minecraft:tooltip_display","minecraft:use_effects"]	f5181d1f44fbb16acf649957456e3284fc33d4dec342ad849e4e3631aa583d94
minecraft:blue_stained_glass	["minecraft:attack_animation","minecraft:attribute_modifiers","minecraft:break_sound","minecraft:enchantments","minecraft:interact_animation","minecraft:item_model","minecraft:item_name","minecraft:lore","minecraft:max_stack_size","minecraft:rarity","minecraft:repair_cost","minecraft:tooltip_display","minecraft:use_effects"]	017f938a49dd5a459f824f857a516368251ce4b52f376e0ddfce3678ca593ad0
minecraft:blue_stained_glass_pane	["minecraft:attack_animation","minecraft:attribute_modifiers","minecraft:break_sound","minecraft:enchantments","minecraft:interact_animation","minecraft:item_model","minecraft:item_name","minecraft:lore","minecraft:max_stack_size","minecraft:rarity","minecraft:repair_cost","minecraft:tooltip_display","minecraft:use_effects"]	b2b1a02b144e596e2d831b18fac7f37687224a5c61a6b4419a653b35dab4ac2a
minecraft:blue_terracotta	["minecraft:attack_animation","minecraft:attribute_modifiers","minecraft:break_sound","minecraft:enchantments","minecraft:interact_animation","minecraft:item_model","minecraft:item_name","minecraft:lore","minecraft:max_stack_size","minecraft:rarity","minecraft:repair_cost","minecraft:tooltip_display","minecraft:use_effects"]	12fc8e79488fdaf73ee904c946d463d0d042eef6e1d752b2785d543150344153
minecraft:blue_wool	["minecraft:attack_animation","minecraft:attribute_modifiers","minecraft:break_sound","minecraft:cooking_fuel","minecraft:enchantments","minecraft:interact_animation","minecraft:item_model","minecraft:item_name","minecraft:lore","minecraft:max_stack_size","minecraft:rarity","minecraft:repair_cost","minecraft:tooltip_display","minecraft:use_effects"]	8bab65264bd0fe3d15032e2c431b120500be58e3d4621da199937f4ed7c7017d
minecraft:blue_wool_slab	["minecraft:attack_animation","minecraft:attribute_modifiers","minecraft:break_sound","minecraft:cooking_fuel","minecraft:enchantments","minecraft:interact_animation","minecraft:item_model","minecraft:item_name","minecraft:lore","minecraft:max_stack_size","minecraft:rarity","minecraft:repair_cost","minecraft:tooltip_display","minecraft:use_effects"]	5a479f3347c35a062a1e149716e0032d452dbb4de5044123f7056c4274ff20e7
minecraft:blue_wool_stairs	["minecraft:attack_animation","minecraft:attribute_modifiers","minecraft:break_sound","minecraft:cooking_fuel","minecraft:enchantments","minecraft:interact_animation","minecraft:item_model","minecraft:item_name","minecraft:lore","minecraft:max_stack_size","minecraft:rarity","minecraft:repair_cost","minecraft:tooltip_display","minecraft:use_effects"]	3df1eaf1a467fcdc8f4be78275553286122a2b874b36e1bd728c2b5bf0295037
minecraft:bogged_spawn_egg	["minecraft:attack_animation","minecraft:attribute_modifiers","minecraft:break_sound","minecraft:enchantments","minecraft:entity_data","minecraft:interact_animation","minecraft:item_model","minecraft:item_name","minecraft:lore","minecraft:max_stack_size","minecraft:rarity","minecraft:repair_cost","minecraft:tooltip_display","minecraft:use_effects"]	8af2d8c13a3074606be5327d06867393b69b36b7a74a83fbd8c6347e5084d4af
minecraft:bolt_armor_trim_smithing_template	["minecraft:attack_animation","minecraft:attribute_modifiers","minecraft:break_sound","minecraft:enchantments","minecraft:interact_animation","minecraft:item_model","minecraft:item_name","minecraft:lore","minecraft:max_stack_size","minecraft:rarity","minecraft:repair_cost","minecraft:tooltip_display","minecraft:use_effects"]	60d77d76a7211642409883ee38bdbb48a9d47eda86c70e258b781860eb41767d
minecraft:bone	["minecraft:attack_animation","minecraft:attribute_modifiers","minecraft:break_sound","minecraft:enchantments","minecraft:interact_animation","minecraft:item_model","minecraft:item_name","minecraft:lore","minecraft:max_stack_size","minecraft:rarity","minecraft:repair_cost","minecraft:tooltip_display","minecraft:use_effects"]	450037bcb6c6496ce198a23e3e0c28f0c6cd36bb42aebc2f6087d782b22eb477
minecraft:bone_block	["minecraft:attack_animation","minecraft:attribute_modifiers","minecraft:break_sound","minecraft:enchantments","minecraft:interact_animation","minecraft:item_model","minecraft:item_name","minecraft:lore","minecraft:max_stack_size","minecraft:rarity","minecraft:repair_cost","minecraft:tooltip_display","minecraft:use_effects"]	3f58210f814c2bedcdf093ce3e40e2b575f9102d7df418c99d879f7a6ce1b353
minecraft:bone_meal	["minecraft:attack_animation","minecraft:attribute_modifiers","minecraft:break_sound","minecraft:enchantments","minecraft:interact_animation","minecraft:item_model","minecraft:item_name","minecraft:lore","minecraft:max_stack_size","minecraft:rarity","minecraft:repair_cost","minecraft:tooltip_display","minecraft:use_effects"]	e4bfb53173e1e517ff2c1d01b054c453d2ad85b36562433560509a7c9edadad9
minecraft:book	["minecraft:attack_animation","minecraft:attribute_modifiers","minecraft:break_sound","minecraft:enchantable","minecraft:enchantments","minecraft:interact_animation","minecraft:item_model","minecraft:item_name","minecraft:lore","minecraft:max_stack_size","minecraft:rarity","minecraft:repair_cost","minecraft:tooltip_display","minecraft:use_effects"]	d70cc364365f9d88963b602a31a8e198f486374cadb6d026f7717c6c22086fbc
minecraft:bookshelf	["minecraft:attack_animation","minecraft:attribute_modifiers","minecraft:break_sound","minecraft:cooking_fuel","minecraft:enchantments","minecraft:interact_animation","minecraft:item_model","minecraft:item_name","minecraft:lore","minecraft:max_stack_size","minecraft:rarity","minecraft:repair_cost","minecraft:tooltip_display","minecraft:use_effects"]	7b5ec1717403679a44abb85686b5adfb52315848c987626e2b49aaf8f42c1f69
minecraft:bordure_indented_banner_pattern	["minecraft:attack_animation","minecraft:attribute_modifiers","minecraft:break_sound","minecraft:enchantments","minecraft:interact_animation","minecraft:item_model","minecraft:item_name","minecraft:lore","minecraft:max_stack_size","minecraft:provides_banner_patterns","minecraft:rarity","minecraft:repair_cost","minecraft:tooltip_display","minecraft:use_effects"]	0d7f9812deff8c2c29a00c75a9457ad5e2ebb8e3e70790b7c06f1a263ff53b60
minecraft:bow	["minecraft:attack_animation","minecraft:attribute_modifiers","minecraft:break_sound","minecraft:cooking_fuel","minecraft:damage","minecraft:enchantable","minecraft:enchantments","minecraft:interact_animation","minecraft:item_model","minecraft:item_name","minecraft:lore","minecraft:max_damage","minecraft:max_stack_size","minecraft:rarity","minecraft:repair_cost","minecraft:tooltip_display","minecraft:use_effects"]	311272a7e6e5aaa40bb4039a83fb678b783d6007caac72d152351dff75780216
minecraft:bowl	["minecraft:attack_animation","minecraft:attribute_modifiers","minecraft:break_sound","minecraft:cooking_fuel","minecraft:enchantments","minecraft:interact_animation","minecraft:item_model","minecraft:item_name","minecraft:lore","minecraft:max_stack_size","minecraft:rarity","minecraft:repair_cost","minecraft:tooltip_display","minecraft:use_effects"]	755ca4cacbe325240c5c28696ae626fe7ceb75db0c18730c30692fedef7416d0
minecraft:brain_coral	["minecraft:attack_animation","minecraft:attribute_modifiers","minecraft:break_sound","minecraft:enchantments","minecraft:interact_animation","minecraft:item_model","minecraft:item_name","minecraft:lore","minecraft:max_stack_size","minecraft:rarity","minecraft:repair_cost","minecraft:tooltip_display","minecraft:use_effects"]	7e8cd2e2ae90b6c33d0bbeca26a7530552921169edcd2072dae1d1fb24342b73
minecraft:brain_coral_block	["minecraft:attack_animation","minecraft:attribute_modifiers","minecraft:break_sound","minecraft:enchantments","minecraft:interact_animation","minecraft:item_model","minecraft:item_name","minecraft:lore","minecraft:max_stack_size","minecraft:rarity","minecraft:repair_cost","minecraft:tooltip_display","minecraft:use_effects"]	4d7be6836bcaa601da49ec1f61496fd3cc46503b4d36c7ef004d80cb0637694e
minecraft:brain_coral_fan	["minecraft:attack_animation","minecraft:attribute_modifiers","minecraft:break_sound","minecraft:enchantments","minecraft:interact_animation","minecraft:item_model","minecraft:item_name","minecraft:lore","minecraft:max_stack_size","minecraft:rarity","minecraft:repair_cost","minecraft:tooltip_display","minecraft:use_effects"]	06fef9d5f4f0d609a03a7380d688cfa1a5129596a99e850e9b797dc5ae047a51
minecraft:bread	["minecraft:attack_animation","minecraft:attribute_modifiers","minecraft:break_sound","minecraft:compostable","minecraft:consumable","minecraft:enchantments","minecraft:food","minecraft:interact_animation","minecraft:item_model","minecraft:item_name","minecraft:lore","minecraft:max_stack_size","minecraft:rarity","minecraft:repair_cost","minecraft:tooltip_display","minecraft:use_effects","minecraft:villager_food"]	44ba886f771e71ad3aec922a372f2a31d2a2713ad05602639694e36dd9cf52cd
minecraft:breeze_rod	["minecraft:attack_animation","minecraft:attribute_modifiers","minecraft:break_sound","minecraft:enchantments","minecraft:interact_animation","minecraft:item_model","minecraft:item_name","minecraft:lore","minecraft:max_stack_size","minecraft:rarity","minecraft:repair_cost","minecraft:tooltip_display","minecraft:use_effects"]	ebf92201e3bee05be35f8f4126065121091d0e21626f454b5ad7032f7152fe10
minecraft:breeze_spawn_egg	["minecraft:attack_animation","minecraft:attribute_modifiers","minecraft:break_sound","minecraft:enchantments","minecraft:entity_data","minecraft:interact_animation","minecraft:item_model","minecraft:item_name","minecraft:lore","minecraft:max_stack_size","minecraft:rarity","minecraft:repair_cost","minecraft:tooltip_display","minecraft:use_effects"]	ce5b8531857cd0780f623c142d69c07e34a7b7b6be0690e9371720bd71af9939
minecraft:brewer_pottery_sherd	["minecraft:attack_animation","minecraft:attribute_modifiers","minecraft:break_sound","minecraft:enchantments","minecraft:interact_animation","minecraft:item_model","minecraft:item_name","minecraft:lore","minecraft:max_stack_size","minecraft:provides_pottery_pattern","minecraft:rarity","minecraft:repair_cost","minecraft:tooltip_display","minecraft:use_effects"]	41fa0113c35f4dfa8ac0bd88977d64e28bcbff660caf7ec73fb6b7d90d70a2fc
minecraft:brewing_stand	["minecraft:attack_animation","minecraft:attribute_modifiers","minecraft:break_sound","minecraft:container","minecraft:enchantments","minecraft:interact_animation","minecraft:item_model","minecraft:item_name","minecraft:lore","minecraft:max_stack_size","minecraft:rarity","minecraft:repair_cost","minecraft:tooltip_display","minecraft:use_effects"]	a0ebafb2189fd2f123f8e5f6dfb345566ea044dec86049f36c25e694422ba51b
minecraft:brick	["minecraft:attack_animation","minecraft:attribute_modifiers","minecraft:break_sound","minecraft:enchantments","minecraft:interact_animation","minecraft:item_model","minecraft:item_name","minecraft:lore","minecraft:max_stack_size","minecraft:rarity","minecraft:repair_cost","minecraft:tooltip_display","minecraft:use_effects"]	59be7a8056fe36ca71a3b63129e56290493fdd7db33b6a731a36ffec90b3137e
minecraft:brick_slab	["minecraft:attack_animation","minecraft:attribute_modifiers","minecraft:break_sound","minecraft:enchantments","minecraft:interact_animation","minecraft:item_model","minecraft:item_name","minecraft:lore","minecraft:max_stack_size","minecraft:rarity","minecraft:repair_cost","minecraft:tooltip_display","minecraft:use_effects"]	45fbad33eae7532be52b69031f39a4165b76752d8b740f21f1c13fb663b2249d
minecraft:brick_stairs	["minecraft:attack_animation","minecraft:attribute_modifiers","minecraft:break_sound","minecraft:enchantments","minecraft:interact_animation","minecraft:item_model","minecraft:item_name","minecraft:lore","minecraft:max_stack_size","minecraft:rarity","minecraft:repair_cost","minecraft:tooltip_display","minecraft:use_effects"]	3724b7dab67c2a1f4457c8ff268b63ee5792f570a89a849a3839805840200a62
minecraft:brick_wall	["minecraft:attack_animation","minecraft:attribute_modifiers","minecraft:break_sound","minecraft:enchantments","minecraft:interact_animation","minecraft:item_model","minecraft:item_name","minecraft:lore","minecraft:max_stack_size","minecraft:rarity","minecraft:repair_cost","minecraft:tooltip_display","minecraft:use_effects"]	161bbb8976a9a8b8813bb7221b6ca1ba3ed07294fe3b99f37526eaa9a2e5e3b7
minecraft:bricks	["minecraft:attack_animation","minecraft:attribute_modifiers","minecraft:break_sound","minecraft:enchantments","minecraft:interact_animation","minecraft:item_model","minecraft:item_name","minecraft:lore","minecraft:max_stack_size","minecraft:rarity","minecraft:repair_cost","minecraft:tooltip_display","minecraft:use_effects"]	ed0729cb21b539a30cb3fad618cc30a6612b1d86d57f4d6baeaaecbbc2bd8805
minecraft:brown_banner	["minecraft:attack_animation","minecraft:attribute_modifiers","minecraft:banner_patterns","minecraft:break_sound","minecraft:cooking_fuel","minecraft:enchantments","minecraft:interact_animation","minecraft:item_model","minecraft:item_name","minecraft:lore","minecraft:max_stack_size","minecraft:rarity","minecraft:repair_cost","minecraft:tooltip_display","minecraft:use_effects"]	25c37596e961256414226552a452d4d96803982f2597c3ab933a702b748fcd40
minecraft:brown_bed	["minecraft:attack_animation","minecraft:attribute_modifiers","minecraft:break_sound","minecraft:enchantments","minecraft:interact_animation","minecraft:item_model","minecraft:item_name","minecraft:lore","minecraft:max_stack_size","minecraft:rarity","minecraft:repair_cost","minecraft:tooltip_display","minecraft:use_effects"]	393827322c85ab5afd17b4f8f5541dc9742b0781181be3cbb11b4294f6bce05a
minecraft:brown_bundle	["minecraft:attack_animation","minecraft:attribute_modifiers","minecraft:break_sound","minecraft:bundle_contents","minecraft:enchantments","minecraft:interact_animation","minecraft:item_model","minecraft:item_name","minecraft:lore","minecraft:max_stack_size","minecraft:rarity","minecraft:repair_cost","minecraft:tooltip_display","minecraft:use_effects"]	6c34de5c76aabc546df5d76405c2c97fb7a1ace7cf185014b453eebe4327b51f
minecraft:brown_candle	["minecraft:attack_animation","minecraft:attribute_modifiers","minecraft:break_sound","minecraft:enchantments","minecraft:interact_animation","minecraft:item_model","minecraft:item_name","minecraft:lore","minecraft:max_stack_size","minecraft:rarity","minecraft:repair_cost","minecraft:tooltip_display","minecraft:use_effects"]	148147c2ad6990bf7e6e2ffe4636a660c704d8f1912b8e1e6561903b8f5f166e
minecraft:brown_carpet	["minecraft:attack_animation","minecraft:attribute_modifiers","minecraft:break_sound","minecraft:cooking_fuel","minecraft:enchantments","minecraft:equippable","minecraft:interact_animation","minecraft:item_model","minecraft:item_name","minecraft:lore","minecraft:max_stack_size","minecraft:rarity","minecraft:repair_cost","minecraft:tooltip_display","minecraft:use_effects"]	e1b98dd82b5785d6a26ea3472ebf4ab1f7edc491151022bdff7239efb8fbcac7
minecraft:brown_concrete	["minecraft:attack_animation","minecraft:attribute_modifiers","minecraft:break_sound","minecraft:enchantments","minecraft:interact_animation","minecraft:item_model","minecraft:item_name","minecraft:lore","minecraft:max_stack_size","minecraft:rarity","minecraft:repair_cost","minecraft:tooltip_display","minecraft:use_effects"]	bb66b68bd6c9c06ce31f81849e59d8a3df26d5802799ca777c880c1ef3772f09
minecraft:brown_concrete_powder	["minecraft:attack_animation","minecraft:attribute_modifiers","minecraft:break_sound","minecraft:enchantments","minecraft:interact_animation","minecraft:item_model","minecraft:item_name","minecraft:lore","minecraft:max_stack_size","minecraft:rarity","minecraft:repair_cost","minecraft:tooltip_display","minecraft:use_effects"]	ae59a1d28cac8d262bf6542145e8eb08d40b7d71de3326f848eb5c5d8ccd29d4
minecraft:brown_concrete_slab	["minecraft:attack_animation","minecraft:attribute_modifiers","minecraft:break_sound","minecraft:enchantments","minecraft:interact_animation","minecraft:item_model","minecraft:item_name","minecraft:lore","minecraft:max_stack_size","minecraft:rarity","minecraft:repair_cost","minecraft:tooltip_display","minecraft:use_effects"]	f7dc733320d7f1f91b3e5544816352da17527b8a7e5cc02bc4ce550e3ef0b534
minecraft:brown_concrete_stairs	["minecraft:attack_animation","minecraft:attribute_modifiers","minecraft:break_sound","minecraft:enchantments","minecraft:interact_animation","minecraft:item_model","minecraft:item_name","minecraft:lore","minecraft:max_stack_size","minecraft:rarity","minecraft:repair_cost","minecraft:tooltip_display","minecraft:use_effects"]	341990439243fd09f26cc9e1bde36b774873feeca830e385f90c2c24b743b39c
minecraft:brown_cushion	["minecraft:attack_animation","minecraft:attribute_modifiers","minecraft:break_sound","minecraft:cooking_fuel","minecraft:cushion/color","minecraft:enchantments","minecraft:interact_animation","minecraft:item_model","minecraft:item_name","minecraft:lore","minecraft:max_stack_size","minecraft:rarity","minecraft:repair_cost","minecraft:tooltip_display","minecraft:use_effects"]	b95d9ec0da3e86cb5803d11b40ee5cab84ac5f192c06ec34555dff5164974355
minecraft:brown_dye	["minecraft:attack_animation","minecraft:attribute_modifiers","minecraft:break_sound","minecraft:dye","minecraft:enchantments","minecraft:interact_animation","minecraft:item_model","minecraft:item_name","minecraft:lore","minecraft:max_stack_size","minecraft:rarity","minecraft:repair_cost","minecraft:tooltip_display","minecraft:use_effects"]	9e61a8229d115f472bd61f73619c6023d3f08cda00d43f8d5e24165dd7f79e2c
minecraft:brown_egg	["minecraft:attack_animation","minecraft:attribute_modifiers","minecraft:break_sound","minecraft:chicken/variant","minecraft:enchantments","minecraft:interact_animation","minecraft:item_model","minecraft:item_name","minecraft:lore","minecraft:max_stack_size","minecraft:rarity","minecraft:repair_cost","minecraft:tooltip_display","minecraft:use_effects"]	5633fe1056059d0ac5d00c1a5572a532dc0a73ba0b741ccde339da463a9ab24f
minecraft:brown_glazed_terracotta	["minecraft:attack_animation","minecraft:attribute_modifiers","minecraft:break_sound","minecraft:enchantments","minecraft:interact_animation","minecraft:item_model","minecraft:item_name","minecraft:lore","minecraft:max_stack_size","minecraft:rarity","minecraft:repair_cost","minecraft:tooltip_display","minecraft:use_effects"]	e28a8ef1da2a3d0359a6e6f9c0cee7252f16bd7ad10c1df1d163e64f42bdf0c5
minecraft:brown_harness	["minecraft:attack_animation","minecraft:attribute_modifiers","minecraft:break_sound","minecraft:enchantments","minecraft:equippable","minecraft:interact_animation","minecraft:item_model","minecraft:item_name","minecraft:lore","minecraft:max_stack_size","minecraft:rarity","minecraft:repair_cost","minecraft:tooltip_display","minecraft:use_effects"]	ff6a15a96baea719308df11ade42146ec90396be22542f05f2c011f4445302bc
minecraft:brown_mushroom	["minecraft:attack_animation","minecraft:attribute_modifiers","minecraft:break_sound","minecraft:compostable","minecraft:enchantments","minecraft:interact_animation","minecraft:item_model","minecraft:item_name","minecraft:lore","minecraft:max_stack_size","minecraft:rarity","minecraft:repair_cost","minecraft:tooltip_display","minecraft:use_effects"]	106e241b50a99b57461e0e6f870cd9c08edbb1e6a9144aa1d70c8ac20dabe874
minecraft:brown_mushroom_block	["minecraft:attack_animation","minecraft:attribute_modifiers","minecraft:break_sound","minecraft:compostable","minecraft:enchantments","minecraft:interact_animation","minecraft:item_model","minecraft:item_name","minecraft:lore","minecraft:max_stack_size","minecraft:rarity","minecraft:repair_cost","minecraft:tooltip_display","minecraft:use_effects"]	4848c7378da6293b87b5bc16d02755b5aa92208acd7c9eaf5e7b8319a2d59fe7
minecraft:brown_shulker_box	["minecraft:attack_animation","minecraft:attribute_modifiers","minecraft:break_sound","minecraft:container","minecraft:enchantments","minecraft:interact_animation","minecraft:item_model","minecraft:item_name","minecraft:lore","minecraft:max_stack_size","minecraft:rarity","minecraft:repair_cost","minecraft:tooltip_display","minecraft:use_effects"]	ab45a386f24a05f6073f9654e8538fdd4ceb74c24caa9bc4d58dd30dcee32b19
minecraft:brown_stained_glass	["minecraft:attack_animation","minecraft:attribute_modifiers","minecraft:break_sound","minecraft:enchantments","minecraft:interact_animation","minecraft:item_model","minecraft:item_name","minecraft:lore","minecraft:max_stack_size","minecraft:rarity","minecraft:repair_cost","minecraft:tooltip_display","minecraft:use_effects"]	e4ee7cf0be103dc74afa6f5ff0561c7c2e672fdae4eae3c7057af2e704f35ae3
minecraft:brown_stained_glass_pane	["minecraft:attack_animation","minecraft:attribute_modifiers","minecraft:break_sound","minecraft:enchantments","minecraft:interact_animation","minecraft:item_model","minecraft:item_name","minecraft:lore","minecraft:max_stack_size","minecraft:rarity","minecraft:repair_cost","minecraft:tooltip_display","minecraft:use_effects"]	bfd741a71bd97198b85b70f632c2d9163f3b93823521b49cd1ca9889453f1416
minecraft:brown_terracotta	["minecraft:attack_animation","minecraft:attribute_modifiers","minecraft:break_sound","minecraft:enchantments","minecraft:interact_animation","minecraft:item_model","minecraft:item_name","minecraft:lore","minecraft:max_stack_size","minecraft:rarity","minecraft:repair_cost","minecraft:tooltip_display","minecraft:use_effects"]	6ddedd64e3f61752ab513f0331009763ebef5ef5bf7d9df6b2499e41a8c5c4ef
minecraft:brown_wool	["minecraft:attack_animation","minecraft:attribute_modifiers","minecraft:break_sound","minecraft:cooking_fuel","minecraft:enchantments","minecraft:interact_animation","minecraft:item_model","minecraft:item_name","minecraft:lore","minecraft:max_stack_size","minecraft:rarity","minecraft:repair_cost","minecraft:tooltip_display","minecraft:use_effects"]	e7b3291ffd17d5b73ac03433f0a6be688d84295569f76b42ccf5d0d03863ce6c
minecraft:brown_wool_slab	["minecraft:attack_animation","minecraft:attribute_modifiers","minecraft:break_sound","minecraft:cooking_fuel","minecraft:enchantments","minecraft:interact_animation","minecraft:item_model","minecraft:item_name","minecraft:lore","minecraft:max_stack_size","minecraft:rarity","minecraft:repair_cost","minecraft:tooltip_display","minecraft:use_effects"]	e443f2f8237728e9b1e831bb67585d50637d562d4c0b341efcef8abe44b623c7
minecraft:brown_wool_stairs	["minecraft:attack_animation","minecraft:attribute_modifiers","minecraft:break_sound","minecraft:cooking_fuel","minecraft:enchantments","minecraft:interact_animation","minecraft:item_model","minecraft:item_name","minecraft:lore","minecraft:max_stack_size","minecraft:rarity","minecraft:repair_cost","minecraft:tooltip_display","minecraft:use_effects"]	e4ebacd00f7489319763bb439d6a9d94acfcaf2fd66721f282f8067087df45fb
minecraft:brush	["minecraft:attack_animation","minecraft:attribute_modifiers","minecraft:break_sound","minecraft:damage","minecraft:enchantments","minecraft:interact_animation","minecraft:item_model","minecraft:item_name","minecraft:lore","minecraft:max_damage","minecraft:max_stack_size","minecraft:rarity","minecraft:repair_cost","minecraft:tooltip_display","minecraft:use_effects"]	de3fe01ba819172562420543bad210365919319b7fbf30ad9fc0dd259886b884
minecraft:bubble_coral	["minecraft:attack_animation","minecraft:attribute_modifiers","minecraft:break_sound","minecraft:enchantments","minecraft:interact_animation","minecraft:item_model","minecraft:item_name","minecraft:lore","minecraft:max_stack_size","minecraft:rarity","minecraft:repair_cost","minecraft:tooltip_display","minecraft:use_effects"]	2f3edb8b39a7d561826edf0751ddb7bdf44b2145f9115ef3920e1e21550d7330
minecraft:bubble_coral_block	["minecraft:attack_animation","minecraft:attribute_modifiers","minecraft:break_sound","minecraft:enchantments","minecraft:interact_animation","minecraft:item_model","minecraft:item_name","minecraft:lore","minecraft:max_stack_size","minecraft:rarity","minecraft:repair_cost","minecraft:tooltip_display","minecraft:use_effects"]	47e19bfc7ce20322b916128ee6d0b41add2d08f7f448a3c73754d885f59bd05b
minecraft:bubble_coral_fan	["minecraft:attack_animation","minecraft:attribute_modifiers","minecraft:break_sound","minecraft:enchantments","minecraft:interact_animation","minecraft:item_model","minecraft:item_name","minecraft:lore","minecraft:max_stack_size","minecraft:rarity","minecraft:repair_cost","minecraft:tooltip_display","minecraft:use_effects"]	c6c3bf3fca4b2e21f0970c5e614018763715b718bcacc2d69835403c7010e8d3
minecraft:bucket	["minecraft:attack_animation","minecraft:attribute_modifiers","minecraft:break_sound","minecraft:enchantments","minecraft:interact_animation","minecraft:item_model","minecraft:item_name","minecraft:lore","minecraft:max_stack_size","minecraft:rarity","minecraft:repair_cost","minecraft:tooltip_display","minecraft:use_effects"]	6fd26b8dfbbc6c2eaec9933af667105b0c6c4ee2b0e23ab23873573f4bf62e48
minecraft:budding_amethyst	["minecraft:attack_animation","minecraft:attribute_modifiers","minecraft:break_sound","minecraft:enchantments","minecraft:interact_animation","minecraft:item_model","minecraft:item_name","minecraft:lore","minecraft:max_stack_size","minecraft:rarity","minecraft:repair_cost","minecraft:tooltip_display","minecraft:use_effects"]	06043063991cada02180075fd2c72efd2cbfcd6b433b0d928ee52fc87acf0532
minecraft:bundle	["minecraft:attack_animation","minecraft:attribute_modifiers","minecraft:break_sound","minecraft:bundle_contents","minecraft:enchantments","minecraft:interact_animation","minecraft:item_model","minecraft:item_name","minecraft:lore","minecraft:max_stack_size","minecraft:rarity","minecraft:repair_cost","minecraft:tooltip_display","minecraft:use_effects"]	17c990e9988c9701f5bd704eaa6f5bf619e9af48295aeb55e4b7385e863f877c
minecraft:buried_ancient_city_map	["minecraft:attack_animation","minecraft:attribute_modifiers","minecraft:break_sound","minecraft:enchantments","minecraft:interact_animation","minecraft:item_model","minecraft:item_name","minecraft:lore","minecraft:map_decorations","minecraft:max_stack_size","minecraft:rarity","minecraft:repair_cost","minecraft:tooltip_display","minecraft:use_effects"]	7d395ee6b622a1fb923aeb30eca5c8a86df2068566277047cf407d27dab68758
minecraft:buried_mineshaft_map	["minecraft:attack_animation","minecraft:attribute_modifiers","minecraft:break_sound","minecraft:enchantments","minecraft:interact_animation","minecraft:item_model","minecraft:item_name","minecraft:lore","minecraft:map_decorations","minecraft:max_stack_size","minecraft:rarity","minecraft:repair_cost","minecraft:tooltip_display","minecraft:use_effects"]	6858bfe2b2f84b5dd70beef9630c64c482843af5599d4a3a8888ad1d687c1860
minecraft:buried_treasure_map	["minecraft:attack_animation","minecraft:attribute_modifiers","minecraft:break_sound","minecraft:enchantments","minecraft:interact_animation","minecraft:item_model","minecraft:item_name","minecraft:lore","minecraft:map_decorations","minecraft:max_stack_size","minecraft:rarity","minecraft:repair_cost","minecraft:tooltip_display","minecraft:use_effects"]	58893a4b54878afb305ad8fc907b4e6e7af197603d1b53fa81803fecbb8dc2dc
minecraft:buried_trial_chambers_map	["minecraft:attack_animation","minecraft:attribute_modifiers","minecraft:break_sound","minecraft:enchantments","minecraft:interact_animation","minecraft:item_model","minecraft:item_name","minecraft:lore","minecraft:map_decorations","minecraft:max_stack_size","minecraft:rarity","minecraft:repair_cost","minecraft:tooltip_display","minecraft:use_effects"]	a08b473a219157c13405b392695d316ceb6aba01a3b3aaa12c5ddeaa04e3eb0c
minecraft:burn_pottery_sherd	["minecraft:attack_animation","minecraft:attribute_modifiers","minecraft:break_sound","minecraft:enchantments","minecraft:interact_animation","minecraft:item_model","minecraft:item_name","minecraft:lore","minecraft:max_stack_size","minecraft:provides_pottery_pattern","minecraft:rarity","minecraft:repair_cost","minecraft:tooltip_display","minecraft:use_effects"]	1f0983d391c0bddb1257e66dd1335ff8885c7d7498f7fdedd67139e6cfdef422
minecraft:bush	["minecraft:attack_animation","minecraft:attribute_modifiers","minecraft:break_sound","minecraft:compostable","minecraft:enchantments","minecraft:interact_animation","minecraft:item_model","minecraft:item_name","minecraft:lore","minecraft:max_stack_size","minecraft:rarity","minecraft:repair_cost","minecraft:tooltip_display","minecraft:use_effects"]	792c17ee1c2724212b252f54fcea2593bae93ed2f7c3ecb67a5e8e44f896553c
minecraft:cactus	["minecraft:attack_animation","minecraft:attribute_modifiers","minecraft:break_sound","minecraft:compostable","minecraft:enchantments","minecraft:interact_animation","minecraft:item_model","minecraft:item_name","minecraft:lore","minecraft:max_stack_size","minecraft:rarity","minecraft:repair_cost","minecraft:tooltip_display","minecraft:use_effects"]	0a9b95d1366cde5e0e75a8fe467027d9bec7f3f73071a65f4f62c340b4dd82b2
minecraft:cactus_flower	["minecraft:attack_animation","minecraft:attribute_modifiers","minecraft:break_sound","minecraft:compostable","minecraft:enchantments","minecraft:interact_animation","minecraft:item_model","minecraft:item_name","minecraft:lore","minecraft:max_stack_size","minecraft:rarity","minecraft:repair_cost","minecraft:tooltip_display","minecraft:use_effects"]	a8545d84c45397526f106ba15cc8a1fe58f570f821adae6e2faa1f2a7069d797
minecraft:cake	["minecraft:attack_animation","minecraft:attribute_modifiers","minecraft:break_sound","minecraft:compostable","minecraft:enchantments","minecraft:interact_animation","minecraft:item_model","minecraft:item_name","minecraft:lore","minecraft:max_stack_size","minecraft:rarity","minecraft:repair_cost","minecraft:tooltip_display","minecraft:use_effects"]	d5db192deb67f8331d98e0e2c41c0236875d1f4bb62265919d622ff46a4f90ea
minecraft:calcite	["minecraft:attack_animation","minecraft:attribute_modifiers","minecraft:break_sound","minecraft:enchantments","minecraft:interact_animation","minecraft:item_model","minecraft:item_name","minecraft:lore","minecraft:max_stack_size","minecraft:rarity","minecraft:repair_cost","minecraft:tooltip_display","minecraft:use_effects"]	928d9e1e3a6bea6d852c0fff8ae7e04701611efb22b9df4dc0a8be51676c15b4
minecraft:calibrated_sculk_sensor	["minecraft:attack_animation","minecraft:attribute_modifiers","minecraft:break_sound","minecraft:enchantments","minecraft:interact_animation","minecraft:item_model","minecraft:item_name","minecraft:lore","minecraft:max_stack_size","minecraft:rarity","minecraft:repair_cost","minecraft:tooltip_display","minecraft:use_effects"]	220a27c2dbd4be03cbebb38a8aa8c44d86d7dae7de5825d7b16bcc1aa88ec1d1
minecraft:camel_husk_spawn_egg	["minecraft:attack_animation","minecraft:attribute_modifiers","minecraft:break_sound","minecraft:enchantments","minecraft:entity_data","minecraft:interact_animation","minecraft:item_model","minecraft:item_name","minecraft:lore","minecraft:max_stack_size","minecraft:rarity","minecraft:repair_cost","minecraft:tooltip_display","minecraft:use_effects"]	26224f7843325a411004597b088329784e0c818bb86954679b92ba28f4a05705
minecraft:camel_spawn_egg	["minecraft:attack_animation","minecraft:attribute_modifiers","minecraft:break_sound","minecraft:enchantments","minecraft:entity_data","minecraft:interact_animation","minecraft:item_model","minecraft:item_name","minecraft:lore","minecraft:max_stack_size","minecraft:rarity","minecraft:repair_cost","minecraft:tooltip_display","minecraft:use_effects"]	d4b9c68f643552a1f699660b317aa855d2074e09a2dde189b2bccbf4338c7a30
minecraft:campfire	["minecraft:attack_animation","minecraft:attribute_modifiers","minecraft:break_sound","minecraft:container","minecraft:enchantments","minecraft:interact_animation","minecraft:item_model","minecraft:item_name","minecraft:lore","minecraft:max_stack_size","minecraft:rarity","minecraft:repair_cost","minecraft:tooltip_display","minecraft:use_effects"]	80e1742d974083823302f02db878b52bcbc482af9c4ef65469df6cda338b0511
minecraft:candle	["minecraft:attack_animation","minecraft:attribute_modifiers","minecraft:break_sound","minecraft:enchantments","minecraft:interact_animation","minecraft:item_model","minecraft:item_name","minecraft:lore","minecraft:max_stack_size","minecraft:rarity","minecraft:repair_cost","minecraft:tooltip_display","minecraft:use_effects"]	72fd31afa6818818ea33baadb49c4c9ae4751fe3bd3bd4572c883677b50f8759
minecraft:carrot	["minecraft:attack_animation","minecraft:attribute_modifiers","minecraft:break_sound","minecraft:compostable","minecraft:consumable","minecraft:enchantments","minecraft:food","minecraft:interact_animation","minecraft:item_model","minecraft:item_name","minecraft:lore","minecraft:max_stack_size","minecraft:rarity","minecraft:repair_cost","minecraft:tooltip_display","minecraft:use_effects","minecraft:villager_food"]	d8bfcf39348fadb1ed7ea82a021a93bee740d53d18c350ba2fd7d8d7adbbac99
minecraft:carrot_on_a_stick	["minecraft:attack_animation","minecraft:attribute_modifiers","minecraft:break_sound","minecraft:damage","minecraft:enchantments","minecraft:interact_animation","minecraft:item_model","minecraft:item_name","minecraft:lore","minecraft:max_damage","minecraft:max_stack_size","minecraft:rarity","minecraft:repair_cost","minecraft:tooltip_display","minecraft:use_effects"]	6ce47fe3ed9d2f847a9a55eec8e6fe994c58fac96032c75c6287664d6ac660b7
minecraft:cartography_table	["minecraft:attack_animation","minecraft:attribute_modifiers","minecraft:break_sound","minecraft:cooking_fuel","minecraft:enchantments","minecraft:interact_animation","minecraft:item_model","minecraft:item_name","minecraft:lore","minecraft:max_stack_size","minecraft:rarity","minecraft:repair_cost","minecraft:tooltip_display","minecraft:use_effects"]	48fa0caf4271d341481b513ef5974b43d3c84818d1f054da2ada911d6b05e4da
minecraft:carved_pumpkin	["minecraft:attack_animation","minecraft:attribute_modifiers","minecraft:break_sound","minecraft:compostable","minecraft:enchantments","minecraft:equippable","minecraft:interact_animation","minecraft:item_model","minecraft:item_name","minecraft:lore","minecraft:max_stack_size","minecraft:rarity","minecraft:repair_cost","minecraft:tooltip_display","minecraft:use_effects"]	5126a7463f1173b604e413f420e09517d992b30625d77d31d8955f92c319811d
minecraft:cat_spawn_egg	["minecraft:attack_animation","minecraft:attribute_modifiers","minecraft:break_sound","minecraft:enchantments","minecraft:entity_data","minecraft:interact_animation","minecraft:item_model","minecraft:item_name","minecraft:lore","minecraft:max_stack_size","minecraft:rarity","minecraft:repair_cost","minecraft:tooltip_display","minecraft:use_effects"]	20b746c708b7d47aa3eef836dfb28a8a9676f82e7c3ac378bebb533d120b1492
minecraft:cauldron	["minecraft:attack_animation","minecraft:attribute_modifiers","minecraft:break_sound","minecraft:enchantments","minecraft:interact_animation","minecraft:item_model","minecraft:item_name","minecraft:lore","minecraft:max_stack_size","minecraft:rarity","minecraft:repair_cost","minecraft:tooltip_display","minecraft:use_effects"]	cb41129e73a3b552d31e311357646b29105d31d2eb9e931c3b270c236a6405ab
minecraft:cave_spider_spawn_egg	["minecraft:attack_animation","minecraft:attribute_modifiers","minecraft:break_sound","minecraft:enchantments","minecraft:entity_data","minecraft:interact_animation","minecraft:item_model","minecraft:item_name","minecraft:lore","minecraft:max_stack_size","minecraft:rarity","minecraft:repair_cost","minecraft:tooltip_display","minecraft:use_effects"]	15d42b5fad319cabec6e1310b0c7c734f86e9dc2a462813c31d212a6392e84b4
minecraft:chain_command_block	["minecraft:attack_animation","minecraft:attribute_modifiers","minecraft:break_sound","minecraft:enchantments","minecraft:interact_animation","minecraft:item_model","minecraft:item_name","minecraft:lore","minecraft:max_stack_size","minecraft:rarity","minecraft:repair_cost","minecraft:tooltip_display","minecraft:use_effects"]	b6e168bbf61a42cadd1cff3bd7d01533e8e1e7c3229edf56f464c62680166e84
minecraft:chainmail_boots	["minecraft:attack_animation","minecraft:attribute_modifiers","minecraft:break_sound","minecraft:damage","minecraft:enchantable","minecraft:enchantments","minecraft:equippable","minecraft:interact_animation","minecraft:item_model","minecraft:item_name","minecraft:lore","minecraft:max_damage","minecraft:max_stack_size","minecraft:rarity","minecraft:repair_cost","minecraft:repairable","minecraft:tooltip_display","minecraft:use_effects"]	1d0106b83a4976d96dfe1603ecf479349409cfe4810c18d9174530b7a3aa1627
minecraft:chainmail_chestplate	["minecraft:attack_animation","minecraft:attribute_modifiers","minecraft:break_sound","minecraft:damage","minecraft:enchantable","minecraft:enchantments","minecraft:equippable","minecraft:interact_animation","minecraft:item_model","minecraft:item_name","minecraft:lore","minecraft:max_damage","minecraft:max_stack_size","minecraft:rarity","minecraft:repair_cost","minecraft:repairable","minecraft:tooltip_display","minecraft:use_effects"]	9cff4e52087d18855a548f7e64e79cc33ee6318fc8afd665c9bce2c23f10ca75
minecraft:chainmail_helmet	["minecraft:attack_animation","minecraft:attribute_modifiers","minecraft:break_sound","minecraft:damage","minecraft:enchantable","minecraft:enchantments","minecraft:equippable","minecraft:interact_animation","minecraft:item_model","minecraft:item_name","minecraft:lore","minecraft:max_damage","minecraft:max_stack_size","minecraft:rarity","minecraft:repair_cost","minecraft:repairable","minecraft:tooltip_display","minecraft:use_effects"]	5fb9a4b4ee70d26bac8263c513aaa3c01fb3d3d92be07b978443869500d8b1be
minecraft:chainmail_leggings	["minecraft:attack_animation","minecraft:attribute_modifiers","minecraft:break_sound","minecraft:damage","minecraft:enchantable","minecraft:enchantments","minecraft:equippable","minecraft:interact_animation","minecraft:item_model","minecraft:item_name","minecraft:lore","minecraft:max_damage","minecraft:max_stack_size","minecraft:rarity","minecraft:repair_cost","minecraft:repairable","minecraft:tooltip_display","minecraft:use_effects"]	1ed9d371bcd19bb7382ec5b3edf670bb2d5a25ffff096b079a23ff0ded280294
minecraft:charcoal	["minecraft:attack_animation","minecraft:attribute_modifiers","minecraft:break_sound","minecraft:cooking_fuel","minecraft:enchantments","minecraft:interact_animation","minecraft:item_model","minecraft:item_name","minecraft:lore","minecraft:max_stack_size","minecraft:rarity","minecraft:repair_cost","minecraft:tooltip_display","minecraft:use_effects"]	517dbd5b77c5dbe4cfa15362a576f440c5cdb759524645c063a247004a49c9ad
minecraft:cherry_boat	["minecraft:attack_animation","minecraft:attribute_modifiers","minecraft:break_sound","minecraft:cooking_fuel","minecraft:enchantments","minecraft:interact_animation","minecraft:item_model","minecraft:item_name","minecraft:lore","minecraft:max_stack_size","minecraft:rarity","minecraft:repair_cost","minecraft:tooltip_display","minecraft:use_effects"]	5e5d35d6e5063126a4080341bbd2c1344561e7c60475a35b496d1a9015e7729a
minecraft:cherry_button	["minecraft:attack_animation","minecraft:attribute_modifiers","minecraft:break_sound","minecraft:cooking_fuel","minecraft:enchantments","minecraft:interact_animation","minecraft:item_model","minecraft:item_name","minecraft:lore","minecraft:max_stack_size","minecraft:rarity","minecraft:repair_cost","minecraft:tooltip_display","minecraft:use_effects"]	18ae06501b67f85e7ee5c56ff37301c7d9921406707d7d58b23535fb0ebe4355
minecraft:cherry_chest_boat	["minecraft:attack_animation","minecraft:attribute_modifiers","minecraft:break_sound","minecraft:cooking_fuel","minecraft:enchantments","minecraft:interact_animation","minecraft:item_model","minecraft:item_name","minecraft:lore","minecraft:max_stack_size","minecraft:rarity","minecraft:repair_cost","minecraft:tooltip_display","minecraft:use_effects"]	aee7cdbcbe3985a9b2f33bef31a3b28ca25c762f3bbce08d7bb837b0bb541e3c
minecraft:cherry_door	["minecraft:attack_animation","minecraft:attribute_modifiers","minecraft:break_sound","minecraft:cooking_fuel","minecraft:enchantments","minecraft:interact_animation","minecraft:item_model","minecraft:item_name","minecraft:lore","minecraft:max_stack_size","minecraft:rarity","minecraft:repair_cost","minecraft:tooltip_display","minecraft:use_effects"]	6439e148b0fc308645f9bd472a56344883477b038439950e1b82f80dcab3b9be
minecraft:cherry_fence	["minecraft:attack_animation","minecraft:attribute_modifiers","minecraft:break_sound","minecraft:cooking_fuel","minecraft:enchantments","minecraft:interact_animation","minecraft:item_model","minecraft:item_name","minecraft:lore","minecraft:max_stack_size","minecraft:rarity","minecraft:repair_cost","minecraft:tooltip_display","minecraft:use_effects"]	7036be86e6a8b28b6b8d37aabdae4deaa5f849a84aeb728420b43ca650ed48b9
minecraft:cherry_fence_gate	["minecraft:attack_animation","minecraft:attribute_modifiers","minecraft:break_sound","minecraft:cooking_fuel","minecraft:enchantments","minecraft:interact_animation","minecraft:item_model","minecraft:item_name","minecraft:lore","minecraft:max_stack_size","minecraft:rarity","minecraft:repair_cost","minecraft:tooltip_display","minecraft:use_effects"]	6f8c952991786f97679d1a624ab3b2d4ad7474708bcc0790d1e33d951f6bed26
minecraft:cherry_hanging_sign	["minecraft:attack_animation","minecraft:attribute_modifiers","minecraft:break_sound","minecraft:cooking_fuel","minecraft:enchantments","minecraft:interact_animation","minecraft:item_model","minecraft:item_name","minecraft:lore","minecraft:max_stack_size","minecraft:rarity","minecraft:repair_cost","minecraft:sign_text_back","minecraft:sign_text_front","minecraft:tooltip_display","minecraft:use_effects"]	056731aff4cdd9427367dcc6770fee5f4d6b14dd44577d07bbbd3c5ff2fce2e5
minecraft:cherry_leaves	["minecraft:attack_animation","minecraft:attribute_modifiers","minecraft:break_sound","minecraft:compostable","minecraft:enchantments","minecraft:interact_animation","minecraft:item_model","minecraft:item_name","minecraft:lore","minecraft:max_stack_size","minecraft:rarity","minecraft:repair_cost","minecraft:tooltip_display","minecraft:use_effects"]	e908e90e0a9e433e2725ebb44743f5f8819a95610e4f7dd3cbaea3abf5865c34
minecraft:cherry_log	["minecraft:attack_animation","minecraft:attribute_modifiers","minecraft:break_sound","minecraft:cooking_fuel","minecraft:enchantments","minecraft:interact_animation","minecraft:item_model","minecraft:item_name","minecraft:lore","minecraft:max_stack_size","minecraft:rarity","minecraft:repair_cost","minecraft:tooltip_display","minecraft:use_effects"]	51fcd810a49cb39c90788a84cffdd766ff1cf3d740d6bac6938520cc8bc6efdd
minecraft:cherry_planks	["minecraft:attack_animation","minecraft:attribute_modifiers","minecraft:break_sound","minecraft:cooking_fuel","minecraft:enchantments","minecraft:interact_animation","minecraft:item_model","minecraft:item_name","minecraft:lore","minecraft:max_stack_size","minecraft:rarity","minecraft:repair_cost","minecraft:tooltip_display","minecraft:use_effects"]	85e3f68b42e18a343c7c67f491fb3699215d817c86bbcd6b24d0f91e7002f856
minecraft:cherry_pressure_plate	["minecraft:attack_animation","minecraft:attribute_modifiers","minecraft:break_sound","minecraft:cooking_fuel","minecraft:enchantments","minecraft:interact_animation","minecraft:item_model","minecraft:item_name","minecraft:lore","minecraft:max_stack_size","minecraft:rarity","minecraft:repair_cost","minecraft:tooltip_display","minecraft:use_effects"]	1bf8811d97e5d7508c66d8a924f9da6dc2254489200e3bb46c2d45d3120cc907
minecraft:cherry_sapling	["minecraft:attack_animation","minecraft:attribute_modifiers","minecraft:break_sound","minecraft:compostable","minecraft:cooking_fuel","minecraft:enchantments","minecraft:interact_animation","minecraft:item_model","minecraft:item_name","minecraft:lore","minecraft:max_stack_size","minecraft:rarity","minecraft:repair_cost","minecraft:tooltip_display","minecraft:use_effects"]	ef3d4e79e047f452dd60f23fb7942cf59c94e1ebf890bb3156f94e8f5a2ab8c8
minecraft:cherry_shelf	["minecraft:attack_animation","minecraft:attribute_modifiers","minecraft:break_sound","minecraft:container","minecraft:cooking_fuel","minecraft:enchantments","minecraft:interact_animation","minecraft:item_model","minecraft:item_name","minecraft:lore","minecraft:max_stack_size","minecraft:rarity","minecraft:repair_cost","minecraft:tooltip_display","minecraft:use_effects"]	520372cafb566aa011f32fafb140363afa5d127deceeaba867df8100f4fa458d
minecraft:cherry_sign	["minecraft:attack_animation","minecraft:attribute_modifiers","minecraft:break_sound","minecraft:cooking_fuel","minecraft:enchantments","minecraft:interact_animation","minecraft:item_model","minecraft:item_name","minecraft:lore","minecraft:max_stack_size","minecraft:rarity","minecraft:repair_cost","minecraft:sign_text_back","minecraft:sign_text_front","minecraft:tooltip_display","minecraft:use_effects"]	fa2d02fd1f6024946d0975160e0d9abf71ee3499a2f8d5923126be3b4ed9dd18
minecraft:cherry_slab	["minecraft:attack_animation","minecraft:attribute_modifiers","minecraft:break_sound","minecraft:cooking_fuel","minecraft:enchantments","minecraft:interact_animation","minecraft:item_model","minecraft:item_name","minecraft:lore","minecraft:max_stack_size","minecraft:rarity","minecraft:repair_cost","minecraft:tooltip_display","minecraft:use_effects"]	5c74a951713f1189df5da7c6e9ac1512d651e7b2075d58f2f64b0d13fd420676
minecraft:cherry_stairs	["minecraft:attack_animation","minecraft:attribute_modifiers","minecraft:break_sound","minecraft:cooking_fuel","minecraft:enchantments","minecraft:interact_animation","minecraft:item_model","minecraft:item_name","minecraft:lore","minecraft:max_stack_size","minecraft:rarity","minecraft:repair_cost","minecraft:tooltip_display","minecraft:use_effects"]	29a64f7c1e3e5c0afd283c069855791ecc7eb5abb11d58271d61dfde87294502
minecraft:cherry_trapdoor	["minecraft:attack_animation","minecraft:attribute_modifiers","minecraft:break_sound","minecraft:cooking_fuel","minecraft:enchantments","minecraft:interact_animation","minecraft:item_model","minecraft:item_name","minecraft:lore","minecraft:max_stack_size","minecraft:rarity","minecraft:repair_cost","minecraft:tooltip_display","minecraft:use_effects"]	e71ed6d5c47fa245a5d10ad5feca7b1067c53f4707e7cbea1fc418897dd9e844
minecraft:cherry_wood	["minecraft:attack_animation","minecraft:attribute_modifiers","minecraft:break_sound","minecraft:cooking_fuel","minecraft:enchantments","minecraft:interact_animation","minecraft:item_model","minecraft:item_name","minecraft:lore","minecraft:max_stack_size","minecraft:rarity","minecraft:repair_cost","minecraft:tooltip_display","minecraft:use_effects"]	db2f61944718babad7685cdd1d8402d494a7848cb9aa278f61654eae8e7ce019
minecraft:chest	["minecraft:attack_animation","minecraft:attribute_modifiers","minecraft:break_sound","minecraft:container","minecraft:cooking_fuel","minecraft:enchantments","minecraft:interact_animation","minecraft:item_model","minecraft:item_name","minecraft:lore","minecraft:max_stack_size","minecraft:rarity","minecraft:repair_cost","minecraft:tooltip_display","minecraft:use_effects"]	01c38052deb54215f1a027e6f0de5b5d9ee6f959d3251fb8c2df9c56ef36726a
minecraft:chest_minecart	["minecraft:attack_animation","minecraft:attribute_modifiers","minecraft:break_sound","minecraft:enchantments","minecraft:interact_animation","minecraft:item_model","minecraft:item_name","minecraft:lore","minecraft:max_stack_size","minecraft:rarity","minecraft:repair_cost","minecraft:tooltip_display","minecraft:use_effects"]	475b65bfc631ab8ba6390290a0fb1cc48192c249968968ff2ba5629a0d9678f7
minecraft:chicken	["minecraft:attack_animation","minecraft:attribute_modifiers","minecraft:break_sound","minecraft:consumable","minecraft:enchantments","minecraft:food","minecraft:interact_animation","minecraft:item_model","minecraft:item_name","minecraft:lore","minecraft:max_stack_size","minecraft:rarity","minecraft:repair_cost","minecraft:tooltip_display","minecraft:use_effects"]	e6294cb68c94a56822686f4f4b3b64d94c2a037e3ad911301d2234dd36af08ae
minecraft:chicken_spawn_egg	["minecraft:attack_animation","minecraft:attribute_modifiers","minecraft:break_sound","minecraft:enchantments","minecraft:entity_data","minecraft:interact_animation","minecraft:item_model","minecraft:item_name","minecraft:lore","minecraft:max_stack_size","minecraft:rarity","minecraft:repair_cost","minecraft:tooltip_display","minecraft:use_effects"]	87eee5bd7ec2d7f535c6f60210816648df30a6c2cfd3cc33bc22d5f67bbd8360
minecraft:chipped_anvil	["minecraft:attack_animation","minecraft:attribute_modifiers","minecraft:break_sound","minecraft:enchantments","minecraft:interact_animation","minecraft:item_model","minecraft:item_name","minecraft:lore","minecraft:max_stack_size","minecraft:rarity","minecraft:repair_cost","minecraft:tooltip_display","minecraft:use_effects"]	43a5590fee3058879e30948b3da9ee09ef44abfb82efa04b3658b01e3da4b891
minecraft:chiseled_bookshelf	["minecraft:attack_animation","minecraft:attribute_modifiers","minecraft:break_sound","minecraft:container","minecraft:cooking_fuel","minecraft:enchantments","minecraft:interact_animation","minecraft:item_model","minecraft:item_name","minecraft:lore","minecraft:max_stack_size","minecraft:rarity","minecraft:repair_cost","minecraft:tooltip_display","minecraft:use_effects"]	7195f7ca59bb7bdf59970a6b43ef412b3787b4c5f050485224b49aa4d58423fb
minecraft:chiseled_cinnabar	["minecraft:attack_animation","minecraft:attribute_modifiers","minecraft:break_sound","minecraft:enchantments","minecraft:interact_animation","minecraft:item_model","minecraft:item_name","minecraft:lore","minecraft:max_stack_size","minecraft:rarity","minecraft:repair_cost","minecraft:tooltip_display","minecraft:use_effects"]	2501940a471e8c1196195af86fa3b98ddf95604c7f9c52fd4ea3c6bbd8e9b503
minecraft:chiseled_copper	["minecraft:attack_animation","minecraft:attribute_modifiers","minecraft:break_sound","minecraft:enchantments","minecraft:interact_animation","minecraft:item_model","minecraft:item_name","minecraft:lore","minecraft:max_stack_size","minecraft:rarity","minecraft:repair_cost","minecraft:tooltip_display","minecraft:use_effects"]	69919051952d49be5a88077b3011744396f1f8c5b37dee816ee883ac05ceaf44
minecraft:chiseled_deepslate	["minecraft:attack_animation","minecraft:attribute_modifiers","minecraft:break_sound","minecraft:enchantments","minecraft:interact_animation","minecraft:item_model","minecraft:item_name","minecraft:lore","minecraft:max_stack_size","minecraft:rarity","minecraft:repair_cost","minecraft:tooltip_display","minecraft:use_effects"]	05b69857a9e5e6b8598c0f948b924107ff84d8310b0cda6b39d3b1ad880c4d76
minecraft:chiseled_nether_bricks	["minecraft:attack_animation","minecraft:attribute_modifiers","minecraft:break_sound","minecraft:enchantments","minecraft:interact_animation","minecraft:item_model","minecraft:item_name","minecraft:lore","minecraft:max_stack_size","minecraft:rarity","minecraft:repair_cost","minecraft:tooltip_display","minecraft:use_effects"]	aa1030f6ee1190f018ecb4b560c6f15e061f8485163262a7982e4be2d2b51f2a
minecraft:chiseled_polished_blackstone	["minecraft:attack_animation","minecraft:attribute_modifiers","minecraft:break_sound","minecraft:enchantments","minecraft:interact_animation","minecraft:item_model","minecraft:item_name","minecraft:lore","minecraft:max_stack_size","minecraft:rarity","minecraft:repair_cost","minecraft:tooltip_display","minecraft:use_effects"]	72762fbeaafe3b1fbdfde70c7f3a9fcc170b3e71316b1496c48acedc3d27efc1
minecraft:chiseled_quartz_block	["minecraft:attack_animation","minecraft:attribute_modifiers","minecraft:break_sound","minecraft:enchantments","minecraft:interact_animation","minecraft:item_model","minecraft:item_name","minecraft:lore","minecraft:max_stack_size","minecraft:rarity","minecraft:repair_cost","minecraft:tooltip_display","minecraft:use_effects"]	65e205bb59fd076f194d0aedb2f245657d4224b50f64daa5ccf7ef3a68edc4b0
minecraft:chiseled_red_sandstone	["minecraft:attack_animation","minecraft:attribute_modifiers","minecraft:break_sound","minecraft:enchantments","minecraft:interact_animation","minecraft:item_model","minecraft:item_name","minecraft:lore","minecraft:max_stack_size","minecraft:rarity","minecraft:repair_cost","minecraft:tooltip_display","minecraft:use_effects"]	4c92a0a066e21252463226d9af023b3a6a5a5af4982ad0ee0331668f8af8b63b
minecraft:chiseled_resin_bricks	["minecraft:attack_animation","minecraft:attribute_modifiers","minecraft:break_sound","minecraft:enchantments","minecraft:interact_animation","minecraft:item_model","minecraft:item_name","minecraft:lore","minecraft:max_stack_size","minecraft:rarity","minecraft:repair_cost","minecraft:tooltip_display","minecraft:use_effects"]	01acb62b188e7edfbd699239650dd678f6e1dd61ab5419b9dc91fc0a5794312b
minecraft:chiseled_sandstone	["minecraft:attack_animation","minecraft:attribute_modifiers","minecraft:break_sound","minecraft:enchantments","minecraft:interact_animation","minecraft:item_model","minecraft:item_name","minecraft:lore","minecraft:max_stack_size","minecraft:rarity","minecraft:repair_cost","minecraft:tooltip_display","minecraft:use_effects"]	a32c737b35dcc50d8508cc83195e706737bfa86a7b3ca9123a45bfe113c8aa95
minecraft:chiseled_stone_bricks	["minecraft:attack_animation","minecraft:attribute_modifiers","minecraft:break_sound","minecraft:enchantments","minecraft:interact_animation","minecraft:item_model","minecraft:item_name","minecraft:lore","minecraft:max_stack_size","minecraft:rarity","minecraft:repair_cost","minecraft:tooltip_display","minecraft:use_effects"]	533272a4fdccf63a555d088e0cc6bcf955c1d55966634ee713fc0a83a5e2dcec
minecraft:chiseled_sulfur	["minecraft:attack_animation","minecraft:attribute_modifiers","minecraft:break_sound","minecraft:enchantments","minecraft:interact_animation","minecraft:item_model","minecraft:item_name","minecraft:lore","minecraft:max_stack_size","minecraft:rarity","minecraft:repair_cost","minecraft:tooltip_display","minecraft:use_effects"]	b0a9a275a65e50d3115ca42232f214771a05409c604f9a1a5ebd4fb5c2ede152
minecraft:chiseled_tuff	["minecraft:attack_animation","minecraft:attribute_modifiers","minecraft:break_sound","minecraft:enchantments","minecraft:interact_animation","minecraft:item_model","minecraft:item_name","minecraft:lore","minecraft:max_stack_size","minecraft:rarity","minecraft:repair_cost","minecraft:tooltip_display","minecraft:use_effects"]	aa181490e9080e15afcacf3d75a894325c3a733025b287e1ccfbc8edb39f47d9
minecraft:chiseled_tuff_bricks	["minecraft:attack_animation","minecraft:attribute_modifiers","minecraft:break_sound","minecraft:enchantments","minecraft:interact_animation","minecraft:item_model","minecraft:item_name","minecraft:lore","minecraft:max_stack_size","minecraft:rarity","minecraft:repair_cost","minecraft:tooltip_display","minecraft:use_effects"]	07fadca6cc1105145cc22b6b65045b02941f0dd154ad9dc3646eb46111be13e5
minecraft:chorus_flower	["minecraft:attack_animation","minecraft:attribute_modifiers","minecraft:break_sound","minecraft:enchantments","minecraft:interact_animation","minecraft:item_model","minecraft:item_name","minecraft:lore","minecraft:max_stack_size","minecraft:rarity","minecraft:repair_cost","minecraft:tooltip_display","minecraft:use_effects"]	ecf279b897204389959471652d6992b3abdece4fa1ade5c844e71ea0ed54d209
minecraft:chorus_fruit	["minecraft:attack_animation","minecraft:attribute_modifiers","minecraft:break_sound","minecraft:consumable","minecraft:enchantments","minecraft:food","minecraft:interact_animation","minecraft:item_model","minecraft:item_name","minecraft:lore","minecraft:max_stack_size","minecraft:rarity","minecraft:repair_cost","minecraft:tooltip_display","minecraft:use_cooldown","minecraft:use_effects"]	b542c4e233efd473ad8200418ea83e23dfe368fbfaef2530f77790eab8001ec7
minecraft:chorus_plant	["minecraft:attack_animation","minecraft:attribute_modifiers","minecraft:break_sound","minecraft:enchantments","minecraft:interact_animation","minecraft:item_model","minecraft:item_name","minecraft:lore","minecraft:max_stack_size","minecraft:rarity","minecraft:repair_cost","minecraft:tooltip_display","minecraft:use_effects"]	7988bb38d7bc7cf4913bfa1ff619dfecf2a77f3a0a8f46ea95cbc0cc1a1ca9e4
minecraft:cinnabar	["minecraft:attack_animation","minecraft:attribute_modifiers","minecraft:break_sound","minecraft:enchantments","minecraft:interact_animation","minecraft:item_model","minecraft:item_name","minecraft:lore","minecraft:max_stack_size","minecraft:rarity","minecraft:repair_cost","minecraft:tooltip_display","minecraft:use_effects"]	4aa66940ae855bb61e295f202dd05397f4bd5b272f6b57c56aa772a245c09836
minecraft:cinnabar_brick_slab	["minecraft:attack_animation","minecraft:attribute_modifiers","minecraft:break_sound","minecraft:enchantments","minecraft:interact_animation","minecraft:item_model","minecraft:item_name","minecraft:lore","minecraft:max_stack_size","minecraft:rarity","minecraft:repair_cost","minecraft:tooltip_display","minecraft:use_effects"]	0065eced523900471c5c619ba0adfca4101dc92b82f4aff19595667cc00688dc
minecraft:cinnabar_brick_stairs	["minecraft:attack_animation","minecraft:attribute_modifiers","minecraft:break_sound","minecraft:enchantments","minecraft:interact_animation","minecraft:item_model","minecraft:item_name","minecraft:lore","minecraft:max_stack_size","minecraft:rarity","minecraft:repair_cost","minecraft:tooltip_display","minecraft:use_effects"]	62f5d087cf3b7b4214c26c4435f1fe5a023d5e2336f19217381e60609cd7f5d1
minecraft:cinnabar_brick_wall	["minecraft:attack_animation","minecraft:attribute_modifiers","minecraft:break_sound","minecraft:enchantments","minecraft:interact_animation","minecraft:item_model","minecraft:item_name","minecraft:lore","minecraft:max_stack_size","minecraft:rarity","minecraft:repair_cost","minecraft:tooltip_display","minecraft:use_effects"]	a003ed921ab461937bc4e3bbf17e024bc296b4319fd55de3f12fc7d755a9bb1b
minecraft:cinnabar_bricks	["minecraft:attack_animation","minecraft:attribute_modifiers","minecraft:break_sound","minecraft:enchantments","minecraft:interact_animation","minecraft:item_model","minecraft:item_name","minecraft:lore","minecraft:max_stack_size","minecraft:rarity","minecraft:repair_cost","minecraft:tooltip_display","minecraft:use_effects"]	18761b6303b58c219084cadbd6b147b9a596b5ce6a2474d39cce9e4593e6d9a8
minecraft:cinnabar_slab	["minecraft:attack_animation","minecraft:attribute_modifiers","minecraft:break_sound","minecraft:enchantments","minecraft:interact_animation","minecraft:item_model","minecraft:item_name","minecraft:lore","minecraft:max_stack_size","minecraft:rarity","minecraft:repair_cost","minecraft:tooltip_display","minecraft:use_effects"]	e5281992f76d960bf09698d00a3f4e12242f783b5f777c9c309da8d65d17c9a5
minecraft:cinnabar_stairs	["minecraft:attack_animation","minecraft:attribute_modifiers","minecraft:break_sound","minecraft:enchantments","minecraft:interact_animation","minecraft:item_model","minecraft:item_name","minecraft:lore","minecraft:max_stack_size","minecraft:rarity","minecraft:repair_cost","minecraft:tooltip_display","minecraft:use_effects"]	a9053080e5438adaf97bd1e3ca79c4b64fcb5d6bcc055223b7cf594e0b7dfa9d
minecraft:cinnabar_wall	["minecraft:attack_animation","minecraft:attribute_modifiers","minecraft:break_sound","minecraft:enchantments","minecraft:interact_animation","minecraft:item_model","minecraft:item_name","minecraft:lore","minecraft:max_stack_size","minecraft:rarity","minecraft:repair_cost","minecraft:tooltip_display","minecraft:use_effects"]	614312459fd4e012e5051577d9518551c42cb4dab6eafdd456bc3af25b46dfd2
minecraft:clay	["minecraft:attack_animation","minecraft:attribute_modifiers","minecraft:break_sound","minecraft:enchantments","minecraft:interact_animation","minecraft:item_model","minecraft:item_name","minecraft:lore","minecraft:max_stack_size","minecraft:rarity","minecraft:repair_cost","minecraft:tooltip_display","minecraft:use_effects"]	97206ce60c1f0375cc89026d470c78b431e6c0746b586cf3018b66d0aa664398
minecraft:clay_ball	["minecraft:attack_animation","minecraft:attribute_modifiers","minecraft:break_sound","minecraft:enchantments","minecraft:interact_animation","minecraft:item_model","minecraft:item_name","minecraft:lore","minecraft:max_stack_size","minecraft:rarity","minecraft:repair_cost","minecraft:tooltip_display","minecraft:use_effects"]	2a1c5c4fb3ade743825f4a9a7392faade62633b3fd6c1426f8eb1bddd17efdba
minecraft:clock	["minecraft:attack_animation","minecraft:attribute_modifiers","minecraft:break_sound","minecraft:enchantments","minecraft:interact_animation","minecraft:item_model","minecraft:item_name","minecraft:lore","minecraft:max_stack_size","minecraft:rarity","minecraft:repair_cost","minecraft:tooltip_display","minecraft:use_effects"]	20b62eb55a3114e7c38c29e8a4912df94c80a2d0177d71b3d30623ab65df9bb3
minecraft:closed_eyeblossom	["minecraft:attack_animation","minecraft:attribute_modifiers","minecraft:break_sound","minecraft:compostable","minecraft:enchantments","minecraft:interact_animation","minecraft:item_model","minecraft:item_name","minecraft:lore","minecraft:max_stack_size","minecraft:rarity","minecraft:repair_cost","minecraft:tooltip_display","minecraft:use_effects"]	a36f29c8827a36e23f87bf1d22ff8551f3e22d886a6bc32c469c7f19e070a05d
minecraft:coal	["minecraft:attack_animation","minecraft:attribute_modifiers","minecraft:break_sound","minecraft:cooking_fuel","minecraft:enchantments","minecraft:interact_animation","minecraft:item_model","minecraft:item_name","minecraft:lore","minecraft:max_stack_size","minecraft:rarity","minecraft:repair_cost","minecraft:tooltip_display","minecraft:use_effects"]	7f1a3339bd6541bc4cbc75ba1d2f9be2555d7589e820744e443f989e1e7d5486
minecraft:coal_block	["minecraft:attack_animation","minecraft:attribute_modifiers","minecraft:break_sound","minecraft:cooking_fuel","minecraft:enchantments","minecraft:interact_animation","minecraft:item_model","minecraft:item_name","minecraft:lore","minecraft:max_stack_size","minecraft:rarity","minecraft:repair_cost","minecraft:tooltip_display","minecraft:use_effects"]	a01d6bbff729dd7b94f9f9a61c89607430ab1a09af7287acc4d33991ff7a5766
minecraft:coal_ore	["minecraft:attack_animation","minecraft:attribute_modifiers","minecraft:break_sound","minecraft:enchantments","minecraft:interact_animation","minecraft:item_model","minecraft:item_name","minecraft:lore","minecraft:max_stack_size","minecraft:rarity","minecraft:repair_cost","minecraft:tooltip_display","minecraft:use_effects"]	db6e43372c716ef9545025c79de60eeb65616e3f717db691bf58dd77c421861d
minecraft:coarse_dirt	["minecraft:attack_animation","minecraft:attribute_modifiers","minecraft:break_sound","minecraft:enchantments","minecraft:interact_animation","minecraft:item_model","minecraft:item_name","minecraft:lore","minecraft:max_stack_size","minecraft:rarity","minecraft:repair_cost","minecraft:tooltip_display","minecraft:use_effects"]	b01394f8d36a092dfdaa5e3030a1ea068e6f856ee7f00ed233ddeee2ba9c1aa3
minecraft:coast_armor_trim_smithing_template	["minecraft:attack_animation","minecraft:attribute_modifiers","minecraft:break_sound","minecraft:enchantments","minecraft:interact_animation","minecraft:item_model","minecraft:item_name","minecraft:lore","minecraft:max_stack_size","minecraft:rarity","minecraft:repair_cost","minecraft:tooltip_display","minecraft:use_effects"]	02d99773a20ef471b926d08a8552dfc523810c177ea5ffd4caf597135bddb6a7
minecraft:cobbled_deepslate	["minecraft:attack_animation","minecraft:attribute_modifiers","minecraft:break_sound","minecraft:enchantments","minecraft:interact_animation","minecraft:item_model","minecraft:item_name","minecraft:lore","minecraft:max_stack_size","minecraft:rarity","minecraft:repair_cost","minecraft:tooltip_display","minecraft:use_effects"]	538c222e710b21ff05e7e16a9d7664a5ff407ab94a0b8601e48d795491b1dc51
minecraft:cobbled_deepslate_slab	["minecraft:attack_animation","minecraft:attribute_modifiers","minecraft:break_sound","minecraft:enchantments","minecraft:interact_animation","minecraft:item_model","minecraft:item_name","minecraft:lore","minecraft:max_stack_size","minecraft:rarity","minecraft:repair_cost","minecraft:tooltip_display","minecraft:use_effects"]	f87495518a6178d582ce64987030d5d31620376fa223461aa9d0842b196aa1a3
minecraft:cobbled_deepslate_stairs	["minecraft:attack_animation","minecraft:attribute_modifiers","minecraft:break_sound","minecraft:enchantments","minecraft:interact_animation","minecraft:item_model","minecraft:item_name","minecraft:lore","minecraft:max_stack_size","minecraft:rarity","minecraft:repair_cost","minecraft:tooltip_display","minecraft:use_effects"]	d23afaf24a26047c96adb4bded0e328baf470514f793ff260cae567734c92190
minecraft:cobbled_deepslate_wall	["minecraft:attack_animation","minecraft:attribute_modifiers","minecraft:break_sound","minecraft:enchantments","minecraft:interact_animation","minecraft:item_model","minecraft:item_name","minecraft:lore","minecraft:max_stack_size","minecraft:rarity","minecraft:repair_cost","minecraft:tooltip_display","minecraft:use_effects"]	e380eb8391633d8287e8c76f3b4c3a16c4a0c3c83f41a1c91dbd093d0ddc6d9d
minecraft:cobblestone	["minecraft:attack_animation","minecraft:attribute_modifiers","minecraft:break_sound","minecraft:enchantments","minecraft:interact_animation","minecraft:item_model","minecraft:item_name","minecraft:lore","minecraft:max_stack_size","minecraft:rarity","minecraft:repair_cost","minecraft:tooltip_display","minecraft:use_effects"]	ddec86b39da8bf0174dd5ecfba8b81d8c99a4225ae8e734391ce8fa3f3919c89
minecraft:cobblestone_slab	["minecraft:attack_animation","minecraft:attribute_modifiers","minecraft:break_sound","minecraft:enchantments","minecraft:interact_animation","minecraft:item_model","minecraft:item_name","minecraft:lore","minecraft:max_stack_size","minecraft:rarity","minecraft:repair_cost","minecraft:tooltip_display","minecraft:use_effects"]	23f2b415e162a4f7bc6d356f76935026b6e0966afe37676e12b5c8ba788563e7
minecraft:cobblestone_stairs	["minecraft:attack_animation","minecraft:attribute_modifiers","minecraft:break_sound","minecraft:enchantments","minecraft:interact_animation","minecraft:item_model","minecraft:item_name","minecraft:lore","minecraft:max_stack_size","minecraft:rarity","minecraft:repair_cost","minecraft:tooltip_display","minecraft:use_effects"]	aa4aa30b6125096d69c4147291994c305ca3fab55bd8fa047d61d66b3e40141b
minecraft:cobblestone_wall	["minecraft:attack_animation","minecraft:attribute_modifiers","minecraft:break_sound","minecraft:enchantments","minecraft:interact_animation","minecraft:item_model","minecraft:item_name","minecraft:lore","minecraft:max_stack_size","minecraft:rarity","minecraft:repair_cost","minecraft:tooltip_display","minecraft:use_effects"]	190a36e782b8a56db1184568960444d3b5212e72d1e0fc26784d57c498dfea55
minecraft:cobweb	["minecraft:attack_animation","minecraft:attribute_modifiers","minecraft:break_sound","minecraft:enchantments","minecraft:interact_animation","minecraft:item_model","minecraft:item_name","minecraft:lore","minecraft:max_stack_size","minecraft:rarity","minecraft:repair_cost","minecraft:tooltip_display","minecraft:use_effects"]	cccfd8a5e3f34bd26455a69774d3d604452302f7532b03c8b93fc8cbbfe27ebb
minecraft:cocoa_beans	["minecraft:attack_animation","minecraft:attribute_modifiers","minecraft:break_sound","minecraft:compostable","minecraft:enchantments","minecraft:interact_animation","minecraft:item_model","minecraft:item_name","minecraft:lore","minecraft:max_stack_size","minecraft:rarity","minecraft:repair_cost","minecraft:tooltip_display","minecraft:use_effects"]	5d33e6a0bb1a1b5132f421230b219bc2cf1261f6208895014fc00857d909697b
minecraft:cod	["minecraft:attack_animation","minecraft:attribute_modifiers","minecraft:break_sound","minecraft:consumable","minecraft:enchantments","minecraft:food","minecraft:interact_animation","minecraft:item_model","minecraft:item_name","minecraft:lore","minecraft:max_stack_size","minecraft:rarity","minecraft:repair_cost","minecraft:tooltip_display","minecraft:use_effects"]	2dde342d5c42f514ca3067863c9b5a1c7a5ddc0ee8e906e569e9cb19ebbf5c00
minecraft:cod_bucket	["minecraft:attack_animation","minecraft:attribute_modifiers","minecraft:break_sound","minecraft:bucket_entity_data","minecraft:enchantments","minecraft:food","minecraft:interact_animation","minecraft:item_model","minecraft:item_name","minecraft:lore","minecraft:max_stack_size","minecraft:rarity","minecraft:repair_cost","minecraft:tooltip_display","minecraft:use_effects"]	522ff4eeefa987d3fee642c0d643683430288f69582d16bb013f6cba7654c8c6
minecraft:cod_spawn_egg	["minecraft:attack_animation","minecraft:attribute_modifiers","minecraft:break_sound","minecraft:enchantments","minecraft:entity_data","minecraft:interact_animation","minecraft:item_model","minecraft:item_name","minecraft:lore","minecraft:max_stack_size","minecraft:rarity","minecraft:repair_cost","minecraft:tooltip_display","minecraft:use_effects"]	cfc64c220d3887acdfc0fba3347ce1ed44295f3bddc11730db9875d5f0f1df9e
minecraft:command_block	["minecraft:attack_animation","minecraft:attribute_modifiers","minecraft:break_sound","minecraft:enchantments","minecraft:interact_animation","minecraft:item_model","minecraft:item_name","minecraft:lore","minecraft:max_stack_size","minecraft:rarity","minecraft:repair_cost","minecraft:tooltip_display","minecraft:use_effects"]	892ce7455a8412130acb68aa99e8466ead112d74fa4a8c4a26374fe203048cb9
minecraft:command_block_minecart	["minecraft:attack_animation","minecraft:attribute_modifiers","minecraft:break_sound","minecraft:enchantments","minecraft:interact_animation","minecraft:item_model","minecraft:item_name","minecraft:lore","minecraft:max_stack_size","minecraft:rarity","minecraft:repair_cost","minecraft:tooltip_display","minecraft:use_effects"]	493fcab3cd73f1c8dde5f61a1809e93fc6bcb8f466bab1928c332ed48ebef0ed
minecraft:comparator	["minecraft:attack_animation","minecraft:attribute_modifiers","minecraft:break_sound","minecraft:enchantments","minecraft:interact_animation","minecraft:item_model","minecraft:item_name","minecraft:lore","minecraft:max_stack_size","minecraft:rarity","minecraft:repair_cost","minecraft:tooltip_display","minecraft:use_effects"]	8d7bfa7258593b3d21e04f039aa24b31ca7518590805da1b6a3167aa2c1b1df3
minecraft:compass	["minecraft:attack_animation","minecraft:attribute_modifiers","minecraft:break_sound","minecraft:enchantments","minecraft:interact_animation","minecraft:item_model","minecraft:item_name","minecraft:lore","minecraft:max_stack_size","minecraft:rarity","minecraft:repair_cost","minecraft:tooltip_display","minecraft:use_effects"]	eef92dc69c5c0eeb16418b06f2bc08d7f7f25d7945ef308ceb767274d2f9f833
minecraft:composter	["minecraft:attack_animation","minecraft:attribute_modifiers","minecraft:break_sound","minecraft:cooking_fuel","minecraft:enchantments","minecraft:interact_animation","minecraft:item_model","minecraft:item_name","minecraft:lore","minecraft:max_stack_size","minecraft:rarity","minecraft:repair_cost","minecraft:tooltip_display","minecraft:use_effects"]	f9346ca53d9445d3cc87479cb6cea5753e0d1a44cf8bbfbd91f6458e17d5dc41
minecraft:conduit	["minecraft:attack_animation","minecraft:attribute_modifiers","minecraft:break_sound","minecraft:enchantments","minecraft:interact_animation","minecraft:item_model","minecraft:item_name","minecraft:lore","minecraft:max_stack_size","minecraft:rarity","minecraft:repair_cost","minecraft:tooltip_display","minecraft:use_effects"]	4ab567503248e90f46cf93430a2c0604daf94bb5ebb4d5698ec39d9682f5a082
minecraft:cooked_beef	["minecraft:attack_animation","minecraft:attribute_modifiers","minecraft:break_sound","minecraft:consumable","minecraft:enchantments","minecraft:food","minecraft:interact_animation","minecraft:item_model","minecraft:item_name","minecraft:lore","minecraft:max_stack_size","minecraft:rarity","minecraft:repair_cost","minecraft:tooltip_display","minecraft:use_effects"]	f3d6edfd7c77ed952a2a81a9a05e914f51e0425e2ce747ac98e6ccba9c1e33b1
minecraft:cooked_chicken	["minecraft:attack_animation","minecraft:attribute_modifiers","minecraft:break_sound","minecraft:consumable","minecraft:enchantments","minecraft:food","minecraft:interact_animation","minecraft:item_model","minecraft:item_name","minecraft:lore","minecraft:max_stack_size","minecraft:rarity","minecraft:repair_cost","minecraft:tooltip_display","minecraft:use_effects"]	c312fd8e82b455bfa67fa2c46143f3ef89592c046ee08643b232c2d59ce2a39e
minecraft:cooked_cod	["minecraft:attack_animation","minecraft:attribute_modifiers","minecraft:break_sound","minecraft:consumable","minecraft:enchantments","minecraft:food","minecraft:interact_animation","minecraft:item_model","minecraft:item_name","minecraft:lore","minecraft:max_stack_size","minecraft:rarity","minecraft:repair_cost","minecraft:tooltip_display","minecraft:use_effects"]	b1c5099ce7f48765230ac4ca0ab57ff1dd3e8adc1fa8d1fbf2871a29c1d37dd8
minecraft:cooked_mutton	["minecraft:attack_animation","minecraft:attribute_modifiers","minecraft:break_sound","minecraft:consumable","minecraft:enchantments","minecraft:food","minecraft:interact_animation","minecraft:item_model","minecraft:item_name","minecraft:lore","minecraft:max_stack_size","minecraft:rarity","minecraft:repair_cost","minecraft:tooltip_display","minecraft:use_effects"]	3357258bece3df51dfa9de1125299bbe2ee19d36dd1f5a5f8e4a6e85807e7886
minecraft:cooked_porkchop	["minecraft:attack_animation","minecraft:attribute_modifiers","minecraft:break_sound","minecraft:consumable","minecraft:enchantments","minecraft:food","minecraft:interact_animation","minecraft:item_model","minecraft:item_name","minecraft:lore","minecraft:max_stack_size","minecraft:rarity","minecraft:repair_cost","minecraft:tooltip_display","minecraft:use_effects"]	d72e4b07246e49f46c7525c2875810c2b1c7122be9dd38d6228e6c4f418770ee
minecraft:cooked_rabbit	["minecraft:attack_animation","minecraft:attribute_modifiers","minecraft:break_sound","minecraft:consumable","minecraft:enchantments","minecraft:food","minecraft:interact_animation","minecraft:item_model","minecraft:item_name","minecraft:lore","minecraft:max_stack_size","minecraft:rarity","minecraft:repair_cost","minecraft:tooltip_display","minecraft:use_effects"]	ebabffb2151e39f63169099acb1705956a91a6753e4bf92048b4bbb3e1671fd6
minecraft:cooked_salmon	["minecraft:attack_animation","minecraft:attribute_modifiers","minecraft:break_sound","minecraft:consumable","minecraft:enchantments","minecraft:food","minecraft:interact_animation","minecraft:item_model","minecraft:item_name","minecraft:lore","minecraft:max_stack_size","minecraft:rarity","minecraft:repair_cost","minecraft:tooltip_display","minecraft:use_effects"]	2f24029e3bbacee0cdbbcef0f31ee51565205e2bd9f7ce30525fcf66592adf39
minecraft:cookie	["minecraft:attack_animation","minecraft:attribute_modifiers","minecraft:break_sound","minecraft:compostable","minecraft:consumable","minecraft:enchantments","minecraft:food","minecraft:interact_animation","minecraft:item_model","minecraft:item_name","minecraft:lore","minecraft:max_stack_size","minecraft:rarity","minecraft:repair_cost","minecraft:tooltip_display","minecraft:use_effects"]	6949aca12ddf228a63fa477b419f3a111fefc4d3357b626db0d873057006b4f0
minecraft:copper_axe	["minecraft:attack_animation","minecraft:attribute_modifiers","minecraft:block_transformer","minecraft:break_sound","minecraft:damage","minecraft:enchantable","minecraft:enchantments","minecraft:interact_animation","minecraft:item_model","minecraft:item_name","minecraft:lore","minecraft:max_damage","minecraft:max_stack_size","minecraft:rarity","minecraft:repair_cost","minecraft:repairable","minecraft:tool","minecraft:tooltip_display","minecraft:use_effects","minecraft:weapon"]	7fe97a17f4971785f279ebe1c2b845414747bb46dc86bb2e1668b3a2c1540a1a
minecraft:copper_bars	["minecraft:attack_animation","minecraft:attribute_modifiers","minecraft:break_sound","minecraft:enchantments","minecraft:interact_animation","minecraft:item_model","minecraft:item_name","minecraft:lore","minecraft:max_stack_size","minecraft:rarity","minecraft:repair_cost","minecraft:tooltip_display","minecraft:use_effects"]	a84f3a25628d2134166c99db81a843510049264b5229e0480f933962b63d0db0
minecraft:copper_block	["minecraft:attack_animation","minecraft:attribute_modifiers","minecraft:break_sound","minecraft:enchantments","minecraft:interact_animation","minecraft:item_model","minecraft:item_name","minecraft:lore","minecraft:max_stack_size","minecraft:rarity","minecraft:repair_cost","minecraft:tooltip_display","minecraft:use_effects"]	080b6258e38c5b3ffd73fd9639549bf1047efdd51c421c8df3bace26b783a7e5
minecraft:copper_boots	["minecraft:attack_animation","minecraft:attribute_modifiers","minecraft:break_sound","minecraft:damage","minecraft:enchantable","minecraft:enchantments","minecraft:equippable","minecraft:interact_animation","minecraft:item_model","minecraft:item_name","minecraft:lore","minecraft:max_damage","minecraft:max_stack_size","minecraft:rarity","minecraft:repair_cost","minecraft:repairable","minecraft:tooltip_display","minecraft:use_effects"]	45be1c2626d6588cc5e3277265df6e2c7e185fcc0c2f18be73d8c8c3b9f4394e
minecraft:copper_bulb	["minecraft:attack_animation","minecraft:attribute_modifiers","minecraft:break_sound","minecraft:enchantments","minecraft:interact_animation","minecraft:item_model","minecraft:item_name","minecraft:lore","minecraft:max_stack_size","minecraft:rarity","minecraft:repair_cost","minecraft:tooltip_display","minecraft:use_effects"]	9c63a3a90369ae85c5cbf7e6615d8710457374b1871e5739dcfe0c84a23da55c
minecraft:copper_chain	["minecraft:attack_animation","minecraft:attribute_modifiers","minecraft:break_sound","minecraft:enchantments","minecraft:interact_animation","minecraft:item_model","minecraft:item_name","minecraft:lore","minecraft:max_stack_size","minecraft:rarity","minecraft:repair_cost","minecraft:tooltip_display","minecraft:use_effects"]	a6f63b77c9d60441e059d639f8c236e0651ef06e7d780d1da903e1b2282d1327
minecraft:copper_chest	["minecraft:attack_animation","minecraft:attribute_modifiers","minecraft:break_sound","minecraft:enchantments","minecraft:interact_animation","minecraft:item_model","minecraft:item_name","minecraft:lore","minecraft:max_stack_size","minecraft:rarity","minecraft:repair_cost","minecraft:tooltip_display","minecraft:use_effects"]	fc07f2f69d00116dfaf3814304c14fa3fcb3b2dea1454382a3e0d35d45cc40fb
minecraft:copper_chestplate	["minecraft:attack_animation","minecraft:attribute_modifiers","minecraft:break_sound","minecraft:damage","minecraft:enchantable","minecraft:enchantments","minecraft:equippable","minecraft:interact_animation","minecraft:item_model","minecraft:item_name","minecraft:lore","minecraft:max_damage","minecraft:max_stack_size","minecraft:rarity","minecraft:repair_cost","minecraft:repairable","minecraft:tooltip_display","minecraft:use_effects"]	07dbf3897abee5a4503b426424f8ab9d5cb0216e0f5e2636d53b397de335b0ec
minecraft:copper_door	["minecraft:attack_animation","minecraft:attribute_modifiers","minecraft:break_sound","minecraft:enchantments","minecraft:interact_animation","minecraft:item_model","minecraft:item_name","minecraft:lore","minecraft:max_stack_size","minecraft:rarity","minecraft:repair_cost","minecraft:tooltip_display","minecraft:use_effects"]	d971ea4edaace0fbe692fc1ab99c7a337c801a24698ec679942a22895b34150b
minecraft:copper_golem_spawn_egg	["minecraft:attack_animation","minecraft:attribute_modifiers","minecraft:break_sound","minecraft:enchantments","minecraft:entity_data","minecraft:interact_animation","minecraft:item_model","minecraft:item_name","minecraft:lore","minecraft:max_stack_size","minecraft:rarity","minecraft:repair_cost","minecraft:tooltip_display","minecraft:use_effects"]	313556f54b9bed779731ec3e637048f244c49e5d9b22a353302b9a8f3e83ffef
minecraft:copper_golem_statue	["minecraft:attack_animation","minecraft:attribute_modifiers","minecraft:block_state","minecraft:break_sound","minecraft:enchantments","minecraft:interact_animation","minecraft:item_model","minecraft:item_name","minecraft:lore","minecraft:max_stack_size","minecraft:rarity","minecraft:repair_cost","minecraft:tooltip_display","minecraft:use_effects"]	b1be3d1786aaa7ef4851603d60abd7ce6bc6b6a4bb04cb2ccce443b9d528b48e
minecraft:copper_grate	["minecraft:attack_animation","minecraft:attribute_modifiers","minecraft:break_sound","minecraft:enchantments","minecraft:interact_animation","minecraft:item_model","minecraft:item_name","minecraft:lore","minecraft:max_stack_size","minecraft:rarity","minecraft:repair_cost","minecraft:tooltip_display","minecraft:use_effects"]	6c7a7de6ebc4caf3412ac089d57520ed243ed915bbacea463faafedc2d1537ae
minecraft:copper_helmet	["minecraft:attack_animation","minecraft:attribute_modifiers","minecraft:break_sound","minecraft:damage","minecraft:enchantable","minecraft:enchantments","minecraft:equippable","minecraft:interact_animation","minecraft:item_model","minecraft:item_name","minecraft:lore","minecraft:max_damage","minecraft:max_stack_size","minecraft:rarity","minecraft:repair_cost","minecraft:repairable","minecraft:tooltip_display","minecraft:use_effects"]	aa83183d05bdc0576b1e2e1dba4e60aab42dfdf7d69fb819e8788aac2249a9ba
minecraft:copper_hoe	["minecraft:attack_animation","minecraft:attribute_modifiers","minecraft:block_transformer","minecraft:break_sound","minecraft:damage","minecraft:enchantable","minecraft:enchantments","minecraft:interact_animation","minecraft:item_model","minecraft:item_name","minecraft:lore","minecraft:max_damage","minecraft:max_stack_size","minecraft:rarity","minecraft:repair_cost","minecraft:repairable","minecraft:tool","minecraft:tooltip_display","minecraft:use_effects","minecraft:weapon"]	c5aeea2195f44dcc32533f13d950d7f9774761d38769fbd46c453c9b5a5f24bc
minecraft:copper_horse_armor	["minecraft:attack_animation","minecraft:attribute_modifiers","minecraft:break_sound","minecraft:enchantments","minecraft:equippable","minecraft:interact_animation","minecraft:item_model","minecraft:item_name","minecraft:lore","minecraft:max_stack_size","minecraft:rarity","minecraft:repair_cost","minecraft:tooltip_display","minecraft:use_effects"]	a46299211618d471f7d3106612da2bd231baa7263e257c434cdbab60af7ca106
minecraft:copper_ingot	["minecraft:attack_animation","minecraft:attribute_modifiers","minecraft:break_sound","minecraft:enchantments","minecraft:interact_animation","minecraft:item_model","minecraft:item_name","minecraft:lore","minecraft:max_stack_size","minecraft:provides_trim_material","minecraft:rarity","minecraft:repair_cost","minecraft:tooltip_display","minecraft:use_effects"]	020fe1ea83877dca5cccfdd425a3e046fd28f4051e70f37f3cb260ce74d3dbd1
minecraft:copper_lantern	["minecraft:attack_animation","minecraft:attribute_modifiers","minecraft:break_sound","minecraft:enchantments","minecraft:interact_animation","minecraft:item_model","minecraft:item_name","minecraft:lore","minecraft:max_stack_size","minecraft:rarity","minecraft:repair_cost","minecraft:tooltip_display","minecraft:use_effects"]	7191c781ea59df4d5795f26b4d6abe35db0ac7c37e96d235128f31e3dc33853b
minecraft:copper_leggings	["minecraft:attack_animation","minecraft:attribute_modifiers","minecraft:break_sound","minecraft:damage","minecraft:enchantable","minecraft:enchantments","minecraft:equippable","minecraft:interact_animation","minecraft:item_model","minecraft:item_name","minecraft:lore","minecraft:max_damage","minecraft:max_stack_size","minecraft:rarity","minecraft:repair_cost","minecraft:repairable","minecraft:tooltip_display","minecraft:use_effects"]	d290b056a044c48093a09e410f1a76e8568cf31c80b553e3161b486574248915
minecraft:copper_nautilus_armor	["minecraft:attack_animation","minecraft:attribute_modifiers","minecraft:break_sound","minecraft:enchantments","minecraft:equippable","minecraft:interact_animation","minecraft:item_model","minecraft:item_name","minecraft:lore","minecraft:max_stack_size","minecraft:rarity","minecraft:repair_cost","minecraft:tooltip_display","minecraft:use_effects"]	4021ae10061c4418a802852e2bff46170d339632e480cfeb95e4917f941af405
minecraft:copper_nugget	["minecraft:attack_animation","minecraft:attribute_modifiers","minecraft:break_sound","minecraft:enchantments","minecraft:interact_animation","minecraft:item_model","minecraft:item_name","minecraft:lore","minecraft:max_stack_size","minecraft:rarity","minecraft:repair_cost","minecraft:tooltip_display","minecraft:use_effects"]	f5f27816c766d684c1d513f2d618b2fad70654946ce0188f6992a3a1dfe89d1f
minecraft:copper_ore	["minecraft:attack_animation","minecraft:attribute_modifiers","minecraft:break_sound","minecraft:enchantments","minecraft:interact_animation","minecraft:item_model","minecraft:item_name","minecraft:lore","minecraft:max_stack_size","minecraft:rarity","minecraft:repair_cost","minecraft:tooltip_display","minecraft:use_effects"]	8b09b220dd0dc114ec9407c147d1920c1749dc9df79e6265ec2536da3c97f2fe
minecraft:copper_pickaxe	["minecraft:attack_animation","minecraft:attribute_modifiers","minecraft:break_sound","minecraft:damage","minecraft:enchantable","minecraft:enchantments","minecraft:interact_animation","minecraft:item_model","minecraft:item_name","minecraft:lore","minecraft:max_damage","minecraft:max_stack_size","minecraft:rarity","minecraft:repair_cost","minecraft:repairable","minecraft:tool","minecraft:tooltip_display","minecraft:use_effects","minecraft:weapon"]	53ec6f1e798abc035f9f17c3d8165f25364523a13443d607529ee294b6db80a5
minecraft:copper_shovel	["minecraft:attack_animation","minecraft:attribute_modifiers","minecraft:block_transformer","minecraft:break_sound","minecraft:damage","minecraft:enchantable","minecraft:enchantments","minecraft:interact_animation","minecraft:item_model","minecraft:item_name","minecraft:lore","minecraft:max_damage","minecraft:max_stack_size","minecraft:rarity","minecraft:repair_cost","minecraft:repairable","minecraft:tool","minecraft:tooltip_display","minecraft:use_effects","minecraft:weapon"]	2703f79d34c737a63daff192b2a05dddc196dacfb78eb624747539c55a23a413
minecraft:copper_spear	["minecraft:attack_animation","minecraft:attack_range","minecraft:attribute_modifiers","minecraft:break_sound","minecraft:damage","minecraft:damage_type","minecraft:enchantable","minecraft:enchantments","minecraft:interact_animation","minecraft:item_model","minecraft:item_name","minecraft:kinetic_weapon","minecraft:lore","minecraft:max_damage","minecraft:max_stack_size","minecraft:minimum_attack_charge","minecraft:piercing_weapon","minecraft:rarity","minecraft:repair_cost","minecraft:repairable","minecraft:tooltip_display","minecraft:use_effects","minecraft:weapon"]	6cfc99126b026e8e78b63748cb80e8f55c1ee4601be692ce641944da147ca1dd
minecraft:copper_sword	["minecraft:attack_animation","minecraft:attribute_modifiers","minecraft:break_sound","minecraft:damage","minecraft:enchantable","minecraft:enchantments","minecraft:interact_animation","minecraft:item_model","minecraft:item_name","minecraft:lore","minecraft:max_damage","minecraft:max_stack_size","minecraft:rarity","minecraft:repair_cost","minecraft:repairable","minecraft:tool","minecraft:tooltip_display","minecraft:use_effects","minecraft:weapon"]	5881472c6a972350e907239db31f2356590bfbf165fd5c27a07f2acf0b2ee160
minecraft:copper_torch	["minecraft:attack_animation","minecraft:attribute_modifiers","minecraft:break_sound","minecraft:enchantments","minecraft:interact_animation","minecraft:item_model","minecraft:item_name","minecraft:lore","minecraft:max_stack_size","minecraft:rarity","minecraft:repair_cost","minecraft:tooltip_display","minecraft:use_effects"]	7e7eb10f0141eba03c36b056886de15509db952d8f08eddaf2268368d354585a
minecraft:copper_trapdoor	["minecraft:attack_animation","minecraft:attribute_modifiers","minecraft:break_sound","minecraft:enchantments","minecraft:interact_animation","minecraft:item_model","minecraft:item_name","minecraft:lore","minecraft:max_stack_size","minecraft:rarity","minecraft:repair_cost","minecraft:tooltip_display","minecraft:use_effects"]	ea7b4ec05ab2cc58b510fff43b8b100d57d0c80a7b5cbd900fd868f9881f0ea8
minecraft:cornflower	["minecraft:attack_animation","minecraft:attribute_modifiers","minecraft:break_sound","minecraft:compostable","minecraft:enchantments","minecraft:interact_animation","minecraft:item_model","minecraft:item_name","minecraft:lore","minecraft:max_stack_size","minecraft:rarity","minecraft:repair_cost","minecraft:tooltip_display","minecraft:use_effects"]	ecc31f29456a481b201eb5e1ae3a500ea5dd064336ef9024c574b36a7f0303bf
minecraft:cow_spawn_egg	["minecraft:attack_animation","minecraft:attribute_modifiers","minecraft:break_sound","minecraft:enchantments","minecraft:entity_data","minecraft:interact_animation","minecraft:item_model","minecraft:item_name","minecraft:lore","minecraft:max_stack_size","minecraft:rarity","minecraft:repair_cost","minecraft:tooltip_display","minecraft:use_effects"]	a9802afea18f3451b6e96028e18963c15769cb841235dd46f7943529e1f7f1de
minecraft:cracked_deepslate_bricks	["minecraft:attack_animation","minecraft:attribute_modifiers","minecraft:break_sound","minecraft:enchantments","minecraft:interact_animation","minecraft:item_model","minecraft:item_name","minecraft:lore","minecraft:max_stack_size","minecraft:rarity","minecraft:repair_cost","minecraft:tooltip_display","minecraft:use_effects"]	94a8b5eab606be78041d9a2418af7cfbb840cd39e95702229eb4fe390669dfc6
minecraft:cracked_deepslate_tiles	["minecraft:attack_animation","minecraft:attribute_modifiers","minecraft:break_sound","minecraft:enchantments","minecraft:interact_animation","minecraft:item_model","minecraft:item_name","minecraft:lore","minecraft:max_stack_size","minecraft:rarity","minecraft:repair_cost","minecraft:tooltip_display","minecraft:use_effects"]	56f54f9a618d08cc60399cfda84e805d41e1ffe676c5bc9ad956478d44314f43
minecraft:cracked_nether_bricks	["minecraft:attack_animation","minecraft:attribute_modifiers","minecraft:break_sound","minecraft:enchantments","minecraft:interact_animation","minecraft:item_model","minecraft:item_name","minecraft:lore","minecraft:max_stack_size","minecraft:rarity","minecraft:repair_cost","minecraft:tooltip_display","minecraft:use_effects"]	bf5a08384bdab970f2b1d01252c58b413b9fb4f6bafc85b71051c239a1a7e3c8
minecraft:cracked_polished_blackstone_bricks	["minecraft:attack_animation","minecraft:attribute_modifiers","minecraft:break_sound","minecraft:enchantments","minecraft:interact_animation","minecraft:item_model","minecraft:item_name","minecraft:lore","minecraft:max_stack_size","minecraft:rarity","minecraft:repair_cost","minecraft:tooltip_display","minecraft:use_effects"]	53d1743f4a4a6943563cbc88554b18204d51e17beef13a3a9eaeae885fb0f5d4
minecraft:cracked_stone_bricks	["minecraft:attack_animation","minecraft:attribute_modifiers","minecraft:break_sound","minecraft:enchantments","minecraft:interact_animation","minecraft:item_model","minecraft:item_name","minecraft:lore","minecraft:max_stack_size","minecraft:rarity","minecraft:repair_cost","minecraft:tooltip_display","minecraft:use_effects"]	02a76d49420126388bfb302c34c675fc90ab716ebbe41491ea18a09ce16d6023
minecraft:crafter	["minecraft:attack_animation","minecraft:attribute_modifiers","minecraft:break_sound","minecraft:container","minecraft:enchantments","minecraft:interact_animation","minecraft:item_model","minecraft:item_name","minecraft:lore","minecraft:max_stack_size","minecraft:rarity","minecraft:repair_cost","minecraft:tooltip_display","minecraft:use_effects"]	38b33e7efe700541af28187c5b6b68eb3c57bcd09177faae60c1f45031257b33
minecraft:crafting_table	["minecraft:attack_animation","minecraft:attribute_modifiers","minecraft:break_sound","minecraft:cooking_fuel","minecraft:enchantments","minecraft:interact_animation","minecraft:item_model","minecraft:item_name","minecraft:lore","minecraft:max_stack_size","minecraft:rarity","minecraft:repair_cost","minecraft:tooltip_display","minecraft:use_effects"]	7a762cf11483a99e6c8be01ffdbcca17bfa391af779244e30ec144c61de3fd5f
minecraft:creaking_heart	["minecraft:attack_animation","minecraft:attribute_modifiers","minecraft:break_sound","minecraft:enchantments","minecraft:interact_animation","minecraft:item_model","minecraft:item_name","minecraft:lore","minecraft:max_stack_size","minecraft:rarity","minecraft:repair_cost","minecraft:tooltip_display","minecraft:use_effects"]	5e4f7fd25bc3ae13f89aee2cdaf4404ca8a938375bbeffe94ad7c1c6780d491a
minecraft:creaking_spawn_egg	["minecraft:attack_animation","minecraft:attribute_modifiers","minecraft:break_sound","minecraft:enchantments","minecraft:entity_data","minecraft:interact_animation","minecraft:item_model","minecraft:item_name","minecraft:lore","minecraft:max_stack_size","minecraft:rarity","minecraft:repair_cost","minecraft:tooltip_display","minecraft:use_effects"]	c155b581d127bbf5f471fad9baff11dc50aaa5648aa6610c3815829749b5aee4
minecraft:creeper_banner_pattern	["minecraft:attack_animation","minecraft:attribute_modifiers","minecraft:break_sound","minecraft:enchantments","minecraft:interact_animation","minecraft:item_model","minecraft:item_name","minecraft:lore","minecraft:max_stack_size","minecraft:provides_banner_patterns","minecraft:rarity","minecraft:repair_cost","minecraft:tooltip_display","minecraft:use_effects"]	40ad51c38de3f5f1ad120f5c51ebf0aad6e7df872541fec63589387cf5fd1d84
minecraft:creeper_head	["minecraft:attack_animation","minecraft:attribute_modifiers","minecraft:break_sound","minecraft:enchantments","minecraft:equippable","minecraft:interact_animation","minecraft:item_model","minecraft:item_name","minecraft:lore","minecraft:max_stack_size","minecraft:mob_visibility","minecraft:rarity","minecraft:repair_cost","minecraft:tooltip_display","minecraft:use_effects"]	029dc0a3c12483ac3373cb60db6d54ccc2bfcae40fca32248192abee87d10080
minecraft:creeper_spawn_egg	["minecraft:attack_animation","minecraft:attribute_modifiers","minecraft:break_sound","minecraft:enchantments","minecraft:entity_data","minecraft:interact_animation","minecraft:item_model","minecraft:item_name","minecraft:lore","minecraft:max_stack_size","minecraft:rarity","minecraft:repair_cost","minecraft:tooltip_display","minecraft:use_effects"]	1ed489465e2ffc4cdf48ff1f3e9f3d1123b89a938dec4fa71afdfd078d688dc4
minecraft:crimson_button	["minecraft:attack_animation","minecraft:attribute_modifiers","minecraft:break_sound","minecraft:enchantments","minecraft:interact_animation","minecraft:item_model","minecraft:item_name","minecraft:lore","minecraft:max_stack_size","minecraft:rarity","minecraft:repair_cost","minecraft:tooltip_display","minecraft:use_effects"]	964c05cedb37c84dc79ee1a429a5144dfcb405ebc1a44e5b07fe70bc17a4083b
minecraft:crimson_door	["minecraft:attack_animation","minecraft:attribute_modifiers","minecraft:break_sound","minecraft:enchantments","minecraft:interact_animation","minecraft:item_model","minecraft:item_name","minecraft:lore","minecraft:max_stack_size","minecraft:rarity","minecraft:repair_cost","minecraft:tooltip_display","minecraft:use_effects"]	4bf52bdfbbb223312fb4f24077b39efb7a5c92022e9eb1aa60e71a5f2ac83263
minecraft:crimson_fence	["minecraft:attack_animation","minecraft:attribute_modifiers","minecraft:break_sound","minecraft:enchantments","minecraft:interact_animation","minecraft:item_model","minecraft:item_name","minecraft:lore","minecraft:max_stack_size","minecraft:rarity","minecraft:repair_cost","minecraft:tooltip_display","minecraft:use_effects"]	1a2aef79753cb97e4c52cfbf285432efd5599ff0cbf499c7b3b34a72c27a0317
minecraft:crimson_fence_gate	["minecraft:attack_animation","minecraft:attribute_modifiers","minecraft:break_sound","minecraft:enchantments","minecraft:interact_animation","minecraft:item_model","minecraft:item_name","minecraft:lore","minecraft:max_stack_size","minecraft:rarity","minecraft:repair_cost","minecraft:tooltip_display","minecraft:use_effects"]	368959b3935bc8e15773634baa6c9947ca9542e0249f164cd0c20c2fd1e91f60
minecraft:crimson_fungus	["minecraft:attack_animation","minecraft:attribute_modifiers","minecraft:break_sound","minecraft:compostable","minecraft:enchantments","minecraft:interact_animation","minecraft:item_model","minecraft:item_name","minecraft:lore","minecraft:max_stack_size","minecraft:rarity","minecraft:repair_cost","minecraft:tooltip_display","minecraft:use_effects"]	7e73846f4caf500b374738e74298d6f685267536d2e17cacc6f0682d85eb7715
minecraft:crimson_hanging_sign	["minecraft:attack_animation","minecraft:attribute_modifiers","minecraft:break_sound","minecraft:enchantments","minecraft:interact_animation","minecraft:item_model","minecraft:item_name","minecraft:lore","minecraft:max_stack_size","minecraft:rarity","minecraft:repair_cost","minecraft:sign_text_back","minecraft:sign_text_front","minecraft:tooltip_display","minecraft:use_effects"]	ee590f4913a9755eb0ab0c92ecde3ff9fb093524fd342650b9404fe569814def
minecraft:crimson_hyphae	["minecraft:attack_animation","minecraft:attribute_modifiers","minecraft:break_sound","minecraft:enchantments","minecraft:interact_animation","minecraft:item_model","minecraft:item_name","minecraft:lore","minecraft:max_stack_size","minecraft:rarity","minecraft:repair_cost","minecraft:tooltip_display","minecraft:use_effects"]	03d2e8b5b9a40691270c05f8c4eeef8e838dc6093593f50c3521b4c24433ed92
minecraft:crimson_nylium	["minecraft:attack_animation","minecraft:attribute_modifiers","minecraft:break_sound","minecraft:enchantments","minecraft:interact_animation","minecraft:item_model","minecraft:item_name","minecraft:lore","minecraft:max_stack_size","minecraft:rarity","minecraft:repair_cost","minecraft:tooltip_display","minecraft:use_effects"]	801250956af677c9b280fd8a1257e4e3aea08a86d96bdf2129c1f8f7ebf79f22
minecraft:crimson_planks	["minecraft:attack_animation","minecraft:attribute_modifiers","minecraft:break_sound","minecraft:enchantments","minecraft:interact_animation","minecraft:item_model","minecraft:item_name","minecraft:lore","minecraft:max_stack_size","minecraft:rarity","minecraft:repair_cost","minecraft:tooltip_display","minecraft:use_effects"]	eb50f6e9049deb272f8d6679a67a6841f838d836b5788f87d22aad2d9d6d4352
minecraft:crimson_pressure_plate	["minecraft:attack_animation","minecraft:attribute_modifiers","minecraft:break_sound","minecraft:enchantments","minecraft:interact_animation","minecraft:item_model","minecraft:item_name","minecraft:lore","minecraft:max_stack_size","minecraft:rarity","minecraft:repair_cost","minecraft:tooltip_display","minecraft:use_effects"]	f6126f06355e91de4799fa6510727a682ff017ed227233aa75b9b0da515d9b35
minecraft:crimson_roots	["minecraft:attack_animation","minecraft:attribute_modifiers","minecraft:break_sound","minecraft:compostable","minecraft:enchantments","minecraft:interact_animation","minecraft:item_model","minecraft:item_name","minecraft:lore","minecraft:max_stack_size","minecraft:rarity","minecraft:repair_cost","minecraft:tooltip_display","minecraft:use_effects"]	2b8408a87b62c5b3f5e7a42e3be7d1e0bb3fac29d01d3deb1103f80da8190eb7
minecraft:crimson_shelf	["minecraft:attack_animation","minecraft:attribute_modifiers","minecraft:break_sound","minecraft:container","minecraft:enchantments","minecraft:interact_animation","minecraft:item_model","minecraft:item_name","minecraft:lore","minecraft:max_stack_size","minecraft:rarity","minecraft:repair_cost","minecraft:tooltip_display","minecraft:use_effects"]	26c0968352893839da40b704fa0c2d085faa4cd17dd66ea8023a09ba01ef04bf
minecraft:crimson_sign	["minecraft:attack_animation","minecraft:attribute_modifiers","minecraft:break_sound","minecraft:enchantments","minecraft:interact_animation","minecraft:item_model","minecraft:item_name","minecraft:lore","minecraft:max_stack_size","minecraft:rarity","minecraft:repair_cost","minecraft:sign_text_back","minecraft:sign_text_front","minecraft:tooltip_display","minecraft:use_effects"]	60e4249800a37d9d7b9f3f55cf1c699c069fcf725b4960150706d140bd765bd8
minecraft:crimson_slab	["minecraft:attack_animation","minecraft:attribute_modifiers","minecraft:break_sound","minecraft:enchantments","minecraft:interact_animation","minecraft:item_model","minecraft:item_name","minecraft:lore","minecraft:max_stack_size","minecraft:rarity","minecraft:repair_cost","minecraft:tooltip_display","minecraft:use_effects"]	a6e907a2c7bc85fecaefca2a197256cec221a65b16bd1d3d897f5aa0a4050085
minecraft:crimson_stairs	["minecraft:attack_animation","minecraft:attribute_modifiers","minecraft:break_sound","minecraft:enchantments","minecraft:interact_animation","minecraft:item_model","minecraft:item_name","minecraft:lore","minecraft:max_stack_size","minecraft:rarity","minecraft:repair_cost","minecraft:tooltip_display","minecraft:use_effects"]	471e4fb30f4bdf608a21fd6b83bb13309bd0e47e80cae383c6ed4ed15680a11b
minecraft:crimson_stem	["minecraft:attack_animation","minecraft:attribute_modifiers","minecraft:break_sound","minecraft:enchantments","minecraft:interact_animation","minecraft:item_model","minecraft:item_name","minecraft:lore","minecraft:max_stack_size","minecraft:rarity","minecraft:repair_cost","minecraft:tooltip_display","minecraft:use_effects"]	30484da63588fdfda9ffe236ac3e8d0521c384cbe71f321ac0582073d0481c6f
minecraft:crimson_trapdoor	["minecraft:attack_animation","minecraft:attribute_modifiers","minecraft:break_sound","minecraft:enchantments","minecraft:interact_animation","minecraft:item_model","minecraft:item_name","minecraft:lore","minecraft:max_stack_size","minecraft:rarity","minecraft:repair_cost","minecraft:tooltip_display","minecraft:use_effects"]	81bcba994926a133b02b6ea7dc810f5a7b44b77b46bcc07dcfc3860fe92ba92e
minecraft:crossbow	["minecraft:attack_animation","minecraft:attribute_modifiers","minecraft:break_sound","minecraft:charged_projectiles","minecraft:cooking_fuel","minecraft:damage","minecraft:enchantable","minecraft:enchantments","minecraft:interact_animation","minecraft:item_model","minecraft:item_name","minecraft:lore","minecraft:max_damage","minecraft:max_stack_size","minecraft:rarity","minecraft:repair_cost","minecraft:tooltip_display","minecraft:use_effects"]	00a782c3f007fe84ca49a904d79fc01c0bfd09850c15f9b5eeb1025292847823
minecraft:crying_obsidian	["minecraft:attack_animation","minecraft:attribute_modifiers","minecraft:break_sound","minecraft:enchantments","minecraft:interact_animation","minecraft:item_model","minecraft:item_name","minecraft:lore","minecraft:max_stack_size","minecraft:rarity","minecraft:repair_cost","minecraft:tooltip_display","minecraft:use_effects"]	a6b2075e4f10a9558f45d4d6b3cc88087f95f3a45faa491a7470ab3e8b8b576d
minecraft:cut_copper	["minecraft:attack_animation","minecraft:attribute_modifiers","minecraft:break_sound","minecraft:enchantments","minecraft:interact_animation","minecraft:item_model","minecraft:item_name","minecraft:lore","minecraft:max_stack_size","minecraft:rarity","minecraft:repair_cost","minecraft:tooltip_display","minecraft:use_effects"]	7bfe43758463380890de989ecc1102ac3d66e7b0da4623433ec01dfb262c189e
minecraft:cut_copper_slab	["minecraft:attack_animation","minecraft:attribute_modifiers","minecraft:break_sound","minecraft:enchantments","minecraft:interact_animation","minecraft:item_model","minecraft:item_name","minecraft:lore","minecraft:max_stack_size","minecraft:rarity","minecraft:repair_cost","minecraft:tooltip_display","minecraft:use_effects"]	52a2c1622b1fe29aa2964d32231d16889c3e6374c8bd19edbc7b02288c5c292a
minecraft:cut_copper_stairs	["minecraft:attack_animation","minecraft:attribute_modifiers","minecraft:break_sound","minecraft:enchantments","minecraft:interact_animation","minecraft:item_model","minecraft:item_name","minecraft:lore","minecraft:max_stack_size","minecraft:rarity","minecraft:repair_cost","minecraft:tooltip_display","minecraft:use_effects"]	318ae0b4b0a117dce7c056ede844378885c3565866f34cc474c82aa3edcb2cad
minecraft:cut_red_sandstone	["minecraft:attack_animation","minecraft:attribute_modifiers","minecraft:break_sound","minecraft:enchantments","minecraft:interact_animation","minecraft:item_model","minecraft:item_name","minecraft:lore","minecraft:max_stack_size","minecraft:rarity","minecraft:repair_cost","minecraft:tooltip_display","minecraft:use_effects"]	09977162a86b10c5469f847adf861b1c476d114437b3704c1588b96e813e6823
minecraft:cut_red_sandstone_slab	["minecraft:attack_animation","minecraft:attribute_modifiers","minecraft:break_sound","minecraft:enchantments","minecraft:interact_animation","minecraft:item_model","minecraft:item_name","minecraft:lore","minecraft:max_stack_size","minecraft:rarity","minecraft:repair_cost","minecraft:tooltip_display","minecraft:use_effects"]	a742db20d5d01fafd06fa6d02dfa55b12e84bb8a5fa9e9c789cbf9ca4d64cc40
minecraft:cut_sandstone	["minecraft:attack_animation","minecraft:attribute_modifiers","minecraft:break_sound","minecraft:enchantments","minecraft:interact_animation","minecraft:item_model","minecraft:item_name","minecraft:lore","minecraft:max_stack_size","minecraft:rarity","minecraft:repair_cost","minecraft:tooltip_display","minecraft:use_effects"]	49815973a5277a4e17c9506f163534b3668d376b3b30df5e826151e7cb0033ac
minecraft:cut_sandstone_slab	["minecraft:attack_animation","minecraft:attribute_modifiers","minecraft:break_sound","minecraft:enchantments","minecraft:interact_animation","minecraft:item_model","minecraft:item_name","minecraft:lore","minecraft:max_stack_size","minecraft:rarity","minecraft:repair_cost","minecraft:tooltip_display","minecraft:use_effects"]	af11a187df508d29889f4ce4f66ed17e07209145d60d052396c872af1ff5af28
minecraft:cyan_banner	["minecraft:attack_animation","minecraft:attribute_modifiers","minecraft:banner_patterns","minecraft:break_sound","minecraft:cooking_fuel","minecraft:enchantments","minecraft:interact_animation","minecraft:item_model","minecraft:item_name","minecraft:lore","minecraft:max_stack_size","minecraft:rarity","minecraft:repair_cost","minecraft:tooltip_display","minecraft:use_effects"]	0fb10d282d34aff248fa99539eed8263d47d7765a8ff2ac55f3f643a4981c4b1
minecraft:cyan_bed	["minecraft:attack_animation","minecraft:attribute_modifiers","minecraft:break_sound","minecraft:enchantments","minecraft:interact_animation","minecraft:item_model","minecraft:item_name","minecraft:lore","minecraft:max_stack_size","minecraft:rarity","minecraft:repair_cost","minecraft:tooltip_display","minecraft:use_effects"]	cb2667c1f17fd9dca53edb8ca79dba9490df7f796558ba3e751f2b13ae906f35
minecraft:cyan_bundle	["minecraft:attack_animation","minecraft:attribute_modifiers","minecraft:break_sound","minecraft:bundle_contents","minecraft:enchantments","minecraft:interact_animation","minecraft:item_model","minecraft:item_name","minecraft:lore","minecraft:max_stack_size","minecraft:rarity","minecraft:repair_cost","minecraft:tooltip_display","minecraft:use_effects"]	ac5bdf4f80f0b26d86283bb17da61cf01a11f7123f7d802e969513a6255b3e30
minecraft:cyan_candle	["minecraft:attack_animation","minecraft:attribute_modifiers","minecraft:break_sound","minecraft:enchantments","minecraft:interact_animation","minecraft:item_model","minecraft:item_name","minecraft:lore","minecraft:max_stack_size","minecraft:rarity","minecraft:repair_cost","minecraft:tooltip_display","minecraft:use_effects"]	d3481c95d08b2b4daed3ee8fc37924bb4c3e5bcea716807e6b7134581445df67
minecraft:cyan_carpet	["minecraft:attack_animation","minecraft:attribute_modifiers","minecraft:break_sound","minecraft:cooking_fuel","minecraft:enchantments","minecraft:equippable","minecraft:interact_animation","minecraft:item_model","minecraft:item_name","minecraft:lore","minecraft:max_stack_size","minecraft:rarity","minecraft:repair_cost","minecraft:tooltip_display","minecraft:use_effects"]	bab4b57abd2dc2162d61a8833edfbdac9015d5eaa3eeb03c79baebf7c33afe21
minecraft:cyan_concrete	["minecraft:attack_animation","minecraft:attribute_modifiers","minecraft:break_sound","minecraft:enchantments","minecraft:interact_animation","minecraft:item_model","minecraft:item_name","minecraft:lore","minecraft:max_stack_size","minecraft:rarity","minecraft:repair_cost","minecraft:tooltip_display","minecraft:use_effects"]	50925a7b8a8a031117a6d88707d828c1cd4c642105ecd19cfe85df44d7c04ba0
minecraft:cyan_concrete_powder	["minecraft:attack_animation","minecraft:attribute_modifiers","minecraft:break_sound","minecraft:enchantments","minecraft:interact_animation","minecraft:item_model","minecraft:item_name","minecraft:lore","minecraft:max_stack_size","minecraft:rarity","minecraft:repair_cost","minecraft:tooltip_display","minecraft:use_effects"]	8db86b2c145147e5d30599ef3d55f1b9b437036866f598e2800b2150aa1f4bdf
minecraft:cyan_concrete_slab	["minecraft:attack_animation","minecraft:attribute_modifiers","minecraft:break_sound","minecraft:enchantments","minecraft:interact_animation","minecraft:item_model","minecraft:item_name","minecraft:lore","minecraft:max_stack_size","minecraft:rarity","minecraft:repair_cost","minecraft:tooltip_display","minecraft:use_effects"]	21923a3879f3cf1fb7e6dc0fa6fa8cbc25492234baf40b5ebce6b888f41179bf
minecraft:cyan_concrete_stairs	["minecraft:attack_animation","minecraft:attribute_modifiers","minecraft:break_sound","minecraft:enchantments","minecraft:interact_animation","minecraft:item_model","minecraft:item_name","minecraft:lore","minecraft:max_stack_size","minecraft:rarity","minecraft:repair_cost","minecraft:tooltip_display","minecraft:use_effects"]	3f0324638405c51c3e1c8e1dc852fa06f6d129cdf8a838637c15ff418ff6b520
minecraft:cyan_cushion	["minecraft:attack_animation","minecraft:attribute_modifiers","minecraft:break_sound","minecraft:cooking_fuel","minecraft:cushion/color","minecraft:enchantments","minecraft:interact_animation","minecraft:item_model","minecraft:item_name","minecraft:lore","minecraft:max_stack_size","minecraft:rarity","minecraft:repair_cost","minecraft:tooltip_display","minecraft:use_effects"]	2cd6ccfb5c68afd4ece40a7a4c14cc4835d5f85fb285d009d3bc2f0e229cfefb
minecraft:cyan_dye	["minecraft:attack_animation","minecraft:attribute_modifiers","minecraft:break_sound","minecraft:dye","minecraft:enchantments","minecraft:interact_animation","minecraft:item_model","minecraft:item_name","minecraft:lore","minecraft:max_stack_size","minecraft:rarity","minecraft:repair_cost","minecraft:tooltip_display","minecraft:use_effects"]	6e973b75a6c566b6e56a73ed3158022ae8f3fb8ab192ce665de122d8ad204ede
minecraft:cyan_glazed_terracotta	["minecraft:attack_animation","minecraft:attribute_modifiers","minecraft:break_sound","minecraft:enchantments","minecraft:interact_animation","minecraft:item_model","minecraft:item_name","minecraft:lore","minecraft:max_stack_size","minecraft:rarity","minecraft:repair_cost","minecraft:tooltip_display","minecraft:use_effects"]	986263a6642c7d7b4dcd47a60add24d96d05bb147406812b1ced4f6f75d069b8
minecraft:cyan_harness	["minecraft:attack_animation","minecraft:attribute_modifiers","minecraft:break_sound","minecraft:enchantments","minecraft:equippable","minecraft:interact_animation","minecraft:item_model","minecraft:item_name","minecraft:lore","minecraft:max_stack_size","minecraft:rarity","minecraft:repair_cost","minecraft:tooltip_display","minecraft:use_effects"]	01a054430f6799f3b8355adb92ed796bea3de137f08b82f5e72ee09b262ea899
minecraft:cyan_shulker_box	["minecraft:attack_animation","minecraft:attribute_modifiers","minecraft:break_sound","minecraft:container","minecraft:enchantments","minecraft:interact_animation","minecraft:item_model","minecraft:item_name","minecraft:lore","minecraft:max_stack_size","minecraft:rarity","minecraft:repair_cost","minecraft:tooltip_display","minecraft:use_effects"]	9e59b355b2e95b21a115a8211cb4a745e5bd7577142adebadac8d4dafbf8ce7f
minecraft:cyan_stained_glass	["minecraft:attack_animation","minecraft:attribute_modifiers","minecraft:break_sound","minecraft:enchantments","minecraft:interact_animation","minecraft:item_model","minecraft:item_name","minecraft:lore","minecraft:max_stack_size","minecraft:rarity","minecraft:repair_cost","minecraft:tooltip_display","minecraft:use_effects"]	e9f6db6c18cd9453f90360abeed3a8261a902b68cf49e05a48cb2a5909a978b8
minecraft:cyan_stained_glass_pane	["minecraft:attack_animation","minecraft:attribute_modifiers","minecraft:break_sound","minecraft:enchantments","minecraft:interact_animation","minecraft:item_model","minecraft:item_name","minecraft:lore","minecraft:max_stack_size","minecraft:rarity","minecraft:repair_cost","minecraft:tooltip_display","minecraft:use_effects"]	a5ff2c8d476c637242d4e82ab816d609ca8df86ec1da2af24f8c880493ff4535
minecraft:cyan_terracotta	["minecraft:attack_animation","minecraft:attribute_modifiers","minecraft:break_sound","minecraft:enchantments","minecraft:interact_animation","minecraft:item_model","minecraft:item_name","minecraft:lore","minecraft:max_stack_size","minecraft:rarity","minecraft:repair_cost","minecraft:tooltip_display","minecraft:use_effects"]	aa36b26b5f93c08c29e6d9c4b70fa044d8cfc7853b467a8749c9aabefe6d39bf
minecraft:cyan_wool	["minecraft:attack_animation","minecraft:attribute_modifiers","minecraft:break_sound","minecraft:cooking_fuel","minecraft:enchantments","minecraft:interact_animation","minecraft:item_model","minecraft:item_name","minecraft:lore","minecraft:max_stack_size","minecraft:rarity","minecraft:repair_cost","minecraft:tooltip_display","minecraft:use_effects"]	9c38aeb42302bf89359f0dfe54c0aad5d6603069aeb4c0aa48079e8a62ae5c84
minecraft:cyan_wool_slab	["minecraft:attack_animation","minecraft:attribute_modifiers","minecraft:break_sound","minecraft:cooking_fuel","minecraft:enchantments","minecraft:interact_animation","minecraft:item_model","minecraft:item_name","minecraft:lore","minecraft:max_stack_size","minecraft:rarity","minecraft:repair_cost","minecraft:tooltip_display","minecraft:use_effects"]	f52851212f13a4cb730fd1c6b841682a37cf2d7c8428c52dd49c774b3751be56
minecraft:cyan_wool_stairs	["minecraft:attack_animation","minecraft:attribute_modifiers","minecraft:break_sound","minecraft:cooking_fuel","minecraft:enchantments","minecraft:interact_animation","minecraft:item_model","minecraft:item_name","minecraft:lore","minecraft:max_stack_size","minecraft:rarity","minecraft:repair_cost","minecraft:tooltip_display","minecraft:use_effects"]	4835b64ef45764b7b188798c8469f14233b2fd14ff850ade4e7b631d99b972b7
minecraft:damaged_anvil	["minecraft:attack_animation","minecraft:attribute_modifiers","minecraft:break_sound","minecraft:enchantments","minecraft:interact_animation","minecraft:item_model","minecraft:item_name","minecraft:lore","minecraft:max_stack_size","minecraft:rarity","minecraft:repair_cost","minecraft:tooltip_display","minecraft:use_effects"]	a835681fe880415f33688f828c9b191e047125745c7195dbec764690d09ee378
minecraft:dandelion	["minecraft:attack_animation","minecraft:attribute_modifiers","minecraft:break_sound","minecraft:compostable","minecraft:enchantments","minecraft:interact_animation","minecraft:item_model","minecraft:item_name","minecraft:lore","minecraft:max_stack_size","minecraft:rarity","minecraft:repair_cost","minecraft:tooltip_display","minecraft:use_effects"]	44fbea926b4c89cfa61a2b7b6c7123d778593b9a431e047ea73d9a2bcaa7dacf
minecraft:danger_pottery_sherd	["minecraft:attack_animation","minecraft:attribute_modifiers","minecraft:break_sound","minecraft:enchantments","minecraft:interact_animation","minecraft:item_model","minecraft:item_name","minecraft:lore","minecraft:max_stack_size","minecraft:provides_pottery_pattern","minecraft:rarity","minecraft:repair_cost","minecraft:tooltip_display","minecraft:use_effects"]	5a8dac884d14d66d24cfff9b2514b0957207ee53807b1547cdce58d53de22b9b
minecraft:dark_oak_boat	["minecraft:attack_animation","minecraft:attribute_modifiers","minecraft:break_sound","minecraft:cooking_fuel","minecraft:enchantments","minecraft:interact_animation","minecraft:item_model","minecraft:item_name","minecraft:lore","minecraft:max_stack_size","minecraft:rarity","minecraft:repair_cost","minecraft:tooltip_display","minecraft:use_effects"]	4cf203f45cfa15959e7c3dec48951f8463a29ada292112640aaa7dad7463492b
minecraft:dark_oak_button	["minecraft:attack_animation","minecraft:attribute_modifiers","minecraft:break_sound","minecraft:cooking_fuel","minecraft:enchantments","minecraft:interact_animation","minecraft:item_model","minecraft:item_name","minecraft:lore","minecraft:max_stack_size","minecraft:rarity","minecraft:repair_cost","minecraft:tooltip_display","minecraft:use_effects"]	bbc4c0faa59a7bdfd90382a3af2cf41a91982a6f1e7c106ae59516aa84a34e1c
minecraft:dark_oak_chest_boat	["minecraft:attack_animation","minecraft:attribute_modifiers","minecraft:break_sound","minecraft:cooking_fuel","minecraft:enchantments","minecraft:interact_animation","minecraft:item_model","minecraft:item_name","minecraft:lore","minecraft:max_stack_size","minecraft:rarity","minecraft:repair_cost","minecraft:tooltip_display","minecraft:use_effects"]	5e13f80dccc2f0feac2f36d48838e89f1e7ed4bf725843b3435eb4e4be25e6be
minecraft:dark_oak_door	["minecraft:attack_animation","minecraft:attribute_modifiers","minecraft:break_sound","minecraft:cooking_fuel","minecraft:enchantments","minecraft:interact_animation","minecraft:item_model","minecraft:item_name","minecraft:lore","minecraft:max_stack_size","minecraft:rarity","minecraft:repair_cost","minecraft:tooltip_display","minecraft:use_effects"]	4f22a23b7d53aed6ce2d786826bc3337dfe4ee9888fd7cd0e77af4e4d52986d0
minecraft:dark_oak_fence	["minecraft:attack_animation","minecraft:attribute_modifiers","minecraft:break_sound","minecraft:cooking_fuel","minecraft:enchantments","minecraft:interact_animation","minecraft:item_model","minecraft:item_name","minecraft:lore","minecraft:max_stack_size","minecraft:rarity","minecraft:repair_cost","minecraft:tooltip_display","minecraft:use_effects"]	ce16603b998d791ed6c84ed64819864ed2be40899d1630591869bf5610d43531
minecraft:dark_oak_fence_gate	["minecraft:attack_animation","minecraft:attribute_modifiers","minecraft:break_sound","minecraft:cooking_fuel","minecraft:enchantments","minecraft:interact_animation","minecraft:item_model","minecraft:item_name","minecraft:lore","minecraft:max_stack_size","minecraft:rarity","minecraft:repair_cost","minecraft:tooltip_display","minecraft:use_effects"]	68199eabb675ba63fa4e770e685efd1e01631d553ce8e684dabc85441c1c491d
minecraft:dark_oak_hanging_sign	["minecraft:attack_animation","minecraft:attribute_modifiers","minecraft:break_sound","minecraft:cooking_fuel","minecraft:enchantments","minecraft:interact_animation","minecraft:item_model","minecraft:item_name","minecraft:lore","minecraft:max_stack_size","minecraft:rarity","minecraft:repair_cost","minecraft:sign_text_back","minecraft:sign_text_front","minecraft:tooltip_display","minecraft:use_effects"]	286490e5cc4cf407b36ecd192ebad349866290f3d63ec1a6b1355f4124884ee8
minecraft:dark_oak_leaves	["minecraft:attack_animation","minecraft:attribute_modifiers","minecraft:break_sound","minecraft:compostable","minecraft:enchantments","minecraft:interact_animation","minecraft:item_model","minecraft:item_name","minecraft:lore","minecraft:max_stack_size","minecraft:rarity","minecraft:repair_cost","minecraft:tooltip_display","minecraft:use_effects"]	fde97518aa9203f49131a33e7d50c41b5a0e74d9b239a0229eb581850cf9782d
minecraft:dark_oak_log	["minecraft:attack_animation","minecraft:attribute_modifiers","minecraft:break_sound","minecraft:cooking_fuel","minecraft:enchantments","minecraft:interact_animation","minecraft:item_model","minecraft:item_name","minecraft:lore","minecraft:max_stack_size","minecraft:rarity","minecraft:repair_cost","minecraft:tooltip_display","minecraft:use_effects"]	84b0e3e17590429426f85dd5ec1e302413e23cc4e9cfe3f827eff69c75bab369
minecraft:dark_oak_planks	["minecraft:attack_animation","minecraft:attribute_modifiers","minecraft:break_sound","minecraft:cooking_fuel","minecraft:enchantments","minecraft:interact_animation","minecraft:item_model","minecraft:item_name","minecraft:lore","minecraft:max_stack_size","minecraft:rarity","minecraft:repair_cost","minecraft:tooltip_display","minecraft:use_effects"]	e2c14bc06e23d8949f7318aeea1e31ee951199c49676448fda45ddfb13cf0b7e
minecraft:dark_oak_pressure_plate	["minecraft:attack_animation","minecraft:attribute_modifiers","minecraft:break_sound","minecraft:cooking_fuel","minecraft:enchantments","minecraft:interact_animation","minecraft:item_model","minecraft:item_name","minecraft:lore","minecraft:max_stack_size","minecraft:rarity","minecraft:repair_cost","minecraft:tooltip_display","minecraft:use_effects"]	9994769e0073e0c31a6b1fe410360379264236f0db554c3e99e69259cd45a76e
minecraft:dark_oak_sapling	["minecraft:attack_animation","minecraft:attribute_modifiers","minecraft:break_sound","minecraft:compostable","minecraft:cooking_fuel","minecraft:enchantments","minecraft:interact_animation","minecraft:item_model","minecraft:item_name","minecraft:lore","minecraft:max_stack_size","minecraft:rarity","minecraft:repair_cost","minecraft:tooltip_display","minecraft:use_effects"]	18e32006d9209648d37f848e3304ad01a450b53b18601102b8fb552778672915
minecraft:dark_oak_shelf	["minecraft:attack_animation","minecraft:attribute_modifiers","minecraft:break_sound","minecraft:container","minecraft:cooking_fuel","minecraft:enchantments","minecraft:interact_animation","minecraft:item_model","minecraft:item_name","minecraft:lore","minecraft:max_stack_size","minecraft:rarity","minecraft:repair_cost","minecraft:tooltip_display","minecraft:use_effects"]	c492690ab0dfb5218ffe88cc8b2e28ba1808611e9e22df909463be7ca6c1232d
minecraft:dark_oak_sign	["minecraft:attack_animation","minecraft:attribute_modifiers","minecraft:break_sound","minecraft:cooking_fuel","minecraft:enchantments","minecraft:interact_animation","minecraft:item_model","minecraft:item_name","minecraft:lore","minecraft:max_stack_size","minecraft:rarity","minecraft:repair_cost","minecraft:sign_text_back","minecraft:sign_text_front","minecraft:tooltip_display","minecraft:use_effects"]	749f53cf7fd6cac5e109b0ed05fb3c33a137868120cc974f0e3e0c9cc4f6ebf6
minecraft:dark_oak_slab	["minecraft:attack_animation","minecraft:attribute_modifiers","minecraft:break_sound","minecraft:cooking_fuel","minecraft:enchantments","minecraft:interact_animation","minecraft:item_model","minecraft:item_name","minecraft:lore","minecraft:max_stack_size","minecraft:rarity","minecraft:repair_cost","minecraft:tooltip_display","minecraft:use_effects"]	0063d19204fc88e066db9bee4b62ee443b691ad4bf07e16ec47af80c46251f3a
minecraft:dark_oak_stairs	["minecraft:attack_animation","minecraft:attribute_modifiers","minecraft:break_sound","minecraft:cooking_fuel","minecraft:enchantments","minecraft:interact_animation","minecraft:item_model","minecraft:item_name","minecraft:lore","minecraft:max_stack_size","minecraft:rarity","minecraft:repair_cost","minecraft:tooltip_display","minecraft:use_effects"]	3b054a39890bfc90957b7530223f9a6bfa648cf972a66245e2b6090ca2950a4c
minecraft:dark_oak_trapdoor	["minecraft:attack_animation","minecraft:attribute_modifiers","minecraft:break_sound","minecraft:cooking_fuel","minecraft:enchantments","minecraft:interact_animation","minecraft:item_model","minecraft:item_name","minecraft:lore","minecraft:max_stack_size","minecraft:rarity","minecraft:repair_cost","minecraft:tooltip_display","minecraft:use_effects"]	e76916c63303e62567a33c2012a1a70361b9c2360a68feebc5e92559981e96ee
minecraft:dark_oak_wood	["minecraft:attack_animation","minecraft:attribute_modifiers","minecraft:break_sound","minecraft:cooking_fuel","minecraft:enchantments","minecraft:interact_animation","minecraft:item_model","minecraft:item_name","minecraft:lore","minecraft:max_stack_size","minecraft:rarity","minecraft:repair_cost","minecraft:tooltip_display","minecraft:use_effects"]	019908cca2fe10bfd86efa209a5b219bf4c20d43bbc296670bac155f474c2e92
minecraft:dark_prismarine	["minecraft:attack_animation","minecraft:attribute_modifiers","minecraft:break_sound","minecraft:enchantments","minecraft:interact_animation","minecraft:item_model","minecraft:item_name","minecraft:lore","minecraft:max_stack_size","minecraft:rarity","minecraft:repair_cost","minecraft:tooltip_display","minecraft:use_effects"]	bb70a69edd55cda0c44e62be2e304a3e6a400f436fb5728f4dcfee99e2f6b9a2
minecraft:dark_prismarine_slab	["minecraft:attack_animation","minecraft:attribute_modifiers","minecraft:break_sound","minecraft:enchantments","minecraft:interact_animation","minecraft:item_model","minecraft:item_name","minecraft:lore","minecraft:max_stack_size","minecraft:rarity","minecraft:repair_cost","minecraft:tooltip_display","minecraft:use_effects"]	bae66f6bfa07709f22ff94c5550bdf750cba64a6a6f46bc462104304dcbf02a2
minecraft:dark_prismarine_stairs	["minecraft:attack_animation","minecraft:attribute_modifiers","minecraft:break_sound","minecraft:enchantments","minecraft:interact_animation","minecraft:item_model","minecraft:item_name","minecraft:lore","minecraft:max_stack_size","minecraft:rarity","minecraft:repair_cost","minecraft:tooltip_display","minecraft:use_effects"]	8b73e70be57452649fa73db36fb3486fb6d4d0c1b7980b494bc56d9505ec6a11
minecraft:daylight_detector	["minecraft:attack_animation","minecraft:attribute_modifiers","minecraft:break_sound","minecraft:cooking_fuel","minecraft:enchantments","minecraft:interact_animation","minecraft:item_model","minecraft:item_name","minecraft:lore","minecraft:max_stack_size","minecraft:rarity","minecraft:repair_cost","minecraft:tooltip_display","minecraft:use_effects"]	32b8cd37880fa3e2960ff52a38147ce4975b2720266d2483c473910b6b4d4ada
minecraft:dead_brain_coral	["minecraft:attack_animation","minecraft:attribute_modifiers","minecraft:break_sound","minecraft:enchantments","minecraft:interact_animation","minecraft:item_model","minecraft:item_name","minecraft:lore","minecraft:max_stack_size","minecraft:rarity","minecraft:repair_cost","minecraft:tooltip_display","minecraft:use_effects"]	9d9b05c909bd6bdbf19beaa33eff8e3394bd2d7d8e5021838e43133220e802f9
minecraft:dead_brain_coral_block	["minecraft:attack_animation","minecraft:attribute_modifiers","minecraft:break_sound","minecraft:enchantments","minecraft:interact_animation","minecraft:item_model","minecraft:item_name","minecraft:lore","minecraft:max_stack_size","minecraft:rarity","minecraft:repair_cost","minecraft:tooltip_display","minecraft:use_effects"]	5398780ebf39fae46027cf2d2b1727b6f8d4438d7bf5bc6a820a8be95b9728f1
minecraft:dead_brain_coral_fan	["minecraft:attack_animation","minecraft:attribute_modifiers","minecraft:break_sound","minecraft:enchantments","minecraft:interact_animation","minecraft:item_model","minecraft:item_name","minecraft:lore","minecraft:max_stack_size","minecraft:rarity","minecraft:repair_cost","minecraft:tooltip_display","minecraft:use_effects"]	f192f72b7c8b08a7f0c9863c062033460ebcc1af2c88e5acf106e27c3ed64da1
minecraft:dead_bubble_coral	["minecraft:attack_animation","minecraft:attribute_modifiers","minecraft:break_sound","minecraft:enchantments","minecraft:interact_animation","minecraft:item_model","minecraft:item_name","minecraft:lore","minecraft:max_stack_size","minecraft:rarity","minecraft:repair_cost","minecraft:tooltip_display","minecraft:use_effects"]	146776e61190a82ea8f13db635b86450be39087373bf7ad8f8459fcacbf105da
minecraft:dead_bubble_coral_block	["minecraft:attack_animation","minecraft:attribute_modifiers","minecraft:break_sound","minecraft:enchantments","minecraft:interact_animation","minecraft:item_model","minecraft:item_name","minecraft:lore","minecraft:max_stack_size","minecraft:rarity","minecraft:repair_cost","minecraft:tooltip_display","minecraft:use_effects"]	0c1ee962cd2346f89f291aed188f76530716876437218a36485f72e75357d0aa
minecraft:dead_bubble_coral_fan	["minecraft:attack_animation","minecraft:attribute_modifiers","minecraft:break_sound","minecraft:enchantments","minecraft:interact_animation","minecraft:item_model","minecraft:item_name","minecraft:lore","minecraft:max_stack_size","minecraft:rarity","minecraft:repair_cost","minecraft:tooltip_display","minecraft:use_effects"]	d08addbcaf7eb99540a3c869b5c8864c0cba581533ff91444645cba4bf715241
minecraft:dead_bush	["minecraft:attack_animation","minecraft:attribute_modifiers","minecraft:break_sound","minecraft:cooking_fuel","minecraft:enchantments","minecraft:interact_animation","minecraft:item_model","minecraft:item_name","minecraft:lore","minecraft:max_stack_size","minecraft:rarity","minecraft:repair_cost","minecraft:tooltip_display","minecraft:use_effects"]	177f8500bd8da022e146da0bcc98129ebad4980667c2b8b77b8c67be21fddc83
minecraft:dead_fire_coral	["minecraft:attack_animation","minecraft:attribute_modifiers","minecraft:break_sound","minecraft:enchantments","minecraft:interact_animation","minecraft:item_model","minecraft:item_name","minecraft:lore","minecraft:max_stack_size","minecraft:rarity","minecraft:repair_cost","minecraft:tooltip_display","minecraft:use_effects"]	12fe93d82520e167f9a3d327e88da542a8e0ecb4380f604a192950a4003e5bb1
minecraft:dead_fire_coral_block	["minecraft:attack_animation","minecraft:attribute_modifiers","minecraft:break_sound","minecraft:enchantments","minecraft:interact_animation","minecraft:item_model","minecraft:item_name","minecraft:lore","minecraft:max_stack_size","minecraft:rarity","minecraft:repair_cost","minecraft:tooltip_display","minecraft:use_effects"]	d1d564b53a3feb8313fe155fa37fcdc91d0d661f2641d1532f6ea0c74f5264a0
minecraft:dead_fire_coral_fan	["minecraft:attack_animation","minecraft:attribute_modifiers","minecraft:break_sound","minecraft:enchantments","minecraft:interact_animation","minecraft:item_model","minecraft:item_name","minecraft:lore","minecraft:max_stack_size","minecraft:rarity","minecraft:repair_cost","minecraft:tooltip_display","minecraft:use_effects"]	51b3647dcbb3391152250c17209aa6cf6dd05c70b1114cfe60221931b3d3f777
minecraft:dead_horn_coral	["minecraft:attack_animation","minecraft:attribute_modifiers","minecraft:break_sound","minecraft:enchantments","minecraft:interact_animation","minecraft:item_model","minecraft:item_name","minecraft:lore","minecraft:max_stack_size","minecraft:rarity","minecraft:repair_cost","minecraft:tooltip_display","minecraft:use_effects"]	e7dbb3159d56420458f8c3bc7a0a109a84c8bdc650e67d2eb39f71dadc3fd481
minecraft:dead_horn_coral_block	["minecraft:attack_animation","minecraft:attribute_modifiers","minecraft:break_sound","minecraft:enchantments","minecraft:interact_animation","minecraft:item_model","minecraft:item_name","minecraft:lore","minecraft:max_stack_size","minecraft:rarity","minecraft:repair_cost","minecraft:tooltip_display","minecraft:use_effects"]	f98785aa6a0c9d984419a19b85a033badf23dcfcb853257d0c7c9a311c6a07c2
minecraft:dead_horn_coral_fan	["minecraft:attack_animation","minecraft:attribute_modifiers","minecraft:break_sound","minecraft:enchantments","minecraft:interact_animation","minecraft:item_model","minecraft:item_name","minecraft:lore","minecraft:max_stack_size","minecraft:rarity","minecraft:repair_cost","minecraft:tooltip_display","minecraft:use_effects"]	0ff6a5fea34277c5571d39d83c0611bac75776e83129162ea8667dc4175d8674
minecraft:dead_tube_coral	["minecraft:attack_animation","minecraft:attribute_modifiers","minecraft:break_sound","minecraft:enchantments","minecraft:interact_animation","minecraft:item_model","minecraft:item_name","minecraft:lore","minecraft:max_stack_size","minecraft:rarity","minecraft:repair_cost","minecraft:tooltip_display","minecraft:use_effects"]	2b3d6e3338e92aaddd1d50397e752658730e8c1afa8355732ec327e0dcd9f562
minecraft:dead_tube_coral_block	["minecraft:attack_animation","minecraft:attribute_modifiers","minecraft:break_sound","minecraft:enchantments","minecraft:interact_animation","minecraft:item_model","minecraft:item_name","minecraft:lore","minecraft:max_stack_size","minecraft:rarity","minecraft:repair_cost","minecraft:tooltip_display","minecraft:use_effects"]	3ec6a2427082677089d0b60d43908e3dc9d1c15c6582bfdf3f14bfd0332addd0
minecraft:dead_tube_coral_fan	["minecraft:attack_animation","minecraft:attribute_modifiers","minecraft:break_sound","minecraft:enchantments","minecraft:interact_animation","minecraft:item_model","minecraft:item_name","minecraft:lore","minecraft:max_stack_size","minecraft:rarity","minecraft:repair_cost","minecraft:tooltip_display","minecraft:use_effects"]	f86245b26f637f0c6e1a83ec09131f1af6d77ce11c08e97883476d2fedaf2ff6
minecraft:debug_stick	["minecraft:attack_animation","minecraft:attribute_modifiers","minecraft:break_sound","minecraft:debug_stick_state","minecraft:enchantment_glint_override","minecraft:enchantments","minecraft:interact_animation","minecraft:item_model","minecraft:item_name","minecraft:lore","minecraft:max_stack_size","minecraft:rarity","minecraft:repair_cost","minecraft:tooltip_display","minecraft:use_effects"]	d6f7995786de0e67f74ba1b3d6d9050471f248adfde774a8e017d9f90634152b
minecraft:decorated_pot	["minecraft:attack_animation","minecraft:attribute_modifiers","minecraft:break_sound","minecraft:container","minecraft:enchantments","minecraft:interact_animation","minecraft:item_model","minecraft:item_name","minecraft:lore","minecraft:max_stack_size","minecraft:pot_decorations","minecraft:rarity","minecraft:repair_cost","minecraft:tooltip_display","minecraft:use_effects"]	e2d9290924bb345fccaab46fe1fd898b4ab76e8f252ade967b4ece9b473e4108
minecraft:deepslate	["minecraft:attack_animation","minecraft:attribute_modifiers","minecraft:break_sound","minecraft:enchantments","minecraft:interact_animation","minecraft:item_model","minecraft:item_name","minecraft:lore","minecraft:max_stack_size","minecraft:rarity","minecraft:repair_cost","minecraft:tooltip_display","minecraft:use_effects"]	99d40de52410b0c40b9d7ac349999cbc95f8f42928d413bacf31ee38f339e798
minecraft:deepslate_brick_slab	["minecraft:attack_animation","minecraft:attribute_modifiers","minecraft:break_sound","minecraft:enchantments","minecraft:interact_animation","minecraft:item_model","minecraft:item_name","minecraft:lore","minecraft:max_stack_size","minecraft:rarity","minecraft:repair_cost","minecraft:tooltip_display","minecraft:use_effects"]	6e623ac021a9a354f82717ef003ac72d59057be4ca22bbe8467130df9851d45b
minecraft:deepslate_brick_stairs	["minecraft:attack_animation","minecraft:attribute_modifiers","minecraft:break_sound","minecraft:enchantments","minecraft:interact_animation","minecraft:item_model","minecraft:item_name","minecraft:lore","minecraft:max_stack_size","minecraft:rarity","minecraft:repair_cost","minecraft:tooltip_display","minecraft:use_effects"]	0bafb9480b7f06b85a7f1078c90537dccffb8d332264633b22eaf1ec312b9eec
minecraft:deepslate_brick_wall	["minecraft:attack_animation","minecraft:attribute_modifiers","minecraft:break_sound","minecraft:enchantments","minecraft:interact_animation","minecraft:item_model","minecraft:item_name","minecraft:lore","minecraft:max_stack_size","minecraft:rarity","minecraft:repair_cost","minecraft:tooltip_display","minecraft:use_effects"]	4eb8666ced2713bde2ea76c69ff8292b28c5302adc0567a882197939b49222cf
minecraft:deepslate_bricks	["minecraft:attack_animation","minecraft:attribute_modifiers","minecraft:break_sound","minecraft:enchantments","minecraft:interact_animation","minecraft:item_model","minecraft:item_name","minecraft:lore","minecraft:max_stack_size","minecraft:rarity","minecraft:repair_cost","minecraft:tooltip_display","minecraft:use_effects"]	140c6018020bcb69a512f2a44ac7b119fec91d738dacdf8e6a3c89a8e449fd6d
minecraft:deepslate_coal_ore	["minecraft:attack_animation","minecraft:attribute_modifiers","minecraft:break_sound","minecraft:enchantments","minecraft:interact_animation","minecraft:item_model","minecraft:item_name","minecraft:lore","minecraft:max_stack_size","minecraft:rarity","minecraft:repair_cost","minecraft:tooltip_display","minecraft:use_effects"]	08601323844e4885fdbe2b97e614c50908ea7edb95b9f09b233e1b9f387ca149
minecraft:deepslate_copper_ore	["minecraft:attack_animation","minecraft:attribute_modifiers","minecraft:break_sound","minecraft:enchantments","minecraft:interact_animation","minecraft:item_model","minecraft:item_name","minecraft:lore","minecraft:max_stack_size","minecraft:rarity","minecraft:repair_cost","minecraft:tooltip_display","minecraft:use_effects"]	1072840e510f27525a71dfd6bd8a31e1d7ec4986095f5fed13e9777ffc1c68ec
minecraft:deepslate_diamond_ore	["minecraft:attack_animation","minecraft:attribute_modifiers","minecraft:break_sound","minecraft:enchantments","minecraft:interact_animation","minecraft:item_model","minecraft:item_name","minecraft:lore","minecraft:max_stack_size","minecraft:rarity","minecraft:repair_cost","minecraft:tooltip_display","minecraft:use_effects"]	1dc788750836d9d7cf061f676adaffe610d634b9e3eec7093aa9a7598ad21a28
minecraft:deepslate_emerald_ore	["minecraft:attack_animation","minecraft:attribute_modifiers","minecraft:break_sound","minecraft:enchantments","minecraft:interact_animation","minecraft:item_model","minecraft:item_name","minecraft:lore","minecraft:max_stack_size","minecraft:rarity","minecraft:repair_cost","minecraft:tooltip_display","minecraft:use_effects"]	65b73a06228e948f6b9eb562928bda8a8e781e26e81eaad91b53f9b73842f843
minecraft:deepslate_gold_ore	["minecraft:attack_animation","minecraft:attribute_modifiers","minecraft:break_sound","minecraft:enchantments","minecraft:interact_animation","minecraft:item_model","minecraft:item_name","minecraft:lore","minecraft:max_stack_size","minecraft:rarity","minecraft:repair_cost","minecraft:tooltip_display","minecraft:use_effects"]	4dfbaac122239219999ac7f1d64a6790c275f2af655fb3fa2c067ffb0aa2846d
minecraft:deepslate_iron_ore	["minecraft:attack_animation","minecraft:attribute_modifiers","minecraft:break_sound","minecraft:enchantments","minecraft:interact_animation","minecraft:item_model","minecraft:item_name","minecraft:lore","minecraft:max_stack_size","minecraft:rarity","minecraft:repair_cost","minecraft:tooltip_display","minecraft:use_effects"]	5b287f7b47a8d5c333481e0d73d3ea5b22573fa68df7371f0c99975dfa83c72f
minecraft:deepslate_lapis_ore	["minecraft:attack_animation","minecraft:attribute_modifiers","minecraft:break_sound","minecraft:enchantments","minecraft:interact_animation","minecraft:item_model","minecraft:item_name","minecraft:lore","minecraft:max_stack_size","minecraft:rarity","minecraft:repair_cost","minecraft:tooltip_display","minecraft:use_effects"]	937617ea03e6a9a188991df1f91db41f1691edf2cdd5e209a8c1368974ec22a4
minecraft:deepslate_redstone_ore	["minecraft:attack_animation","minecraft:attribute_modifiers","minecraft:break_sound","minecraft:enchantments","minecraft:interact_animation","minecraft:item_model","minecraft:item_name","minecraft:lore","minecraft:max_stack_size","minecraft:rarity","minecraft:repair_cost","minecraft:tooltip_display","minecraft:use_effects"]	62c1c11e5729361f6f5460f123e3026f6144d03d38b988fb16118cb80757f147
minecraft:deepslate_tile_slab	["minecraft:attack_animation","minecraft:attribute_modifiers","minecraft:break_sound","minecraft:enchantments","minecraft:interact_animation","minecraft:item_model","minecraft:item_name","minecraft:lore","minecraft:max_stack_size","minecraft:rarity","minecraft:repair_cost","minecraft:tooltip_display","minecraft:use_effects"]	7b2583d94ab1d60f7f6b75a54229e3764ee2f232544100bf1cae49fcf6515d8a
minecraft:deepslate_tile_stairs	["minecraft:attack_animation","minecraft:attribute_modifiers","minecraft:break_sound","minecraft:enchantments","minecraft:interact_animation","minecraft:item_model","minecraft:item_name","minecraft:lore","minecraft:max_stack_size","minecraft:rarity","minecraft:repair_cost","minecraft:tooltip_display","minecraft:use_effects"]	6faed28094c3e39f0f10c007a362db958f06b1204d865b925439db5a3fff3b73
minecraft:deepslate_tile_wall	["minecraft:attack_animation","minecraft:attribute_modifiers","minecraft:break_sound","minecraft:enchantments","minecraft:interact_animation","minecraft:item_model","minecraft:item_name","minecraft:lore","minecraft:max_stack_size","minecraft:rarity","minecraft:repair_cost","minecraft:tooltip_display","minecraft:use_effects"]	150e951c6e718d60387a86a614ec0e1ab8f03271db84fb5b2f01ba309e840aad
minecraft:deepslate_tiles	["minecraft:attack_animation","minecraft:attribute_modifiers","minecraft:break_sound","minecraft:enchantments","minecraft:interact_animation","minecraft:item_model","minecraft:item_name","minecraft:lore","minecraft:max_stack_size","minecraft:rarity","minecraft:repair_cost","minecraft:tooltip_display","minecraft:use_effects"]	a31e6906bc08d98760b70f22cbc2455667fe4661dbe1bcb36547f1b61fa0c05e
minecraft:desert_pyramid_map	["minecraft:attack_animation","minecraft:attribute_modifiers","minecraft:break_sound","minecraft:enchantments","minecraft:interact_animation","minecraft:item_model","minecraft:item_name","minecraft:lore","minecraft:map_decorations","minecraft:max_stack_size","minecraft:rarity","minecraft:repair_cost","minecraft:tooltip_display","minecraft:use_effects"]	0330b0a8ed55f49596ef29242b4506b845855678c2d28d7eb834b3cad34992fe
minecraft:desert_village_map	["minecraft:attack_animation","minecraft:attribute_modifiers","minecraft:break_sound","minecraft:enchantments","minecraft:interact_animation","minecraft:item_model","minecraft:item_name","minecraft:lore","minecraft:map_decorations","minecraft:max_stack_size","minecraft:rarity","minecraft:repair_cost","minecraft:tooltip_display","minecraft:use_effects"]	25a093c656a9987b48d09af3ffc450fae2d6e620d7c7b149841cd3da228416ad
minecraft:detector_rail	["minecraft:attack_animation","minecraft:attribute_modifiers","minecraft:break_sound","minecraft:enchantments","minecraft:interact_animation","minecraft:item_model","minecraft:item_name","minecraft:lore","minecraft:max_stack_size","minecraft:rarity","minecraft:repair_cost","minecraft:tooltip_display","minecraft:use_effects"]	e5a9a1040843a83b46e295e70102297ada7d98965360ddcda221e650c625daf2
minecraft:diamond	["minecraft:attack_animation","minecraft:attribute_modifiers","minecraft:break_sound","minecraft:enchantments","minecraft:interact_animation","minecraft:item_model","minecraft:item_name","minecraft:lore","minecraft:max_stack_size","minecraft:provides_trim_material","minecraft:rarity","minecraft:repair_cost","minecraft:tooltip_display","minecraft:use_effects"]	84f7c91c8d54370af1ffa7b2525b92aeb74ff7408664167e2a90435bb108944f
minecraft:diamond_axe	["minecraft:attack_animation","minecraft:attribute_modifiers","minecraft:block_transformer","minecraft:break_sound","minecraft:damage","minecraft:enchantable","minecraft:enchantments","minecraft:interact_animation","minecraft:item_model","minecraft:item_name","minecraft:lore","minecraft:max_damage","minecraft:max_stack_size","minecraft:rarity","minecraft:repair_cost","minecraft:repairable","minecraft:tool","minecraft:tooltip_display","minecraft:use_effects","minecraft:weapon"]	d9ab62460d26f4b6a79d7fa712561fdb91b0e62225245d63b1032ff98d9452be
minecraft:diamond_block	["minecraft:attack_animation","minecraft:attribute_modifiers","minecraft:break_sound","minecraft:enchantments","minecraft:interact_animation","minecraft:item_model","minecraft:item_name","minecraft:lore","minecraft:max_stack_size","minecraft:rarity","minecraft:repair_cost","minecraft:tooltip_display","minecraft:use_effects"]	89c90c902c225a40435c41db8ca120303e05b7643bd7c72c289878646be8f399
minecraft:diamond_boots	["minecraft:attack_animation","minecraft:attribute_modifiers","minecraft:break_sound","minecraft:damage","minecraft:enchantable","minecraft:enchantments","minecraft:equippable","minecraft:interact_animation","minecraft:item_model","minecraft:item_name","minecraft:lore","minecraft:max_damage","minecraft:max_stack_size","minecraft:rarity","minecraft:repair_cost","minecraft:repairable","minecraft:tooltip_display","minecraft:use_effects"]	dcbdc4ced9f4ce3f71d75b4989915b432684f5ac66fc9a3f80f5401249b15221
minecraft:diamond_chestplate	["minecraft:attack_animation","minecraft:attribute_modifiers","minecraft:break_sound","minecraft:damage","minecraft:enchantable","minecraft:enchantments","minecraft:equippable","minecraft:interact_animation","minecraft:item_model","minecraft:item_name","minecraft:lore","minecraft:max_damage","minecraft:max_stack_size","minecraft:rarity","minecraft:repair_cost","minecraft:repairable","minecraft:tooltip_display","minecraft:use_effects"]	6eedb4ec6d17a6aa21539a3945fba3447542bf92a98f12847052a6045f546235
minecraft:diamond_helmet	["minecraft:attack_animation","minecraft:attribute_modifiers","minecraft:break_sound","minecraft:damage","minecraft:enchantable","minecraft:enchantments","minecraft:equippable","minecraft:interact_animation","minecraft:item_model","minecraft:item_name","minecraft:lore","minecraft:max_damage","minecraft:max_stack_size","minecraft:rarity","minecraft:repair_cost","minecraft:repairable","minecraft:tooltip_display","minecraft:use_effects"]	45e442bc91969246246d04addb0a27041bf20e6a71de77cf9866f609fdd0ce52
minecraft:diamond_hoe	["minecraft:attack_animation","minecraft:attribute_modifiers","minecraft:block_transformer","minecraft:break_sound","minecraft:damage","minecraft:enchantable","minecraft:enchantments","minecraft:interact_animation","minecraft:item_model","minecraft:item_name","minecraft:lore","minecraft:max_damage","minecraft:max_stack_size","minecraft:rarity","minecraft:repair_cost","minecraft:repairable","minecraft:tool","minecraft:tooltip_display","minecraft:use_effects","minecraft:weapon"]	1c0ed361cc955422e714061a0d3e285fc1aaa2c5ef79f18d50d1278d6d180edf
minecraft:diamond_horse_armor	["minecraft:attack_animation","minecraft:attribute_modifiers","minecraft:break_sound","minecraft:enchantments","minecraft:equippable","minecraft:interact_animation","minecraft:item_model","minecraft:item_name","minecraft:lore","minecraft:max_stack_size","minecraft:rarity","minecraft:repair_cost","minecraft:tooltip_display","minecraft:use_effects"]	81d9c15a1971f99d82731ac5fc96baf8d4cca7e8426f43f1a94c5fdf9505f5a0
minecraft:diamond_leggings	["minecraft:attack_animation","minecraft:attribute_modifiers","minecraft:break_sound","minecraft:damage","minecraft:enchantable","minecraft:enchantments","minecraft:equippable","minecraft:interact_animation","minecraft:item_model","minecraft:item_name","minecraft:lore","minecraft:max_damage","minecraft:max_stack_size","minecraft:rarity","minecraft:repair_cost","minecraft:repairable","minecraft:tooltip_display","minecraft:use_effects"]	d872ba930159216943ee263bc5acc28a59a219748196a7d55bcd992ea76ccef9
minecraft:diamond_nautilus_armor	["minecraft:attack_animation","minecraft:attribute_modifiers","minecraft:break_sound","minecraft:enchantments","minecraft:equippable","minecraft:interact_animation","minecraft:item_model","minecraft:item_name","minecraft:lore","minecraft:max_stack_size","minecraft:rarity","minecraft:repair_cost","minecraft:tooltip_display","minecraft:use_effects"]	9f822bf9537970a15269fe4c4a394f0eaee19153a47accc546787090f1f2831d
minecraft:diamond_ore	["minecraft:attack_animation","minecraft:attribute_modifiers","minecraft:break_sound","minecraft:enchantments","minecraft:interact_animation","minecraft:item_model","minecraft:item_name","minecraft:lore","minecraft:max_stack_size","minecraft:rarity","minecraft:repair_cost","minecraft:tooltip_display","minecraft:use_effects"]	f2f22500987bd12bd5cfc99514c2b41aedfa5cb79431e1ae3dc776ee07405299
minecraft:diamond_pickaxe	["minecraft:attack_animation","minecraft:attribute_modifiers","minecraft:break_sound","minecraft:damage","minecraft:enchantable","minecraft:enchantments","minecraft:interact_animation","minecraft:item_model","minecraft:item_name","minecraft:lore","minecraft:max_damage","minecraft:max_stack_size","minecraft:rarity","minecraft:repair_cost","minecraft:repairable","minecraft:tool","minecraft:tooltip_display","minecraft:use_effects","minecraft:weapon"]	0467855f0cac6b7c8b85f2a0af9aa07e06e7441e7a14330f3e63e1eb91f9ed14
minecraft:diamond_shovel	["minecraft:attack_animation","minecraft:attribute_modifiers","minecraft:block_transformer","minecraft:break_sound","minecraft:damage","minecraft:enchantable","minecraft:enchantments","minecraft:interact_animation","minecraft:item_model","minecraft:item_name","minecraft:lore","minecraft:max_damage","minecraft:max_stack_size","minecraft:rarity","minecraft:repair_cost","minecraft:repairable","minecraft:tool","minecraft:tooltip_display","minecraft:use_effects","minecraft:weapon"]	4e120e20dd04eec11908a37fd03f0d0be1563d3d4e62a11714996ea59a7b13d8
minecraft:diamond_spear	["minecraft:attack_animation","minecraft:attack_range","minecraft:attribute_modifiers","minecraft:break_sound","minecraft:damage","minecraft:damage_type","minecraft:enchantable","minecraft:enchantments","minecraft:interact_animation","minecraft:item_model","minecraft:item_name","minecraft:kinetic_weapon","minecraft:lore","minecraft:max_damage","minecraft:max_stack_size","minecraft:minimum_attack_charge","minecraft:piercing_weapon","minecraft:rarity","minecraft:repair_cost","minecraft:repairable","minecraft:tooltip_display","minecraft:use_effects","minecraft:weapon"]	90fcc2af4306d96d8dc15810eb63aa83a4ca85b847aa2c25961fe3cb0b823766
minecraft:diamond_sword	["minecraft:attack_animation","minecraft:attribute_modifiers","minecraft:break_sound","minecraft:damage","minecraft:enchantable","minecraft:enchantments","minecraft:interact_animation","minecraft:item_model","minecraft:item_name","minecraft:lore","minecraft:max_damage","minecraft:max_stack_size","minecraft:rarity","minecraft:repair_cost","minecraft:repairable","minecraft:tool","minecraft:tooltip_display","minecraft:use_effects","minecraft:weapon"]	ae94b400d0a04c2befcd2802e4011ab7bb5d993870b3d2192957f26293f3fdb8
minecraft:diorite	["minecraft:attack_animation","minecraft:attribute_modifiers","minecraft:break_sound","minecraft:enchantments","minecraft:interact_animation","minecraft:item_model","minecraft:item_name","minecraft:lore","minecraft:max_stack_size","minecraft:rarity","minecraft:repair_cost","minecraft:tooltip_display","minecraft:use_effects"]	f39e9ab39f5a05103f504099e722bbd46bbbba978df7d9cb13ad901648176bd9
minecraft:diorite_slab	["minecraft:attack_animation","minecraft:attribute_modifiers","minecraft:break_sound","minecraft:enchantments","minecraft:interact_animation","minecraft:item_model","minecraft:item_name","minecraft:lore","minecraft:max_stack_size","minecraft:rarity","minecraft:repair_cost","minecraft:tooltip_display","minecraft:use_effects"]	1ab36761dfc3065676f18aa46fb32099ff4534ea09940dab1a69bcf059a491e3
minecraft:diorite_stairs	["minecraft:attack_animation","minecraft:attribute_modifiers","minecraft:break_sound","minecraft:enchantments","minecraft:interact_animation","minecraft:item_model","minecraft:item_name","minecraft:lore","minecraft:max_stack_size","minecraft:rarity","minecraft:repair_cost","minecraft:tooltip_display","minecraft:use_effects"]	2a1a11800d56de1187a6bb6bc95105c531808851e46a6a87bc5f69c0b2cc1bd3
minecraft:diorite_wall	["minecraft:attack_animation","minecraft:attribute_modifiers","minecraft:break_sound","minecraft:enchantments","minecraft:interact_animation","minecraft:item_model","minecraft:item_name","minecraft:lore","minecraft:max_stack_size","minecraft:rarity","minecraft:repair_cost","minecraft:tooltip_display","minecraft:use_effects"]	bb742d07df9bcd5e0fc2b7a78e6730a954c36f210e57913224b3c3ef97be04fa
minecraft:dirt	["minecraft:attack_animation","minecraft:attribute_modifiers","minecraft:break_sound","minecraft:enchantments","minecraft:interact_animation","minecraft:item_model","minecraft:item_name","minecraft:lore","minecraft:max_stack_size","minecraft:rarity","minecraft:repair_cost","minecraft:tooltip_display","minecraft:use_effects"]	8cc25b8a8b7ea7bf7b95173f23fde8e1716e70150455faca1feafccb1111def6
minecraft:dirt_path	["minecraft:attack_animation","minecraft:attribute_modifiers","minecraft:break_sound","minecraft:enchantments","minecraft:interact_animation","minecraft:item_model","minecraft:item_name","minecraft:lore","minecraft:max_stack_size","minecraft:rarity","minecraft:repair_cost","minecraft:tooltip_display","minecraft:use_effects"]	ccfd2c72abe21045f8b9dc1adc2cb021e02c49a18bc152864049f51d84f4d93e
minecraft:disc_fragment_5	["minecraft:attack_animation","minecraft:attribute_modifiers","minecraft:break_sound","minecraft:enchantments","minecraft:interact_animation","minecraft:item_model","minecraft:item_name","minecraft:lore","minecraft:max_stack_size","minecraft:rarity","minecraft:repair_cost","minecraft:tooltip_display","minecraft:use_effects"]	9b4bf051a761dcb6c8ee7150de2a7002466b7a903ba82690ef8e7f1e39d9fb58
minecraft:dispenser	["minecraft:attack_animation","minecraft:attribute_modifiers","minecraft:break_sound","minecraft:container","minecraft:enchantments","minecraft:interact_animation","minecraft:item_model","minecraft:item_name","minecraft:lore","minecraft:max_stack_size","minecraft:rarity","minecraft:repair_cost","minecraft:tooltip_display","minecraft:use_effects"]	3bb9c737ca30851c36095bd3d0b5759d67cd2871d8ee73ae9c685c2372047de1
minecraft:dolphin_spawn_egg	["minecraft:attack_animation","minecraft:attribute_modifiers","minecraft:break_sound","minecraft:enchantments","minecraft:entity_data","minecraft:interact_animation","minecraft:item_model","minecraft:item_name","minecraft:lore","minecraft:max_stack_size","minecraft:rarity","minecraft:repair_cost","minecraft:tooltip_display","minecraft:use_effects"]	d58730c63ced4d65163b8fccfff230b6849b3a8148f30e60e97e1649b5f90ab5
minecraft:donkey_spawn_egg	["minecraft:attack_animation","minecraft:attribute_modifiers","minecraft:break_sound","minecraft:enchantments","minecraft:entity_data","minecraft:interact_animation","minecraft:item_model","minecraft:item_name","minecraft:lore","minecraft:max_stack_size","minecraft:rarity","minecraft:repair_cost","minecraft:tooltip_display","minecraft:use_effects"]	e3c2f697fc1a3759e39e913d1f56bfc696e430dfbd112758106178bccf95b8c1
minecraft:dragon_breath	["minecraft:attack_animation","minecraft:attribute_modifiers","minecraft:break_sound","minecraft:enchantments","minecraft:interact_animation","minecraft:item_model","minecraft:item_name","minecraft:lore","minecraft:max_stack_size","minecraft:rarity","minecraft:repair_cost","minecraft:tooltip_display","minecraft:use_effects"]	f1157fd6f05c369bc8d0c2af9329a0b1a3fb6422ff0b356ee2b5a13096d0f0b2
minecraft:dragon_egg	["minecraft:attack_animation","minecraft:attribute_modifiers","minecraft:break_sound","minecraft:enchantments","minecraft:interact_animation","minecraft:item_model","minecraft:item_name","minecraft:lore","minecraft:max_stack_size","minecraft:rarity","minecraft:repair_cost","minecraft:tooltip_display","minecraft:use_effects"]	36d0d3db0a561e187909319a75c48deb50ccc85559e1eb331a1235b383101e91
minecraft:dragon_head	["minecraft:attack_animation","minecraft:attribute_modifiers","minecraft:break_sound","minecraft:enchantments","minecraft:equippable","minecraft:interact_animation","minecraft:item_model","minecraft:item_name","minecraft:lore","minecraft:max_stack_size","minecraft:rarity","minecraft:repair_cost","minecraft:tooltip_display","minecraft:use_effects"]	1ea9b3c16ebe146229f4f46fc6f206f56c039ec6398cfa8377ae970e935969cd
minecraft:dried_ghast	["minecraft:attack_animation","minecraft:attribute_modifiers","minecraft:break_sound","minecraft:enchantments","minecraft:interact_animation","minecraft:item_model","minecraft:item_name","minecraft:lore","minecraft:max_stack_size","minecraft:rarity","minecraft:repair_cost","minecraft:tooltip_display","minecraft:use_effects"]	47ea967e086f42173c8343b411b41b3d1474e22b650c4f647cd757e9949b4a91
minecraft:dried_kelp	["minecraft:attack_animation","minecraft:attribute_modifiers","minecraft:break_sound","minecraft:compostable","minecraft:consumable","minecraft:enchantments","minecraft:food","minecraft:interact_animation","minecraft:item_model","minecraft:item_name","minecraft:lore","minecraft:max_stack_size","minecraft:rarity","minecraft:repair_cost","minecraft:tooltip_display","minecraft:use_effects"]	096f1f94e19cbe3d5785e9030e974b4d42a27cf3b6f904778a60154a2eee732c
minecraft:dried_kelp_block	["minecraft:attack_animation","minecraft:attribute_modifiers","minecraft:break_sound","minecraft:compostable","minecraft:cooking_fuel","minecraft:enchantments","minecraft:interact_animation","minecraft:item_model","minecraft:item_name","minecraft:lore","minecraft:max_stack_size","minecraft:rarity","minecraft:repair_cost","minecraft:tooltip_display","minecraft:use_effects"]	b8f826ad5c4166d4fd83e306ffb67034b223b57ea6a30dd1b604432ddca53491
minecraft:dripstone_block	["minecraft:attack_animation","minecraft:attribute_modifiers","minecraft:break_sound","minecraft:enchantments","minecraft:interact_animation","minecraft:item_model","minecraft:item_name","minecraft:lore","minecraft:max_stack_size","minecraft:rarity","minecraft:repair_cost","minecraft:tooltip_display","minecraft:use_effects"]	4127a9a17b9d4ea199d5d567d2a6eddd4b42c5c720e7f03580b3cb7619076fbe
minecraft:dropper	["minecraft:attack_animation","minecraft:attribute_modifiers","minecraft:break_sound","minecraft:container","minecraft:enchantments","minecraft:interact_animation","minecraft:item_model","minecraft:item_name","minecraft:lore","minecraft:max_stack_size","minecraft:rarity","minecraft:repair_cost","minecraft:tooltip_display","minecraft:use_effects"]	18d1f78da052640d38d7f2435ad5e38c50310db8fbb45cacf15b24af23c26807
minecraft:drowned_spawn_egg	["minecraft:attack_animation","minecraft:attribute_modifiers","minecraft:break_sound","minecraft:enchantments","minecraft:entity_data","minecraft:interact_animation","minecraft:item_model","minecraft:item_name","minecraft:lore","minecraft:max_stack_size","minecraft:rarity","minecraft:repair_cost","minecraft:tooltip_display","minecraft:use_effects"]	693fff3d81f039ba340297794a41e86a4370436bdf790af3f438530d0c5fd6c6
minecraft:dune_armor_trim_smithing_template	["minecraft:attack_animation","minecraft:attribute_modifiers","minecraft:break_sound","minecraft:enchantments","minecraft:interact_animation","minecraft:item_model","minecraft:item_name","minecraft:lore","minecraft:max_stack_size","minecraft:rarity","minecraft:repair_cost","minecraft:tooltip_display","minecraft:use_effects"]	920ceb36ba94718f904f10dcdc3a54657f3c2c1f79afe4a57c13beed25184493
minecraft:echo_shard	["minecraft:attack_animation","minecraft:attribute_modifiers","minecraft:break_sound","minecraft:enchantments","minecraft:interact_animation","minecraft:item_model","minecraft:item_name","minecraft:lore","minecraft:max_stack_size","minecraft:rarity","minecraft:repair_cost","minecraft:tooltip_display","minecraft:use_effects"]	1a0dc2b1be0ec04bfd61e2ceb1ad1f90f4622168040d548a16bdb9817e2fdfd0
minecraft:egg	["minecraft:attack_animation","minecraft:attribute_modifiers","minecraft:break_sound","minecraft:chicken/variant","minecraft:enchantments","minecraft:interact_animation","minecraft:item_model","minecraft:item_name","minecraft:lore","minecraft:max_stack_size","minecraft:rarity","minecraft:repair_cost","minecraft:tooltip_display","minecraft:use_effects"]	99ae98ef48032030c135d8b91aa8c168dfaba9585a6192729737b886ae5abb0c
minecraft:elder_guardian_spawn_egg	["minecraft:attack_animation","minecraft:attribute_modifiers","minecraft:break_sound","minecraft:enchantments","minecraft:entity_data","minecraft:interact_animation","minecraft:item_model","minecraft:item_name","minecraft:lore","minecraft:max_stack_size","minecraft:rarity","minecraft:repair_cost","minecraft:tooltip_display","minecraft:use_effects"]	4d0ddf01f4370f4afd8b5645c4f3bf82b7c535f799059d7be8ed7cf7e4d5e515
minecraft:elytra	["minecraft:attack_animation","minecraft:attribute_modifiers","minecraft:break_sound","minecraft:damage","minecraft:enchantments","minecraft:equippable","minecraft:glider","minecraft:interact_animation","minecraft:item_model","minecraft:item_name","minecraft:lore","minecraft:max_damage","minecraft:max_stack_size","minecraft:rarity","minecraft:repair_cost","minecraft:repairable","minecraft:tooltip_display","minecraft:use_effects"]	5b6bafb05fdb3837c0d627d93fe45753247e09199362e0712264c6ceada0ca1a
minecraft:emerald	["minecraft:attack_animation","minecraft:attribute_modifiers","minecraft:break_sound","minecraft:enchantments","minecraft:interact_animation","minecraft:item_model","minecraft:item_name","minecraft:lore","minecraft:max_stack_size","minecraft:provides_trim_material","minecraft:rarity","minecraft:repair_cost","minecraft:tooltip_display","minecraft:use_effects"]	777c97bb4e44e4ec3ba70ad42691597ad9cb9c345794aeeb6faac4543cad6c25
minecraft:emerald_block	["minecraft:attack_animation","minecraft:attribute_modifiers","minecraft:break_sound","minecraft:enchantments","minecraft:interact_animation","minecraft:item_model","minecraft:item_name","minecraft:lore","minecraft:max_stack_size","minecraft:rarity","minecraft:repair_cost","minecraft:tooltip_display","minecraft:use_effects"]	e6966e9bf656bfc9df6b8a6ce2a4c8f6326541216b5aa37be658a24fdf34aefb
minecraft:emerald_ore	["minecraft:attack_animation","minecraft:attribute_modifiers","minecraft:break_sound","minecraft:enchantments","minecraft:interact_animation","minecraft:item_model","minecraft:item_name","minecraft:lore","minecraft:max_stack_size","minecraft:rarity","minecraft:repair_cost","minecraft:tooltip_display","minecraft:use_effects"]	10f1ed1566dc5e8ea393bc1a17ce4e9e67d81d7a3b78b24a3fc3c167c8f17b8f
minecraft:enchanted_book	["minecraft:attack_animation","minecraft:attribute_modifiers","minecraft:break_sound","minecraft:enchantment_glint_override","minecraft:enchantments","minecraft:interact_animation","minecraft:item_model","minecraft:item_name","minecraft:lore","minecraft:max_stack_size","minecraft:rarity","minecraft:repair_cost","minecraft:stored_enchantments","minecraft:tooltip_display","minecraft:use_effects"]	17e5ff8c070da2c5d4517fa6cd3450f7064f2b6b7f843017c9812f303f8c07be
minecraft:enchanted_golden_apple	["minecraft:attack_animation","minecraft:attribute_modifiers","minecraft:break_sound","minecraft:consumable","minecraft:enchantment_glint_override","minecraft:enchantments","minecraft:food","minecraft:interact_animation","minecraft:item_model","minecraft:item_name","minecraft:lore","minecraft:max_stack_size","minecraft:rarity","minecraft:repair_cost","minecraft:tooltip_display","minecraft:use_effects"]	4f0bc98ea17018db019d3abf4e2544a180e4c07bc21fa01135f3363ee2d3ff00
minecraft:enchanting_table	["minecraft:attack_animation","minecraft:attribute_modifiers","minecraft:break_sound","minecraft:enchantments","minecraft:interact_animation","minecraft:item_model","minecraft:item_name","minecraft:lore","minecraft:max_stack_size","minecraft:rarity","minecraft:repair_cost","minecraft:tooltip_display","minecraft:use_effects"]	9b480dd11e6a7ceb6c3b66fc47b24b2c5df539c124edb4bab35b7fc546bf0eb6
minecraft:end_crystal	["minecraft:attack_animation","minecraft:attribute_modifiers","minecraft:break_sound","minecraft:enchantment_glint_override","minecraft:enchantments","minecraft:interact_animation","minecraft:item_model","minecraft:item_name","minecraft:lore","minecraft:max_stack_size","minecraft:rarity","minecraft:repair_cost","minecraft:tooltip_display","minecraft:use_effects"]	b77dd8ad0f367b18e7d2eda7f151ec24d2fd56be29e98bb993e6cd5d8080b3ba
minecraft:end_portal_frame	["minecraft:attack_animation","minecraft:attribute_modifiers","minecraft:break_sound","minecraft:enchantments","minecraft:interact_animation","minecraft:item_model","minecraft:item_name","minecraft:lore","minecraft:max_stack_size","minecraft:rarity","minecraft:repair_cost","minecraft:tooltip_display","minecraft:use_effects"]	da2c541ff6e0a2bf9cab3a6e02a3e2fdc2c38579d7aae24bd5af253e7868c7d8
minecraft:end_rod	["minecraft:attack_animation","minecraft:attribute_modifiers","minecraft:break_sound","minecraft:enchantments","minecraft:interact_animation","minecraft:item_model","minecraft:item_name","minecraft:lore","minecraft:max_stack_size","minecraft:rarity","minecraft:repair_cost","minecraft:tooltip_display","minecraft:use_effects"]	7a9c011a72001bfb1e2d1b5b7d8ed8eb7daf984444439706ae2449f4818eaf14
minecraft:end_stone	["minecraft:attack_animation","minecraft:attribute_modifiers","minecraft:break_sound","minecraft:enchantments","minecraft:interact_animation","minecraft:item_model","minecraft:item_name","minecraft:lore","minecraft:max_stack_size","minecraft:rarity","minecraft:repair_cost","minecraft:tooltip_display","minecraft:use_effects"]	1d7d24a8f88bc929c45b55aac4271858728131f4e35d01d07beaa0e40f780b60
minecraft:end_stone_brick_slab	["minecraft:attack_animation","minecraft:attribute_modifiers","minecraft:break_sound","minecraft:enchantments","minecraft:interact_animation","minecraft:item_model","minecraft:item_name","minecraft:lore","minecraft:max_stack_size","minecraft:rarity","minecraft:repair_cost","minecraft:tooltip_display","minecraft:use_effects"]	1865c971f5c724bc91def2f6c5fb135780ebbe848afe9846455d278a2e0aee92
minecraft:end_stone_brick_stairs	["minecraft:attack_animation","minecraft:attribute_modifiers","minecraft:break_sound","minecraft:enchantments","minecraft:interact_animation","minecraft:item_model","minecraft:item_name","minecraft:lore","minecraft:max_stack_size","minecraft:rarity","minecraft:repair_cost","minecraft:tooltip_display","minecraft:use_effects"]	57b9d489839eb6630d0b311d062f02e2c6a4089df949e22657e4cf2996d62074
minecraft:end_stone_brick_wall	["minecraft:attack_animation","minecraft:attribute_modifiers","minecraft:break_sound","minecraft:enchantments","minecraft:interact_animation","minecraft:item_model","minecraft:item_name","minecraft:lore","minecraft:max_stack_size","minecraft:rarity","minecraft:repair_cost","minecraft:tooltip_display","minecraft:use_effects"]	417a013a989cd933d5c77cebd0aa16f79cc782e506cde0a1365597883baea370
minecraft:end_stone_bricks	["minecraft:attack_animation","minecraft:attribute_modifiers","minecraft:break_sound","minecraft:enchantments","minecraft:interact_animation","minecraft:item_model","minecraft:item_name","minecraft:lore","minecraft:max_stack_size","minecraft:rarity","minecraft:repair_cost","minecraft:tooltip_display","minecraft:use_effects"]	cd98b449492b1e695843ebd76c653f0ebb0200c640feb1c8c529be646118b4fc
minecraft:ender_chest	["minecraft:attack_animation","minecraft:attribute_modifiers","minecraft:break_sound","minecraft:enchantments","minecraft:interact_animation","minecraft:item_model","minecraft:item_name","minecraft:lore","minecraft:max_stack_size","minecraft:rarity","minecraft:repair_cost","minecraft:tooltip_display","minecraft:use_effects"]	cdf08359333453dd40c50df0c30cb9ffbe11a788b63125079302e335f4a89117
minecraft:ender_dragon_spawn_egg	["minecraft:attack_animation","minecraft:attribute_modifiers","minecraft:break_sound","minecraft:enchantments","minecraft:entity_data","minecraft:interact_animation","minecraft:item_model","minecraft:item_name","minecraft:lore","minecraft:max_stack_size","minecraft:rarity","minecraft:repair_cost","minecraft:tooltip_display","minecraft:use_effects"]	f488a88054c91db93efdf2cd57b029c02a066a828136f55389befd1861a19d91
minecraft:ender_eye	["minecraft:attack_animation","minecraft:attribute_modifiers","minecraft:break_sound","minecraft:enchantments","minecraft:interact_animation","minecraft:item_model","minecraft:item_name","minecraft:lore","minecraft:max_stack_size","minecraft:rarity","minecraft:repair_cost","minecraft:tooltip_display","minecraft:use_effects"]	bd7cb9c13bd79fc1a4d450686bf8bb865f665465e0f8782ffe653b5aba0fdb63
minecraft:ender_pearl	["minecraft:attack_animation","minecraft:attribute_modifiers","minecraft:break_sound","minecraft:enchantments","minecraft:interact_animation","minecraft:item_model","minecraft:item_name","minecraft:lore","minecraft:max_stack_size","minecraft:rarity","minecraft:repair_cost","minecraft:tooltip_display","minecraft:use_cooldown","minecraft:use_effects"]	df0d93f632e9b9d63ad11cac7bbca18508bcf5fdabab4355c8a735a645c892d0
minecraft:enderman_spawn_egg	["minecraft:attack_animation","minecraft:attribute_modifiers","minecraft:break_sound","minecraft:enchantments","minecraft:entity_data","minecraft:interact_animation","minecraft:item_model","minecraft:item_name","minecraft:lore","minecraft:max_stack_size","minecraft:rarity","minecraft:repair_cost","minecraft:tooltip_display","minecraft:use_effects"]	0df79a82e6fa6de34aac4498e58e4541d3060d7c286f0274cca0ad6494eef9b5
minecraft:endermite_spawn_egg	["minecraft:attack_animation","minecraft:attribute_modifiers","minecraft:break_sound","minecraft:enchantments","minecraft:entity_data","minecraft:interact_animation","minecraft:item_model","minecraft:item_name","minecraft:lore","minecraft:max_stack_size","minecraft:rarity","minecraft:repair_cost","minecraft:tooltip_display","minecraft:use_effects"]	b7b23dd42efef50e596b734098453d068d8154f33e141da1053c0a413dde43d8
minecraft:evoker_spawn_egg	["minecraft:attack_animation","minecraft:attribute_modifiers","minecraft:break_sound","minecraft:enchantments","minecraft:entity_data","minecraft:interact_animation","minecraft:item_model","minecraft:item_name","minecraft:lore","minecraft:max_stack_size","minecraft:rarity","minecraft:repair_cost","minecraft:tooltip_display","minecraft:use_effects"]	e07e4fe9afb7ef1d0ca1f0c91fd2fad48637af5a99a17a68eda4462194e9e477
minecraft:experience_bottle	["minecraft:attack_animation","minecraft:attribute_modifiers","minecraft:break_sound","minecraft:enchantment_glint_override","minecraft:enchantments","minecraft:interact_animation","minecraft:item_model","minecraft:item_name","minecraft:lore","minecraft:max_stack_size","minecraft:rarity","minecraft:repair_cost","minecraft:tooltip_display","minecraft:use_effects"]	2300a4723cd2065690e3c771d3dc7398be5f4d940d0a01daacb62bae769f485c
minecraft:explorer_pottery_sherd	["minecraft:attack_animation","minecraft:attribute_modifiers","minecraft:break_sound","minecraft:enchantments","minecraft:interact_animation","minecraft:item_model","minecraft:item_name","minecraft:lore","minecraft:max_stack_size","minecraft:provides_pottery_pattern","minecraft:rarity","minecraft:repair_cost","minecraft:tooltip_display","minecraft:use_effects"]	5bcb95b0ce68c80aba737b5038853ea4e57bcb0ed47d9b26ee5c29895c916166
minecraft:exposed_chiseled_copper	["minecraft:attack_animation","minecraft:attribute_modifiers","minecraft:break_sound","minecraft:enchantments","minecraft:interact_animation","minecraft:item_model","minecraft:item_name","minecraft:lore","minecraft:max_stack_size","minecraft:rarity","minecraft:repair_cost","minecraft:tooltip_display","minecraft:use_effects"]	bea233616bfc4ffb86fa50758aa8e027ca623123f886b34cd671e525d410cd99
minecraft:exposed_copper	["minecraft:attack_animation","minecraft:attribute_modifiers","minecraft:break_sound","minecraft:enchantments","minecraft:interact_animation","minecraft:item_model","minecraft:item_name","minecraft:lore","minecraft:max_stack_size","minecraft:rarity","minecraft:repair_cost","minecraft:tooltip_display","minecraft:use_effects"]	6dd2cc29db13e9681be282db5d291ff061fbbdc867143d52f7c8c2f415d8dc9f
minecraft:exposed_copper_bars	["minecraft:attack_animation","minecraft:attribute_modifiers","minecraft:break_sound","minecraft:enchantments","minecraft:interact_animation","minecraft:item_model","minecraft:item_name","minecraft:lore","minecraft:max_stack_size","minecraft:rarity","minecraft:repair_cost","minecraft:tooltip_display","minecraft:use_effects"]	b0c11a5158d27950aaebf893bd41e979148428dfa784cb0bc9ba7a7aca939d56
minecraft:exposed_copper_bulb	["minecraft:attack_animation","minecraft:attribute_modifiers","minecraft:break_sound","minecraft:enchantments","minecraft:interact_animation","minecraft:item_model","minecraft:item_name","minecraft:lore","minecraft:max_stack_size","minecraft:rarity","minecraft:repair_cost","minecraft:tooltip_display","minecraft:use_effects"]	6ef60782e419a6d1fb13a715da8990e0f29901a5d07f1e2b0382004e7c4506e3
minecraft:exposed_copper_chain	["minecraft:attack_animation","minecraft:attribute_modifiers","minecraft:break_sound","minecraft:enchantments","minecraft:interact_animation","minecraft:item_model","minecraft:item_name","minecraft:lore","minecraft:max_stack_size","minecraft:rarity","minecraft:repair_cost","minecraft:tooltip_display","minecraft:use_effects"]	fdaccf760c800dcf3a86614a6042ac0a1ff99cd74d54ee7edffa491c7d8c0fa9
minecraft:exposed_copper_chest	["minecraft:attack_animation","minecraft:attribute_modifiers","minecraft:break_sound","minecraft:enchantments","minecraft:interact_animation","minecraft:item_model","minecraft:item_name","minecraft:lore","minecraft:max_stack_size","minecraft:rarity","minecraft:repair_cost","minecraft:tooltip_display","minecraft:use_effects"]	f192c02637c56f3f3ea4702b359f5280fb77c0a915d3782ba083b6d4479d08df
minecraft:exposed_copper_door	["minecraft:attack_animation","minecraft:attribute_modifiers","minecraft:break_sound","minecraft:enchantments","minecraft:interact_animation","minecraft:item_model","minecraft:item_name","minecraft:lore","minecraft:max_stack_size","minecraft:rarity","minecraft:repair_cost","minecraft:tooltip_display","minecraft:use_effects"]	a71d17044232a3f7dae1324a249528d3f28bf8831e61fb24d649be5e47dc70f4
minecraft:exposed_copper_golem_statue	["minecraft:attack_animation","minecraft:attribute_modifiers","minecraft:block_state","minecraft:break_sound","minecraft:enchantments","minecraft:interact_animation","minecraft:item_model","minecraft:item_name","minecraft:lore","minecraft:max_stack_size","minecraft:rarity","minecraft:repair_cost","minecraft:tooltip_display","minecraft:use_effects"]	1bfb714fb0874d7e0da81c4bed2dbbc422467fffb82ebfb46db5b5dbeba3f9eb
minecraft:exposed_copper_grate	["minecraft:attack_animation","minecraft:attribute_modifiers","minecraft:break_sound","minecraft:enchantments","minecraft:interact_animation","minecraft:item_model","minecraft:item_name","minecraft:lore","minecraft:max_stack_size","minecraft:rarity","minecraft:repair_cost","minecraft:tooltip_display","minecraft:use_effects"]	7fe58efc94c25ebbca0f9933defade238e2c3c95d07f14a6a37aed802d23fe27
minecraft:exposed_copper_lantern	["minecraft:attack_animation","minecraft:attribute_modifiers","minecraft:break_sound","minecraft:enchantments","minecraft:interact_animation","minecraft:item_model","minecraft:item_name","minecraft:lore","minecraft:max_stack_size","minecraft:rarity","minecraft:repair_cost","minecraft:tooltip_display","minecraft:use_effects"]	0c5910bd7397253ab9f57e1a79168771bf3babc4c9f4081ce4a7f0c1f5309b69
minecraft:exposed_copper_trapdoor	["minecraft:attack_animation","minecraft:attribute_modifiers","minecraft:break_sound","minecraft:enchantments","minecraft:interact_animation","minecraft:item_model","minecraft:item_name","minecraft:lore","minecraft:max_stack_size","minecraft:rarity","minecraft:repair_cost","minecraft:tooltip_display","minecraft:use_effects"]	e16862973f4f49148398178953d8c23934ff76f755d150339e34f4b4c0ea2ff5
minecraft:exposed_cut_copper	["minecraft:attack_animation","minecraft:attribute_modifiers","minecraft:break_sound","minecraft:enchantments","minecraft:interact_animation","minecraft:item_model","minecraft:item_name","minecraft:lore","minecraft:max_stack_size","minecraft:rarity","minecraft:repair_cost","minecraft:tooltip_display","minecraft:use_effects"]	66d817533c0a79bd4209d65e5f0eb8e2acaeab7a29e925e3e3d0aed385d404bb
minecraft:exposed_cut_copper_slab	["minecraft:attack_animation","minecraft:attribute_modifiers","minecraft:break_sound","minecraft:enchantments","minecraft:interact_animation","minecraft:item_model","minecraft:item_name","minecraft:lore","minecraft:max_stack_size","minecraft:rarity","minecraft:repair_cost","minecraft:tooltip_display","minecraft:use_effects"]	2f5504b036060d791ea6ad3bb4557bf87285c8cfe6d40010b0add417205d483d
minecraft:exposed_cut_copper_stairs	["minecraft:attack_animation","minecraft:attribute_modifiers","minecraft:break_sound","minecraft:enchantments","minecraft:interact_animation","minecraft:item_model","minecraft:item_name","minecraft:lore","minecraft:max_stack_size","minecraft:rarity","minecraft:repair_cost","minecraft:tooltip_display","minecraft:use_effects"]	65a2d22dc10b267c62dd7335924c9c83652c046c7ba92b18777dc510d66d6f8a
minecraft:exposed_lightning_rod	["minecraft:attack_animation","minecraft:attribute_modifiers","minecraft:break_sound","minecraft:enchantments","minecraft:interact_animation","minecraft:item_model","minecraft:item_name","minecraft:lore","minecraft:max_stack_size","minecraft:rarity","minecraft:repair_cost","minecraft:tooltip_display","minecraft:use_effects"]	8d8ae662ac6f981b06dbd3b2993ddd90fd43902d8568a971bdbf39c6cdf4748c
minecraft:eye_armor_trim_smithing_template	["minecraft:attack_animation","minecraft:attribute_modifiers","minecraft:break_sound","minecraft:enchantments","minecraft:interact_animation","minecraft:item_model","minecraft:item_name","minecraft:lore","minecraft:max_stack_size","minecraft:rarity","minecraft:repair_cost","minecraft:tooltip_display","minecraft:use_effects"]	0d8d45cfd2a72a90133543b4fb2c118eca4a66c1b754d801ba236f59be97cbc8
minecraft:farmland	["minecraft:attack_animation","minecraft:attribute_modifiers","minecraft:break_sound","minecraft:enchantments","minecraft:interact_animation","minecraft:item_model","minecraft:item_name","minecraft:lore","minecraft:max_stack_size","minecraft:rarity","minecraft:repair_cost","minecraft:tooltip_display","minecraft:use_effects"]	57be78b2c748f403e3d1abe51a33514043442826140316fdd754ceb28851706d
minecraft:feather	["minecraft:attack_animation","minecraft:attribute_modifiers","minecraft:break_sound","minecraft:enchantments","minecraft:interact_animation","minecraft:item_model","minecraft:item_name","minecraft:lore","minecraft:max_stack_size","minecraft:rarity","minecraft:repair_cost","minecraft:tooltip_display","minecraft:use_effects"]	223205a1cf3b0e9848b1d6421ecddfcba7789d00082aedc328a960ba1aebefa3
minecraft:fermented_spider_eye	["minecraft:attack_animation","minecraft:attribute_modifiers","minecraft:break_sound","minecraft:enchantments","minecraft:interact_animation","minecraft:item_model","minecraft:item_name","minecraft:lore","minecraft:max_stack_size","minecraft:rarity","minecraft:repair_cost","minecraft:tooltip_display","minecraft:use_effects"]	516ad1b3c41be16d63d030299e76615b0ed5f6a8fddfd74634e1f2067e63748f
minecraft:fern	["minecraft:attack_animation","minecraft:attribute_modifiers","minecraft:break_sound","minecraft:compostable","minecraft:enchantments","minecraft:interact_animation","minecraft:item_model","minecraft:item_name","minecraft:lore","minecraft:max_stack_size","minecraft:rarity","minecraft:repair_cost","minecraft:tooltip_display","minecraft:use_effects"]	f85c7066d74fd6d4be8b51385e1290214b966ef9653313c0f776843b2eebb166
minecraft:field_masoned_banner_pattern	["minecraft:attack_animation","minecraft:attribute_modifiers","minecraft:break_sound","minecraft:enchantments","minecraft:interact_animation","minecraft:item_model","minecraft:item_name","minecraft:lore","minecraft:max_stack_size","minecraft:provides_banner_patterns","minecraft:rarity","minecraft:repair_cost","minecraft:tooltip_display","minecraft:use_effects"]	b5dbe95488624db42d9c6bea303a1f2f219aae03b0346923e8163714d3b0717e
minecraft:filled_map	["minecraft:attack_animation","minecraft:attribute_modifiers","minecraft:break_sound","minecraft:enchantments","minecraft:interact_animation","minecraft:item_model","minecraft:item_name","minecraft:lore","minecraft:map_decorations","minecraft:max_stack_size","minecraft:rarity","minecraft:repair_cost","minecraft:tooltip_display","minecraft:use_effects"]	b1b91ab43191c352ba77c544962a6ac6cfdff8a8d215d5f63ff37a5a6c6d8ea3
minecraft:fire_charge	["minecraft:attack_animation","minecraft:attribute_modifiers","minecraft:break_sound","minecraft:enchantments","minecraft:interact_animation","minecraft:item_model","minecraft:item_name","minecraft:lore","minecraft:max_stack_size","minecraft:rarity","minecraft:repair_cost","minecraft:tooltip_display","minecraft:use_effects"]	acb18945b5d4355c9ba5e968b9654558748bb325a1a25dc6055914b61a0e925f
minecraft:fire_coral	["minecraft:attack_animation","minecraft:attribute_modifiers","minecraft:break_sound","minecraft:enchantments","minecraft:interact_animation","minecraft:item_model","minecraft:item_name","minecraft:lore","minecraft:max_stack_size","minecraft:rarity","minecraft:repair_cost","minecraft:tooltip_display","minecraft:use_effects"]	4a7158e69fd1a6808d2580c37a5175050b5b0e7ab9f1517e9faf712c2b72d407
minecraft:fire_coral_block	["minecraft:attack_animation","minecraft:attribute_modifiers","minecraft:break_sound","minecraft:enchantments","minecraft:interact_animation","minecraft:item_model","minecraft:item_name","minecraft:lore","minecraft:max_stack_size","minecraft:rarity","minecraft:repair_cost","minecraft:tooltip_display","minecraft:use_effects"]	713f7fe1670905e264a2f934dc371a46c43bdb7a8b22d0fb76ce14d9523097e6
minecraft:fire_coral_fan	["minecraft:attack_animation","minecraft:attribute_modifiers","minecraft:break_sound","minecraft:enchantments","minecraft:interact_animation","minecraft:item_model","minecraft:item_name","minecraft:lore","minecraft:max_stack_size","minecraft:rarity","minecraft:repair_cost","minecraft:tooltip_display","minecraft:use_effects"]	b034764559d86f45999b3d974c110f7e270857562fa28236a344e5795d7af3ac
minecraft:firefly_bush	["minecraft:attack_animation","minecraft:attribute_modifiers","minecraft:break_sound","minecraft:compostable","minecraft:enchantments","minecraft:interact_animation","minecraft:item_model","minecraft:item_name","minecraft:lore","minecraft:max_stack_size","minecraft:rarity","minecraft:repair_cost","minecraft:tooltip_display","minecraft:use_effects"]	4fc94848b3de35e0542b1a276ad03cbd98002e6e295e5cb60a654d6de7a6b79f
minecraft:firework_rocket	["minecraft:attack_animation","minecraft:attribute_modifiers","minecraft:break_sound","minecraft:enchantments","minecraft:fireworks","minecraft:interact_animation","minecraft:item_model","minecraft:item_name","minecraft:lore","minecraft:max_stack_size","minecraft:rarity","minecraft:repair_cost","minecraft:tooltip_display","minecraft:use_effects"]	5ce963a7f88e3cf5426a836c5e38e3ed088828d79ff22aed44876d38bfdfc264
minecraft:firework_star	["minecraft:attack_animation","minecraft:attribute_modifiers","minecraft:break_sound","minecraft:enchantments","minecraft:interact_animation","minecraft:item_model","minecraft:item_name","minecraft:lore","minecraft:max_stack_size","minecraft:rarity","minecraft:repair_cost","minecraft:tooltip_display","minecraft:use_effects"]	4a0e71becfe523545cfdd2189c533ec685e8b96241f84c1bd72c1c8142e2b802
minecraft:fishing_rod	["minecraft:attack_animation","minecraft:attribute_modifiers","minecraft:break_sound","minecraft:cooking_fuel","minecraft:damage","minecraft:enchantable","minecraft:enchantments","minecraft:interact_animation","minecraft:item_model","minecraft:item_name","minecraft:lore","minecraft:max_damage","minecraft:max_stack_size","minecraft:rarity","minecraft:repair_cost","minecraft:tooltip_display","minecraft:use_effects"]	86c267427a08873ffe9168ee9b87e8880ed70b74f23e0583747ab18455bbe5d0
minecraft:fletching_table	["minecraft:attack_animation","minecraft:attribute_modifiers","minecraft:break_sound","minecraft:cooking_fuel","minecraft:enchantments","minecraft:interact_animation","minecraft:item_model","minecraft:item_name","minecraft:lore","minecraft:max_stack_size","minecraft:rarity","minecraft:repair_cost","minecraft:tooltip_display","minecraft:use_effects"]	ebf2cb0077da97694d97f1e480583a8eb037569003bfb5babe6068cd1a0def3a
minecraft:flint	["minecraft:attack_animation","minecraft:attribute_modifiers","minecraft:break_sound","minecraft:enchantments","minecraft:interact_animation","minecraft:item_model","minecraft:item_name","minecraft:lore","minecraft:max_stack_size","minecraft:rarity","minecraft:repair_cost","minecraft:tooltip_display","minecraft:use_effects"]	66701f0445387f6e9608f7c0bdd16643bf5202f167348afc88c9de858ee69e49
minecraft:flint_and_steel	["minecraft:attack_animation","minecraft:attribute_modifiers","minecraft:break_sound","minecraft:damage","minecraft:enchantments","minecraft:interact_animation","minecraft:item_model","minecraft:item_name","minecraft:lore","minecraft:max_damage","minecraft:max_stack_size","minecraft:rarity","minecraft:repair_cost","minecraft:tooltip_display","minecraft:use_effects"]	e3e06c32a988338adb7bc58dacce165e8938007c66188e968b392db857344a3a
minecraft:flow_armor_trim_smithing_template	["minecraft:attack_animation","minecraft:attribute_modifiers","minecraft:break_sound","minecraft:enchantments","minecraft:interact_animation","minecraft:item_model","minecraft:item_name","minecraft:lore","minecraft:max_stack_size","minecraft:rarity","minecraft:repair_cost","minecraft:tooltip_display","minecraft:use_effects"]	4642981323531c0559656129e506c0dc799f2162f3ebc8533004fcb6a73113e0
minecraft:flow_banner_pattern	["minecraft:attack_animation","minecraft:attribute_modifiers","minecraft:break_sound","minecraft:enchantments","minecraft:interact_animation","minecraft:item_model","minecraft:item_name","minecraft:lore","minecraft:max_stack_size","minecraft:provides_banner_patterns","minecraft:rarity","minecraft:repair_cost","minecraft:tooltip_display","minecraft:use_effects"]	548b45c4c0991724b6d26514f1e75f3751f40b9cc2e9d49b64675a8bd4739847
minecraft:flow_pottery_sherd	["minecraft:attack_animation","minecraft:attribute_modifiers","minecraft:break_sound","minecraft:enchantments","minecraft:interact_animation","minecraft:item_model","minecraft:item_name","minecraft:lore","minecraft:max_stack_size","minecraft:provides_pottery_pattern","minecraft:rarity","minecraft:repair_cost","minecraft:tooltip_display","minecraft:use_effects"]	11f29188afc47c003b1f012da4c984bef0207d8a7c67a1a2cc4e0bc6023b188c
minecraft:flower_banner_pattern	["minecraft:attack_animation","minecraft:attribute_modifiers","minecraft:break_sound","minecraft:enchantments","minecraft:interact_animation","minecraft:item_model","minecraft:item_name","minecraft:lore","minecraft:max_stack_size","minecraft:provides_banner_patterns","minecraft:rarity","minecraft:repair_cost","minecraft:tooltip_display","minecraft:use_effects"]	639167a6d7971d04690657981b1a91c6e207caabd4688cfcc7d2e29eb6d09cbf
minecraft:flower_pot	["minecraft:attack_animation","minecraft:attribute_modifiers","minecraft:break_sound","minecraft:enchantments","minecraft:interact_animation","minecraft:item_model","minecraft:item_name","minecraft:lore","minecraft:max_stack_size","minecraft:rarity","minecraft:repair_cost","minecraft:tooltip_display","minecraft:use_effects"]	ebf58ccc5263c42a5de8aba17305b3f95f0ac974c1f8e86bd4002fcf6cd9a1c6
minecraft:flowering_azalea	["minecraft:attack_animation","minecraft:attribute_modifiers","minecraft:break_sound","minecraft:compostable","minecraft:cooking_fuel","minecraft:enchantments","minecraft:interact_animation","minecraft:item_model","minecraft:item_name","minecraft:lore","minecraft:max_stack_size","minecraft:rarity","minecraft:repair_cost","minecraft:tooltip_display","minecraft:use_effects"]	3f5f55d3a53ce3f33bdc268c9efa649383553bf8767c8c51f0c86963527cfb96
minecraft:flowering_azalea_leaves	["minecraft:attack_animation","minecraft:attribute_modifiers","minecraft:break_sound","minecraft:compostable","minecraft:enchantments","minecraft:interact_animation","minecraft:item_model","minecraft:item_name","minecraft:lore","minecraft:max_stack_size","minecraft:rarity","minecraft:repair_cost","minecraft:tooltip_display","minecraft:use_effects"]	37bf2d721caf41fc9976337d1b51cc5922a70ffdd238396e59a7dea0421496f7
minecraft:fox_spawn_egg	["minecraft:attack_animation","minecraft:attribute_modifiers","minecraft:break_sound","minecraft:enchantments","minecraft:entity_data","minecraft:interact_animation","minecraft:item_model","minecraft:item_name","minecraft:lore","minecraft:max_stack_size","minecraft:rarity","minecraft:repair_cost","minecraft:tooltip_display","minecraft:use_effects"]	8d6b1e42d92fa270a1ece59d42695adc1cba021456818bb8b69c126a43870308
minecraft:friend_pottery_sherd	["minecraft:attack_animation","minecraft:attribute_modifiers","minecraft:break_sound","minecraft:enchantments","minecraft:interact_animation","minecraft:item_model","minecraft:item_name","minecraft:lore","minecraft:max_stack_size","minecraft:provides_pottery_pattern","minecraft:rarity","minecraft:repair_cost","minecraft:tooltip_display","minecraft:use_effects"]	da83c687d61d840cba8dbf923236f3df54c4fdc3d8d1530b6b9a212c9b025cc7
minecraft:frog_spawn_egg	["minecraft:attack_animation","minecraft:attribute_modifiers","minecraft:break_sound","minecraft:enchantments","minecraft:entity_data","minecraft:interact_animation","minecraft:item_model","minecraft:item_name","minecraft:lore","minecraft:max_stack_size","minecraft:rarity","minecraft:repair_cost","minecraft:tooltip_display","minecraft:use_effects"]	63a6598325acd3a96fcd64b31cf99c430111e970489d9fc399123d2ad21d541c
minecraft:frogspawn	["minecraft:attack_animation","minecraft:attribute_modifiers","minecraft:break_sound","minecraft:enchantments","minecraft:interact_animation","minecraft:item_model","minecraft:item_name","minecraft:lore","minecraft:max_stack_size","minecraft:rarity","minecraft:repair_cost","minecraft:tooltip_display","minecraft:use_effects"]	9bb811cf8ea8ff241c6bef72936317c3ec16825a80dcbe8e74f88f449cab7bb5
minecraft:furnace	["minecraft:attack_animation","minecraft:attribute_modifiers","minecraft:break_sound","minecraft:container","minecraft:enchantments","minecraft:interact_animation","minecraft:item_model","minecraft:item_name","minecraft:lore","minecraft:max_stack_size","minecraft:rarity","minecraft:repair_cost","minecraft:tooltip_display","minecraft:use_effects"]	c4fb13c1ed44b6aeed66262f8d9860480ae0b2e8faf71e998118016839322d32
minecraft:furnace_minecart	["minecraft:attack_animation","minecraft:attribute_modifiers","minecraft:break_sound","minecraft:enchantments","minecraft:interact_animation","minecraft:item_model","minecraft:item_name","minecraft:lore","minecraft:max_stack_size","minecraft:rarity","minecraft:repair_cost","minecraft:tooltip_display","minecraft:use_effects"]	8cc93239c70543c915ab6aa83337880d588a1ac6019a58bb3455e6a6054a1865
minecraft:ghast_spawn_egg	["minecraft:attack_animation","minecraft:attribute_modifiers","minecraft:break_sound","minecraft:enchantments","minecraft:entity_data","minecraft:interact_animation","minecraft:item_model","minecraft:item_name","minecraft:lore","minecraft:max_stack_size","minecraft:rarity","minecraft:repair_cost","minecraft:tooltip_display","minecraft:use_effects"]	f13100c962b4f2a1a04649357f28f01527a9b0318e95d42f573551eb29a61b42
minecraft:ghast_tear	["minecraft:attack_animation","minecraft:attribute_modifiers","minecraft:break_sound","minecraft:enchantments","minecraft:interact_animation","minecraft:item_model","minecraft:item_name","minecraft:lore","minecraft:max_stack_size","minecraft:rarity","minecraft:repair_cost","minecraft:tooltip_display","minecraft:use_effects"]	a6b5e93ea6da225a3709db167c41def96db79bfd27f9f7b308e6ce010eaf0f0c
minecraft:gilded_blackstone	["minecraft:attack_animation","minecraft:attribute_modifiers","minecraft:break_sound","minecraft:enchantments","minecraft:interact_animation","minecraft:item_model","minecraft:item_name","minecraft:lore","minecraft:max_stack_size","minecraft:rarity","minecraft:repair_cost","minecraft:tooltip_display","minecraft:use_effects"]	27b531b8a08c6d9b8d935dcdab32c31ce927c77c3cd15cdb23381e0e18d80d33
minecraft:glass	["minecraft:attack_animation","minecraft:attribute_modifiers","minecraft:break_sound","minecraft:enchantments","minecraft:interact_animation","minecraft:item_model","minecraft:item_name","minecraft:lore","minecraft:max_stack_size","minecraft:rarity","minecraft:repair_cost","minecraft:tooltip_display","minecraft:use_effects"]	a675c10e0375e9a41b5252df734c08e172f24f04e39b68db6844e86d41044403
minecraft:glass_bottle	["minecraft:attack_animation","minecraft:attribute_modifiers","minecraft:break_sound","minecraft:enchantments","minecraft:interact_animation","minecraft:item_model","minecraft:item_name","minecraft:lore","minecraft:max_stack_size","minecraft:rarity","minecraft:repair_cost","minecraft:tooltip_display","minecraft:use_effects"]	3b99bb61788394434372302b60d8451e54b57e5ed779103d37a5b4322b2f1103
minecraft:glass_pane	["minecraft:attack_animation","minecraft:attribute_modifiers","minecraft:break_sound","minecraft:enchantments","minecraft:interact_animation","minecraft:item_model","minecraft:item_name","minecraft:lore","minecraft:max_stack_size","minecraft:rarity","minecraft:repair_cost","minecraft:tooltip_display","minecraft:use_effects"]	1d1fe6f39e7d78380cc52f9b8e752afe269a009720680031e70cb94273453fc0
minecraft:glistering_melon_slice	["minecraft:attack_animation","minecraft:attribute_modifiers","minecraft:break_sound","minecraft:enchantments","minecraft:interact_animation","minecraft:item_model","minecraft:item_name","minecraft:lore","minecraft:max_stack_size","minecraft:rarity","minecraft:repair_cost","minecraft:tooltip_display","minecraft:use_effects"]	461e49f3d57a39f19236dc67094b2186a9389a0ec46b137473c58d6df64315f3
minecraft:globe_banner_pattern	["minecraft:attack_animation","minecraft:attribute_modifiers","minecraft:break_sound","minecraft:enchantments","minecraft:interact_animation","minecraft:item_model","minecraft:item_name","minecraft:lore","minecraft:max_stack_size","minecraft:provides_banner_patterns","minecraft:rarity","minecraft:repair_cost","minecraft:tooltip_display","minecraft:use_effects"]	64a07063affb674c0937e68df11d17b949719ef9be930feefe4487280e519d3b
minecraft:glow_berries	["minecraft:attack_animation","minecraft:attribute_modifiers","minecraft:break_sound","minecraft:compostable","minecraft:consumable","minecraft:enchantments","minecraft:food","minecraft:interact_animation","minecraft:item_model","minecraft:item_name","minecraft:lore","minecraft:max_stack_size","minecraft:rarity","minecraft:repair_cost","minecraft:tooltip_display","minecraft:use_effects"]	69990d2ba4e2b952580d122a867a30fa1144cb0539f6222ebd9126c40d0ce643
minecraft:glow_ink_sac	["minecraft:attack_animation","minecraft:attribute_modifiers","minecraft:break_sound","minecraft:enchantments","minecraft:interact_animation","minecraft:item_model","minecraft:item_name","minecraft:lore","minecraft:max_stack_size","minecraft:rarity","minecraft:repair_cost","minecraft:tooltip_display","minecraft:use_effects"]	e7f91318c30223e44afffbf49849ddb3d00acdb0e7e4b78a621c630fc69554d0
minecraft:glow_item_frame	["minecraft:attack_animation","minecraft:attribute_modifiers","minecraft:break_sound","minecraft:enchantments","minecraft:interact_animation","minecraft:item_model","minecraft:item_name","minecraft:lore","minecraft:max_stack_size","minecraft:rarity","minecraft:repair_cost","minecraft:tooltip_display","minecraft:use_effects"]	fe7ee20d369ee4efb8700aa33e8a96d07822b397ed60038590102554516d84f0
minecraft:glow_lichen	["minecraft:attack_animation","minecraft:attribute_modifiers","minecraft:break_sound","minecraft:compostable","minecraft:enchantments","minecraft:interact_animation","minecraft:item_model","minecraft:item_name","minecraft:lore","minecraft:max_stack_size","minecraft:rarity","minecraft:repair_cost","minecraft:tooltip_display","minecraft:use_effects"]	c09eda3c9a73b8a7b0ce7d32a1bdf18dc427de59d818dac8b8f72541468f757b
minecraft:glow_squid_spawn_egg	["minecraft:attack_animation","minecraft:attribute_modifiers","minecraft:break_sound","minecraft:enchantments","minecraft:entity_data","minecraft:interact_animation","minecraft:item_model","minecraft:item_name","minecraft:lore","minecraft:max_stack_size","minecraft:rarity","minecraft:repair_cost","minecraft:tooltip_display","minecraft:use_effects"]	46ed8d85971a377d0fd149e87f0297b903bfcd2586b76bfaf68d9b0d77027d03
minecraft:glowstone	["minecraft:attack_animation","minecraft:attribute_modifiers","minecraft:break_sound","minecraft:enchantments","minecraft:interact_animation","minecraft:item_model","minecraft:item_name","minecraft:lore","minecraft:max_stack_size","minecraft:rarity","minecraft:repair_cost","minecraft:tooltip_display","minecraft:use_effects"]	e58adf2073f9b93767e708967bfbec4179424a9924296fa68bd858fe389db54f
minecraft:glowstone_dust	["minecraft:attack_animation","minecraft:attribute_modifiers","minecraft:break_sound","minecraft:enchantments","minecraft:interact_animation","minecraft:item_model","minecraft:item_name","minecraft:lore","minecraft:max_stack_size","minecraft:rarity","minecraft:repair_cost","minecraft:tooltip_display","minecraft:use_effects"]	924f08749dae757944a5f62a90a8c45f64d693b136f80c10293ead7dda9fc64e
minecraft:goat_horn	["minecraft:attack_animation","minecraft:attribute_modifiers","minecraft:break_sound","minecraft:enchantments","minecraft:instrument","minecraft:interact_animation","minecraft:item_model","minecraft:item_name","minecraft:lore","minecraft:max_stack_size","minecraft:rarity","minecraft:repair_cost","minecraft:tooltip_display","minecraft:use_effects"]	02dc5ba172be32fd4cedd8a3bd2f5963557276768de25f28446c4a0a4c01d689
minecraft:goat_spawn_egg	["minecraft:attack_animation","minecraft:attribute_modifiers","minecraft:break_sound","minecraft:enchantments","minecraft:entity_data","minecraft:interact_animation","minecraft:item_model","minecraft:item_name","minecraft:lore","minecraft:max_stack_size","minecraft:rarity","minecraft:repair_cost","minecraft:tooltip_display","minecraft:use_effects"]	e72e43fe5a54bb164cf123d69b5d195f2db11fcf731e7be240462d811b6cec66
minecraft:gold_block	["minecraft:attack_animation","minecraft:attribute_modifiers","minecraft:break_sound","minecraft:enchantments","minecraft:interact_animation","minecraft:item_model","minecraft:item_name","minecraft:lore","minecraft:max_stack_size","minecraft:rarity","minecraft:repair_cost","minecraft:tooltip_display","minecraft:use_effects"]	c33065f01bdcae59d27aa30e937e919e434a46401466efb07c7459a5f2464fe0
minecraft:gold_ingot	["minecraft:attack_animation","minecraft:attribute_modifiers","minecraft:break_sound","minecraft:enchantments","minecraft:interact_animation","minecraft:item_model","minecraft:item_name","minecraft:lore","minecraft:max_stack_size","minecraft:provides_trim_material","minecraft:rarity","minecraft:repair_cost","minecraft:tooltip_display","minecraft:use_effects"]	77c9ce19d17290cb199cec2370937cba862595ca78c6695a234532268e337749
minecraft:gold_nugget	["minecraft:attack_animation","minecraft:attribute_modifiers","minecraft:break_sound","minecraft:enchantments","minecraft:interact_animation","minecraft:item_model","minecraft:item_name","minecraft:lore","minecraft:max_stack_size","minecraft:rarity","minecraft:repair_cost","minecraft:tooltip_display","minecraft:use_effects"]	1ef25bff0803a43863d5e47ef50c87b5a2b374a27b56227e993bf960fdd05602
minecraft:gold_ore	["minecraft:attack_animation","minecraft:attribute_modifiers","minecraft:break_sound","minecraft:enchantments","minecraft:interact_animation","minecraft:item_model","minecraft:item_name","minecraft:lore","minecraft:max_stack_size","minecraft:rarity","minecraft:repair_cost","minecraft:tooltip_display","minecraft:use_effects"]	bdd35caad906261785845132f7bea22eae5f72f8285189d529e22f5e2b88f9c2
minecraft:golden_apple	["minecraft:attack_animation","minecraft:attribute_modifiers","minecraft:break_sound","minecraft:consumable","minecraft:enchantments","minecraft:food","minecraft:interact_animation","minecraft:item_model","minecraft:item_name","minecraft:lore","minecraft:max_stack_size","minecraft:rarity","minecraft:repair_cost","minecraft:tooltip_display","minecraft:use_effects"]	e74ac8cbec163109ac40b8e3f3122e761d331cff98784486ba114d5bdf379029
minecraft:golden_axe	["minecraft:attack_animation","minecraft:attribute_modifiers","minecraft:block_transformer","minecraft:break_sound","minecraft:damage","minecraft:enchantable","minecraft:enchantments","minecraft:interact_animation","minecraft:item_model","minecraft:item_name","minecraft:lore","minecraft:max_damage","minecraft:max_stack_size","minecraft:rarity","minecraft:repair_cost","minecraft:repairable","minecraft:tool","minecraft:tooltip_display","minecraft:use_effects","minecraft:weapon"]	8fd09d24cb1abd56ecce199b1383a3eee42e1d94533c412e22d6441ccd1e6a7a
minecraft:golden_boots	["minecraft:attack_animation","minecraft:attribute_modifiers","minecraft:break_sound","minecraft:damage","minecraft:enchantable","minecraft:enchantments","minecraft:equippable","minecraft:interact_animation","minecraft:item_model","minecraft:item_name","minecraft:lore","minecraft:max_damage","minecraft:max_stack_size","minecraft:rarity","minecraft:repair_cost","minecraft:repairable","minecraft:tooltip_display","minecraft:use_effects"]	e8416117c0c6635fa150fef3704b473cc8d150984a78e4534ae160e03b3eca6a
minecraft:golden_carrot	["minecraft:attack_animation","minecraft:attribute_modifiers","minecraft:break_sound","minecraft:consumable","minecraft:enchantments","minecraft:food","minecraft:interact_animation","minecraft:item_model","minecraft:item_name","minecraft:lore","minecraft:max_stack_size","minecraft:rarity","minecraft:repair_cost","minecraft:tooltip_display","minecraft:use_effects"]	bf2a4cec12ff3c73ea36e8a78fbc4fd0cc33b9b7367c558d5cabac40b9028464
minecraft:golden_chestplate	["minecraft:attack_animation","minecraft:attribute_modifiers","minecraft:break_sound","minecraft:damage","minecraft:enchantable","minecraft:enchantments","minecraft:equippable","minecraft:interact_animation","minecraft:item_model","minecraft:item_name","minecraft:lore","minecraft:max_damage","minecraft:max_stack_size","minecraft:rarity","minecraft:repair_cost","minecraft:repairable","minecraft:tooltip_display","minecraft:use_effects"]	547e0777e76d9dad5157eafe2540eb5d7a7807351ad98a940762da82123efafa
minecraft:golden_dandelion	["minecraft:attack_animation","minecraft:attribute_modifiers","minecraft:break_sound","minecraft:enchantments","minecraft:interact_animation","minecraft:item_model","minecraft:item_name","minecraft:lore","minecraft:max_stack_size","minecraft:rarity","minecraft:repair_cost","minecraft:tooltip_display","minecraft:use_effects"]	28bbdc708efb0e0549910d09cc7ac8e09594c8c7c56764d9f5f5d3804cc9ee59
minecraft:golden_helmet	["minecraft:attack_animation","minecraft:attribute_modifiers","minecraft:break_sound","minecraft:damage","minecraft:enchantable","minecraft:enchantments","minecraft:equippable","minecraft:interact_animation","minecraft:item_model","minecraft:item_name","minecraft:lore","minecraft:max_damage","minecraft:max_stack_size","minecraft:rarity","minecraft:repair_cost","minecraft:repairable","minecraft:tooltip_display","minecraft:use_effects"]	4ada51510267acb9d15e4be75824dceb07ba800d832379585287a2b434d8634d
minecraft:golden_hoe	["minecraft:attack_animation","minecraft:attribute_modifiers","minecraft:block_transformer","minecraft:break_sound","minecraft:damage","minecraft:enchantable","minecraft:enchantments","minecraft:interact_animation","minecraft:item_model","minecraft:item_name","minecraft:lore","minecraft:max_damage","minecraft:max_stack_size","minecraft:rarity","minecraft:repair_cost","minecraft:repairable","minecraft:tool","minecraft:tooltip_display","minecraft:use_effects","minecraft:weapon"]	b43fb5eacb2212bba5fccaf52b289e22f47b39070bc389d4ca1ee794dd391645
minecraft:golden_horse_armor	["minecraft:attack_animation","minecraft:attribute_modifiers","minecraft:break_sound","minecraft:enchantments","minecraft:equippable","minecraft:interact_animation","minecraft:item_model","minecraft:item_name","minecraft:lore","minecraft:max_stack_size","minecraft:rarity","minecraft:repair_cost","minecraft:tooltip_display","minecraft:use_effects"]	c5698256f61de5c3b8d8478147829126a4b3a73dfd9e7177dcfe32b615b319b8
minecraft:golden_leggings	["minecraft:attack_animation","minecraft:attribute_modifiers","minecraft:break_sound","minecraft:damage","minecraft:enchantable","minecraft:enchantments","minecraft:equippable","minecraft:interact_animation","minecraft:item_model","minecraft:item_name","minecraft:lore","minecraft:max_damage","minecraft:max_stack_size","minecraft:rarity","minecraft:repair_cost","minecraft:repairable","minecraft:tooltip_display","minecraft:use_effects"]	3a0e4cb78b31a58a823746de5e3149bcccb315922bab4608fac7c0062ecb6369
minecraft:golden_nautilus_armor	["minecraft:attack_animation","minecraft:attribute_modifiers","minecraft:break_sound","minecraft:enchantments","minecraft:equippable","minecraft:interact_animation","minecraft:item_model","minecraft:item_name","minecraft:lore","minecraft:max_stack_size","minecraft:rarity","minecraft:repair_cost","minecraft:tooltip_display","minecraft:use_effects"]	18eeca9c9bcd31fe4e5013b2e521c43d0f26b50236fc8fb538ed14f5aac8af69
minecraft:golden_pickaxe	["minecraft:attack_animation","minecraft:attribute_modifiers","minecraft:break_sound","minecraft:damage","minecraft:enchantable","minecraft:enchantments","minecraft:interact_animation","minecraft:item_model","minecraft:item_name","minecraft:lore","minecraft:max_damage","minecraft:max_stack_size","minecraft:rarity","minecraft:repair_cost","minecraft:repairable","minecraft:tool","minecraft:tooltip_display","minecraft:use_effects","minecraft:weapon"]	a311b2e680dbed78fcd0e6d6e79db717aeff81ba38efd28c298a1cd9da7d9f69
minecraft:golden_shovel	["minecraft:attack_animation","minecraft:attribute_modifiers","minecraft:block_transformer","minecraft:break_sound","minecraft:damage","minecraft:enchantable","minecraft:enchantments","minecraft:interact_animation","minecraft:item_model","minecraft:item_name","minecraft:lore","minecraft:max_damage","minecraft:max_stack_size","minecraft:rarity","minecraft:repair_cost","minecraft:repairable","minecraft:tool","minecraft:tooltip_display","minecraft:use_effects","minecraft:weapon"]	4579bada6237ec21990a6c408d33e337a5380ea4786fad39c11cd0e24f920f3e
minecraft:golden_spear	["minecraft:attack_animation","minecraft:attack_range","minecraft:attribute_modifiers","minecraft:break_sound","minecraft:damage","minecraft:damage_type","minecraft:enchantable","minecraft:enchantments","minecraft:interact_animation","minecraft:item_model","minecraft:item_name","minecraft:kinetic_weapon","minecraft:lore","minecraft:max_damage","minecraft:max_stack_size","minecraft:minimum_attack_charge","minecraft:piercing_weapon","minecraft:rarity","minecraft:repair_cost","minecraft:repairable","minecraft:tooltip_display","minecraft:use_effects","minecraft:weapon"]	da14ec1d52ea917f73aca62b73f369748318379237f3e9eeaea329d3aea48f0d
minecraft:golden_sword	["minecraft:attack_animation","minecraft:attribute_modifiers","minecraft:break_sound","minecraft:damage","minecraft:enchantable","minecraft:enchantments","minecraft:interact_animation","minecraft:item_model","minecraft:item_name","minecraft:lore","minecraft:max_damage","minecraft:max_stack_size","minecraft:rarity","minecraft:repair_cost","minecraft:repairable","minecraft:tool","minecraft:tooltip_display","minecraft:use_effects","minecraft:weapon"]	a1ca1c7bcd6cf5228cb61d45eb55bab21217f89eda3c8cf6b7cb5696fc790820
minecraft:granite	["minecraft:attack_animation","minecraft:attribute_modifiers","minecraft:break_sound","minecraft:enchantments","minecraft:interact_animation","minecraft:item_model","minecraft:item_name","minecraft:lore","minecraft:max_stack_size","minecraft:rarity","minecraft:repair_cost","minecraft:tooltip_display","minecraft:use_effects"]	3d2d4a892928cd8d7162b792c5c21f9acabc58f76d03b017f7df9bf6cc852bf8
minecraft:granite_slab	["minecraft:attack_animation","minecraft:attribute_modifiers","minecraft:break_sound","minecraft:enchantments","minecraft:interact_animation","minecraft:item_model","minecraft:item_name","minecraft:lore","minecraft:max_stack_size","minecraft:rarity","minecraft:repair_cost","minecraft:tooltip_display","minecraft:use_effects"]	e964bd49a8f261cd02d8ff75df2a5ff482e6120c3ce5261b0fc2a2a3e906a21d
minecraft:granite_stairs	["minecraft:attack_animation","minecraft:attribute_modifiers","minecraft:break_sound","minecraft:enchantments","minecraft:interact_animation","minecraft:item_model","minecraft:item_name","minecraft:lore","minecraft:max_stack_size","minecraft:rarity","minecraft:repair_cost","minecraft:tooltip_display","minecraft:use_effects"]	ac926e0a43219edaa6169f07b42a88bdcbdb3968c030535b2b1d5073d0e0c19a
minecraft:granite_wall	["minecraft:attack_animation","minecraft:attribute_modifiers","minecraft:break_sound","minecraft:enchantments","minecraft:interact_animation","minecraft:item_model","minecraft:item_name","minecraft:lore","minecraft:max_stack_size","minecraft:rarity","minecraft:repair_cost","minecraft:tooltip_display","minecraft:use_effects"]	c4d605408f6961bbd8f781dffbb7884eead5c91f80b2e0d4341eea6f147a23b5
minecraft:grass_block	["minecraft:attack_animation","minecraft:attribute_modifiers","minecraft:break_sound","minecraft:enchantments","minecraft:interact_animation","minecraft:item_model","minecraft:item_name","minecraft:lore","minecraft:max_stack_size","minecraft:rarity","minecraft:repair_cost","minecraft:tooltip_display","minecraft:use_effects"]	22e7315e8f82b280cc995a26060efa7128b747378a62ff93468b9f564e8fbf6c
minecraft:gravel	["minecraft:attack_animation","minecraft:attribute_modifiers","minecraft:break_sound","minecraft:enchantments","minecraft:interact_animation","minecraft:item_model","minecraft:item_name","minecraft:lore","minecraft:max_stack_size","minecraft:rarity","minecraft:repair_cost","minecraft:tooltip_display","minecraft:use_effects"]	c0c5166ada50eeba05e674351d412d83563ffe0786fff6f036d41f24763af68d
minecraft:gray_banner	["minecraft:attack_animation","minecraft:attribute_modifiers","minecraft:banner_patterns","minecraft:break_sound","minecraft:cooking_fuel","minecraft:enchantments","minecraft:interact_animation","minecraft:item_model","minecraft:item_name","minecraft:lore","minecraft:max_stack_size","minecraft:rarity","minecraft:repair_cost","minecraft:tooltip_display","minecraft:use_effects"]	a24d900d0d580620e74e0e42de0ba26665a6c0ce1e157c40860db03e7beeff10
minecraft:gray_bed	["minecraft:attack_animation","minecraft:attribute_modifiers","minecraft:break_sound","minecraft:enchantments","minecraft:interact_animation","minecraft:item_model","minecraft:item_name","minecraft:lore","minecraft:max_stack_size","minecraft:rarity","minecraft:repair_cost","minecraft:tooltip_display","minecraft:use_effects"]	fd15aa3a483af8b7d1e7379fb8017544ecb40a9a8aee24efc404bd66e1dbea7a
minecraft:gray_bundle	["minecraft:attack_animation","minecraft:attribute_modifiers","minecraft:break_sound","minecraft:bundle_contents","minecraft:enchantments","minecraft:interact_animation","minecraft:item_model","minecraft:item_name","minecraft:lore","minecraft:max_stack_size","minecraft:rarity","minecraft:repair_cost","minecraft:tooltip_display","minecraft:use_effects"]	a042ee15ca8dd45b3a2995a434040259f1676f7b2b40ca8d856496ae2f0cb7ab
minecraft:gray_candle	["minecraft:attack_animation","minecraft:attribute_modifiers","minecraft:break_sound","minecraft:enchantments","minecraft:interact_animation","minecraft:item_model","minecraft:item_name","minecraft:lore","minecraft:max_stack_size","minecraft:rarity","minecraft:repair_cost","minecraft:tooltip_display","minecraft:use_effects"]	e4a4685ff04928f5d618f9a017d4da37ab83907ab5101bec313b8f098bfd978c
minecraft:gray_carpet	["minecraft:attack_animation","minecraft:attribute_modifiers","minecraft:break_sound","minecraft:cooking_fuel","minecraft:enchantments","minecraft:equippable","minecraft:interact_animation","minecraft:item_model","minecraft:item_name","minecraft:lore","minecraft:max_stack_size","minecraft:rarity","minecraft:repair_cost","minecraft:tooltip_display","minecraft:use_effects"]	a718efed4e486cde95d5a24961684598186823a49b19ef45cb8686dc4fb26104
minecraft:gray_concrete	["minecraft:attack_animation","minecraft:attribute_modifiers","minecraft:break_sound","minecraft:enchantments","minecraft:interact_animation","minecraft:item_model","minecraft:item_name","minecraft:lore","minecraft:max_stack_size","minecraft:rarity","minecraft:repair_cost","minecraft:tooltip_display","minecraft:use_effects"]	62443665f7b5ae5ad7ec4296daefe61e8a0a3b07934b3c803e2c5b999799afd3
minecraft:gray_concrete_powder	["minecraft:attack_animation","minecraft:attribute_modifiers","minecraft:break_sound","minecraft:enchantments","minecraft:interact_animation","minecraft:item_model","minecraft:item_name","minecraft:lore","minecraft:max_stack_size","minecraft:rarity","minecraft:repair_cost","minecraft:tooltip_display","minecraft:use_effects"]	002808a54ae1f4bf211063ae0869101017e8fdd64ca225b805e7204c5f309c17
minecraft:gray_concrete_slab	["minecraft:attack_animation","minecraft:attribute_modifiers","minecraft:break_sound","minecraft:enchantments","minecraft:interact_animation","minecraft:item_model","minecraft:item_name","minecraft:lore","minecraft:max_stack_size","minecraft:rarity","minecraft:repair_cost","minecraft:tooltip_display","minecraft:use_effects"]	9a3f91766e1df24a747cd6c29743004ff77c81bcc2cf8da7680d5b90badf2ed2
minecraft:gray_concrete_stairs	["minecraft:attack_animation","minecraft:attribute_modifiers","minecraft:break_sound","minecraft:enchantments","minecraft:interact_animation","minecraft:item_model","minecraft:item_name","minecraft:lore","minecraft:max_stack_size","minecraft:rarity","minecraft:repair_cost","minecraft:tooltip_display","minecraft:use_effects"]	3d159c539727a9dfd4ffc5162eb2fa2f4df259b21cbd60a71572107adfd34735
minecraft:gray_cushion	["minecraft:attack_animation","minecraft:attribute_modifiers","minecraft:break_sound","minecraft:cooking_fuel","minecraft:cushion/color","minecraft:enchantments","minecraft:interact_animation","minecraft:item_model","minecraft:item_name","minecraft:lore","minecraft:max_stack_size","minecraft:rarity","minecraft:repair_cost","minecraft:tooltip_display","minecraft:use_effects"]	f931e8a918b5ac005c9e27d9d851b701ccf279117a359bfca76b34676876fc6f
minecraft:gray_dye	["minecraft:attack_animation","minecraft:attribute_modifiers","minecraft:break_sound","minecraft:dye","minecraft:enchantments","minecraft:interact_animation","minecraft:item_model","minecraft:item_name","minecraft:lore","minecraft:max_stack_size","minecraft:rarity","minecraft:repair_cost","minecraft:tooltip_display","minecraft:use_effects"]	65f2ceb2b2122d89ef938963277991f4525f4ab0ca2ae34b1dfc3a757a512998
minecraft:gray_glazed_terracotta	["minecraft:attack_animation","minecraft:attribute_modifiers","minecraft:break_sound","minecraft:enchantments","minecraft:interact_animation","minecraft:item_model","minecraft:item_name","minecraft:lore","minecraft:max_stack_size","minecraft:rarity","minecraft:repair_cost","minecraft:tooltip_display","minecraft:use_effects"]	502e3dace878477d451941d8b47c37a97812ac761793e40d216714a1ddd063a1
minecraft:gray_harness	["minecraft:attack_animation","minecraft:attribute_modifiers","minecraft:break_sound","minecraft:enchantments","minecraft:equippable","minecraft:interact_animation","minecraft:item_model","minecraft:item_name","minecraft:lore","minecraft:max_stack_size","minecraft:rarity","minecraft:repair_cost","minecraft:tooltip_display","minecraft:use_effects"]	021ebc4403481b91b36e912db228d331afa84c94abde0f2494fd9f329403087e
minecraft:gray_shulker_box	["minecraft:attack_animation","minecraft:attribute_modifiers","minecraft:break_sound","minecraft:container","minecraft:enchantments","minecraft:interact_animation","minecraft:item_model","minecraft:item_name","minecraft:lore","minecraft:max_stack_size","minecraft:rarity","minecraft:repair_cost","minecraft:tooltip_display","minecraft:use_effects"]	2bd8d4d0f2dd5ea4ee6e4184a83cd37ebe347ccd1ed91fc57ab1892bc9538db2
minecraft:gray_stained_glass	["minecraft:attack_animation","minecraft:attribute_modifiers","minecraft:break_sound","minecraft:enchantments","minecraft:interact_animation","minecraft:item_model","minecraft:item_name","minecraft:lore","minecraft:max_stack_size","minecraft:rarity","minecraft:repair_cost","minecraft:tooltip_display","minecraft:use_effects"]	9af349b5148b666d589d0a7db57380cc377be9c044816bd0de2783f7c9b0a609
minecraft:gray_stained_glass_pane	["minecraft:attack_animation","minecraft:attribute_modifiers","minecraft:break_sound","minecraft:enchantments","minecraft:interact_animation","minecraft:item_model","minecraft:item_name","minecraft:lore","minecraft:max_stack_size","minecraft:rarity","minecraft:repair_cost","minecraft:tooltip_display","minecraft:use_effects"]	084bdfd2e91bda952a1e4081597aa28a116e687004b537e9fdd1a0ce7ef526c9
minecraft:gray_terracotta	["minecraft:attack_animation","minecraft:attribute_modifiers","minecraft:break_sound","minecraft:enchantments","minecraft:interact_animation","minecraft:item_model","minecraft:item_name","minecraft:lore","minecraft:max_stack_size","minecraft:rarity","minecraft:repair_cost","minecraft:tooltip_display","minecraft:use_effects"]	313c3322ca20821e32747bc8270c847f7032e1926b9baab30bb7fef03ffab44a
minecraft:gray_wool	["minecraft:attack_animation","minecraft:attribute_modifiers","minecraft:break_sound","minecraft:cooking_fuel","minecraft:enchantments","minecraft:interact_animation","minecraft:item_model","minecraft:item_name","minecraft:lore","minecraft:max_stack_size","minecraft:rarity","minecraft:repair_cost","minecraft:tooltip_display","minecraft:use_effects"]	4d912e54f36cf7b66ed971ca8da9114ce8ce21bf4d29a475c218c78b910bb72e
minecraft:gray_wool_slab	["minecraft:attack_animation","minecraft:attribute_modifiers","minecraft:break_sound","minecraft:cooking_fuel","minecraft:enchantments","minecraft:interact_animation","minecraft:item_model","minecraft:item_name","minecraft:lore","minecraft:max_stack_size","minecraft:rarity","minecraft:repair_cost","minecraft:tooltip_display","minecraft:use_effects"]	136df03c3f1543efb838eecb50b56db31ca4e114556524cd62ec9b117709754f
minecraft:gray_wool_stairs	["minecraft:attack_animation","minecraft:attribute_modifiers","minecraft:break_sound","minecraft:cooking_fuel","minecraft:enchantments","minecraft:interact_animation","minecraft:item_model","minecraft:item_name","minecraft:lore","minecraft:max_stack_size","minecraft:rarity","minecraft:repair_cost","minecraft:tooltip_display","minecraft:use_effects"]	e08aaac11205baef692dacdb24c7d4bc347e19fe9936b0c6b1e492f04639608d
minecraft:green_banner	["minecraft:attack_animation","minecraft:attribute_modifiers","minecraft:banner_patterns","minecraft:break_sound","minecraft:cooking_fuel","minecraft:enchantments","minecraft:interact_animation","minecraft:item_model","minecraft:item_name","minecraft:lore","minecraft:max_stack_size","minecraft:rarity","minecraft:repair_cost","minecraft:tooltip_display","minecraft:use_effects"]	72a372b17724f1fbbba99a4b058b646e648d1f65f3dbc7c62ec528fe416b0f43
minecraft:green_bed	["minecraft:attack_animation","minecraft:attribute_modifiers","minecraft:break_sound","minecraft:enchantments","minecraft:interact_animation","minecraft:item_model","minecraft:item_name","minecraft:lore","minecraft:max_stack_size","minecraft:rarity","minecraft:repair_cost","minecraft:tooltip_display","minecraft:use_effects"]	0afcb15c24637476ee30425cd40261b8734752e5a0cc08a57e72a3ec789f90df
minecraft:green_bundle	["minecraft:attack_animation","minecraft:attribute_modifiers","minecraft:break_sound","minecraft:bundle_contents","minecraft:enchantments","minecraft:interact_animation","minecraft:item_model","minecraft:item_name","minecraft:lore","minecraft:max_stack_size","minecraft:rarity","minecraft:repair_cost","minecraft:tooltip_display","minecraft:use_effects"]	ad08a96a452dba5ed3855cf4c6e078d103f60d5dda68f062f260d6545ec987fe
minecraft:green_candle	["minecraft:attack_animation","minecraft:attribute_modifiers","minecraft:break_sound","minecraft:enchantments","minecraft:interact_animation","minecraft:item_model","minecraft:item_name","minecraft:lore","minecraft:max_stack_size","minecraft:rarity","minecraft:repair_cost","minecraft:tooltip_display","minecraft:use_effects"]	a8dba2144461a10cc2dcad93289a1ce19d9ce6460f5dba0c6db4e148a556d1df
minecraft:green_carpet	["minecraft:attack_animation","minecraft:attribute_modifiers","minecraft:break_sound","minecraft:cooking_fuel","minecraft:enchantments","minecraft:equippable","minecraft:interact_animation","minecraft:item_model","minecraft:item_name","minecraft:lore","minecraft:max_stack_size","minecraft:rarity","minecraft:repair_cost","minecraft:tooltip_display","minecraft:use_effects"]	80e6357dd389f938133ff8c4de500a9b6bd3bf3faf7466420c16d56b945bfec1
minecraft:green_concrete	["minecraft:attack_animation","minecraft:attribute_modifiers","minecraft:break_sound","minecraft:enchantments","minecraft:interact_animation","minecraft:item_model","minecraft:item_name","minecraft:lore","minecraft:max_stack_size","minecraft:rarity","minecraft:repair_cost","minecraft:tooltip_display","minecraft:use_effects"]	52dc43197affd2b131bb1e3fb559209481ec0694c7651c5554db46c483a4e66f
minecraft:green_concrete_powder	["minecraft:attack_animation","minecraft:attribute_modifiers","minecraft:break_sound","minecraft:enchantments","minecraft:interact_animation","minecraft:item_model","minecraft:item_name","minecraft:lore","minecraft:max_stack_size","minecraft:rarity","minecraft:repair_cost","minecraft:tooltip_display","minecraft:use_effects"]	2cacc82e5eb28488e14c93e1b796153f30caa0ef1098650230192527bf2504c2
minecraft:green_concrete_slab	["minecraft:attack_animation","minecraft:attribute_modifiers","minecraft:break_sound","minecraft:enchantments","minecraft:interact_animation","minecraft:item_model","minecraft:item_name","minecraft:lore","minecraft:max_stack_size","minecraft:rarity","minecraft:repair_cost","minecraft:tooltip_display","minecraft:use_effects"]	631a281557c43a85c81268adac7c8567c42e36022d67361fb55d015ff43ce333
minecraft:green_concrete_stairs	["minecraft:attack_animation","minecraft:attribute_modifiers","minecraft:break_sound","minecraft:enchantments","minecraft:interact_animation","minecraft:item_model","minecraft:item_name","minecraft:lore","minecraft:max_stack_size","minecraft:rarity","minecraft:repair_cost","minecraft:tooltip_display","minecraft:use_effects"]	49c740497e89cfbe100fe951fdbe84ef8225284f17e6d3217b2d5126d2f6613f
minecraft:green_cushion	["minecraft:attack_animation","minecraft:attribute_modifiers","minecraft:break_sound","minecraft:cooking_fuel","minecraft:cushion/color","minecraft:enchantments","minecraft:interact_animation","minecraft:item_model","minecraft:item_name","minecraft:lore","minecraft:max_stack_size","minecraft:rarity","minecraft:repair_cost","minecraft:tooltip_display","minecraft:use_effects"]	e48a362df46eed68998511695e10dc7ad85a136ce50cca520019b9c9c75cc5cb
minecraft:green_dye	["minecraft:attack_animation","minecraft:attribute_modifiers","minecraft:break_sound","minecraft:dye","minecraft:enchantments","minecraft:interact_animation","minecraft:item_model","minecraft:item_name","minecraft:lore","minecraft:max_stack_size","minecraft:rarity","minecraft:repair_cost","minecraft:tooltip_display","minecraft:use_effects"]	d390eb056616433a9b1584b5010576846f8e95ed7d72dbed836860df6f3c972b
minecraft:green_glazed_terracotta	["minecraft:attack_animation","minecraft:attribute_modifiers","minecraft:break_sound","minecraft:enchantments","minecraft:interact_animation","minecraft:item_model","minecraft:item_name","minecraft:lore","minecraft:max_stack_size","minecraft:rarity","minecraft:repair_cost","minecraft:tooltip_display","minecraft:use_effects"]	9b3beb3cf167e8a77f721e16587bb02327f0d402c2e82ebcb53c4c816905bb66
minecraft:green_harness	["minecraft:attack_animation","minecraft:attribute_modifiers","minecraft:break_sound","minecraft:enchantments","minecraft:equippable","minecraft:interact_animation","minecraft:item_model","minecraft:item_name","minecraft:lore","minecraft:max_stack_size","minecraft:rarity","minecraft:repair_cost","minecraft:tooltip_display","minecraft:use_effects"]	731fad4b2c9dc94860f74f2431eb6567fc34f5464e25c221455e2690f34c3c2e
minecraft:green_shulker_box	["minecraft:attack_animation","minecraft:attribute_modifiers","minecraft:break_sound","minecraft:container","minecraft:enchantments","minecraft:interact_animation","minecraft:item_model","minecraft:item_name","minecraft:lore","minecraft:max_stack_size","minecraft:rarity","minecraft:repair_cost","minecraft:tooltip_display","minecraft:use_effects"]	c92f4dab02342fba0c1bc527867f4429aaead6fad6297d0f50d6ba39b9ef9c7f
minecraft:green_stained_glass	["minecraft:attack_animation","minecraft:attribute_modifiers","minecraft:break_sound","minecraft:enchantments","minecraft:interact_animation","minecraft:item_model","minecraft:item_name","minecraft:lore","minecraft:max_stack_size","minecraft:rarity","minecraft:repair_cost","minecraft:tooltip_display","minecraft:use_effects"]	fcb535580ecbe1e68dcda82ec847107f0b5efd2b53d12b41fc0a7b7f6d30958d
minecraft:green_stained_glass_pane	["minecraft:attack_animation","minecraft:attribute_modifiers","minecraft:break_sound","minecraft:enchantments","minecraft:interact_animation","minecraft:item_model","minecraft:item_name","minecraft:lore","minecraft:max_stack_size","minecraft:rarity","minecraft:repair_cost","minecraft:tooltip_display","minecraft:use_effects"]	966f3e89d9febda45aff1a9a3aca0df6d27a319251d17ca9ed48619ea4a30908
minecraft:green_terracotta	["minecraft:attack_animation","minecraft:attribute_modifiers","minecraft:break_sound","minecraft:enchantments","minecraft:interact_animation","minecraft:item_model","minecraft:item_name","minecraft:lore","minecraft:max_stack_size","minecraft:rarity","minecraft:repair_cost","minecraft:tooltip_display","minecraft:use_effects"]	338d8555b0e0deb76f3a937c993cad8d6200ad59fec3e5781306f771bc19f914
minecraft:green_wool	["minecraft:attack_animation","minecraft:attribute_modifiers","minecraft:break_sound","minecraft:cooking_fuel","minecraft:enchantments","minecraft:interact_animation","minecraft:item_model","minecraft:item_name","minecraft:lore","minecraft:max_stack_size","minecraft:rarity","minecraft:repair_cost","minecraft:tooltip_display","minecraft:use_effects"]	32785cb2520949575042801d458ea0cef9655d7c9f2e5871ac798290bb21b9ca
minecraft:green_wool_slab	["minecraft:attack_animation","minecraft:attribute_modifiers","minecraft:break_sound","minecraft:cooking_fuel","minecraft:enchantments","minecraft:interact_animation","minecraft:item_model","minecraft:item_name","minecraft:lore","minecraft:max_stack_size","minecraft:rarity","minecraft:repair_cost","minecraft:tooltip_display","minecraft:use_effects"]	1a9dc887f36d2ed29ba2f9f6e32e219a9ab13a100a416a4df15d11452cce4a6e
minecraft:green_wool_stairs	["minecraft:attack_animation","minecraft:attribute_modifiers","minecraft:break_sound","minecraft:cooking_fuel","minecraft:enchantments","minecraft:interact_animation","minecraft:item_model","minecraft:item_name","minecraft:lore","minecraft:max_stack_size","minecraft:rarity","minecraft:repair_cost","minecraft:tooltip_display","minecraft:use_effects"]	cf3eee520e931e54b9a32b456d754f8ed53da2314492f74ec48b1854913bd7a0
minecraft:grindstone	["minecraft:attack_animation","minecraft:attribute_modifiers","minecraft:break_sound","minecraft:enchantments","minecraft:interact_animation","minecraft:item_model","minecraft:item_name","minecraft:lore","minecraft:max_stack_size","minecraft:rarity","minecraft:repair_cost","minecraft:tooltip_display","minecraft:use_effects"]	ab7be19115c14513e76aa0444438318be25c61e5cc8e02b623035f4205f222c5
minecraft:guardian_spawn_egg	["minecraft:attack_animation","minecraft:attribute_modifiers","minecraft:break_sound","minecraft:enchantments","minecraft:entity_data","minecraft:interact_animation","minecraft:item_model","minecraft:item_name","minecraft:lore","minecraft:max_stack_size","minecraft:rarity","minecraft:repair_cost","minecraft:tooltip_display","minecraft:use_effects"]	017400eb04b4daad1386f34cebf673c56eea30820c62a4cd81f454ee5649be2b
minecraft:gunpowder	["minecraft:attack_animation","minecraft:attribute_modifiers","minecraft:break_sound","minecraft:enchantments","minecraft:interact_animation","minecraft:item_model","minecraft:item_name","minecraft:lore","minecraft:max_stack_size","minecraft:rarity","minecraft:repair_cost","minecraft:tooltip_display","minecraft:use_effects"]	cac255f071c4ce7ef2f27956b93654178b7141efb36b08b909491ebd45066d1e
minecraft:guster_banner_pattern	["minecraft:attack_animation","minecraft:attribute_modifiers","minecraft:break_sound","minecraft:enchantments","minecraft:interact_animation","minecraft:item_model","minecraft:item_name","minecraft:lore","minecraft:max_stack_size","minecraft:provides_banner_patterns","minecraft:rarity","minecraft:repair_cost","minecraft:tooltip_display","minecraft:use_effects"]	a897e147225455830ad81cd84e2bce0795c048964b65a106469e03a36a8a4e11
minecraft:guster_pottery_sherd	["minecraft:attack_animation","minecraft:attribute_modifiers","minecraft:break_sound","minecraft:enchantments","minecraft:interact_animation","minecraft:item_model","minecraft:item_name","minecraft:lore","minecraft:max_stack_size","minecraft:provides_pottery_pattern","minecraft:rarity","minecraft:repair_cost","minecraft:tooltip_display","minecraft:use_effects"]	ffce1e382f267d077e2b03b2069263b1a9e9a2a07b08eab8221463c0decea212
minecraft:hanging_roots	["minecraft:attack_animation","minecraft:attribute_modifiers","minecraft:break_sound","minecraft:compostable","minecraft:enchantments","minecraft:interact_animation","minecraft:item_model","minecraft:item_name","minecraft:lore","minecraft:max_stack_size","minecraft:rarity","minecraft:repair_cost","minecraft:tooltip_display","minecraft:use_effects"]	aedfc04936d2a6941467a09ef23ce23260840d97c39ac6d08071c384ef5554c1
minecraft:happy_ghast_spawn_egg	["minecraft:attack_animation","minecraft:attribute_modifiers","minecraft:break_sound","minecraft:enchantments","minecraft:entity_data","minecraft:interact_animation","minecraft:item_model","minecraft:item_name","minecraft:lore","minecraft:max_stack_size","minecraft:rarity","minecraft:repair_cost","minecraft:tooltip_display","minecraft:use_effects"]	9aea000cd5dccb4339095114626d3abe5137e8e4d3057f5eaa0811803a0f8e19
minecraft:hay_block	["minecraft:attack_animation","minecraft:attribute_modifiers","minecraft:break_sound","minecraft:compostable","minecraft:enchantments","minecraft:interact_animation","minecraft:item_model","minecraft:item_name","minecraft:lore","minecraft:max_stack_size","minecraft:rarity","minecraft:repair_cost","minecraft:tooltip_display","minecraft:use_effects"]	6b4d6c606a37fb0ae36fbe0c2333d059a329c7f69fcf8461b2e6fffd7aa70952
minecraft:heart_of_the_sea	["minecraft:attack_animation","minecraft:attribute_modifiers","minecraft:break_sound","minecraft:enchantments","minecraft:interact_animation","minecraft:item_model","minecraft:item_name","minecraft:lore","minecraft:max_stack_size","minecraft:rarity","minecraft:repair_cost","minecraft:tooltip_display","minecraft:use_effects"]	7e88cd114b54b0571be79b6682ccba6404de6139b57916164d33b533c142bcd1
minecraft:heart_pottery_sherd	["minecraft:attack_animation","minecraft:attribute_modifiers","minecraft:break_sound","minecraft:enchantments","minecraft:interact_animation","minecraft:item_model","minecraft:item_name","minecraft:lore","minecraft:max_stack_size","minecraft:provides_pottery_pattern","minecraft:rarity","minecraft:repair_cost","minecraft:tooltip_display","minecraft:use_effects"]	4cb14bcb548dd14322ffa2b2ca337e54e2ae8d0ee06e4eecd9647f15a27e8713
minecraft:heartbreak_pottery_sherd	["minecraft:attack_animation","minecraft:attribute_modifiers","minecraft:break_sound","minecraft:enchantments","minecraft:interact_animation","minecraft:item_model","minecraft:item_name","minecraft:lore","minecraft:max_stack_size","minecraft:provides_pottery_pattern","minecraft:rarity","minecraft:repair_cost","minecraft:tooltip_display","minecraft:use_effects"]	d43b48673b8716ab9665f4be72629ddca904466ec030d0fbeef8b65fec5ce9be
minecraft:heavy_core	["minecraft:attack_animation","minecraft:attribute_modifiers","minecraft:break_sound","minecraft:enchantments","minecraft:interact_animation","minecraft:item_model","minecraft:item_name","minecraft:lore","minecraft:max_stack_size","minecraft:rarity","minecraft:repair_cost","minecraft:tooltip_display","minecraft:use_effects"]	b162bbab6716a8b2f0595e32a005aef48c824e5cf0a744679790ddb036c22459
minecraft:heavy_weighted_pressure_plate	["minecraft:attack_animation","minecraft:attribute_modifiers","minecraft:break_sound","minecraft:enchantments","minecraft:interact_animation","minecraft:item_model","minecraft:item_name","minecraft:lore","minecraft:max_stack_size","minecraft:rarity","minecraft:repair_cost","minecraft:tooltip_display","minecraft:use_effects"]	0823d9a818a9109b58e35474c4c450e514fd90d2202cf7a09d6d45d23093e252
minecraft:hoglin_spawn_egg	["minecraft:attack_animation","minecraft:attribute_modifiers","minecraft:break_sound","minecraft:enchantments","minecraft:entity_data","minecraft:interact_animation","minecraft:item_model","minecraft:item_name","minecraft:lore","minecraft:max_stack_size","minecraft:rarity","minecraft:repair_cost","minecraft:tooltip_display","minecraft:use_effects"]	571ba25c921c06269bda73e8fd7132af12741692f2bf0b55f211d76e3b1bce76
minecraft:honey_block	["minecraft:attack_animation","minecraft:attribute_modifiers","minecraft:break_sound","minecraft:enchantments","minecraft:interact_animation","minecraft:item_model","minecraft:item_name","minecraft:lore","minecraft:max_stack_size","minecraft:rarity","minecraft:repair_cost","minecraft:tooltip_display","minecraft:use_effects"]	a75b5e42e95458310fbc27a5cf06742953a0d0baead570567fdaf44fa78b23a6
minecraft:honey_bottle	["minecraft:attack_animation","minecraft:attribute_modifiers","minecraft:break_sound","minecraft:consumable","minecraft:enchantments","minecraft:food","minecraft:interact_animation","minecraft:item_model","minecraft:item_name","minecraft:lore","minecraft:max_stack_size","minecraft:rarity","minecraft:repair_cost","minecraft:tooltip_display","minecraft:use_effects","minecraft:use_remainder"]	73d799e83b7dc5c04e7e451e68cee74cf312e57246337e7ca5ab336cce9ee7e4
minecraft:honeycomb	["minecraft:attack_animation","minecraft:attribute_modifiers","minecraft:break_sound","minecraft:enchantments","minecraft:interact_animation","minecraft:item_model","minecraft:item_name","minecraft:lore","minecraft:max_stack_size","minecraft:rarity","minecraft:repair_cost","minecraft:tooltip_display","minecraft:use_effects"]	dc128535011f13c973a3e582fb59b6ab1023345d3d201449692b80f95051794d
minecraft:honeycomb_block	["minecraft:attack_animation","minecraft:attribute_modifiers","minecraft:break_sound","minecraft:enchantments","minecraft:interact_animation","minecraft:item_model","minecraft:item_name","minecraft:lore","minecraft:max_stack_size","minecraft:rarity","minecraft:repair_cost","minecraft:tooltip_display","minecraft:use_effects"]	3cfe0798677e9a2c046a374393fd8fc7ab043fd6065d008086fb9e0b855b82f2
minecraft:hopper	["minecraft:attack_animation","minecraft:attribute_modifiers","minecraft:break_sound","minecraft:container","minecraft:enchantments","minecraft:interact_animation","minecraft:item_model","minecraft:item_name","minecraft:lore","minecraft:max_stack_size","minecraft:rarity","minecraft:repair_cost","minecraft:tooltip_display","minecraft:use_effects"]	dac5fa4da2e353833685a888c5be9630c0137139892d16eb573e14a060636ef1
minecraft:hopper_minecart	["minecraft:attack_animation","minecraft:attribute_modifiers","minecraft:break_sound","minecraft:enchantments","minecraft:interact_animation","minecraft:item_model","minecraft:item_name","minecraft:lore","minecraft:max_stack_size","minecraft:rarity","minecraft:repair_cost","minecraft:tooltip_display","minecraft:use_effects"]	c84cbdcf7085857b7000db9ae1a126153486473027b794e5fbc68990fd56a934
minecraft:horn_coral	["minecraft:attack_animation","minecraft:attribute_modifiers","minecraft:break_sound","minecraft:enchantments","minecraft:interact_animation","minecraft:item_model","minecraft:item_name","minecraft:lore","minecraft:max_stack_size","minecraft:rarity","minecraft:repair_cost","minecraft:tooltip_display","minecraft:use_effects"]	21f85a550d196cd51f7f606f4fbac3e1bc6a8742442bc875b1cbb0106e61b765
minecraft:horn_coral_block	["minecraft:attack_animation","minecraft:attribute_modifiers","minecraft:break_sound","minecraft:enchantments","minecraft:interact_animation","minecraft:item_model","minecraft:item_name","minecraft:lore","minecraft:max_stack_size","minecraft:rarity","minecraft:repair_cost","minecraft:tooltip_display","minecraft:use_effects"]	0d469a13e8272979499892115750bfdd0183b61bdacf84118d55afb15f27483f
minecraft:horn_coral_fan	["minecraft:attack_animation","minecraft:attribute_modifiers","minecraft:break_sound","minecraft:enchantments","minecraft:interact_animation","minecraft:item_model","minecraft:item_name","minecraft:lore","minecraft:max_stack_size","minecraft:rarity","minecraft:repair_cost","minecraft:tooltip_display","minecraft:use_effects"]	c42c9ccd66cd49134d9ff1e7283d82527a62bf1aa94d848fe76cd1b0037d60c1
minecraft:horse_spawn_egg	["minecraft:attack_animation","minecraft:attribute_modifiers","minecraft:break_sound","minecraft:enchantments","minecraft:entity_data","minecraft:interact_animation","minecraft:item_model","minecraft:item_name","minecraft:lore","minecraft:max_stack_size","minecraft:rarity","minecraft:repair_cost","minecraft:tooltip_display","minecraft:use_effects"]	959b52d84d5089f3c8bf315ddf337f79048f3068f4b4cb225f5434820efa7d31
minecraft:host_armor_trim_smithing_template	["minecraft:attack_animation","minecraft:attribute_modifiers","minecraft:break_sound","minecraft:enchantments","minecraft:interact_animation","minecraft:item_model","minecraft:item_name","minecraft:lore","minecraft:max_stack_size","minecraft:rarity","minecraft:repair_cost","minecraft:tooltip_display","minecraft:use_effects"]	365095598dfaf48d81763a709596730825db5e502ade1692909b41fa551f1536
minecraft:howl_pottery_sherd	["minecraft:attack_animation","minecraft:attribute_modifiers","minecraft:break_sound","minecraft:enchantments","minecraft:interact_animation","minecraft:item_model","minecraft:item_name","minecraft:lore","minecraft:max_stack_size","minecraft:provides_pottery_pattern","minecraft:rarity","minecraft:repair_cost","minecraft:tooltip_display","minecraft:use_effects"]	fca20593ec617075581bbf2b30fa3fbb768edc9136b5fb6d215a417985ee29ba
minecraft:husk_spawn_egg	["minecraft:attack_animation","minecraft:attribute_modifiers","minecraft:break_sound","minecraft:enchantments","minecraft:entity_data","minecraft:interact_animation","minecraft:item_model","minecraft:item_name","minecraft:lore","minecraft:max_stack_size","minecraft:rarity","minecraft:repair_cost","minecraft:tooltip_display","minecraft:use_effects"]	1a76c5c0d1ecf1515245cb1c8f55ef880d922e6a90d11a2b70d9532e5aa3cd52
minecraft:ice	["minecraft:attack_animation","minecraft:attribute_modifiers","minecraft:break_sound","minecraft:enchantments","minecraft:interact_animation","minecraft:item_model","minecraft:item_name","minecraft:lore","minecraft:max_stack_size","minecraft:rarity","minecraft:repair_cost","minecraft:tooltip_display","minecraft:use_effects"]	5eec46119a8068fe1d924469adc679d816d90cb9985ffccfc2006bd660b01aaa
minecraft:infested_chiseled_stone_bricks	["minecraft:attack_animation","minecraft:attribute_modifiers","minecraft:break_sound","minecraft:enchantments","minecraft:interact_animation","minecraft:item_model","minecraft:item_name","minecraft:lore","minecraft:max_stack_size","minecraft:rarity","minecraft:repair_cost","minecraft:tooltip_display","minecraft:use_effects"]	3de80597b47a45de5810b28bb8895117a081ee306f3d7beb9354a4d9943e9233
minecraft:infested_cobblestone	["minecraft:attack_animation","minecraft:attribute_modifiers","minecraft:break_sound","minecraft:enchantments","minecraft:interact_animation","minecraft:item_model","minecraft:item_name","minecraft:lore","minecraft:max_stack_size","minecraft:rarity","minecraft:repair_cost","minecraft:tooltip_display","minecraft:use_effects"]	af3cb1b3be4775ab2ee0eab21077fa83d3dc6f23c2ca6216a40812335bbf16a7
minecraft:infested_cracked_stone_bricks	["minecraft:attack_animation","minecraft:attribute_modifiers","minecraft:break_sound","minecraft:enchantments","minecraft:interact_animation","minecraft:item_model","minecraft:item_name","minecraft:lore","minecraft:max_stack_size","minecraft:rarity","minecraft:repair_cost","minecraft:tooltip_display","minecraft:use_effects"]	a4ccb017d456a40e066a659c1e0b06b7bb052746c6adabefdb0e49a388d60b4a
minecraft:infested_deepslate	["minecraft:attack_animation","minecraft:attribute_modifiers","minecraft:break_sound","minecraft:enchantments","minecraft:interact_animation","minecraft:item_model","minecraft:item_name","minecraft:lore","minecraft:max_stack_size","minecraft:rarity","minecraft:repair_cost","minecraft:tooltip_display","minecraft:use_effects"]	c4219d12acb41782a26d77af6e7796dcc635b11a3e701f9af9c7ef640bd2e555
minecraft:infested_mossy_stone_bricks	["minecraft:attack_animation","minecraft:attribute_modifiers","minecraft:break_sound","minecraft:enchantments","minecraft:interact_animation","minecraft:item_model","minecraft:item_name","minecraft:lore","minecraft:max_stack_size","minecraft:rarity","minecraft:repair_cost","minecraft:tooltip_display","minecraft:use_effects"]	dcc6751a601f73af3ac4fb897474ae02cc8929c8541d55348e2c703b4b800faa
minecraft:infested_stone	["minecraft:attack_animation","minecraft:attribute_modifiers","minecraft:break_sound","minecraft:enchantments","minecraft:interact_animation","minecraft:item_model","minecraft:item_name","minecraft:lore","minecraft:max_stack_size","minecraft:rarity","minecraft:repair_cost","minecraft:tooltip_display","minecraft:use_effects"]	42ff8d1059e3200e707d011684c6af30398bc934645812acbcedd55e8fa1dbfa
minecraft:infested_stone_bricks	["minecraft:attack_animation","minecraft:attribute_modifiers","minecraft:break_sound","minecraft:enchantments","minecraft:interact_animation","minecraft:item_model","minecraft:item_name","minecraft:lore","minecraft:max_stack_size","minecraft:rarity","minecraft:repair_cost","minecraft:tooltip_display","minecraft:use_effects"]	f449697f8c8915c9e12c3620ae189ba5e18f9026235cafe18ecc7aa3d2f18a83
minecraft:ink_sac	["minecraft:attack_animation","minecraft:attribute_modifiers","minecraft:break_sound","minecraft:enchantments","minecraft:interact_animation","minecraft:item_model","minecraft:item_name","minecraft:lore","minecraft:max_stack_size","minecraft:rarity","minecraft:repair_cost","minecraft:tooltip_display","minecraft:use_effects"]	af5965c0333773af12e4636e9ae362453557f1e3158b2f13261654420a3a7064
minecraft:iron_axe	["minecraft:attack_animation","minecraft:attribute_modifiers","minecraft:block_transformer","minecraft:break_sound","minecraft:damage","minecraft:enchantable","minecraft:enchantments","minecraft:interact_animation","minecraft:item_model","minecraft:item_name","minecraft:lore","minecraft:max_damage","minecraft:max_stack_size","minecraft:rarity","minecraft:repair_cost","minecraft:repairable","minecraft:tool","minecraft:tooltip_display","minecraft:use_effects","minecraft:weapon"]	39d0e4173db8e02a4103d55472728b2762bc5dfd49598284c3f9d0cf926b8a9f
minecraft:iron_bars	["minecraft:attack_animation","minecraft:attribute_modifiers","minecraft:break_sound","minecraft:enchantments","minecraft:interact_animation","minecraft:item_model","minecraft:item_name","minecraft:lore","minecraft:max_stack_size","minecraft:rarity","minecraft:repair_cost","minecraft:tooltip_display","minecraft:use_effects"]	7e2a0d36cf44cc4cd54728f52cc8ca2afcbf18477262c1a460d1797c71b21971
minecraft:iron_block	["minecraft:attack_animation","minecraft:attribute_modifiers","minecraft:break_sound","minecraft:enchantments","minecraft:interact_animation","minecraft:item_model","minecraft:item_name","minecraft:lore","minecraft:max_stack_size","minecraft:rarity","minecraft:repair_cost","minecraft:tooltip_display","minecraft:use_effects"]	426bfe2a544e57b97a82bd7f9bfb2b47c595802116d021e336d3c90528db4940
minecraft:iron_boots	["minecraft:attack_animation","minecraft:attribute_modifiers","minecraft:break_sound","minecraft:damage","minecraft:enchantable","minecraft:enchantments","minecraft:equippable","minecraft:interact_animation","minecraft:item_model","minecraft:item_name","minecraft:lore","minecraft:max_damage","minecraft:max_stack_size","minecraft:rarity","minecraft:repair_cost","minecraft:repairable","minecraft:tooltip_display","minecraft:use_effects"]	15a1b397dca549f70a1f7634e2ebddcbc0198eb0a66d12062d4a86b8523b6789
minecraft:iron_chain	["minecraft:attack_animation","minecraft:attribute_modifiers","minecraft:break_sound","minecraft:enchantments","minecraft:interact_animation","minecraft:item_model","minecraft:item_name","minecraft:lore","minecraft:max_stack_size","minecraft:rarity","minecraft:repair_cost","minecraft:tooltip_display","minecraft:use_effects"]	22e9d7c4c47c3568c08b88b24a5cd3a036cb6f8353ab904b7fc7c60a3b9a8355
minecraft:iron_chestplate	["minecraft:attack_animation","minecraft:attribute_modifiers","minecraft:break_sound","minecraft:damage","minecraft:enchantable","minecraft:enchantments","minecraft:equippable","minecraft:interact_animation","minecraft:item_model","minecraft:item_name","minecraft:lore","minecraft:max_damage","minecraft:max_stack_size","minecraft:rarity","minecraft:repair_cost","minecraft:repairable","minecraft:tooltip_display","minecraft:use_effects"]	7b4b7ba654e79905ee15376a55390399be501097e0c791e7df043b9435e53214
minecraft:iron_door	["minecraft:attack_animation","minecraft:attribute_modifiers","minecraft:break_sound","minecraft:enchantments","minecraft:interact_animation","minecraft:item_model","minecraft:item_name","minecraft:lore","minecraft:max_stack_size","minecraft:rarity","minecraft:repair_cost","minecraft:tooltip_display","minecraft:use_effects"]	6ba2c644d56bbd6f9219ba5b718d1b07a50c36d45eeb0aeba4f1dc84cae5df9a
minecraft:iron_golem_spawn_egg	["minecraft:attack_animation","minecraft:attribute_modifiers","minecraft:break_sound","minecraft:enchantments","minecraft:entity_data","minecraft:interact_animation","minecraft:item_model","minecraft:item_name","minecraft:lore","minecraft:max_stack_size","minecraft:rarity","minecraft:repair_cost","minecraft:tooltip_display","minecraft:use_effects"]	f5f98f9bfd25dce590cc3172326cbd8cb826b6ff058da1c4c8380e5b55aaed5c
minecraft:iron_helmet	["minecraft:attack_animation","minecraft:attribute_modifiers","minecraft:break_sound","minecraft:damage","minecraft:enchantable","minecraft:enchantments","minecraft:equippable","minecraft:interact_animation","minecraft:item_model","minecraft:item_name","minecraft:lore","minecraft:max_damage","minecraft:max_stack_size","minecraft:rarity","minecraft:repair_cost","minecraft:repairable","minecraft:tooltip_display","minecraft:use_effects"]	37afb3211248477292c8c814129299b22389b4e529defca9530f51841fac47e5
minecraft:iron_hoe	["minecraft:attack_animation","minecraft:attribute_modifiers","minecraft:block_transformer","minecraft:break_sound","minecraft:damage","minecraft:enchantable","minecraft:enchantments","minecraft:interact_animation","minecraft:item_model","minecraft:item_name","minecraft:lore","minecraft:max_damage","minecraft:max_stack_size","minecraft:rarity","minecraft:repair_cost","minecraft:repairable","minecraft:tool","minecraft:tooltip_display","minecraft:use_effects","minecraft:weapon"]	dff78a70f0d42d7a6c5d2cc0d2577dc5cc723998102d18673f97e88336120d98
minecraft:iron_horse_armor	["minecraft:attack_animation","minecraft:attribute_modifiers","minecraft:break_sound","minecraft:enchantments","minecraft:equippable","minecraft:interact_animation","minecraft:item_model","minecraft:item_name","minecraft:lore","minecraft:max_stack_size","minecraft:rarity","minecraft:repair_cost","minecraft:tooltip_display","minecraft:use_effects"]	c480606053b2a2a4a2aa20956e35212d20f56a07111172b1e48fea3f47685cb1
minecraft:iron_ingot	["minecraft:attack_animation","minecraft:attribute_modifiers","minecraft:break_sound","minecraft:enchantments","minecraft:interact_animation","minecraft:item_model","minecraft:item_name","minecraft:lore","minecraft:max_stack_size","minecraft:provides_trim_material","minecraft:rarity","minecraft:repair_cost","minecraft:tooltip_display","minecraft:use_effects"]	fd0a030dc55e5374d1acd80d2c5ce88af80bb1f7944e3b5f2b353b30db69b4e0
minecraft:iron_leggings	["minecraft:attack_animation","minecraft:attribute_modifiers","minecraft:break_sound","minecraft:damage","minecraft:enchantable","minecraft:enchantments","minecraft:equippable","minecraft:interact_animation","minecraft:item_model","minecraft:item_name","minecraft:lore","minecraft:max_damage","minecraft:max_stack_size","minecraft:rarity","minecraft:repair_cost","minecraft:repairable","minecraft:tooltip_display","minecraft:use_effects"]	5aa84b359555c4e328d84b63fa82e16bb5e45433bc0cd5ec0f7641d259e62f23
minecraft:iron_nautilus_armor	["minecraft:attack_animation","minecraft:attribute_modifiers","minecraft:break_sound","minecraft:enchantments","minecraft:equippable","minecraft:interact_animation","minecraft:item_model","minecraft:item_name","minecraft:lore","minecraft:max_stack_size","minecraft:rarity","minecraft:repair_cost","minecraft:tooltip_display","minecraft:use_effects"]	9fec42406dcbe78b187a3d76f189882eabcd32c47cbc052c17136a319e77fcee
minecraft:iron_nugget	["minecraft:attack_animation","minecraft:attribute_modifiers","minecraft:break_sound","minecraft:enchantments","minecraft:interact_animation","minecraft:item_model","minecraft:item_name","minecraft:lore","minecraft:max_stack_size","minecraft:rarity","minecraft:repair_cost","minecraft:tooltip_display","minecraft:use_effects"]	37326923a756c721c5461e0eec0863d4a4e9c8e30f48ce18adb35952f6ccd426
minecraft:iron_ore	["minecraft:attack_animation","minecraft:attribute_modifiers","minecraft:break_sound","minecraft:enchantments","minecraft:interact_animation","minecraft:item_model","minecraft:item_name","minecraft:lore","minecraft:max_stack_size","minecraft:rarity","minecraft:repair_cost","minecraft:tooltip_display","minecraft:use_effects"]	808ed5a85c1310572020463b17e54c47a7a9036f46a152f096c997f98490f660
minecraft:iron_pickaxe	["minecraft:attack_animation","minecraft:attribute_modifiers","minecraft:break_sound","minecraft:damage","minecraft:enchantable","minecraft:enchantments","minecraft:interact_animation","minecraft:item_model","minecraft:item_name","minecraft:lore","minecraft:max_damage","minecraft:max_stack_size","minecraft:rarity","minecraft:repair_cost","minecraft:repairable","minecraft:tool","minecraft:tooltip_display","minecraft:use_effects","minecraft:weapon"]	6840c3076e7bf41ae61dc6f49dccacc31d2450237ee3ccd506e546cae30c49df
minecraft:iron_shovel	["minecraft:attack_animation","minecraft:attribute_modifiers","minecraft:block_transformer","minecraft:break_sound","minecraft:damage","minecraft:enchantable","minecraft:enchantments","minecraft:interact_animation","minecraft:item_model","minecraft:item_name","minecraft:lore","minecraft:max_damage","minecraft:max_stack_size","minecraft:rarity","minecraft:repair_cost","minecraft:repairable","minecraft:tool","minecraft:tooltip_display","minecraft:use_effects","minecraft:weapon"]	e2d530f530ade32da8d87d66c4a85b0f83d9bded949c44aaff7c7c4d30e80e92
minecraft:iron_spear	["minecraft:attack_animation","minecraft:attack_range","minecraft:attribute_modifiers","minecraft:break_sound","minecraft:damage","minecraft:damage_type","minecraft:enchantable","minecraft:enchantments","minecraft:interact_animation","minecraft:item_model","minecraft:item_name","minecraft:kinetic_weapon","minecraft:lore","minecraft:max_damage","minecraft:max_stack_size","minecraft:minimum_attack_charge","minecraft:piercing_weapon","minecraft:rarity","minecraft:repair_cost","minecraft:repairable","minecraft:tooltip_display","minecraft:use_effects","minecraft:weapon"]	886fd4e0f009b9f91822af9046380ca7da0e0139b813a5379c18015d12d71d9a
minecraft:iron_sword	["minecraft:attack_animation","minecraft:attribute_modifiers","minecraft:break_sound","minecraft:damage","minecraft:enchantable","minecraft:enchantments","minecraft:interact_animation","minecraft:item_model","minecraft:item_name","minecraft:lore","minecraft:max_damage","minecraft:max_stack_size","minecraft:rarity","minecraft:repair_cost","minecraft:repairable","minecraft:tool","minecraft:tooltip_display","minecraft:use_effects","minecraft:weapon"]	7f473203b4e0798cc2572985624eceb036f3b67d4e986c17451994ecf3a1db78
minecraft:iron_trapdoor	["minecraft:attack_animation","minecraft:attribute_modifiers","minecraft:break_sound","minecraft:enchantments","minecraft:interact_animation","minecraft:item_model","minecraft:item_name","minecraft:lore","minecraft:max_stack_size","minecraft:rarity","minecraft:repair_cost","minecraft:tooltip_display","minecraft:use_effects"]	46d4278f407628dddda6aa5dae50de0d4733024e7be0b15af85d4385006b7230
minecraft:item_frame	["minecraft:attack_animation","minecraft:attribute_modifiers","minecraft:break_sound","minecraft:enchantments","minecraft:interact_animation","minecraft:item_model","minecraft:item_name","minecraft:lore","minecraft:max_stack_size","minecraft:rarity","minecraft:repair_cost","minecraft:tooltip_display","minecraft:use_effects"]	45cb27b0b0964949d1cce68213cb12bb43c8909836768ca3443032ddc54e4c48
minecraft:jack_o_lantern	["minecraft:attack_animation","minecraft:attribute_modifiers","minecraft:break_sound","minecraft:enchantments","minecraft:interact_animation","minecraft:item_model","minecraft:item_name","minecraft:lore","minecraft:max_stack_size","minecraft:rarity","minecraft:repair_cost","minecraft:tooltip_display","minecraft:use_effects"]	69a0a7888ed8bd994aacaa9188cdc5133e06ebdf1ee939f9d8ff2d6591bfe2b5
minecraft:jigsaw	["minecraft:attack_animation","minecraft:attribute_modifiers","minecraft:break_sound","minecraft:enchantments","minecraft:interact_animation","minecraft:item_model","minecraft:item_name","minecraft:lore","minecraft:max_stack_size","minecraft:rarity","minecraft:repair_cost","minecraft:tooltip_display","minecraft:use_effects"]	b95aef00643abcb07428727a3aa165dcd94613c4736718650ffb9317695c1b82
minecraft:jukebox	["minecraft:attack_animation","minecraft:attribute_modifiers","minecraft:break_sound","minecraft:cooking_fuel","minecraft:enchantments","minecraft:interact_animation","minecraft:item_model","minecraft:item_name","minecraft:lore","minecraft:max_stack_size","minecraft:rarity","minecraft:repair_cost","minecraft:tooltip_display","minecraft:use_effects"]	979282d80a49601381b323cff1b9cddd5b8e56748c0cbcad463839d7bd7f68c2
minecraft:jungle_boat	["minecraft:attack_animation","minecraft:attribute_modifiers","minecraft:break_sound","minecraft:cooking_fuel","minecraft:enchantments","minecraft:interact_animation","minecraft:item_model","minecraft:item_name","minecraft:lore","minecraft:max_stack_size","minecraft:rarity","minecraft:repair_cost","minecraft:tooltip_display","minecraft:use_effects"]	837b41ac31895569573b1a93878df19fdd209d53250fa9af76a79ca24a7deef3
minecraft:jungle_button	["minecraft:attack_animation","minecraft:attribute_modifiers","minecraft:break_sound","minecraft:cooking_fuel","minecraft:enchantments","minecraft:interact_animation","minecraft:item_model","minecraft:item_name","minecraft:lore","minecraft:max_stack_size","minecraft:rarity","minecraft:repair_cost","minecraft:tooltip_display","minecraft:use_effects"]	077ffd415c603a8c97636893b295ea71975136ccb29a1e5dcefa2c3bb4951124
minecraft:jungle_chest_boat	["minecraft:attack_animation","minecraft:attribute_modifiers","minecraft:break_sound","minecraft:cooking_fuel","minecraft:enchantments","minecraft:interact_animation","minecraft:item_model","minecraft:item_name","minecraft:lore","minecraft:max_stack_size","minecraft:rarity","minecraft:repair_cost","minecraft:tooltip_display","minecraft:use_effects"]	92379f820fabdda566f7ff6d4844ad8ce92ca8cd4827c6839cbe1d1e7724e331
minecraft:jungle_door	["minecraft:attack_animation","minecraft:attribute_modifiers","minecraft:break_sound","minecraft:cooking_fuel","minecraft:enchantments","minecraft:interact_animation","minecraft:item_model","minecraft:item_name","minecraft:lore","minecraft:max_stack_size","minecraft:rarity","minecraft:repair_cost","minecraft:tooltip_display","minecraft:use_effects"]	2a89ba15aa0832b7ffb7383a4e96e2f0f5c0604ff0ea813bc391ff0572e4c5b8
minecraft:jungle_fence	["minecraft:attack_animation","minecraft:attribute_modifiers","minecraft:break_sound","minecraft:cooking_fuel","minecraft:enchantments","minecraft:interact_animation","minecraft:item_model","minecraft:item_name","minecraft:lore","minecraft:max_stack_size","minecraft:rarity","minecraft:repair_cost","minecraft:tooltip_display","minecraft:use_effects"]	7d839d5bd186ae606dab0e13c819141fae4cc65407cca89faa96f281b2432728
minecraft:jungle_fence_gate	["minecraft:attack_animation","minecraft:attribute_modifiers","minecraft:break_sound","minecraft:cooking_fuel","minecraft:enchantments","minecraft:interact_animation","minecraft:item_model","minecraft:item_name","minecraft:lore","minecraft:max_stack_size","minecraft:rarity","minecraft:repair_cost","minecraft:tooltip_display","minecraft:use_effects"]	1d19207fcb917ef48b46a90321f877e246f450efe0b5b6417a8b32ed06414520
minecraft:jungle_hanging_sign	["minecraft:attack_animation","minecraft:attribute_modifiers","minecraft:break_sound","minecraft:cooking_fuel","minecraft:enchantments","minecraft:interact_animation","minecraft:item_model","minecraft:item_name","minecraft:lore","minecraft:max_stack_size","minecraft:rarity","minecraft:repair_cost","minecraft:sign_text_back","minecraft:sign_text_front","minecraft:tooltip_display","minecraft:use_effects"]	ce5cbd19f39e503501d80797ad3588c066b7f093494ff0b52fc2d9d0369eb2af
minecraft:jungle_leaves	["minecraft:attack_animation","minecraft:attribute_modifiers","minecraft:break_sound","minecraft:compostable","minecraft:enchantments","minecraft:interact_animation","minecraft:item_model","minecraft:item_name","minecraft:lore","minecraft:max_stack_size","minecraft:rarity","minecraft:repair_cost","minecraft:tooltip_display","minecraft:use_effects"]	9fee75c9a088b9ca5dd334c281e9495005f1464926377ea30cfcf9c8025a96ce
minecraft:jungle_log	["minecraft:attack_animation","minecraft:attribute_modifiers","minecraft:break_sound","minecraft:cooking_fuel","minecraft:enchantments","minecraft:interact_animation","minecraft:item_model","minecraft:item_name","minecraft:lore","minecraft:max_stack_size","minecraft:rarity","minecraft:repair_cost","minecraft:tooltip_display","minecraft:use_effects"]	b0b2756123d0aa0cc073576b17cfe22fbc78b11f646e8814e8c31679df06fc41
minecraft:jungle_planks	["minecraft:attack_animation","minecraft:attribute_modifiers","minecraft:break_sound","minecraft:cooking_fuel","minecraft:enchantments","minecraft:interact_animation","minecraft:item_model","minecraft:item_name","minecraft:lore","minecraft:max_stack_size","minecraft:rarity","minecraft:repair_cost","minecraft:tooltip_display","minecraft:use_effects"]	4c61acff65d426a6955a7ed8a8a6a428e0aa44aaca1aa17387fab362feab5dee
minecraft:jungle_pressure_plate	["minecraft:attack_animation","minecraft:attribute_modifiers","minecraft:break_sound","minecraft:cooking_fuel","minecraft:enchantments","minecraft:interact_animation","minecraft:item_model","minecraft:item_name","minecraft:lore","minecraft:max_stack_size","minecraft:rarity","minecraft:repair_cost","minecraft:tooltip_display","minecraft:use_effects"]	4903ea2349693ad8f99d9098ecd7d000281a17b7d878e1d16dd0662a62ed6154
minecraft:jungle_pyramid_map	["minecraft:attack_animation","minecraft:attribute_modifiers","minecraft:break_sound","minecraft:enchantments","minecraft:interact_animation","minecraft:item_model","minecraft:item_name","minecraft:lore","minecraft:map_decorations","minecraft:max_stack_size","minecraft:rarity","minecraft:repair_cost","minecraft:tooltip_display","minecraft:use_effects"]	2b36dc9099abfb7c0f6c52fc5d3c6d98e60ddfbc511c440243c7f03a0ed85101
minecraft:jungle_sapling	["minecraft:attack_animation","minecraft:attribute_modifiers","minecraft:break_sound","minecraft:compostable","minecraft:cooking_fuel","minecraft:enchantments","minecraft:interact_animation","minecraft:item_model","minecraft:item_name","minecraft:lore","minecraft:max_stack_size","minecraft:rarity","minecraft:repair_cost","minecraft:tooltip_display","minecraft:use_effects"]	e0a1e17850daecf1a5632dd0f3fc8226b39f4c9ba30bbf8bf36072d7c900fda9
minecraft:jungle_shelf	["minecraft:attack_animation","minecraft:attribute_modifiers","minecraft:break_sound","minecraft:container","minecraft:cooking_fuel","minecraft:enchantments","minecraft:interact_animation","minecraft:item_model","minecraft:item_name","minecraft:lore","minecraft:max_stack_size","minecraft:rarity","minecraft:repair_cost","minecraft:tooltip_display","minecraft:use_effects"]	268abb4c184f53147285cfc2eb5617861d152648083a215abf10f6c7945a577c
minecraft:jungle_sign	["minecraft:attack_animation","minecraft:attribute_modifiers","minecraft:break_sound","minecraft:cooking_fuel","minecraft:enchantments","minecraft:interact_animation","minecraft:item_model","minecraft:item_name","minecraft:lore","minecraft:max_stack_size","minecraft:rarity","minecraft:repair_cost","minecraft:sign_text_back","minecraft:sign_text_front","minecraft:tooltip_display","minecraft:use_effects"]	319b2de0d5f379d603b1963643b8618dab270593eea5f0d6d4d9d1aa0564168d
minecraft:jungle_slab	["minecraft:attack_animation","minecraft:attribute_modifiers","minecraft:break_sound","minecraft:cooking_fuel","minecraft:enchantments","minecraft:interact_animation","minecraft:item_model","minecraft:item_name","minecraft:lore","minecraft:max_stack_size","minecraft:rarity","minecraft:repair_cost","minecraft:tooltip_display","minecraft:use_effects"]	a4808bfb102eda02fc4129c07dade2d8f6beecde7d6e8a719504ba6692942bb0
minecraft:jungle_stairs	["minecraft:attack_animation","minecraft:attribute_modifiers","minecraft:break_sound","minecraft:cooking_fuel","minecraft:enchantments","minecraft:interact_animation","minecraft:item_model","minecraft:item_name","minecraft:lore","minecraft:max_stack_size","minecraft:rarity","minecraft:repair_cost","minecraft:tooltip_display","minecraft:use_effects"]	fb5a9bc8a337a7dd6f399b5ababda6efc94a3fda8852ec929b96f3406cb16a7b
minecraft:jungle_trapdoor	["minecraft:attack_animation","minecraft:attribute_modifiers","minecraft:break_sound","minecraft:cooking_fuel","minecraft:enchantments","minecraft:interact_animation","minecraft:item_model","minecraft:item_name","minecraft:lore","minecraft:max_stack_size","minecraft:rarity","minecraft:repair_cost","minecraft:tooltip_display","minecraft:use_effects"]	5aecace278f2d0d2b9599c71def39be5a127e166a3feb190cc07e1cf878830b6
minecraft:jungle_wood	["minecraft:attack_animation","minecraft:attribute_modifiers","minecraft:break_sound","minecraft:cooking_fuel","minecraft:enchantments","minecraft:interact_animation","minecraft:item_model","minecraft:item_name","minecraft:lore","minecraft:max_stack_size","minecraft:rarity","minecraft:repair_cost","minecraft:tooltip_display","minecraft:use_effects"]	6c1b7b35e6933dd15fbc906e6659f1dc9f59a8bdca1d741afe1f5e515c9d6aa3
minecraft:kelp	["minecraft:attack_animation","minecraft:attribute_modifiers","minecraft:break_sound","minecraft:compostable","minecraft:enchantments","minecraft:interact_animation","minecraft:item_model","minecraft:item_name","minecraft:lore","minecraft:max_stack_size","minecraft:rarity","minecraft:repair_cost","minecraft:tooltip_display","minecraft:use_effects"]	b89a87f4200328c0ca53c9f3c6259ed3b125daff0f92daa063665daec78fe51d
minecraft:knowledge_book	["minecraft:attack_animation","minecraft:attribute_modifiers","minecraft:break_sound","minecraft:enchantments","minecraft:interact_animation","minecraft:item_model","minecraft:item_name","minecraft:lore","minecraft:max_stack_size","minecraft:rarity","minecraft:recipes","minecraft:repair_cost","minecraft:tooltip_display","minecraft:use_effects"]	e8a7d3d18a08a5fe5e6c02d5f89c8a443e2386efe06f4b438b83059e080e6581
minecraft:ladder	["minecraft:attack_animation","minecraft:attribute_modifiers","minecraft:break_sound","minecraft:cooking_fuel","minecraft:enchantments","minecraft:interact_animation","minecraft:item_model","minecraft:item_name","minecraft:lore","minecraft:max_stack_size","minecraft:rarity","minecraft:repair_cost","minecraft:tooltip_display","minecraft:use_effects"]	ffd579a0b2174a0db9aae5a7973d451edfdf9bcb79232f5e1d63eee7560d6799
minecraft:lantern	["minecraft:attack_animation","minecraft:attribute_modifiers","minecraft:break_sound","minecraft:enchantments","minecraft:interact_animation","minecraft:item_model","minecraft:item_name","minecraft:lore","minecraft:max_stack_size","minecraft:rarity","minecraft:repair_cost","minecraft:tooltip_display","minecraft:use_effects"]	1671acb13d2a65fc8b106a17c1ddaa5f1a1135f41feda10a4aecc2e5e991b070
minecraft:lapis_block	["minecraft:attack_animation","minecraft:attribute_modifiers","minecraft:break_sound","minecraft:enchantments","minecraft:interact_animation","minecraft:item_model","minecraft:item_name","minecraft:lore","minecraft:max_stack_size","minecraft:rarity","minecraft:repair_cost","minecraft:tooltip_display","minecraft:use_effects"]	9ccf4039a558df2b83122a462c90c1b235974b4fee69502616d4f5719aed1b17
minecraft:lapis_lazuli	["minecraft:attack_animation","minecraft:attribute_modifiers","minecraft:break_sound","minecraft:enchantments","minecraft:interact_animation","minecraft:item_model","minecraft:item_name","minecraft:lore","minecraft:max_stack_size","minecraft:provides_trim_material","minecraft:rarity","minecraft:repair_cost","minecraft:tooltip_display","minecraft:use_effects"]	b2c088a185393195b2b0e7899cb3cc858ab5ccb037f39154d4745078c2a96079
minecraft:lapis_ore	["minecraft:attack_animation","minecraft:attribute_modifiers","minecraft:break_sound","minecraft:enchantments","minecraft:interact_animation","minecraft:item_model","minecraft:item_name","minecraft:lore","minecraft:max_stack_size","minecraft:rarity","minecraft:repair_cost","minecraft:tooltip_display","minecraft:use_effects"]	8a6cead0bbc8a6a8603f8ddd38ccb5586f3d18b4c30c2cd1e8aa08290f56321d
minecraft:large_amethyst_bud	["minecraft:attack_animation","minecraft:attribute_modifiers","minecraft:break_sound","minecraft:enchantments","minecraft:interact_animation","minecraft:item_model","minecraft:item_name","minecraft:lore","minecraft:max_stack_size","minecraft:rarity","minecraft:repair_cost","minecraft:tooltip_display","minecraft:use_effects"]	8a738a66a518b5a8d3aee802f655ffdeecac94cbc3094298ce3f4b376e44f86e
minecraft:large_fern	["minecraft:attack_animation","minecraft:attribute_modifiers","minecraft:break_sound","minecraft:compostable","minecraft:enchantments","minecraft:interact_animation","minecraft:item_model","minecraft:item_name","minecraft:lore","minecraft:max_stack_size","minecraft:rarity","minecraft:repair_cost","minecraft:tooltip_display","minecraft:use_effects"]	d1900685238fccc5a3e31d5e6262c8cfda7807e1875620bc418d9665a6a5b01d
minecraft:lava_bucket	["minecraft:attack_animation","minecraft:attribute_modifiers","minecraft:break_sound","minecraft:cooking_fuel","minecraft:enchantments","minecraft:interact_animation","minecraft:item_model","minecraft:item_name","minecraft:lore","minecraft:max_stack_size","minecraft:rarity","minecraft:repair_cost","minecraft:tooltip_display","minecraft:use_effects"]	4e6ae29e2b224a402ef3b79ec00c93c2dd6c1387ddfe783a9795f04de621a7f7
minecraft:lead	["minecraft:attack_animation","minecraft:attribute_modifiers","minecraft:break_sound","minecraft:enchantments","minecraft:interact_animation","minecraft:item_model","minecraft:item_name","minecraft:lore","minecraft:max_stack_size","minecraft:rarity","minecraft:repair_cost","minecraft:tooltip_display","minecraft:use_effects"]	b314ed0cfea76185526218724dea544a6a8fecd4b9e5bab35b6e52e4daf8c7ac
minecraft:leaf_litter	["minecraft:attack_animation","minecraft:attribute_modifiers","minecraft:break_sound","minecraft:compostable","minecraft:cooking_fuel","minecraft:enchantments","minecraft:interact_animation","minecraft:item_model","minecraft:item_name","minecraft:lore","minecraft:max_stack_size","minecraft:rarity","minecraft:repair_cost","minecraft:tooltip_display","minecraft:use_effects"]	029d47a119ef24729649072441bf6d440bc55552e626b4ccd03af149644cd2e2
minecraft:leather	["minecraft:attack_animation","minecraft:attribute_modifiers","minecraft:break_sound","minecraft:enchantments","minecraft:interact_animation","minecraft:item_model","minecraft:item_name","minecraft:lore","minecraft:max_stack_size","minecraft:rarity","minecraft:repair_cost","minecraft:tooltip_display","minecraft:use_effects"]	eafdcfa3cac84896f2a62a7365f199b3f79bfbeb17d3e2ffa771d12ecd72ecdc
minecraft:leather_boots	["minecraft:attack_animation","minecraft:attribute_modifiers","minecraft:break_sound","minecraft:damage","minecraft:enchantable","minecraft:enchantments","minecraft:equippable","minecraft:interact_animation","minecraft:item_model","minecraft:item_name","minecraft:lore","minecraft:max_damage","minecraft:max_stack_size","minecraft:rarity","minecraft:repair_cost","minecraft:repairable","minecraft:tooltip_display","minecraft:use_effects"]	1253528d09472b820322aa4fee03d2edcf86bdfd7454d4200984913068272e50
minecraft:leather_chestplate	["minecraft:attack_animation","minecraft:attribute_modifiers","minecraft:break_sound","minecraft:damage","minecraft:enchantable","minecraft:enchantments","minecraft:equippable","minecraft:interact_animation","minecraft:item_model","minecraft:item_name","minecraft:lore","minecraft:max_damage","minecraft:max_stack_size","minecraft:rarity","minecraft:repair_cost","minecraft:repairable","minecraft:tooltip_display","minecraft:use_effects"]	4cb749cf71d1d65ced87c1c146537fa85e4d9e840f859e93dc2635a0c5344afa
minecraft:leather_helmet	["minecraft:attack_animation","minecraft:attribute_modifiers","minecraft:break_sound","minecraft:damage","minecraft:enchantable","minecraft:enchantments","minecraft:equippable","minecraft:interact_animation","minecraft:item_model","minecraft:item_name","minecraft:lore","minecraft:max_damage","minecraft:max_stack_size","minecraft:rarity","minecraft:repair_cost","minecraft:repairable","minecraft:tooltip_display","minecraft:use_effects"]	b59d21570594ca198df05c22b37ac6af2a8d0ca7e3117fd41798878a2e384bbc
minecraft:leather_horse_armor	["minecraft:attack_animation","minecraft:attribute_modifiers","minecraft:break_sound","minecraft:enchantments","minecraft:equippable","minecraft:interact_animation","minecraft:item_model","minecraft:item_name","minecraft:lore","minecraft:max_stack_size","minecraft:rarity","minecraft:repair_cost","minecraft:tooltip_display","minecraft:use_effects"]	bdcd37370d440ed89cb491951a6c6fe1aa96db6b1340e9d1638957cb2f4a1db6
minecraft:leather_leggings	["minecraft:attack_animation","minecraft:attribute_modifiers","minecraft:break_sound","minecraft:damage","minecraft:enchantable","minecraft:enchantments","minecraft:equippable","minecraft:interact_animation","minecraft:item_model","minecraft:item_name","minecraft:lore","minecraft:max_damage","minecraft:max_stack_size","minecraft:rarity","minecraft:repair_cost","minecraft:repairable","minecraft:tooltip_display","minecraft:use_effects"]	d7940db174e9e282e9a98d7bd4d59bd8487ea05c9d215814bfbf56ea423a2855
minecraft:lectern	["minecraft:attack_animation","minecraft:attribute_modifiers","minecraft:break_sound","minecraft:cooking_fuel","minecraft:enchantments","minecraft:interact_animation","minecraft:item_model","minecraft:item_name","minecraft:lore","minecraft:max_stack_size","minecraft:rarity","minecraft:repair_cost","minecraft:tooltip_display","minecraft:use_effects"]	cd940ef97e7ea0c6ccdd3a2d3de4e30dee0a6de5de5e69e662920117874b4b6d
minecraft:lever	["minecraft:attack_animation","minecraft:attribute_modifiers","minecraft:break_sound","minecraft:enchantments","minecraft:interact_animation","minecraft:item_model","minecraft:item_name","minecraft:lore","minecraft:max_stack_size","minecraft:rarity","minecraft:repair_cost","minecraft:tooltip_display","minecraft:use_effects"]	a09df201f0d517c3bc0af604c9ec2f6d75c5a40be1f1106d815d7ceb0b68ff35
minecraft:light	["minecraft:attack_animation","minecraft:attribute_modifiers","minecraft:block_state","minecraft:break_sound","minecraft:enchantments","minecraft:interact_animation","minecraft:item_model","minecraft:item_name","minecraft:lore","minecraft:max_stack_size","minecraft:rarity","minecraft:repair_cost","minecraft:tooltip_display","minecraft:use_effects"]	ff0d2560332a57076491116409d5bf798f9745c4b18704e4ef93ab7e7592e3e4
minecraft:light_blue_banner	["minecraft:attack_animation","minecraft:attribute_modifiers","minecraft:banner_patterns","minecraft:break_sound","minecraft:cooking_fuel","minecraft:enchantments","minecraft:interact_animation","minecraft:item_model","minecraft:item_name","minecraft:lore","minecraft:max_stack_size","minecraft:rarity","minecraft:repair_cost","minecraft:tooltip_display","minecraft:use_effects"]	aa914ff73dfd6252ca243a14444eae338ee4f735b374743eb858732011ccafcd
minecraft:light_blue_bed	["minecraft:attack_animation","minecraft:attribute_modifiers","minecraft:break_sound","minecraft:enchantments","minecraft:interact_animation","minecraft:item_model","minecraft:item_name","minecraft:lore","minecraft:max_stack_size","minecraft:rarity","minecraft:repair_cost","minecraft:tooltip_display","minecraft:use_effects"]	2fbd0f6f4118a7c03372b4fa3e585f08c9f05f9e3ba5bf972084ab833e553c31
minecraft:light_blue_bundle	["minecraft:attack_animation","minecraft:attribute_modifiers","minecraft:break_sound","minecraft:bundle_contents","minecraft:enchantments","minecraft:interact_animation","minecraft:item_model","minecraft:item_name","minecraft:lore","minecraft:max_stack_size","minecraft:rarity","minecraft:repair_cost","minecraft:tooltip_display","minecraft:use_effects"]	73ed23445dc5eae309a947d83f64a88f7c187bb5a7ad643024ba5a614270da24
minecraft:light_blue_candle	["minecraft:attack_animation","minecraft:attribute_modifiers","minecraft:break_sound","minecraft:enchantments","minecraft:interact_animation","minecraft:item_model","minecraft:item_name","minecraft:lore","minecraft:max_stack_size","minecraft:rarity","minecraft:repair_cost","minecraft:tooltip_display","minecraft:use_effects"]	c5ab36663959e7a1a8bc5eeab9995a41b696b1af5c30c56add6849f3a3b95eaa
minecraft:light_blue_carpet	["minecraft:attack_animation","minecraft:attribute_modifiers","minecraft:break_sound","minecraft:cooking_fuel","minecraft:enchantments","minecraft:equippable","minecraft:interact_animation","minecraft:item_model","minecraft:item_name","minecraft:lore","minecraft:max_stack_size","minecraft:rarity","minecraft:repair_cost","minecraft:tooltip_display","minecraft:use_effects"]	de29f0007275ff19d241df7799c610bc4f687a4075749553f922ecd2974a9c16
minecraft:light_blue_concrete	["minecraft:attack_animation","minecraft:attribute_modifiers","minecraft:break_sound","minecraft:enchantments","minecraft:interact_animation","minecraft:item_model","minecraft:item_name","minecraft:lore","minecraft:max_stack_size","minecraft:rarity","minecraft:repair_cost","minecraft:tooltip_display","minecraft:use_effects"]	abbda0d67b9a7873ca7a27ceeacb0e1055237598391be5c422682781221dd95d
minecraft:light_blue_concrete_powder	["minecraft:attack_animation","minecraft:attribute_modifiers","minecraft:break_sound","minecraft:enchantments","minecraft:interact_animation","minecraft:item_model","minecraft:item_name","minecraft:lore","minecraft:max_stack_size","minecraft:rarity","minecraft:repair_cost","minecraft:tooltip_display","minecraft:use_effects"]	28eedf522a454eef798ea3486c686c48b1f69f4bffb436b81f4681a8e3ddf8d8
minecraft:light_blue_concrete_slab	["minecraft:attack_animation","minecraft:attribute_modifiers","minecraft:break_sound","minecraft:enchantments","minecraft:interact_animation","minecraft:item_model","minecraft:item_name","minecraft:lore","minecraft:max_stack_size","minecraft:rarity","minecraft:repair_cost","minecraft:tooltip_display","minecraft:use_effects"]	8a8726c7e725eb53fc660b54e396bc1bd1e9bda80a368649fbd492c693713f8e
minecraft:light_blue_concrete_stairs	["minecraft:attack_animation","minecraft:attribute_modifiers","minecraft:break_sound","minecraft:enchantments","minecraft:interact_animation","minecraft:item_model","minecraft:item_name","minecraft:lore","minecraft:max_stack_size","minecraft:rarity","minecraft:repair_cost","minecraft:tooltip_display","minecraft:use_effects"]	b733d65496937c62eb1565f2d7837d5e2ebd340819be9627a93d22a4ed625fe7
minecraft:light_blue_cushion	["minecraft:attack_animation","minecraft:attribute_modifiers","minecraft:break_sound","minecraft:cooking_fuel","minecraft:cushion/color","minecraft:enchantments","minecraft:interact_animation","minecraft:item_model","minecraft:item_name","minecraft:lore","minecraft:max_stack_size","minecraft:rarity","minecraft:repair_cost","minecraft:tooltip_display","minecraft:use_effects"]	fffc4abd1fd196a5f36e87af3b9601b14a032f906a0df202a9998fc4be4e48f8
minecraft:light_blue_dye	["minecraft:attack_animation","minecraft:attribute_modifiers","minecraft:break_sound","minecraft:dye","minecraft:enchantments","minecraft:interact_animation","minecraft:item_model","minecraft:item_name","minecraft:lore","minecraft:max_stack_size","minecraft:rarity","minecraft:repair_cost","minecraft:tooltip_display","minecraft:use_effects"]	13da36eb53826b5f9a207d68346a05d042223c18f15a181fc957fa978887e7dd
minecraft:light_blue_glazed_terracotta	["minecraft:attack_animation","minecraft:attribute_modifiers","minecraft:break_sound","minecraft:enchantments","minecraft:interact_animation","minecraft:item_model","minecraft:item_name","minecraft:lore","minecraft:max_stack_size","minecraft:rarity","minecraft:repair_cost","minecraft:tooltip_display","minecraft:use_effects"]	6572ec1a3aa3c3a09ad6e445e89a8cf1e79ad237bb5216532fc73bdf07c257ff
minecraft:light_blue_harness	["minecraft:attack_animation","minecraft:attribute_modifiers","minecraft:break_sound","minecraft:enchantments","minecraft:equippable","minecraft:interact_animation","minecraft:item_model","minecraft:item_name","minecraft:lore","minecraft:max_stack_size","minecraft:rarity","minecraft:repair_cost","minecraft:tooltip_display","minecraft:use_effects"]	547b74b81b5367585ba63adc4474a9b376dc837a117122d9f8a5386e285bad83
minecraft:light_blue_shulker_box	["minecraft:attack_animation","minecraft:attribute_modifiers","minecraft:break_sound","minecraft:container","minecraft:enchantments","minecraft:interact_animation","minecraft:item_model","minecraft:item_name","minecraft:lore","minecraft:max_stack_size","minecraft:rarity","minecraft:repair_cost","minecraft:tooltip_display","minecraft:use_effects"]	13e729f8824a277c82f11c736bc43a0d552705673b0a37b346c78074f72baff2
minecraft:light_blue_stained_glass	["minecraft:attack_animation","minecraft:attribute_modifiers","minecraft:break_sound","minecraft:enchantments","minecraft:interact_animation","minecraft:item_model","minecraft:item_name","minecraft:lore","minecraft:max_stack_size","minecraft:rarity","minecraft:repair_cost","minecraft:tooltip_display","minecraft:use_effects"]	f0548c2c2d19821dad8c7ae64146c7c35dfab4f861b30713c7d3aa1e11b21630
minecraft:light_blue_stained_glass_pane	["minecraft:attack_animation","minecraft:attribute_modifiers","minecraft:break_sound","minecraft:enchantments","minecraft:interact_animation","minecraft:item_model","minecraft:item_name","minecraft:lore","minecraft:max_stack_size","minecraft:rarity","minecraft:repair_cost","minecraft:tooltip_display","minecraft:use_effects"]	8885049e94a152b971761ba9563da74c80d677e54b1bb14c3ba3fcbf2a1ee9fe
minecraft:light_blue_terracotta	["minecraft:attack_animation","minecraft:attribute_modifiers","minecraft:break_sound","minecraft:enchantments","minecraft:interact_animation","minecraft:item_model","minecraft:item_name","minecraft:lore","minecraft:max_stack_size","minecraft:rarity","minecraft:repair_cost","minecraft:tooltip_display","minecraft:use_effects"]	d40ce36c650613841f8b281a682c5b88dfa26035bd5119977e76d629e4c76f76
minecraft:light_blue_wool	["minecraft:attack_animation","minecraft:attribute_modifiers","minecraft:break_sound","minecraft:cooking_fuel","minecraft:enchantments","minecraft:interact_animation","minecraft:item_model","minecraft:item_name","minecraft:lore","minecraft:max_stack_size","minecraft:rarity","minecraft:repair_cost","minecraft:tooltip_display","minecraft:use_effects"]	4a6feda369a2ec20cbe4ca8c2dbab6f41661b58ed448bc50d7e0acab37bac4ae
minecraft:light_blue_wool_slab	["minecraft:attack_animation","minecraft:attribute_modifiers","minecraft:break_sound","minecraft:cooking_fuel","minecraft:enchantments","minecraft:interact_animation","minecraft:item_model","minecraft:item_name","minecraft:lore","minecraft:max_stack_size","minecraft:rarity","minecraft:repair_cost","minecraft:tooltip_display","minecraft:use_effects"]	409bd6e68af21e6a068df2ce08fa8c06101c982f930c60225fe5ebeafaac0b3b
minecraft:light_blue_wool_stairs	["minecraft:attack_animation","minecraft:attribute_modifiers","minecraft:break_sound","minecraft:cooking_fuel","minecraft:enchantments","minecraft:interact_animation","minecraft:item_model","minecraft:item_name","minecraft:lore","minecraft:max_stack_size","minecraft:rarity","minecraft:repair_cost","minecraft:tooltip_display","minecraft:use_effects"]	67408124ccedeb8669aafabc130c36a5e8e16ae1bacda63d33f23b7ce8755cbe
minecraft:light_gray_banner	["minecraft:attack_animation","minecraft:attribute_modifiers","minecraft:banner_patterns","minecraft:break_sound","minecraft:cooking_fuel","minecraft:enchantments","minecraft:interact_animation","minecraft:item_model","minecraft:item_name","minecraft:lore","minecraft:max_stack_size","minecraft:rarity","minecraft:repair_cost","minecraft:tooltip_display","minecraft:use_effects"]	0f45661021abc73ad175aa0611fc407fd312609083542422722c2a66d18cb087
minecraft:light_gray_bed	["minecraft:attack_animation","minecraft:attribute_modifiers","minecraft:break_sound","minecraft:enchantments","minecraft:interact_animation","minecraft:item_model","minecraft:item_name","minecraft:lore","minecraft:max_stack_size","minecraft:rarity","minecraft:repair_cost","minecraft:tooltip_display","minecraft:use_effects"]	7090cb1994647d0dc3db41e7677c37efad5edb8d559272918d2a9695eb3375bf
minecraft:light_gray_bundle	["minecraft:attack_animation","minecraft:attribute_modifiers","minecraft:break_sound","minecraft:bundle_contents","minecraft:enchantments","minecraft:interact_animation","minecraft:item_model","minecraft:item_name","minecraft:lore","minecraft:max_stack_size","minecraft:rarity","minecraft:repair_cost","minecraft:tooltip_display","minecraft:use_effects"]	6990ee7cd3ac99ac08ddc68b213a9bf9d78d7cedc66543157f4e5e675b411519
minecraft:light_gray_candle	["minecraft:attack_animation","minecraft:attribute_modifiers","minecraft:break_sound","minecraft:enchantments","minecraft:interact_animation","minecraft:item_model","minecraft:item_name","minecraft:lore","minecraft:max_stack_size","minecraft:rarity","minecraft:repair_cost","minecraft:tooltip_display","minecraft:use_effects"]	c70d179e81795fd13706e1bc50ed8aabc4765d16ef77c7400b59973e4e37017c
minecraft:light_gray_carpet	["minecraft:attack_animation","minecraft:attribute_modifiers","minecraft:break_sound","minecraft:cooking_fuel","minecraft:enchantments","minecraft:equippable","minecraft:interact_animation","minecraft:item_model","minecraft:item_name","minecraft:lore","minecraft:max_stack_size","minecraft:rarity","minecraft:repair_cost","minecraft:tooltip_display","minecraft:use_effects"]	011d0a3df714877443df359fe86c055f6b33229ddfbdc6c9942e86fd935b148e
minecraft:light_gray_concrete	["minecraft:attack_animation","minecraft:attribute_modifiers","minecraft:break_sound","minecraft:enchantments","minecraft:interact_animation","minecraft:item_model","minecraft:item_name","minecraft:lore","minecraft:max_stack_size","minecraft:rarity","minecraft:repair_cost","minecraft:tooltip_display","minecraft:use_effects"]	5bd306354c276c1648c2952e36ee4a6abc8ad5ce8b2863b73769619872a70651
minecraft:light_gray_concrete_powder	["minecraft:attack_animation","minecraft:attribute_modifiers","minecraft:break_sound","minecraft:enchantments","minecraft:interact_animation","minecraft:item_model","minecraft:item_name","minecraft:lore","minecraft:max_stack_size","minecraft:rarity","minecraft:repair_cost","minecraft:tooltip_display","minecraft:use_effects"]	fbda75101bb232f1784c616cdfd8438926695df53bc8cb3876973700d0f775e7
minecraft:light_gray_concrete_slab	["minecraft:attack_animation","minecraft:attribute_modifiers","minecraft:break_sound","minecraft:enchantments","minecraft:interact_animation","minecraft:item_model","minecraft:item_name","minecraft:lore","minecraft:max_stack_size","minecraft:rarity","minecraft:repair_cost","minecraft:tooltip_display","minecraft:use_effects"]	c996c26665017d444d0094d26a25e84470f4cd62a30d11946e28210e6b1cfd96
minecraft:light_gray_concrete_stairs	["minecraft:attack_animation","minecraft:attribute_modifiers","minecraft:break_sound","minecraft:enchantments","minecraft:interact_animation","minecraft:item_model","minecraft:item_name","minecraft:lore","minecraft:max_stack_size","minecraft:rarity","minecraft:repair_cost","minecraft:tooltip_display","minecraft:use_effects"]	fec376a2045e2478fc39c3afe2796487fb8298ea0d4bc54988aebbdfcd313bfb
minecraft:light_gray_cushion	["minecraft:attack_animation","minecraft:attribute_modifiers","minecraft:break_sound","minecraft:cooking_fuel","minecraft:cushion/color","minecraft:enchantments","minecraft:interact_animation","minecraft:item_model","minecraft:item_name","minecraft:lore","minecraft:max_stack_size","minecraft:rarity","minecraft:repair_cost","minecraft:tooltip_display","minecraft:use_effects"]	22c0195ff99f9b18535c737e9b0caa9b0c6bae7d7ed2a3a5f782a015651ce46f
minecraft:light_gray_dye	["minecraft:attack_animation","minecraft:attribute_modifiers","minecraft:break_sound","minecraft:dye","minecraft:enchantments","minecraft:interact_animation","minecraft:item_model","minecraft:item_name","minecraft:lore","minecraft:max_stack_size","minecraft:rarity","minecraft:repair_cost","minecraft:tooltip_display","minecraft:use_effects"]	4ac9733530a4f5708d16ec393c4cf3cea3329fe908cac2ef7643f007c552289a
minecraft:light_gray_glazed_terracotta	["minecraft:attack_animation","minecraft:attribute_modifiers","minecraft:break_sound","minecraft:enchantments","minecraft:interact_animation","minecraft:item_model","minecraft:item_name","minecraft:lore","minecraft:max_stack_size","minecraft:rarity","minecraft:repair_cost","minecraft:tooltip_display","minecraft:use_effects"]	8eb8976f4cf3dc47fd6e56effd692be02689a5bbecd9b08ae0d273778594a163
minecraft:light_gray_harness	["minecraft:attack_animation","minecraft:attribute_modifiers","minecraft:break_sound","minecraft:enchantments","minecraft:equippable","minecraft:interact_animation","minecraft:item_model","minecraft:item_name","minecraft:lore","minecraft:max_stack_size","minecraft:rarity","minecraft:repair_cost","minecraft:tooltip_display","minecraft:use_effects"]	c26502ac848f6e50853e7c3533711434ab223d6cb064090bc83630c5fb17d633
minecraft:light_gray_shulker_box	["minecraft:attack_animation","minecraft:attribute_modifiers","minecraft:break_sound","minecraft:container","minecraft:enchantments","minecraft:interact_animation","minecraft:item_model","minecraft:item_name","minecraft:lore","minecraft:max_stack_size","minecraft:rarity","minecraft:repair_cost","minecraft:tooltip_display","minecraft:use_effects"]	0e408c75e155477b632f3f5e0030eb5f5c9efc999fb282576ebaf364726864ad
minecraft:light_gray_stained_glass	["minecraft:attack_animation","minecraft:attribute_modifiers","minecraft:break_sound","minecraft:enchantments","minecraft:interact_animation","minecraft:item_model","minecraft:item_name","minecraft:lore","minecraft:max_stack_size","minecraft:rarity","minecraft:repair_cost","minecraft:tooltip_display","minecraft:use_effects"]	239fedf7446d18e0a19e665260a620c7d58b12577fc18396c8cb2ce50e88b671
minecraft:light_gray_stained_glass_pane	["minecraft:attack_animation","minecraft:attribute_modifiers","minecraft:break_sound","minecraft:enchantments","minecraft:interact_animation","minecraft:item_model","minecraft:item_name","minecraft:lore","minecraft:max_stack_size","minecraft:rarity","minecraft:repair_cost","minecraft:tooltip_display","minecraft:use_effects"]	fe803521974690efa1989c4b3f84d715679df7bf08405e71c9465f083ec3f12e
minecraft:light_gray_terracotta	["minecraft:attack_animation","minecraft:attribute_modifiers","minecraft:break_sound","minecraft:enchantments","minecraft:interact_animation","minecraft:item_model","minecraft:item_name","minecraft:lore","minecraft:max_stack_size","minecraft:rarity","minecraft:repair_cost","minecraft:tooltip_display","minecraft:use_effects"]	6820d623dde24c2edb9d34a13a7fab7d41bbec889fa8073fd2397917f8c82488
minecraft:light_gray_wool	["minecraft:attack_animation","minecraft:attribute_modifiers","minecraft:break_sound","minecraft:cooking_fuel","minecraft:enchantments","minecraft:interact_animation","minecraft:item_model","minecraft:item_name","minecraft:lore","minecraft:max_stack_size","minecraft:rarity","minecraft:repair_cost","minecraft:tooltip_display","minecraft:use_effects"]	02402c8c63ebec878abf64fc7dabe85ba7229990088c95d9d45c0e121621225f
minecraft:light_gray_wool_slab	["minecraft:attack_animation","minecraft:attribute_modifiers","minecraft:break_sound","minecraft:cooking_fuel","minecraft:enchantments","minecraft:interact_animation","minecraft:item_model","minecraft:item_name","minecraft:lore","minecraft:max_stack_size","minecraft:rarity","minecraft:repair_cost","minecraft:tooltip_display","minecraft:use_effects"]	789c61846b2c29baddd3030c11a8070597cf38cda81376032a3d2bdd635552cf
minecraft:light_gray_wool_stairs	["minecraft:attack_animation","minecraft:attribute_modifiers","minecraft:break_sound","minecraft:cooking_fuel","minecraft:enchantments","minecraft:interact_animation","minecraft:item_model","minecraft:item_name","minecraft:lore","minecraft:max_stack_size","minecraft:rarity","minecraft:repair_cost","minecraft:tooltip_display","minecraft:use_effects"]	d7e0f1be232c6f50009d1a0f405b0385c7ac4341cb7d8c15c779ec477fa666f3
minecraft:light_weighted_pressure_plate	["minecraft:attack_animation","minecraft:attribute_modifiers","minecraft:break_sound","minecraft:enchantments","minecraft:interact_animation","minecraft:item_model","minecraft:item_name","minecraft:lore","minecraft:max_stack_size","minecraft:rarity","minecraft:repair_cost","minecraft:tooltip_display","minecraft:use_effects"]	5fd1b419bd57f7f10abd7f2b0cca976a87d3a89cb38106423c4c253889be19fa
minecraft:lightning_rod	["minecraft:attack_animation","minecraft:attribute_modifiers","minecraft:break_sound","minecraft:enchantments","minecraft:interact_animation","minecraft:item_model","minecraft:item_name","minecraft:lore","minecraft:max_stack_size","minecraft:rarity","minecraft:repair_cost","minecraft:tooltip_display","minecraft:use_effects"]	cde930db896a555690c04ab16191479091eaf8db3a7743559dcd313a462dbbaf
minecraft:lilac	["minecraft:attack_animation","minecraft:attribute_modifiers","minecraft:break_sound","minecraft:compostable","minecraft:enchantments","minecraft:interact_animation","minecraft:item_model","minecraft:item_name","minecraft:lore","minecraft:max_stack_size","minecraft:rarity","minecraft:repair_cost","minecraft:tooltip_display","minecraft:use_effects"]	762e9dd1ff44ed2af4adab2db970ab06bd354b76973b512b25b5ce4ea4e3ea76
minecraft:lily_of_the_valley	["minecraft:attack_animation","minecraft:attribute_modifiers","minecraft:break_sound","minecraft:compostable","minecraft:enchantments","minecraft:interact_animation","minecraft:item_model","minecraft:item_name","minecraft:lore","minecraft:max_stack_size","minecraft:rarity","minecraft:repair_cost","minecraft:tooltip_display","minecraft:use_effects"]	c9ec5f4b67a018ba45dd242c93534d7f69864664927aba7d2f8c13847e745a86
minecraft:lily_pad	["minecraft:attack_animation","minecraft:attribute_modifiers","minecraft:break_sound","minecraft:compostable","minecraft:enchantments","minecraft:interact_animation","minecraft:item_model","minecraft:item_name","minecraft:lore","minecraft:max_stack_size","minecraft:rarity","minecraft:repair_cost","minecraft:tooltip_display","minecraft:use_effects"]	ba1dc5467e9e52734756646f90efc628899aaeb773ebb42747177457826418a3
minecraft:lime_banner	["minecraft:attack_animation","minecraft:attribute_modifiers","minecraft:banner_patterns","minecraft:break_sound","minecraft:cooking_fuel","minecraft:enchantments","minecraft:interact_animation","minecraft:item_model","minecraft:item_name","minecraft:lore","minecraft:max_stack_size","minecraft:rarity","minecraft:repair_cost","minecraft:tooltip_display","minecraft:use_effects"]	2267a4bb3803ecf020fa407ce8725952a292cd400b16c136fc99942c82fb9990
minecraft:lime_bed	["minecraft:attack_animation","minecraft:attribute_modifiers","minecraft:break_sound","minecraft:enchantments","minecraft:interact_animation","minecraft:item_model","minecraft:item_name","minecraft:lore","minecraft:max_stack_size","minecraft:rarity","minecraft:repair_cost","minecraft:tooltip_display","minecraft:use_effects"]	2eb11d27af63b603e4e347a5ee8f430806241601c76e67a873565174b9e2f7de
minecraft:lime_bundle	["minecraft:attack_animation","minecraft:attribute_modifiers","minecraft:break_sound","minecraft:bundle_contents","minecraft:enchantments","minecraft:interact_animation","minecraft:item_model","minecraft:item_name","minecraft:lore","minecraft:max_stack_size","minecraft:rarity","minecraft:repair_cost","minecraft:tooltip_display","minecraft:use_effects"]	c3e82c68529fdb0b710d9321a7e7f0892b926f40cf328bcb78104263fd80ec03
minecraft:lime_candle	["minecraft:attack_animation","minecraft:attribute_modifiers","minecraft:break_sound","minecraft:enchantments","minecraft:interact_animation","minecraft:item_model","minecraft:item_name","minecraft:lore","minecraft:max_stack_size","minecraft:rarity","minecraft:repair_cost","minecraft:tooltip_display","minecraft:use_effects"]	58cad54e97da72feea17865da28588885bfd4095db766357e9c1d1c9f341f913
minecraft:lime_carpet	["minecraft:attack_animation","minecraft:attribute_modifiers","minecraft:break_sound","minecraft:cooking_fuel","minecraft:enchantments","minecraft:equippable","minecraft:interact_animation","minecraft:item_model","minecraft:item_name","minecraft:lore","minecraft:max_stack_size","minecraft:rarity","minecraft:repair_cost","minecraft:tooltip_display","minecraft:use_effects"]	a512d5ee14eed8234018a226bf65c4ce146694cb391e37883db9bf9506cd84a4
minecraft:lime_concrete	["minecraft:attack_animation","minecraft:attribute_modifiers","minecraft:break_sound","minecraft:enchantments","minecraft:interact_animation","minecraft:item_model","minecraft:item_name","minecraft:lore","minecraft:max_stack_size","minecraft:rarity","minecraft:repair_cost","minecraft:tooltip_display","minecraft:use_effects"]	4801ec2b44f9dc4905795186fbfad770873b9adba9733d772daf9d5350072aef
minecraft:lime_concrete_powder	["minecraft:attack_animation","minecraft:attribute_modifiers","minecraft:break_sound","minecraft:enchantments","minecraft:interact_animation","minecraft:item_model","minecraft:item_name","minecraft:lore","minecraft:max_stack_size","minecraft:rarity","minecraft:repair_cost","minecraft:tooltip_display","minecraft:use_effects"]	7f2afbfd1a17b962ae0d7d8331848ca75a772140c4184bf2ff3ed7131060aced
minecraft:lime_concrete_slab	["minecraft:attack_animation","minecraft:attribute_modifiers","minecraft:break_sound","minecraft:enchantments","minecraft:interact_animation","minecraft:item_model","minecraft:item_name","minecraft:lore","minecraft:max_stack_size","minecraft:rarity","minecraft:repair_cost","minecraft:tooltip_display","minecraft:use_effects"]	bfc00ef5dc1832c2d3068a3b59cfa0a39f23657c0a92b0ef3eb9abac0710b6a4
minecraft:lime_concrete_stairs	["minecraft:attack_animation","minecraft:attribute_modifiers","minecraft:break_sound","minecraft:enchantments","minecraft:interact_animation","minecraft:item_model","minecraft:item_name","minecraft:lore","minecraft:max_stack_size","minecraft:rarity","minecraft:repair_cost","minecraft:tooltip_display","minecraft:use_effects"]	28511b3e26e101fb4334d4ac6f84c13acd5eaaad771f10caa208cec837d75ded
minecraft:lime_cushion	["minecraft:attack_animation","minecraft:attribute_modifiers","minecraft:break_sound","minecraft:cooking_fuel","minecraft:cushion/color","minecraft:enchantments","minecraft:interact_animation","minecraft:item_model","minecraft:item_name","minecraft:lore","minecraft:max_stack_size","minecraft:rarity","minecraft:repair_cost","minecraft:tooltip_display","minecraft:use_effects"]	089ff7e70d9c7e6c46ca10bc47cd041c12abf472b535cef84bf7b53e7289bc9a
minecraft:lime_dye	["minecraft:attack_animation","minecraft:attribute_modifiers","minecraft:break_sound","minecraft:dye","minecraft:enchantments","minecraft:interact_animation","minecraft:item_model","minecraft:item_name","minecraft:lore","minecraft:max_stack_size","minecraft:rarity","minecraft:repair_cost","minecraft:tooltip_display","minecraft:use_effects"]	c774d105473b94c36b07816176de9b3ba5f764ab1c1a04d61b6345c7afbe61c3
minecraft:lime_glazed_terracotta	["minecraft:attack_animation","minecraft:attribute_modifiers","minecraft:break_sound","minecraft:enchantments","minecraft:interact_animation","minecraft:item_model","minecraft:item_name","minecraft:lore","minecraft:max_stack_size","minecraft:rarity","minecraft:repair_cost","minecraft:tooltip_display","minecraft:use_effects"]	dde9a02336ed7602efc38fe50b490dad50405473156c0c57088226a607f7ea93
minecraft:lime_harness	["minecraft:attack_animation","minecraft:attribute_modifiers","minecraft:break_sound","minecraft:enchantments","minecraft:equippable","minecraft:interact_animation","minecraft:item_model","minecraft:item_name","minecraft:lore","minecraft:max_stack_size","minecraft:rarity","minecraft:repair_cost","minecraft:tooltip_display","minecraft:use_effects"]	8962d41aa51f81cbd2882639777544f8b71d9b8a0656b42f18f1b05bdc2ef1f0
minecraft:lime_shulker_box	["minecraft:attack_animation","minecraft:attribute_modifiers","minecraft:break_sound","minecraft:container","minecraft:enchantments","minecraft:interact_animation","minecraft:item_model","minecraft:item_name","minecraft:lore","minecraft:max_stack_size","minecraft:rarity","minecraft:repair_cost","minecraft:tooltip_display","minecraft:use_effects"]	fe59c050f67d05ab1e8f31178ffc4bb74c715902b25b32cf39fa6d6f8442cf8f
minecraft:lime_stained_glass	["minecraft:attack_animation","minecraft:attribute_modifiers","minecraft:break_sound","minecraft:enchantments","minecraft:interact_animation","minecraft:item_model","minecraft:item_name","minecraft:lore","minecraft:max_stack_size","minecraft:rarity","minecraft:repair_cost","minecraft:tooltip_display","minecraft:use_effects"]	bfe110aaaee1a472890523196f97bb1dc14bdb420cf76ed71392943f04a99a9a
minecraft:lime_stained_glass_pane	["minecraft:attack_animation","minecraft:attribute_modifiers","minecraft:break_sound","minecraft:enchantments","minecraft:interact_animation","minecraft:item_model","minecraft:item_name","minecraft:lore","minecraft:max_stack_size","minecraft:rarity","minecraft:repair_cost","minecraft:tooltip_display","minecraft:use_effects"]	b37773b2d942977b827130bb89020614642ac81cfd6d86a050b7f3afe37d8a37
minecraft:lime_terracotta	["minecraft:attack_animation","minecraft:attribute_modifiers","minecraft:break_sound","minecraft:enchantments","minecraft:interact_animation","minecraft:item_model","minecraft:item_name","minecraft:lore","minecraft:max_stack_size","minecraft:rarity","minecraft:repair_cost","minecraft:tooltip_display","minecraft:use_effects"]	b22c42adea18f3b5005eb079aeb717e07123e0ae10fac5241fc9a97c98100642
minecraft:lime_wool	["minecraft:attack_animation","minecraft:attribute_modifiers","minecraft:break_sound","minecraft:cooking_fuel","minecraft:enchantments","minecraft:interact_animation","minecraft:item_model","minecraft:item_name","minecraft:lore","minecraft:max_stack_size","minecraft:rarity","minecraft:repair_cost","minecraft:tooltip_display","minecraft:use_effects"]	e104768880335944dc99041a7608ae33e7e631510cba7648e3d3935ccdc1d781
minecraft:lime_wool_slab	["minecraft:attack_animation","minecraft:attribute_modifiers","minecraft:break_sound","minecraft:cooking_fuel","minecraft:enchantments","minecraft:interact_animation","minecraft:item_model","minecraft:item_name","minecraft:lore","minecraft:max_stack_size","minecraft:rarity","minecraft:repair_cost","minecraft:tooltip_display","minecraft:use_effects"]	9b834be77a246603fd2804ac88278d6c6d0d53948ac2412d3bb2c611580c5e3f
minecraft:lime_wool_stairs	["minecraft:attack_animation","minecraft:attribute_modifiers","minecraft:break_sound","minecraft:cooking_fuel","minecraft:enchantments","minecraft:interact_animation","minecraft:item_model","minecraft:item_name","minecraft:lore","minecraft:max_stack_size","minecraft:rarity","minecraft:repair_cost","minecraft:tooltip_display","minecraft:use_effects"]	704fbb20c01cf13fe49fc85cb3283343819560cf37ecac8b07db6f02258e00f4
minecraft:lingering_potion	["minecraft:attack_animation","minecraft:attribute_modifiers","minecraft:break_sound","minecraft:enchantments","minecraft:interact_animation","minecraft:item_model","minecraft:item_name","minecraft:lore","minecraft:max_stack_size","minecraft:potion_contents","minecraft:potion_duration_scale","minecraft:rarity","minecraft:repair_cost","minecraft:tooltip_display","minecraft:use_effects"]	5b86f96cdb9017ed7a9106df5febfc4ad3ef413407469e64666ea7b0577dc41e
minecraft:llama_spawn_egg	["minecraft:attack_animation","minecraft:attribute_modifiers","minecraft:break_sound","minecraft:enchantments","minecraft:entity_data","minecraft:interact_animation","minecraft:item_model","minecraft:item_name","minecraft:lore","minecraft:max_stack_size","minecraft:rarity","minecraft:repair_cost","minecraft:tooltip_display","minecraft:use_effects"]	e580d609ef08616fbd8cc2c11ecd4d53474713c9da83f26d94e99300ee63f7a6
minecraft:lodestone	["minecraft:attack_animation","minecraft:attribute_modifiers","minecraft:break_sound","minecraft:enchantments","minecraft:interact_animation","minecraft:item_model","minecraft:item_name","minecraft:lore","minecraft:max_stack_size","minecraft:rarity","minecraft:repair_cost","minecraft:tooltip_display","minecraft:use_effects"]	d99fcc5a707f5e753de16e99ca10d220c04d5642e9221abbde13c4fdec42ea32
minecraft:loom	["minecraft:attack_animation","minecraft:attribute_modifiers","minecraft:break_sound","minecraft:cooking_fuel","minecraft:enchantments","minecraft:interact_animation","minecraft:item_model","minecraft:item_name","minecraft:lore","minecraft:max_stack_size","minecraft:rarity","minecraft:repair_cost","minecraft:tooltip_display","minecraft:use_effects"]	fd3e4b103f77832aa084fb63fcb6f573e70730adee01e500ebfba3da2182607a
minecraft:mace	["minecraft:attack_animation","minecraft:attribute_modifiers","minecraft:break_sound","minecraft:damage","minecraft:enchantable","minecraft:enchantments","minecraft:interact_animation","minecraft:item_model","minecraft:item_name","minecraft:lore","minecraft:max_damage","minecraft:max_stack_size","minecraft:rarity","minecraft:repair_cost","minecraft:repairable","minecraft:tool","minecraft:tooltip_display","minecraft:use_effects","minecraft:weapon"]	1cb43c2f3697ee226d29996437d015ae424794872f2c94636dcc6e580f073606
minecraft:magenta_banner	["minecraft:attack_animation","minecraft:attribute_modifiers","minecraft:banner_patterns","minecraft:break_sound","minecraft:cooking_fuel","minecraft:enchantments","minecraft:interact_animation","minecraft:item_model","minecraft:item_name","minecraft:lore","minecraft:max_stack_size","minecraft:rarity","minecraft:repair_cost","minecraft:tooltip_display","minecraft:use_effects"]	91dbdc82201c451aa84ffa744bafc69d14a7e10daf3870cee00e44086ad26de3
minecraft:magenta_bed	["minecraft:attack_animation","minecraft:attribute_modifiers","minecraft:break_sound","minecraft:enchantments","minecraft:interact_animation","minecraft:item_model","minecraft:item_name","minecraft:lore","minecraft:max_stack_size","minecraft:rarity","minecraft:repair_cost","minecraft:tooltip_display","minecraft:use_effects"]	c4396166e67428e50eb6f4a2fe758080762555ec3dbe475cf8dc9771d5ab44f6
minecraft:magenta_bundle	["minecraft:attack_animation","minecraft:attribute_modifiers","minecraft:break_sound","minecraft:bundle_contents","minecraft:enchantments","minecraft:interact_animation","minecraft:item_model","minecraft:item_name","minecraft:lore","minecraft:max_stack_size","minecraft:rarity","minecraft:repair_cost","minecraft:tooltip_display","minecraft:use_effects"]	595f22365bf3bf06a545254f2c99391feab7624e51d5f8ca98f836de0ea7f29c
minecraft:magenta_candle	["minecraft:attack_animation","minecraft:attribute_modifiers","minecraft:break_sound","minecraft:enchantments","minecraft:interact_animation","minecraft:item_model","minecraft:item_name","minecraft:lore","minecraft:max_stack_size","minecraft:rarity","minecraft:repair_cost","minecraft:tooltip_display","minecraft:use_effects"]	e839117bc47775ade6c8938f66bfbe5b9feb2a3d54197d1b683a3168c534175a
minecraft:magenta_carpet	["minecraft:attack_animation","minecraft:attribute_modifiers","minecraft:break_sound","minecraft:cooking_fuel","minecraft:enchantments","minecraft:equippable","minecraft:interact_animation","minecraft:item_model","minecraft:item_name","minecraft:lore","minecraft:max_stack_size","minecraft:rarity","minecraft:repair_cost","minecraft:tooltip_display","minecraft:use_effects"]	4fd722205ed9efc2cdaca18f65ded0c72c27bc54177d7386baa9d2ac7d840e19
minecraft:magenta_concrete	["minecraft:attack_animation","minecraft:attribute_modifiers","minecraft:break_sound","minecraft:enchantments","minecraft:interact_animation","minecraft:item_model","minecraft:item_name","minecraft:lore","minecraft:max_stack_size","minecraft:rarity","minecraft:repair_cost","minecraft:tooltip_display","minecraft:use_effects"]	53cb66c22e0d4eaf2faa567ede439bea832bc54be026c68854f95c493c4558e2
minecraft:magenta_concrete_powder	["minecraft:attack_animation","minecraft:attribute_modifiers","minecraft:break_sound","minecraft:enchantments","minecraft:interact_animation","minecraft:item_model","minecraft:item_name","minecraft:lore","minecraft:max_stack_size","minecraft:rarity","minecraft:repair_cost","minecraft:tooltip_display","minecraft:use_effects"]	31ef4873881d41866cf573161668caf120f61effb88e03cdb2df858a55d5641d
minecraft:magenta_concrete_slab	["minecraft:attack_animation","minecraft:attribute_modifiers","minecraft:break_sound","minecraft:enchantments","minecraft:interact_animation","minecraft:item_model","minecraft:item_name","minecraft:lore","minecraft:max_stack_size","minecraft:rarity","minecraft:repair_cost","minecraft:tooltip_display","minecraft:use_effects"]	64973ac34153b8439caf8251740cd96c0c142c106085e53b18a3e669d19d6a64
minecraft:magenta_concrete_stairs	["minecraft:attack_animation","minecraft:attribute_modifiers","minecraft:break_sound","minecraft:enchantments","minecraft:interact_animation","minecraft:item_model","minecraft:item_name","minecraft:lore","minecraft:max_stack_size","minecraft:rarity","minecraft:repair_cost","minecraft:tooltip_display","minecraft:use_effects"]	9afe98e58814e4fe952baf8acf5a8d80881fd48a447359806d30f05e240bfa22
minecraft:magenta_cushion	["minecraft:attack_animation","minecraft:attribute_modifiers","minecraft:break_sound","minecraft:cooking_fuel","minecraft:cushion/color","minecraft:enchantments","minecraft:interact_animation","minecraft:item_model","minecraft:item_name","minecraft:lore","minecraft:max_stack_size","minecraft:rarity","minecraft:repair_cost","minecraft:tooltip_display","minecraft:use_effects"]	cf3b3c8468d8c871c4241c77359cbf1459d3a555dc796ef094cde79c2f2828b4
minecraft:magenta_dye	["minecraft:attack_animation","minecraft:attribute_modifiers","minecraft:break_sound","minecraft:dye","minecraft:enchantments","minecraft:interact_animation","minecraft:item_model","minecraft:item_name","minecraft:lore","minecraft:max_stack_size","minecraft:rarity","minecraft:repair_cost","minecraft:tooltip_display","minecraft:use_effects"]	1f0da75bca24e7851a4ce9937b5b80a0d93f5198f8a0f1c87b0ab2d93a3e7528
minecraft:magenta_glazed_terracotta	["minecraft:attack_animation","minecraft:attribute_modifiers","minecraft:break_sound","minecraft:enchantments","minecraft:interact_animation","minecraft:item_model","minecraft:item_name","minecraft:lore","minecraft:max_stack_size","minecraft:rarity","minecraft:repair_cost","minecraft:tooltip_display","minecraft:use_effects"]	df961b7df1ba788f0d0d7a33b774073bbbb7972d804bfc0bc4e316fa4738e8ec
minecraft:magenta_harness	["minecraft:attack_animation","minecraft:attribute_modifiers","minecraft:break_sound","minecraft:enchantments","minecraft:equippable","minecraft:interact_animation","minecraft:item_model","minecraft:item_name","minecraft:lore","minecraft:max_stack_size","minecraft:rarity","minecraft:repair_cost","minecraft:tooltip_display","minecraft:use_effects"]	75104f3ee75467997ad6677abc6be068e009bbae1ca406968a75025998eaf5ec
minecraft:magenta_shulker_box	["minecraft:attack_animation","minecraft:attribute_modifiers","minecraft:break_sound","minecraft:container","minecraft:enchantments","minecraft:interact_animation","minecraft:item_model","minecraft:item_name","minecraft:lore","minecraft:max_stack_size","minecraft:rarity","minecraft:repair_cost","minecraft:tooltip_display","minecraft:use_effects"]	9417ca460e083bb803c7ed55629de2cae686166ed3bf59d7d109be09da349040
minecraft:magenta_stained_glass	["minecraft:attack_animation","minecraft:attribute_modifiers","minecraft:break_sound","minecraft:enchantments","minecraft:interact_animation","minecraft:item_model","minecraft:item_name","minecraft:lore","minecraft:max_stack_size","minecraft:rarity","minecraft:repair_cost","minecraft:tooltip_display","minecraft:use_effects"]	7b5e7bead98359d9154b2ba5256df97c892cb2dea1ba8d7a1df45e8a20345a5a
minecraft:magenta_stained_glass_pane	["minecraft:attack_animation","minecraft:attribute_modifiers","minecraft:break_sound","minecraft:enchantments","minecraft:interact_animation","minecraft:item_model","minecraft:item_name","minecraft:lore","minecraft:max_stack_size","minecraft:rarity","minecraft:repair_cost","minecraft:tooltip_display","minecraft:use_effects"]	5d96a6771e065887639a97696cc033580468a9f73fd6719ddd54767116da83b3
minecraft:magenta_terracotta	["minecraft:attack_animation","minecraft:attribute_modifiers","minecraft:break_sound","minecraft:enchantments","minecraft:interact_animation","minecraft:item_model","minecraft:item_name","minecraft:lore","minecraft:max_stack_size","minecraft:rarity","minecraft:repair_cost","minecraft:tooltip_display","minecraft:use_effects"]	c5163983ba9f7fd4c0b49dd458ac6d3d5bc0d5116df057ed6f035c2da88a0e87
minecraft:magenta_wool	["minecraft:attack_animation","minecraft:attribute_modifiers","minecraft:break_sound","minecraft:cooking_fuel","minecraft:enchantments","minecraft:interact_animation","minecraft:item_model","minecraft:item_name","minecraft:lore","minecraft:max_stack_size","minecraft:rarity","minecraft:repair_cost","minecraft:tooltip_display","minecraft:use_effects"]	265888a3c6b20b189be6de750effba3134725a9bfff2964bb51b848312a60b9b
minecraft:magenta_wool_slab	["minecraft:attack_animation","minecraft:attribute_modifiers","minecraft:break_sound","minecraft:cooking_fuel","minecraft:enchantments","minecraft:interact_animation","minecraft:item_model","minecraft:item_name","minecraft:lore","minecraft:max_stack_size","minecraft:rarity","minecraft:repair_cost","minecraft:tooltip_display","minecraft:use_effects"]	a10256f39d97b47fd847b01ac5d4542b8a7ecc168708896a563891c7a4db3d31
minecraft:magenta_wool_stairs	["minecraft:attack_animation","minecraft:attribute_modifiers","minecraft:break_sound","minecraft:cooking_fuel","minecraft:enchantments","minecraft:interact_animation","minecraft:item_model","minecraft:item_name","minecraft:lore","minecraft:max_stack_size","minecraft:rarity","minecraft:repair_cost","minecraft:tooltip_display","minecraft:use_effects"]	2cb97f5e3bfe8cc2d9795ce2360675f607cd0dbcbf99079218c369b254047f13
minecraft:magma_block	["minecraft:attack_animation","minecraft:attribute_modifiers","minecraft:break_sound","minecraft:enchantments","minecraft:interact_animation","minecraft:item_model","minecraft:item_name","minecraft:lore","minecraft:max_stack_size","minecraft:rarity","minecraft:repair_cost","minecraft:tooltip_display","minecraft:use_effects"]	97c448300230fc2e93eef9d794de8d7c8bed8db25254e4ab505544582bbfd889
minecraft:magma_cream	["minecraft:attack_animation","minecraft:attribute_modifiers","minecraft:break_sound","minecraft:enchantments","minecraft:interact_animation","minecraft:item_model","minecraft:item_name","minecraft:lore","minecraft:max_stack_size","minecraft:rarity","minecraft:repair_cost","minecraft:tooltip_display","minecraft:use_effects"]	22cce12e069df13c74ef6887c872c3e956885fe44c62daaf5c2423c367c05f31
minecraft:magma_cube_spawn_egg	["minecraft:attack_animation","minecraft:attribute_modifiers","minecraft:break_sound","minecraft:enchantments","minecraft:entity_data","minecraft:interact_animation","minecraft:item_model","minecraft:item_name","minecraft:lore","minecraft:max_stack_size","minecraft:rarity","minecraft:repair_cost","minecraft:tooltip_display","minecraft:use_effects"]	018aa066bd4e005504a2386613e192907cb139984e182e388e978f17a02ba42e
minecraft:mangrove_boat	["minecraft:attack_animation","minecraft:attribute_modifiers","minecraft:break_sound","minecraft:cooking_fuel","minecraft:enchantments","minecraft:interact_animation","minecraft:item_model","minecraft:item_name","minecraft:lore","minecraft:max_stack_size","minecraft:rarity","minecraft:repair_cost","minecraft:tooltip_display","minecraft:use_effects"]	045360de779aaf37ed9c57dfb7f14a295178f150233a88d95e8b50d91560476d
minecraft:mangrove_button	["minecraft:attack_animation","minecraft:attribute_modifiers","minecraft:break_sound","minecraft:cooking_fuel","minecraft:enchantments","minecraft:interact_animation","minecraft:item_model","minecraft:item_name","minecraft:lore","minecraft:max_stack_size","minecraft:rarity","minecraft:repair_cost","minecraft:tooltip_display","minecraft:use_effects"]	6430119eca52d9be5e33e9eff0042be4253d11bbdf95293f3292fc27f3dbeabe
minecraft:mangrove_chest_boat	["minecraft:attack_animation","minecraft:attribute_modifiers","minecraft:break_sound","minecraft:cooking_fuel","minecraft:enchantments","minecraft:interact_animation","minecraft:item_model","minecraft:item_name","minecraft:lore","minecraft:max_stack_size","minecraft:rarity","minecraft:repair_cost","minecraft:tooltip_display","minecraft:use_effects"]	fe99e3d5ef61306d7f3d0bdb25df6ceef64cbaef9e065f6a3ce0c9361324b561
minecraft:mangrove_door	["minecraft:attack_animation","minecraft:attribute_modifiers","minecraft:break_sound","minecraft:cooking_fuel","minecraft:enchantments","minecraft:interact_animation","minecraft:item_model","minecraft:item_name","minecraft:lore","minecraft:max_stack_size","minecraft:rarity","minecraft:repair_cost","minecraft:tooltip_display","minecraft:use_effects"]	51569fa6797e2cd3f0a2e614fb287cd03fe98c617502f7356b5b3393cd25d8a6
minecraft:mangrove_fence	["minecraft:attack_animation","minecraft:attribute_modifiers","minecraft:break_sound","minecraft:cooking_fuel","minecraft:enchantments","minecraft:interact_animation","minecraft:item_model","minecraft:item_name","minecraft:lore","minecraft:max_stack_size","minecraft:rarity","minecraft:repair_cost","minecraft:tooltip_display","minecraft:use_effects"]	dc732212a5b773512c714dcf42a57862669bf7ca1b7d55e0e2b8d7518728b373
minecraft:mangrove_fence_gate	["minecraft:attack_animation","minecraft:attribute_modifiers","minecraft:break_sound","minecraft:cooking_fuel","minecraft:enchantments","minecraft:interact_animation","minecraft:item_model","minecraft:item_name","minecraft:lore","minecraft:max_stack_size","minecraft:rarity","minecraft:repair_cost","minecraft:tooltip_display","minecraft:use_effects"]	b383e345b7ba6a57ec2181b2fc445a448ffc87744d2d00f5f3f04a68395271fb
minecraft:mangrove_hanging_sign	["minecraft:attack_animation","minecraft:attribute_modifiers","minecraft:break_sound","minecraft:cooking_fuel","minecraft:enchantments","minecraft:interact_animation","minecraft:item_model","minecraft:item_name","minecraft:lore","minecraft:max_stack_size","minecraft:rarity","minecraft:repair_cost","minecraft:sign_text_back","minecraft:sign_text_front","minecraft:tooltip_display","minecraft:use_effects"]	7d46193d3bc3b47ec16f9099ebf380b033bc796775079674f30528da7792c8f4
minecraft:mangrove_leaves	["minecraft:attack_animation","minecraft:attribute_modifiers","minecraft:break_sound","minecraft:compostable","minecraft:enchantments","minecraft:interact_animation","minecraft:item_model","minecraft:item_name","minecraft:lore","minecraft:max_stack_size","minecraft:rarity","minecraft:repair_cost","minecraft:tooltip_display","minecraft:use_effects"]	bb43d71ad49d966d119c9955cf48b6577e3a37d55794601e5810abdba3bdc827
minecraft:mangrove_log	["minecraft:attack_animation","minecraft:attribute_modifiers","minecraft:break_sound","minecraft:cooking_fuel","minecraft:enchantments","minecraft:interact_animation","minecraft:item_model","minecraft:item_name","minecraft:lore","minecraft:max_stack_size","minecraft:rarity","minecraft:repair_cost","minecraft:tooltip_display","minecraft:use_effects"]	a18212c86a1a78e5b6a9732dbf6851a14d986f70ae221b1afa704e1eb0ec2a33
minecraft:mangrove_planks	["minecraft:attack_animation","minecraft:attribute_modifiers","minecraft:break_sound","minecraft:cooking_fuel","minecraft:enchantments","minecraft:interact_animation","minecraft:item_model","minecraft:item_name","minecraft:lore","minecraft:max_stack_size","minecraft:rarity","minecraft:repair_cost","minecraft:tooltip_display","minecraft:use_effects"]	a9e4d1be5909b5f8e293703491ada841f6947e36d0e287854471ba3d6652f0d7
minecraft:mangrove_pressure_plate	["minecraft:attack_animation","minecraft:attribute_modifiers","minecraft:break_sound","minecraft:cooking_fuel","minecraft:enchantments","minecraft:interact_animation","minecraft:item_model","minecraft:item_name","minecraft:lore","minecraft:max_stack_size","minecraft:rarity","minecraft:repair_cost","minecraft:tooltip_display","minecraft:use_effects"]	b181fd6850e8d5594e42b9304301855b646b529face423495e27b013ded72905
minecraft:mangrove_propagule	["minecraft:attack_animation","minecraft:attribute_modifiers","minecraft:break_sound","minecraft:compostable","minecraft:cooking_fuel","minecraft:enchantments","minecraft:interact_animation","minecraft:item_model","minecraft:item_name","minecraft:lore","minecraft:max_stack_size","minecraft:rarity","minecraft:repair_cost","minecraft:tooltip_display","minecraft:use_effects"]	4f4ed6db8bd74b761f5844fa81d54a644580c52c74d320fa05c3dcdfebe106be
minecraft:mangrove_roots	["minecraft:attack_animation","minecraft:attribute_modifiers","minecraft:break_sound","minecraft:compostable","minecraft:cooking_fuel","minecraft:enchantments","minecraft:interact_animation","minecraft:item_model","minecraft:item_name","minecraft:lore","minecraft:max_stack_size","minecraft:rarity","minecraft:repair_cost","minecraft:tooltip_display","minecraft:use_effects"]	991efecfc331020b45f163ae7bae1244d84b1dbd9301eff23147c3cb0a730064
minecraft:mangrove_shelf	["minecraft:attack_animation","minecraft:attribute_modifiers","minecraft:break_sound","minecraft:container","minecraft:cooking_fuel","minecraft:enchantments","minecraft:interact_animation","minecraft:item_model","minecraft:item_name","minecraft:lore","minecraft:max_stack_size","minecraft:rarity","minecraft:repair_cost","minecraft:tooltip_display","minecraft:use_effects"]	1dee8ee5a0ed4dfe56e0c43cb5747d95a2d6c4216bd021e23e98083202fd99bf
minecraft:mangrove_sign	["minecraft:attack_animation","minecraft:attribute_modifiers","minecraft:break_sound","minecraft:cooking_fuel","minecraft:enchantments","minecraft:interact_animation","minecraft:item_model","minecraft:item_name","minecraft:lore","minecraft:max_stack_size","minecraft:rarity","minecraft:repair_cost","minecraft:sign_text_back","minecraft:sign_text_front","minecraft:tooltip_display","minecraft:use_effects"]	71cb9f960a83caa9d9106081497669678dab9b678da57934cd70c2e086cda806
minecraft:mangrove_slab	["minecraft:attack_animation","minecraft:attribute_modifiers","minecraft:break_sound","minecraft:cooking_fuel","minecraft:enchantments","minecraft:interact_animation","minecraft:item_model","minecraft:item_name","minecraft:lore","minecraft:max_stack_size","minecraft:rarity","minecraft:repair_cost","minecraft:tooltip_display","minecraft:use_effects"]	add8dd490d7d96c0ed0569e7ed82ecdb34cba121ccfc7cf58ee4e606f6e86719
minecraft:mangrove_stairs	["minecraft:attack_animation","minecraft:attribute_modifiers","minecraft:break_sound","minecraft:cooking_fuel","minecraft:enchantments","minecraft:interact_animation","minecraft:item_model","minecraft:item_name","minecraft:lore","minecraft:max_stack_size","minecraft:rarity","minecraft:repair_cost","minecraft:tooltip_display","minecraft:use_effects"]	66699b8e96b44e05125a629fb3f875d0a0bf11c7658d59a7da98cdd1b807be26
minecraft:mangrove_trapdoor	["minecraft:attack_animation","minecraft:attribute_modifiers","minecraft:break_sound","minecraft:cooking_fuel","minecraft:enchantments","minecraft:interact_animation","minecraft:item_model","minecraft:item_name","minecraft:lore","minecraft:max_stack_size","minecraft:rarity","minecraft:repair_cost","minecraft:tooltip_display","minecraft:use_effects"]	4dbf4f15cc4128beabc5c071fceabe80441dc0dd854f29277bdd94e5800d9cb6
minecraft:mangrove_wood	["minecraft:attack_animation","minecraft:attribute_modifiers","minecraft:break_sound","minecraft:cooking_fuel","minecraft:enchantments","minecraft:interact_animation","minecraft:item_model","minecraft:item_name","minecraft:lore","minecraft:max_stack_size","minecraft:rarity","minecraft:repair_cost","minecraft:tooltip_display","minecraft:use_effects"]	8e8a3aadfbc009593a5e6023d6a1f374bda7fd8b8226fe8bdd8125cb3c98a075
minecraft:map	["minecraft:attack_animation","minecraft:attribute_modifiers","minecraft:break_sound","minecraft:enchantments","minecraft:interact_animation","minecraft:item_model","minecraft:item_name","minecraft:lore","minecraft:max_stack_size","minecraft:rarity","minecraft:repair_cost","minecraft:tooltip_display","minecraft:use_effects"]	2ca7748c3a961042c4a73c61bd73b6218910a2de385d4fbfc3f17b69cb6a93e8
minecraft:medium_amethyst_bud	["minecraft:attack_animation","minecraft:attribute_modifiers","minecraft:break_sound","minecraft:enchantments","minecraft:interact_animation","minecraft:item_model","minecraft:item_name","minecraft:lore","minecraft:max_stack_size","minecraft:rarity","minecraft:repair_cost","minecraft:tooltip_display","minecraft:use_effects"]	a92df01a789cd12876dfe578cf6caeb06dadf51503c0a9a74d5657646587201e
minecraft:melon	["minecraft:attack_animation","minecraft:attribute_modifiers","minecraft:break_sound","minecraft:compostable","minecraft:enchantments","minecraft:interact_animation","minecraft:item_model","minecraft:item_name","minecraft:lore","minecraft:max_stack_size","minecraft:rarity","minecraft:repair_cost","minecraft:tooltip_display","minecraft:use_effects"]	f9c9c23b55f3f40c5020ceb70de41b8fa9af3c013438b1bf3214691fbee17303
minecraft:melon_seeds	["minecraft:attack_animation","minecraft:attribute_modifiers","minecraft:break_sound","minecraft:compostable","minecraft:enchantments","minecraft:interact_animation","minecraft:item_model","minecraft:item_name","minecraft:lore","minecraft:max_stack_size","minecraft:rarity","minecraft:repair_cost","minecraft:tooltip_display","minecraft:use_effects"]	1c06dc6c124c00d496893e721db0068f67732245d0c0ba3b85e743d0b3bc6136
minecraft:melon_slice	["minecraft:attack_animation","minecraft:attribute_modifiers","minecraft:break_sound","minecraft:compostable","minecraft:consumable","minecraft:enchantments","minecraft:food","minecraft:interact_animation","minecraft:item_model","minecraft:item_name","minecraft:lore","minecraft:max_stack_size","minecraft:rarity","minecraft:repair_cost","minecraft:tooltip_display","minecraft:use_effects"]	925adfb533827e7cad2012642256e95eaaff53b8cc8404f1a2c1a296ed20ef84
minecraft:milk_bucket	["minecraft:attack_animation","minecraft:attribute_modifiers","minecraft:break_sound","minecraft:consumable","minecraft:enchantments","minecraft:interact_animation","minecraft:item_model","minecraft:item_name","minecraft:lore","minecraft:max_stack_size","minecraft:rarity","minecraft:repair_cost","minecraft:tooltip_display","minecraft:use_effects","minecraft:use_remainder"]	9e7f4c04d68b6dad8b59b79b35a0e815275627b73e739531b23fc1668369a6df
minecraft:minecart	["minecraft:attack_animation","minecraft:attribute_modifiers","minecraft:break_sound","minecraft:enchantments","minecraft:interact_animation","minecraft:item_model","minecraft:item_name","minecraft:lore","minecraft:max_stack_size","minecraft:rarity","minecraft:repair_cost","minecraft:tooltip_display","minecraft:use_effects"]	dcf8f062b0e1ee7a19cc125aeb43fb8a7f89de969473ab38343652e016ae7d90
minecraft:miner_pottery_sherd	["minecraft:attack_animation","minecraft:attribute_modifiers","minecraft:break_sound","minecraft:enchantments","minecraft:interact_animation","minecraft:item_model","minecraft:item_name","minecraft:lore","minecraft:max_stack_size","minecraft:provides_pottery_pattern","minecraft:rarity","minecraft:repair_cost","minecraft:tooltip_display","minecraft:use_effects"]	678ebe87f9a50a2232e4f8063994a28d8e325a3b15fc4bbe08ac9270c8de69ef
minecraft:mojang_banner_pattern	["minecraft:attack_animation","minecraft:attribute_modifiers","minecraft:break_sound","minecraft:enchantments","minecraft:interact_animation","minecraft:item_model","minecraft:item_name","minecraft:lore","minecraft:max_stack_size","minecraft:provides_banner_patterns","minecraft:rarity","minecraft:repair_cost","minecraft:tooltip_display","minecraft:use_effects"]	552b356f641ee04c4f0b7427eca710eff83436eccc16aac3adcfaf941948763a
minecraft:mooshroom_spawn_egg	["minecraft:attack_animation","minecraft:attribute_modifiers","minecraft:break_sound","minecraft:enchantments","minecraft:entity_data","minecraft:interact_animation","minecraft:item_model","minecraft:item_name","minecraft:lore","minecraft:max_stack_size","minecraft:rarity","minecraft:repair_cost","minecraft:tooltip_display","minecraft:use_effects"]	fca4b393e2bf7e3a318adc8ccdd3b5ab9934a17a516072ea7936cc840c5d16f0
minecraft:moss_block	["minecraft:attack_animation","minecraft:attribute_modifiers","minecraft:break_sound","minecraft:compostable","minecraft:enchantments","minecraft:interact_animation","minecraft:item_model","minecraft:item_name","minecraft:lore","minecraft:max_stack_size","minecraft:rarity","minecraft:repair_cost","minecraft:tooltip_display","minecraft:use_effects"]	1e2fa9b243fb11b4a32190eaf69cf04ee4b0b69f183c478147716dbd4bcab617
minecraft:moss_carpet	["minecraft:attack_animation","minecraft:attribute_modifiers","minecraft:break_sound","minecraft:compostable","minecraft:enchantments","minecraft:interact_animation","minecraft:item_model","minecraft:item_name","minecraft:lore","minecraft:max_stack_size","minecraft:rarity","minecraft:repair_cost","minecraft:tooltip_display","minecraft:use_effects"]	f2052659b2b0b70084c943f8ea613ddcc37f35f1d15aa76601caa3be58635e95
minecraft:mossy_cobblestone	["minecraft:attack_animation","minecraft:attribute_modifiers","minecraft:break_sound","minecraft:enchantments","minecraft:interact_animation","minecraft:item_model","minecraft:item_name","minecraft:lore","minecraft:max_stack_size","minecraft:rarity","minecraft:repair_cost","minecraft:tooltip_display","minecraft:use_effects"]	1a4ba0d75a35c1b18439b38e5106675dcf436dd4c72a3a77ede68493be6d6629
minecraft:mossy_cobblestone_slab	["minecraft:attack_animation","minecraft:attribute_modifiers","minecraft:break_sound","minecraft:enchantments","minecraft:interact_animation","minecraft:item_model","minecraft:item_name","minecraft:lore","minecraft:max_stack_size","minecraft:rarity","minecraft:repair_cost","minecraft:tooltip_display","minecraft:use_effects"]	55e6a4da6d181d2737fd9522ed5e85850ca7feb3d2b8b9b2724006170c6f2f7d
minecraft:mossy_cobblestone_stairs	["minecraft:attack_animation","minecraft:attribute_modifiers","minecraft:break_sound","minecraft:enchantments","minecraft:interact_animation","minecraft:item_model","minecraft:item_name","minecraft:lore","minecraft:max_stack_size","minecraft:rarity","minecraft:repair_cost","minecraft:tooltip_display","minecraft:use_effects"]	adc179f8ad7f3bfcf5edfaf504dd890c1718efa46907b47afeaeb2acbbc4d578
minecraft:mossy_cobblestone_wall	["minecraft:attack_animation","minecraft:attribute_modifiers","minecraft:break_sound","minecraft:enchantments","minecraft:interact_animation","minecraft:item_model","minecraft:item_name","minecraft:lore","minecraft:max_stack_size","minecraft:rarity","minecraft:repair_cost","minecraft:tooltip_display","minecraft:use_effects"]	0a5b2b2bda5ee48b418d0976db6bd89c2cca3b63b1d01a39d16985b1a38b52a9
minecraft:mossy_stone_brick_slab	["minecraft:attack_animation","minecraft:attribute_modifiers","minecraft:break_sound","minecraft:enchantments","minecraft:interact_animation","minecraft:item_model","minecraft:item_name","minecraft:lore","minecraft:max_stack_size","minecraft:rarity","minecraft:repair_cost","minecraft:tooltip_display","minecraft:use_effects"]	d451b9d127a454c70ffc21df2aaa831f1d9c218a46741bf9e7fdce3fccfe0101
minecraft:mossy_stone_brick_stairs	["minecraft:attack_animation","minecraft:attribute_modifiers","minecraft:break_sound","minecraft:enchantments","minecraft:interact_animation","minecraft:item_model","minecraft:item_name","minecraft:lore","minecraft:max_stack_size","minecraft:rarity","minecraft:repair_cost","minecraft:tooltip_display","minecraft:use_effects"]	83208e5441d90e0067e0ef6bf491847caa2e82810995d7ffc3c959c223fbd4b7
minecraft:mossy_stone_brick_wall	["minecraft:attack_animation","minecraft:attribute_modifiers","minecraft:break_sound","minecraft:enchantments","minecraft:interact_animation","minecraft:item_model","minecraft:item_name","minecraft:lore","minecraft:max_stack_size","minecraft:rarity","minecraft:repair_cost","minecraft:tooltip_display","minecraft:use_effects"]	c359168462d13a0e482218592ae71740ab5c07e45cf9d31326f50180e6c4ec5f
minecraft:mossy_stone_bricks	["minecraft:attack_animation","minecraft:attribute_modifiers","minecraft:break_sound","minecraft:enchantments","minecraft:interact_animation","minecraft:item_model","minecraft:item_name","minecraft:lore","minecraft:max_stack_size","minecraft:rarity","minecraft:repair_cost","minecraft:tooltip_display","minecraft:use_effects"]	2d905b2668dd5aaaccdc79b5391d4cbde4c79be796a4c8037a75c71f9e237dc6
minecraft:mourner_pottery_sherd	["minecraft:attack_animation","minecraft:attribute_modifiers","minecraft:break_sound","minecraft:enchantments","minecraft:interact_animation","minecraft:item_model","minecraft:item_name","minecraft:lore","minecraft:max_stack_size","minecraft:provides_pottery_pattern","minecraft:rarity","minecraft:repair_cost","minecraft:tooltip_display","minecraft:use_effects"]	0b40dd94587ce7a19e3753bbad880c09a702b0fca02a0667b1a788f92037b060
minecraft:mud	["minecraft:attack_animation","minecraft:attribute_modifiers","minecraft:break_sound","minecraft:enchantments","minecraft:interact_animation","minecraft:item_model","minecraft:item_name","minecraft:lore","minecraft:max_stack_size","minecraft:rarity","minecraft:repair_cost","minecraft:tooltip_display","minecraft:use_effects"]	7fe448c12cd709552e6a366cab2b416615feb31f4037632bed3c8c5ea23747b9
minecraft:mud_brick_slab	["minecraft:attack_animation","minecraft:attribute_modifiers","minecraft:break_sound","minecraft:enchantments","minecraft:interact_animation","minecraft:item_model","minecraft:item_name","minecraft:lore","minecraft:max_stack_size","minecraft:rarity","minecraft:repair_cost","minecraft:tooltip_display","minecraft:use_effects"]	9113f2c891c7b1d3f7c114572454a31d98cf5ef5deaf5aba300abb5ab184ef5f
minecraft:mud_brick_stairs	["minecraft:attack_animation","minecraft:attribute_modifiers","minecraft:break_sound","minecraft:enchantments","minecraft:interact_animation","minecraft:item_model","minecraft:item_name","minecraft:lore","minecraft:max_stack_size","minecraft:rarity","minecraft:repair_cost","minecraft:tooltip_display","minecraft:use_effects"]	98e40a9801870d3a7fb69bd54bbb50cb01dae6bb538039e1c08136d7f1afd43c
minecraft:mud_brick_wall	["minecraft:attack_animation","minecraft:attribute_modifiers","minecraft:break_sound","minecraft:enchantments","minecraft:interact_animation","minecraft:item_model","minecraft:item_name","minecraft:lore","minecraft:max_stack_size","minecraft:rarity","minecraft:repair_cost","minecraft:tooltip_display","minecraft:use_effects"]	ef5d6d53e468549cba0b9f2fc142c55c66538db6ac1b041902bfb0d12fb9a77b
minecraft:mud_bricks	["minecraft:attack_animation","minecraft:attribute_modifiers","minecraft:break_sound","minecraft:enchantments","minecraft:interact_animation","minecraft:item_model","minecraft:item_name","minecraft:lore","minecraft:max_stack_size","minecraft:rarity","minecraft:repair_cost","minecraft:tooltip_display","minecraft:use_effects"]	d26b3a520cbd095f4d11541cfff82a31f775feedb8d05e588631b8544063c3e7
minecraft:muddy_mangrove_roots	["minecraft:attack_animation","minecraft:attribute_modifiers","minecraft:break_sound","minecraft:enchantments","minecraft:interact_animation","minecraft:item_model","minecraft:item_name","minecraft:lore","minecraft:max_stack_size","minecraft:rarity","minecraft:repair_cost","minecraft:tooltip_display","minecraft:use_effects"]	23987c8a6435a2fe55bfb052e2275fee60719234ea3e539769cc0532eb69818d
minecraft:mule_spawn_egg	["minecraft:attack_animation","minecraft:attribute_modifiers","minecraft:break_sound","minecraft:enchantments","minecraft:entity_data","minecraft:interact_animation","minecraft:item_model","minecraft:item_name","minecraft:lore","minecraft:max_stack_size","minecraft:rarity","minecraft:repair_cost","minecraft:tooltip_display","minecraft:use_effects"]	9b63416f4d764bd6ef3aa268ca3068dd9f7fffbe0ea233084db5e7fde34bc301
minecraft:mushroom_stem	["minecraft:attack_animation","minecraft:attribute_modifiers","minecraft:break_sound","minecraft:compostable","minecraft:enchantments","minecraft:interact_animation","minecraft:item_model","minecraft:item_name","minecraft:lore","minecraft:max_stack_size","minecraft:rarity","minecraft:repair_cost","minecraft:tooltip_display","minecraft:use_effects"]	7fc18a70b50bb04dad3faf72e612850f917b12dba28fc92007b39fc345eec2f0
minecraft:mushroom_stew	["minecraft:attack_animation","minecraft:attribute_modifiers","minecraft:break_sound","minecraft:consumable","minecraft:enchantments","minecraft:food","minecraft:interact_animation","minecraft:item_model","minecraft:item_name","minecraft:lore","minecraft:max_stack_size","minecraft:rarity","minecraft:repair_cost","minecraft:tooltip_display","minecraft:use_effects","minecraft:use_remainder"]	e1225c99074a89b5c0bf301247676b437016e394939c40805f3804054cdbd339
minecraft:music_disc_11	["minecraft:attack_animation","minecraft:attribute_modifiers","minecraft:break_sound","minecraft:enchantments","minecraft:interact_animation","minecraft:item_model","minecraft:item_name","minecraft:jukebox_playable","minecraft:lore","minecraft:max_stack_size","minecraft:rarity","minecraft:repair_cost","minecraft:tooltip_display","minecraft:use_effects"]	816b26ad96c63fa94f41f51a49387016e5047ff52472cdb88de2c88f4e7d31eb
minecraft:music_disc_13	["minecraft:attack_animation","minecraft:attribute_modifiers","minecraft:break_sound","minecraft:enchantments","minecraft:interact_animation","minecraft:item_model","minecraft:item_name","minecraft:jukebox_playable","minecraft:lore","minecraft:max_stack_size","minecraft:rarity","minecraft:repair_cost","minecraft:tooltip_display","minecraft:use_effects"]	a01d1ebb533fac9a0ab525b5019e0a4dccd8b77bacdb31b6e4a0ff0cbfe93dde
minecraft:music_disc_5	["minecraft:attack_animation","minecraft:attribute_modifiers","minecraft:break_sound","minecraft:enchantments","minecraft:interact_animation","minecraft:item_model","minecraft:item_name","minecraft:jukebox_playable","minecraft:lore","minecraft:max_stack_size","minecraft:rarity","minecraft:repair_cost","minecraft:tooltip_display","minecraft:use_effects"]	89795a5ae98ade6d0e97ae9fad92ff6183c9d70f358ad8f642da5dc52170bf70
minecraft:music_disc_blocks	["minecraft:attack_animation","minecraft:attribute_modifiers","minecraft:break_sound","minecraft:enchantments","minecraft:interact_animation","minecraft:item_model","minecraft:item_name","minecraft:jukebox_playable","minecraft:lore","minecraft:max_stack_size","minecraft:rarity","minecraft:repair_cost","minecraft:tooltip_display","minecraft:use_effects"]	bef0cf6d89b1f7437a0c8bcc77a45008234dc72700d15b5439236f796c043a11
minecraft:music_disc_bounce	["minecraft:attack_animation","minecraft:attribute_modifiers","minecraft:break_sound","minecraft:enchantments","minecraft:interact_animation","minecraft:item_model","minecraft:item_name","minecraft:jukebox_playable","minecraft:lore","minecraft:max_stack_size","minecraft:rarity","minecraft:repair_cost","minecraft:tooltip_display","minecraft:use_effects"]	7fe8823a3256da1ac5e72703b726f171d5daee93a59098b67772f949e462d1b6
minecraft:music_disc_cat	["minecraft:attack_animation","minecraft:attribute_modifiers","minecraft:break_sound","minecraft:enchantments","minecraft:interact_animation","minecraft:item_model","minecraft:item_name","minecraft:jukebox_playable","minecraft:lore","minecraft:max_stack_size","minecraft:rarity","minecraft:repair_cost","minecraft:tooltip_display","minecraft:use_effects"]	4ab3698fe3feba3e9f37277555ddae77ed6ceee726e66e2f7749ffa18f1b5fe4
minecraft:music_disc_chirp	["minecraft:attack_animation","minecraft:attribute_modifiers","minecraft:break_sound","minecraft:enchantments","minecraft:interact_animation","minecraft:item_model","minecraft:item_name","minecraft:jukebox_playable","minecraft:lore","minecraft:max_stack_size","minecraft:rarity","minecraft:repair_cost","minecraft:tooltip_display","minecraft:use_effects"]	b1684e0f93e95198d25bf1d6fdfcba20574d26cc67c482ad7a28b3592b853421
minecraft:music_disc_creator	["minecraft:attack_animation","minecraft:attribute_modifiers","minecraft:break_sound","minecraft:enchantments","minecraft:interact_animation","minecraft:item_model","minecraft:item_name","minecraft:jukebox_playable","minecraft:lore","minecraft:max_stack_size","minecraft:rarity","minecraft:repair_cost","minecraft:tooltip_display","minecraft:use_effects"]	9a32640cfb84aa6f59e984722c47a1d76f7112361b3768f93bc77d4614c8a2c6
minecraft:music_disc_creator_music_box	["minecraft:attack_animation","minecraft:attribute_modifiers","minecraft:break_sound","minecraft:enchantments","minecraft:interact_animation","minecraft:item_model","minecraft:item_name","minecraft:jukebox_playable","minecraft:lore","minecraft:max_stack_size","minecraft:rarity","minecraft:repair_cost","minecraft:tooltip_display","minecraft:use_effects"]	f60a21d4a380e713ffcd109fbc4b5fdefe1d0dc69e4e881856f1e205a9c2c6a7
minecraft:music_disc_far	["minecraft:attack_animation","minecraft:attribute_modifiers","minecraft:break_sound","minecraft:enchantments","minecraft:interact_animation","minecraft:item_model","minecraft:item_name","minecraft:jukebox_playable","minecraft:lore","minecraft:max_stack_size","minecraft:rarity","minecraft:repair_cost","minecraft:tooltip_display","minecraft:use_effects"]	71c3a3881b8f6cc09e9c1622e659bd2d736255e0e99b3b5c4bd0417f7b6d155d
minecraft:music_disc_lava_chicken	["minecraft:attack_animation","minecraft:attribute_modifiers","minecraft:break_sound","minecraft:enchantments","minecraft:interact_animation","minecraft:item_model","minecraft:item_name","minecraft:jukebox_playable","minecraft:lore","minecraft:max_stack_size","minecraft:rarity","minecraft:repair_cost","minecraft:tooltip_display","minecraft:use_effects"]	8a2a4fb45e706c1c2b457294fab0d4bc26b5835f9dbcfc2c14654e55df161e83
minecraft:music_disc_mall	["minecraft:attack_animation","minecraft:attribute_modifiers","minecraft:break_sound","minecraft:enchantments","minecraft:interact_animation","minecraft:item_model","minecraft:item_name","minecraft:jukebox_playable","minecraft:lore","minecraft:max_stack_size","minecraft:rarity","minecraft:repair_cost","minecraft:tooltip_display","minecraft:use_effects"]	e0f02f9ec297e0f936afeea4813dc81bd984f733269456652eba60fa14789fcc
minecraft:music_disc_mellohi	["minecraft:attack_animation","minecraft:attribute_modifiers","minecraft:break_sound","minecraft:enchantments","minecraft:interact_animation","minecraft:item_model","minecraft:item_name","minecraft:jukebox_playable","minecraft:lore","minecraft:max_stack_size","minecraft:rarity","minecraft:repair_cost","minecraft:tooltip_display","minecraft:use_effects"]	9586f082cdbdb66d5c067c6b9fdb54d4fa1bec6549785afacd0d7c6200159271
minecraft:music_disc_otherside	["minecraft:attack_animation","minecraft:attribute_modifiers","minecraft:break_sound","minecraft:enchantments","minecraft:interact_animation","minecraft:item_model","minecraft:item_name","minecraft:jukebox_playable","minecraft:lore","minecraft:max_stack_size","minecraft:rarity","minecraft:repair_cost","minecraft:tooltip_display","minecraft:use_effects"]	8411f0bdbe6520ff74f95948b52616649a7a6a3f543682985a7ae8e063cd6af0
minecraft:music_disc_pigstep	["minecraft:attack_animation","minecraft:attribute_modifiers","minecraft:break_sound","minecraft:enchantments","minecraft:interact_animation","minecraft:item_model","minecraft:item_name","minecraft:jukebox_playable","minecraft:lore","minecraft:max_stack_size","minecraft:rarity","minecraft:repair_cost","minecraft:tooltip_display","minecraft:use_effects"]	c183221ebb38dd119a21d52a5be5dd06067e438734d60613d135fc95655c62ea
minecraft:music_disc_precipice	["minecraft:attack_animation","minecraft:attribute_modifiers","minecraft:break_sound","minecraft:enchantments","minecraft:interact_animation","minecraft:item_model","minecraft:item_name","minecraft:jukebox_playable","minecraft:lore","minecraft:max_stack_size","minecraft:rarity","minecraft:repair_cost","minecraft:tooltip_display","minecraft:use_effects"]	890675e18e68ba5c60913f06186179386b6dd3dec96da0e92bb618f20bfc8e12
minecraft:music_disc_relic	["minecraft:attack_animation","minecraft:attribute_modifiers","minecraft:break_sound","minecraft:enchantments","minecraft:interact_animation","minecraft:item_model","minecraft:item_name","minecraft:jukebox_playable","minecraft:lore","minecraft:max_stack_size","minecraft:rarity","minecraft:repair_cost","minecraft:tooltip_display","minecraft:use_effects"]	77578f5a9454ccbac28a86dd520d789fed2fe1271e3230ef711803992f06a75a
minecraft:music_disc_stal	["minecraft:attack_animation","minecraft:attribute_modifiers","minecraft:break_sound","minecraft:enchantments","minecraft:interact_animation","minecraft:item_model","minecraft:item_name","minecraft:jukebox_playable","minecraft:lore","minecraft:max_stack_size","minecraft:rarity","minecraft:repair_cost","minecraft:tooltip_display","minecraft:use_effects"]	c44db1aa41eb147736d304c0fa3977c10e40aa1cfd73fd81b16f4e9b1918c1a7
minecraft:music_disc_strad	["minecraft:attack_animation","minecraft:attribute_modifiers","minecraft:break_sound","minecraft:enchantments","minecraft:interact_animation","minecraft:item_model","minecraft:item_name","minecraft:jukebox_playable","minecraft:lore","minecraft:max_stack_size","minecraft:rarity","minecraft:repair_cost","minecraft:tooltip_display","minecraft:use_effects"]	fd8e18adca8e1ed4a43d54ae592dc06f17f7599f265e864978cf95dc4dab814b
minecraft:music_disc_tears	["minecraft:attack_animation","minecraft:attribute_modifiers","minecraft:break_sound","minecraft:enchantments","minecraft:interact_animation","minecraft:item_model","minecraft:item_name","minecraft:jukebox_playable","minecraft:lore","minecraft:max_stack_size","minecraft:rarity","minecraft:repair_cost","minecraft:tooltip_display","minecraft:use_effects"]	ded5b8c68caffce0e4b55906f489b75e05ab699f00c32c388b9db1cf83051008
minecraft:music_disc_wait	["minecraft:attack_animation","minecraft:attribute_modifiers","minecraft:break_sound","minecraft:enchantments","minecraft:interact_animation","minecraft:item_model","minecraft:item_name","minecraft:jukebox_playable","minecraft:lore","minecraft:max_stack_size","minecraft:rarity","minecraft:repair_cost","minecraft:tooltip_display","minecraft:use_effects"]	67178d9ed1ae914f3f70838eafdc91d45f63a11f90904793cea363918866fbdf
minecraft:music_disc_ward	["minecraft:attack_animation","minecraft:attribute_modifiers","minecraft:break_sound","minecraft:enchantments","minecraft:interact_animation","minecraft:item_model","minecraft:item_name","minecraft:jukebox_playable","minecraft:lore","minecraft:max_stack_size","minecraft:rarity","minecraft:repair_cost","minecraft:tooltip_display","minecraft:use_effects"]	53b21907fa155166f8177e54a114da9a58a14d01b267f56662dd4eb6d0ee3dda
minecraft:mutton	["minecraft:attack_animation","minecraft:attribute_modifiers","minecraft:break_sound","minecraft:consumable","minecraft:enchantments","minecraft:food","minecraft:interact_animation","minecraft:item_model","minecraft:item_name","minecraft:lore","minecraft:max_stack_size","minecraft:rarity","minecraft:repair_cost","minecraft:tooltip_display","minecraft:use_effects"]	26421aeeaa7efaa9814743e980181c40bc77ea1de003693e93427e1ccd6e38f9
minecraft:mycelium	["minecraft:attack_animation","minecraft:attribute_modifiers","minecraft:break_sound","minecraft:enchantments","minecraft:interact_animation","minecraft:item_model","minecraft:item_name","minecraft:lore","minecraft:max_stack_size","minecraft:rarity","minecraft:repair_cost","minecraft:tooltip_display","minecraft:use_effects"]	63bb481b6b167675b481206f3c2c49d0e3bfbf8868881bd04bc4362695649abf
minecraft:name_tag	["minecraft:attack_animation","minecraft:attribute_modifiers","minecraft:break_sound","minecraft:enchantments","minecraft:interact_animation","minecraft:item_model","minecraft:item_name","minecraft:lore","minecraft:max_stack_size","minecraft:rarity","minecraft:repair_cost","minecraft:tooltip_display","minecraft:use_effects"]	20d4709843d9e72f9189ebc603dc7dc90411a31402e911d124bf4baea0a23218
minecraft:nautilus_shell	["minecraft:attack_animation","minecraft:attribute_modifiers","minecraft:break_sound","minecraft:enchantments","minecraft:interact_animation","minecraft:item_model","minecraft:item_name","minecraft:lore","minecraft:max_stack_size","minecraft:rarity","minecraft:repair_cost","minecraft:tooltip_display","minecraft:use_effects"]	ef3859e9096d4fcaa56f174e561939fd66467c629747e4b8db138e3437874b35
minecraft:nautilus_spawn_egg	["minecraft:attack_animation","minecraft:attribute_modifiers","minecraft:break_sound","minecraft:enchantments","minecraft:entity_data","minecraft:interact_animation","minecraft:item_model","minecraft:item_name","minecraft:lore","minecraft:max_stack_size","minecraft:rarity","minecraft:repair_cost","minecraft:tooltip_display","minecraft:use_effects"]	70dc3d67bd178fe8ea9dd1144c9d3b231a5d3b4a80a6a0af1e1a8906d0ced35c
minecraft:nether_brick	["minecraft:attack_animation","minecraft:attribute_modifiers","minecraft:break_sound","minecraft:enchantments","minecraft:interact_animation","minecraft:item_model","minecraft:item_name","minecraft:lore","minecraft:max_stack_size","minecraft:rarity","minecraft:repair_cost","minecraft:tooltip_display","minecraft:use_effects"]	d1be364e9c8c4a459e9356a73bf86fbe8530eb2dcab7feafa1d5b46fc0ba68a4
minecraft:nether_brick_fence	["minecraft:attack_animation","minecraft:attribute_modifiers","minecraft:break_sound","minecraft:enchantments","minecraft:interact_animation","minecraft:item_model","minecraft:item_name","minecraft:lore","minecraft:max_stack_size","minecraft:rarity","minecraft:repair_cost","minecraft:tooltip_display","minecraft:use_effects"]	0bfb559b4331bdeb71a40dd2e2bde790c27f5e1291f65445255851dd31983764
minecraft:nether_brick_slab	["minecraft:attack_animation","minecraft:attribute_modifiers","minecraft:break_sound","minecraft:enchantments","minecraft:interact_animation","minecraft:item_model","minecraft:item_name","minecraft:lore","minecraft:max_stack_size","minecraft:rarity","minecraft:repair_cost","minecraft:tooltip_display","minecraft:use_effects"]	104cf477de70726425c3d02c02ffc579085040bdaa6825463e008736069af4dd
minecraft:nether_brick_stairs	["minecraft:attack_animation","minecraft:attribute_modifiers","minecraft:break_sound","minecraft:enchantments","minecraft:interact_animation","minecraft:item_model","minecraft:item_name","minecraft:lore","minecraft:max_stack_size","minecraft:rarity","minecraft:repair_cost","minecraft:tooltip_display","minecraft:use_effects"]	614f6a94b8aa205808d663edf193b4c6ce7a6c24a4a4d9371ae3cc90a028fcc3
minecraft:nether_brick_wall	["minecraft:attack_animation","minecraft:attribute_modifiers","minecraft:break_sound","minecraft:enchantments","minecraft:interact_animation","minecraft:item_model","minecraft:item_name","minecraft:lore","minecraft:max_stack_size","minecraft:rarity","minecraft:repair_cost","minecraft:tooltip_display","minecraft:use_effects"]	c2ea25458093e3184792e1dd23b826ef2348363ae6e52e2cbe51ad08126f8f95
minecraft:nether_bricks	["minecraft:attack_animation","minecraft:attribute_modifiers","minecraft:break_sound","minecraft:enchantments","minecraft:interact_animation","minecraft:item_model","minecraft:item_name","minecraft:lore","minecraft:max_stack_size","minecraft:rarity","minecraft:repair_cost","minecraft:tooltip_display","minecraft:use_effects"]	81ba475c22242347b1b05ad4c59a41f3ee2e74f59cacdf842ed53fd9d328798a
minecraft:nether_gold_ore	["minecraft:attack_animation","minecraft:attribute_modifiers","minecraft:break_sound","minecraft:enchantments","minecraft:interact_animation","minecraft:item_model","minecraft:item_name","minecraft:lore","minecraft:max_stack_size","minecraft:rarity","minecraft:repair_cost","minecraft:tooltip_display","minecraft:use_effects"]	01906a8bdfbb782424bbe6a43ab4f6e60de9231092da696d7a04827cd0540dc7
minecraft:nether_quartz_ore	["minecraft:attack_animation","minecraft:attribute_modifiers","minecraft:break_sound","minecraft:enchantments","minecraft:interact_animation","minecraft:item_model","minecraft:item_name","minecraft:lore","minecraft:max_stack_size","minecraft:rarity","minecraft:repair_cost","minecraft:tooltip_display","minecraft:use_effects"]	e8b1ee65e58f7139465974e34cdbcf3fe7c148fd04981e6d97f4b163ed6a1c44
minecraft:nether_sprouts	["minecraft:attack_animation","minecraft:attribute_modifiers","minecraft:break_sound","minecraft:compostable","minecraft:enchantments","minecraft:interact_animation","minecraft:item_model","minecraft:item_name","minecraft:lore","minecraft:max_stack_size","minecraft:rarity","minecraft:repair_cost","minecraft:tooltip_display","minecraft:use_effects"]	b9ca2f90c50fe9cfcc94c23888b63805a92f25c4b58346e19b190f48f78a4a73
minecraft:nether_star	["minecraft:attack_animation","minecraft:attribute_modifiers","minecraft:break_sound","minecraft:damage_resistant","minecraft:enchantment_glint_override","minecraft:enchantments","minecraft:interact_animation","minecraft:item_model","minecraft:item_name","minecraft:lore","minecraft:max_stack_size","minecraft:rarity","minecraft:repair_cost","minecraft:tooltip_display","minecraft:use_effects"]	6aba3a29d78dd09fa4e12a9292ae25dbc642adf46171eca65d63cb661cf39fef
minecraft:nether_wart	["minecraft:attack_animation","minecraft:attribute_modifiers","minecraft:break_sound","minecraft:compostable","minecraft:enchantments","minecraft:interact_animation","minecraft:item_model","minecraft:item_name","minecraft:lore","minecraft:max_stack_size","minecraft:rarity","minecraft:repair_cost","minecraft:tooltip_display","minecraft:use_effects"]	96c4ce5b54d4b4292a25ac4d9f7114ce4ae9fef861d8f4a00a666d4b3006ca6a
minecraft:nether_wart_block	["minecraft:attack_animation","minecraft:attribute_modifiers","minecraft:break_sound","minecraft:compostable","minecraft:enchantments","minecraft:interact_animation","minecraft:item_model","minecraft:item_name","minecraft:lore","minecraft:max_stack_size","minecraft:rarity","minecraft:repair_cost","minecraft:tooltip_display","minecraft:use_effects"]	bb7564e91b2729beeb6e41af56965700271c6e1647182d1e1dc12ce93e0931c2
minecraft:netherite_axe	["minecraft:attack_animation","minecraft:attribute_modifiers","minecraft:block_transformer","minecraft:break_sound","minecraft:damage","minecraft:damage_resistant","minecraft:enchantable","minecraft:enchantments","minecraft:interact_animation","minecraft:item_model","minecraft:item_name","minecraft:lore","minecraft:max_damage","minecraft:max_stack_size","minecraft:rarity","minecraft:repair_cost","minecraft:repairable","minecraft:tool","minecraft:tooltip_display","minecraft:use_effects","minecraft:weapon"]	da31bb2afd3c6181155424654850e0826153d7f1b299113eff84a3315413865c
minecraft:netherite_block	["minecraft:attack_animation","minecraft:attribute_modifiers","minecraft:break_sound","minecraft:damage_resistant","minecraft:enchantments","minecraft:interact_animation","minecraft:item_model","minecraft:item_name","minecraft:lore","minecraft:max_stack_size","minecraft:rarity","minecraft:repair_cost","minecraft:tooltip_display","minecraft:use_effects"]	f268815645c54232ba70f1d9168a50cd45c888a7ed993a197a6082f9c3b63459
minecraft:netherite_boots	["minecraft:attack_animation","minecraft:attribute_modifiers","minecraft:break_sound","minecraft:damage","minecraft:damage_resistant","minecraft:enchantable","minecraft:enchantments","minecraft:equippable","minecraft:interact_animation","minecraft:item_model","minecraft:item_name","minecraft:lore","minecraft:max_damage","minecraft:max_stack_size","minecraft:rarity","minecraft:repair_cost","minecraft:repairable","minecraft:tooltip_display","minecraft:use_effects"]	494e39af6acb2e5a513267316aef3510ae7d3524174bde5ce70f12823c819ece
minecraft:netherite_chestplate	["minecraft:attack_animation","minecraft:attribute_modifiers","minecraft:break_sound","minecraft:damage","minecraft:damage_resistant","minecraft:enchantable","minecraft:enchantments","minecraft:equippable","minecraft:interact_animation","minecraft:item_model","minecraft:item_name","minecraft:lore","minecraft:max_damage","minecraft:max_stack_size","minecraft:rarity","minecraft:repair_cost","minecraft:repairable","minecraft:tooltip_display","minecraft:use_effects"]	31580448f237b5523da05be66b0f5191b1f2ec1866deb285841e12f16b515335
minecraft:netherite_helmet	["minecraft:attack_animation","minecraft:attribute_modifiers","minecraft:break_sound","minecraft:damage","minecraft:damage_resistant","minecraft:enchantable","minecraft:enchantments","minecraft:equippable","minecraft:interact_animation","minecraft:item_model","minecraft:item_name","minecraft:lore","minecraft:max_damage","minecraft:max_stack_size","minecraft:rarity","minecraft:repair_cost","minecraft:repairable","minecraft:tooltip_display","minecraft:use_effects"]	09fb48f913914ad5a89953b69836f14026af75ccc5b9f7055a2e364120045f11
minecraft:netherite_hoe	["minecraft:attack_animation","minecraft:attribute_modifiers","minecraft:block_transformer","minecraft:break_sound","minecraft:damage","minecraft:damage_resistant","minecraft:enchantable","minecraft:enchantments","minecraft:interact_animation","minecraft:item_model","minecraft:item_name","minecraft:lore","minecraft:max_damage","minecraft:max_stack_size","minecraft:rarity","minecraft:repair_cost","minecraft:repairable","minecraft:tool","minecraft:tooltip_display","minecraft:use_effects","minecraft:weapon"]	69de3d5f07ff1c625596bb81ec517dfdc8f5fa0a026f2e0e1d85e692e34e55d6
minecraft:netherite_horse_armor	["minecraft:attack_animation","minecraft:attribute_modifiers","minecraft:break_sound","minecraft:damage_resistant","minecraft:enchantments","minecraft:equippable","minecraft:interact_animation","minecraft:item_model","minecraft:item_name","minecraft:lore","minecraft:max_stack_size","minecraft:rarity","minecraft:repair_cost","minecraft:tooltip_display","minecraft:use_effects"]	581da1056afb601e491f8f4caee439886893f0ab2c4d1acaf3f8a8d4bc270447
minecraft:netherite_ingot	["minecraft:attack_animation","minecraft:attribute_modifiers","minecraft:break_sound","minecraft:damage_resistant","minecraft:enchantments","minecraft:interact_animation","minecraft:item_model","minecraft:item_name","minecraft:lore","minecraft:max_stack_size","minecraft:provides_trim_material","minecraft:rarity","minecraft:repair_cost","minecraft:tooltip_display","minecraft:use_effects"]	455ad13acac86e0adca9463e83d122bebf109b4e2b79437c764239301711778c
minecraft:netherite_leggings	["minecraft:attack_animation","minecraft:attribute_modifiers","minecraft:break_sound","minecraft:damage","minecraft:damage_resistant","minecraft:enchantable","minecraft:enchantments","minecraft:equippable","minecraft:interact_animation","minecraft:item_model","minecraft:item_name","minecraft:lore","minecraft:max_damage","minecraft:max_stack_size","minecraft:rarity","minecraft:repair_cost","minecraft:repairable","minecraft:tooltip_display","minecraft:use_effects"]	215f5ebd2f8c77f0b627a9a3110c50608b4e515dfc009c788763e73c78decaac
minecraft:netherite_nautilus_armor	["minecraft:attack_animation","minecraft:attribute_modifiers","minecraft:break_sound","minecraft:damage_resistant","minecraft:enchantments","minecraft:equippable","minecraft:interact_animation","minecraft:item_model","minecraft:item_name","minecraft:lore","minecraft:max_stack_size","minecraft:rarity","minecraft:repair_cost","minecraft:tooltip_display","minecraft:use_effects"]	9f18183400c12c6a441f2e19a2af7854f77835775a17c6e79e1dc085476c238d
minecraft:netherite_pickaxe	["minecraft:attack_animation","minecraft:attribute_modifiers","minecraft:break_sound","minecraft:damage","minecraft:damage_resistant","minecraft:enchantable","minecraft:enchantments","minecraft:interact_animation","minecraft:item_model","minecraft:item_name","minecraft:lore","minecraft:max_damage","minecraft:max_stack_size","minecraft:rarity","minecraft:repair_cost","minecraft:repairable","minecraft:tool","minecraft:tooltip_display","minecraft:use_effects","minecraft:weapon"]	b669464805b017f7afe21a2d94d3ae52e3692581319a6228aa31319a9986fc79
minecraft:netherite_scrap	["minecraft:attack_animation","minecraft:attribute_modifiers","minecraft:break_sound","minecraft:damage_resistant","minecraft:enchantments","minecraft:interact_animation","minecraft:item_model","minecraft:item_name","minecraft:lore","minecraft:max_stack_size","minecraft:rarity","minecraft:repair_cost","minecraft:tooltip_display","minecraft:use_effects"]	c1f9c342b752228081ac5fb9ee671feda300f637813cb297c7c2687668db5c29
minecraft:netherite_shovel	["minecraft:attack_animation","minecraft:attribute_modifiers","minecraft:block_transformer","minecraft:break_sound","minecraft:damage","minecraft:damage_resistant","minecraft:enchantable","minecraft:enchantments","minecraft:interact_animation","minecraft:item_model","minecraft:item_name","minecraft:lore","minecraft:max_damage","minecraft:max_stack_size","minecraft:rarity","minecraft:repair_cost","minecraft:repairable","minecraft:tool","minecraft:tooltip_display","minecraft:use_effects","minecraft:weapon"]	2b46b1e609bc632e44cfa5d21c874f462779227c6a48b2188ae7096d22803bbd
minecraft:netherite_spear	["minecraft:attack_animation","minecraft:attack_range","minecraft:attribute_modifiers","minecraft:break_sound","minecraft:damage","minecraft:damage_resistant","minecraft:damage_type","minecraft:enchantable","minecraft:enchantments","minecraft:interact_animation","minecraft:item_model","minecraft:item_name","minecraft:kinetic_weapon","minecraft:lore","minecraft:max_damage","minecraft:max_stack_size","minecraft:minimum_attack_charge","minecraft:piercing_weapon","minecraft:rarity","minecraft:repair_cost","minecraft:repairable","minecraft:tooltip_display","minecraft:use_effects","minecraft:weapon"]	6c813c473e9a5d8c4e331f1e4f48f1ff6bbb19e82412122fa746df156ece78cf
minecraft:netherite_sword	["minecraft:attack_animation","minecraft:attribute_modifiers","minecraft:break_sound","minecraft:damage","minecraft:damage_resistant","minecraft:enchantable","minecraft:enchantments","minecraft:interact_animation","minecraft:item_model","minecraft:item_name","minecraft:lore","minecraft:max_damage","minecraft:max_stack_size","minecraft:rarity","minecraft:repair_cost","minecraft:repairable","minecraft:tool","minecraft:tooltip_display","minecraft:use_effects","minecraft:weapon"]	494b37fd859a26e055e9c9aa38c4e1747c8cc3c485f16bfe09a94ee20ed58d8b
minecraft:netherite_upgrade_smithing_template	["minecraft:attack_animation","minecraft:attribute_modifiers","minecraft:break_sound","minecraft:enchantments","minecraft:interact_animation","minecraft:item_model","minecraft:item_name","minecraft:lore","minecraft:max_stack_size","minecraft:rarity","minecraft:repair_cost","minecraft:tooltip_display","minecraft:use_effects"]	53de11369254d55cb7e8710a19bde6a19ec87603859c0f11006fbcd77aa7ae3e
minecraft:netherrack	["minecraft:attack_animation","minecraft:attribute_modifiers","minecraft:break_sound","minecraft:enchantments","minecraft:interact_animation","minecraft:item_model","minecraft:item_name","minecraft:lore","minecraft:max_stack_size","minecraft:rarity","minecraft:repair_cost","minecraft:tooltip_display","minecraft:use_effects"]	a0c03786f322fff374827c62bcc3e90b812c44c62689b7418b6a1c449816cd4e
minecraft:note_block	["minecraft:attack_animation","minecraft:attribute_modifiers","minecraft:break_sound","minecraft:cooking_fuel","minecraft:enchantments","minecraft:interact_animation","minecraft:item_model","minecraft:item_name","minecraft:lore","minecraft:max_stack_size","minecraft:rarity","minecraft:repair_cost","minecraft:tooltip_display","minecraft:use_effects"]	9b7663bbe699f3f78447ced4d22f00bd5f814fabc9f713dad5fbfc4587ac461a
minecraft:oak_boat	["minecraft:attack_animation","minecraft:attribute_modifiers","minecraft:break_sound","minecraft:cooking_fuel","minecraft:enchantments","minecraft:interact_animation","minecraft:item_model","minecraft:item_name","minecraft:lore","minecraft:max_stack_size","minecraft:rarity","minecraft:repair_cost","minecraft:tooltip_display","minecraft:use_effects"]	311d2fd1326d77676ad4f9e6b29f80d09024f978e6928539935006a8d0e7fc5d
minecraft:oak_button	["minecraft:attack_animation","minecraft:attribute_modifiers","minecraft:break_sound","minecraft:cooking_fuel","minecraft:enchantments","minecraft:interact_animation","minecraft:item_model","minecraft:item_name","minecraft:lore","minecraft:max_stack_size","minecraft:rarity","minecraft:repair_cost","minecraft:tooltip_display","minecraft:use_effects"]	9373eef3a2cb1f2f73f9c536357110cd92bdcd73a059172eddacc7302a3024c5
minecraft:oak_chest_boat	["minecraft:attack_animation","minecraft:attribute_modifiers","minecraft:break_sound","minecraft:cooking_fuel","minecraft:enchantments","minecraft:interact_animation","minecraft:item_model","minecraft:item_name","minecraft:lore","minecraft:max_stack_size","minecraft:rarity","minecraft:repair_cost","minecraft:tooltip_display","minecraft:use_effects"]	ca7aa7d8f0e78c162b00adcff0f91f8a3186ab205e0bc4284a39d686a2322d39
minecraft:oak_door	["minecraft:attack_animation","minecraft:attribute_modifiers","minecraft:break_sound","minecraft:cooking_fuel","minecraft:enchantments","minecraft:interact_animation","minecraft:item_model","minecraft:item_name","minecraft:lore","minecraft:max_stack_size","minecraft:rarity","minecraft:repair_cost","minecraft:tooltip_display","minecraft:use_effects"]	4869b0f9519884b31fa485c082fcadc18ba8aa332222fca582f6d0ab699057f0
minecraft:oak_fence	["minecraft:attack_animation","minecraft:attribute_modifiers","minecraft:break_sound","minecraft:cooking_fuel","minecraft:enchantments","minecraft:interact_animation","minecraft:item_model","minecraft:item_name","minecraft:lore","minecraft:max_stack_size","minecraft:rarity","minecraft:repair_cost","minecraft:tooltip_display","minecraft:use_effects"]	cc1dcc5077af6f20b41f0361ee75d053ddcaea242b01813bcbc6a264a7bf4094
minecraft:oak_fence_gate	["minecraft:attack_animation","minecraft:attribute_modifiers","minecraft:break_sound","minecraft:cooking_fuel","minecraft:enchantments","minecraft:interact_animation","minecraft:item_model","minecraft:item_name","minecraft:lore","minecraft:max_stack_size","minecraft:rarity","minecraft:repair_cost","minecraft:tooltip_display","minecraft:use_effects"]	2075e64effa52d6c27294264bab03a0ccef015743f740066e27ad172efbe68ae
minecraft:oak_hanging_sign	["minecraft:attack_animation","minecraft:attribute_modifiers","minecraft:break_sound","minecraft:cooking_fuel","minecraft:enchantments","minecraft:interact_animation","minecraft:item_model","minecraft:item_name","minecraft:lore","minecraft:max_stack_size","minecraft:rarity","minecraft:repair_cost","minecraft:sign_text_back","minecraft:sign_text_front","minecraft:tooltip_display","minecraft:use_effects"]	2a50fae4a38592f7e36ee800b15f38f13cb00433b7be10a6d21158670243c221
minecraft:oak_leaves	["minecraft:attack_animation","minecraft:attribute_modifiers","minecraft:break_sound","minecraft:compostable","minecraft:enchantments","minecraft:interact_animation","minecraft:item_model","minecraft:item_name","minecraft:lore","minecraft:max_stack_size","minecraft:rarity","minecraft:repair_cost","minecraft:tooltip_display","minecraft:use_effects"]	b4d1429a6b397d481ccfb42ad28a049a9babf64a52d5857a63010fab52baa4d3
minecraft:oak_log	["minecraft:attack_animation","minecraft:attribute_modifiers","minecraft:break_sound","minecraft:cooking_fuel","minecraft:enchantments","minecraft:interact_animation","minecraft:item_model","minecraft:item_name","minecraft:lore","minecraft:max_stack_size","minecraft:rarity","minecraft:repair_cost","minecraft:tooltip_display","minecraft:use_effects"]	5c233503ba3403b6eb0c1cf334449b37bd810d7275dba0ed8931294620669151
minecraft:oak_planks	["minecraft:attack_animation","minecraft:attribute_modifiers","minecraft:break_sound","minecraft:cooking_fuel","minecraft:enchantments","minecraft:interact_animation","minecraft:item_model","minecraft:item_name","minecraft:lore","minecraft:max_stack_size","minecraft:rarity","minecraft:repair_cost","minecraft:tooltip_display","minecraft:use_effects"]	b7cfa5f9c09e2124e8f7b46a18eeee35cd08942c68b0a873624b41f3efb8c8b9
minecraft:oak_pressure_plate	["minecraft:attack_animation","minecraft:attribute_modifiers","minecraft:break_sound","minecraft:cooking_fuel","minecraft:enchantments","minecraft:interact_animation","minecraft:item_model","minecraft:item_name","minecraft:lore","minecraft:max_stack_size","minecraft:rarity","minecraft:repair_cost","minecraft:tooltip_display","minecraft:use_effects"]	ab0c1cae027c2412a2ccff3ba825a50fcc64c1bafbf16d6e65ef0e0e1faf61ec
minecraft:oak_sapling	["minecraft:attack_animation","minecraft:attribute_modifiers","minecraft:break_sound","minecraft:compostable","minecraft:cooking_fuel","minecraft:enchantments","minecraft:interact_animation","minecraft:item_model","minecraft:item_name","minecraft:lore","minecraft:max_stack_size","minecraft:rarity","minecraft:repair_cost","minecraft:tooltip_display","minecraft:use_effects"]	7a7073938256876e8b2c09b4c0ce61683e976a1b19d99a6fd78551e7d5945680
minecraft:oak_shelf	["minecraft:attack_animation","minecraft:attribute_modifiers","minecraft:break_sound","minecraft:container","minecraft:cooking_fuel","minecraft:enchantments","minecraft:interact_animation","minecraft:item_model","minecraft:item_name","minecraft:lore","minecraft:max_stack_size","minecraft:rarity","minecraft:repair_cost","minecraft:tooltip_display","minecraft:use_effects"]	3f8435d25999e856607758cc7688e77cfa730a76ee63493a1f2acabcc39d4aeb
minecraft:oak_sign	["minecraft:attack_animation","minecraft:attribute_modifiers","minecraft:break_sound","minecraft:cooking_fuel","minecraft:enchantments","minecraft:interact_animation","minecraft:item_model","minecraft:item_name","minecraft:lore","minecraft:max_stack_size","minecraft:rarity","minecraft:repair_cost","minecraft:sign_text_back","minecraft:sign_text_front","minecraft:tooltip_display","minecraft:use_effects"]	67dbcc3d3dbe399bf176c1cda10faee13efac0b1dd5eeed84f2e40eab8feb147
minecraft:oak_slab	["minecraft:attack_animation","minecraft:attribute_modifiers","minecraft:break_sound","minecraft:cooking_fuel","minecraft:enchantments","minecraft:interact_animation","minecraft:item_model","minecraft:item_name","minecraft:lore","minecraft:max_stack_size","minecraft:rarity","minecraft:repair_cost","minecraft:tooltip_display","minecraft:use_effects"]	26471eca10396e05a4e4b60000b92b217ddf9600ab5bc13078a8f306667a2394
minecraft:oak_stairs	["minecraft:attack_animation","minecraft:attribute_modifiers","minecraft:break_sound","minecraft:cooking_fuel","minecraft:enchantments","minecraft:interact_animation","minecraft:item_model","minecraft:item_name","minecraft:lore","minecraft:max_stack_size","minecraft:rarity","minecraft:repair_cost","minecraft:tooltip_display","minecraft:use_effects"]	dc4b0846039ca4784b878a339eb00b3750b202310687f40452ac6d7b4a61904b
minecraft:oak_trapdoor	["minecraft:attack_animation","minecraft:attribute_modifiers","minecraft:break_sound","minecraft:cooking_fuel","minecraft:enchantments","minecraft:interact_animation","minecraft:item_model","minecraft:item_name","minecraft:lore","minecraft:max_stack_size","minecraft:rarity","minecraft:repair_cost","minecraft:tooltip_display","minecraft:use_effects"]	5f2e19bbabf353629d2673ee6fdbf98b3d14ff655a7072606199d07500bee1a0
minecraft:oak_wood	["minecraft:attack_animation","minecraft:attribute_modifiers","minecraft:break_sound","minecraft:cooking_fuel","minecraft:enchantments","minecraft:interact_animation","minecraft:item_model","minecraft:item_name","minecraft:lore","minecraft:max_stack_size","minecraft:rarity","minecraft:repair_cost","minecraft:tooltip_display","minecraft:use_effects"]	889d3b1a753256ea464341b6b5be593ea1f2673d240f9182fc546ef7ede429ca
minecraft:observer	["minecraft:attack_animation","minecraft:attribute_modifiers","minecraft:break_sound","minecraft:enchantments","minecraft:interact_animation","minecraft:item_model","minecraft:item_name","minecraft:lore","minecraft:max_stack_size","minecraft:rarity","minecraft:repair_cost","minecraft:tooltip_display","minecraft:use_effects"]	d3a7b6ded9b69d821fa036bb8596a1e8039525512a2a7058470a1da1f90de63c
minecraft:obsidian	["minecraft:attack_animation","minecraft:attribute_modifiers","minecraft:break_sound","minecraft:enchantments","minecraft:interact_animation","minecraft:item_model","minecraft:item_name","minecraft:lore","minecraft:max_stack_size","minecraft:rarity","minecraft:repair_cost","minecraft:tooltip_display","minecraft:use_effects"]	212fd501d0c3d1e8b35af4da40faf046ae7a67fb26fe8a750c6f8fa46b06186a
minecraft:ocean_monument_map	["minecraft:attack_animation","minecraft:attribute_modifiers","minecraft:break_sound","minecraft:enchantments","minecraft:interact_animation","minecraft:item_model","minecraft:item_name","minecraft:lore","minecraft:map_decorations","minecraft:max_stack_size","minecraft:rarity","minecraft:repair_cost","minecraft:tooltip_display","minecraft:use_effects"]	eddacecd6cfa5a7f03b78f3f77a1fbb02d191ccbce33e5cc18d51dfcc0a2b045
minecraft:ocelot_spawn_egg	["minecraft:attack_animation","minecraft:attribute_modifiers","minecraft:break_sound","minecraft:enchantments","minecraft:entity_data","minecraft:interact_animation","minecraft:item_model","minecraft:item_name","minecraft:lore","minecraft:max_stack_size","minecraft:rarity","minecraft:repair_cost","minecraft:tooltip_display","minecraft:use_effects"]	c0557d6190a0171344ce2e88a03bf47f583f58edd8ee41e1b5549b25041b508b
minecraft:ochre_froglight	["minecraft:attack_animation","minecraft:attribute_modifiers","minecraft:break_sound","minecraft:enchantments","minecraft:interact_animation","minecraft:item_model","minecraft:item_name","minecraft:lore","minecraft:max_stack_size","minecraft:rarity","minecraft:repair_cost","minecraft:tooltip_display","minecraft:use_effects"]	3ab3f2bbd241f45532d4557db5c2f7980ccc6324d01adda1d043d69d066ba540
minecraft:ominous_bottle	["minecraft:attack_animation","minecraft:attribute_modifiers","minecraft:break_sound","minecraft:consumable","minecraft:enchantments","minecraft:interact_animation","minecraft:item_model","minecraft:item_name","minecraft:lore","minecraft:max_stack_size","minecraft:ominous_bottle_amplifier","minecraft:rarity","minecraft:repair_cost","minecraft:tooltip_display","minecraft:use_effects"]	200bc3ee622dd81b4fa93a1647db721dc6340dc9a31d871e6deb54a49ba74ffa
minecraft:ominous_trial_key	["minecraft:attack_animation","minecraft:attribute_modifiers","minecraft:break_sound","minecraft:enchantments","minecraft:interact_animation","minecraft:item_model","minecraft:item_name","minecraft:lore","minecraft:max_stack_size","minecraft:rarity","minecraft:repair_cost","minecraft:tooltip_display","minecraft:use_effects"]	634d41cac994fac3ea5818398e138b9da88dbc33949de53002d4e5b14c504231
minecraft:open_eyeblossom	["minecraft:attack_animation","minecraft:attribute_modifiers","minecraft:break_sound","minecraft:compostable","minecraft:enchantments","minecraft:interact_animation","minecraft:item_model","minecraft:item_name","minecraft:lore","minecraft:max_stack_size","minecraft:rarity","minecraft:repair_cost","minecraft:tooltip_display","minecraft:use_effects"]	c17fb08b0c6359c3af5253516606db5e7b662eaa683824834019c25955b8162f
minecraft:orange_banner	["minecraft:attack_animation","minecraft:attribute_modifiers","minecraft:banner_patterns","minecraft:break_sound","minecraft:cooking_fuel","minecraft:enchantments","minecraft:interact_animation","minecraft:item_model","minecraft:item_name","minecraft:lore","minecraft:max_stack_size","minecraft:rarity","minecraft:repair_cost","minecraft:tooltip_display","minecraft:use_effects"]	e1f722e62d569b1cf6d82dc1654fb9f56035a3897480acfbc016d7ed447cdf48
minecraft:orange_bed	["minecraft:attack_animation","minecraft:attribute_modifiers","minecraft:break_sound","minecraft:enchantments","minecraft:interact_animation","minecraft:item_model","minecraft:item_name","minecraft:lore","minecraft:max_stack_size","minecraft:rarity","minecraft:repair_cost","minecraft:tooltip_display","minecraft:use_effects"]	fa4d6bf56a363d4ec85ec7adae4638f662bb08ef2f8ee88a3202c4deb9e73667
minecraft:orange_bundle	["minecraft:attack_animation","minecraft:attribute_modifiers","minecraft:break_sound","minecraft:bundle_contents","minecraft:enchantments","minecraft:interact_animation","minecraft:item_model","minecraft:item_name","minecraft:lore","minecraft:max_stack_size","minecraft:rarity","minecraft:repair_cost","minecraft:tooltip_display","minecraft:use_effects"]	48d623653d9cfc5c5a982f0b9cc48ca15a7332cee09bcaadd1267f8405b9e947
minecraft:orange_candle	["minecraft:attack_animation","minecraft:attribute_modifiers","minecraft:break_sound","minecraft:enchantments","minecraft:interact_animation","minecraft:item_model","minecraft:item_name","minecraft:lore","minecraft:max_stack_size","minecraft:rarity","minecraft:repair_cost","minecraft:tooltip_display","minecraft:use_effects"]	3a68f34d20c43af7f011ed62c98facdf43e95ac045425685d4c67e5c88401b31
minecraft:orange_carpet	["minecraft:attack_animation","minecraft:attribute_modifiers","minecraft:break_sound","minecraft:cooking_fuel","minecraft:enchantments","minecraft:equippable","minecraft:interact_animation","minecraft:item_model","minecraft:item_name","minecraft:lore","minecraft:max_stack_size","minecraft:rarity","minecraft:repair_cost","minecraft:tooltip_display","minecraft:use_effects"]	143109cfba70a14d41044cc53812c971926a757db003c644be89d7e0c170515a
minecraft:orange_concrete	["minecraft:attack_animation","minecraft:attribute_modifiers","minecraft:break_sound","minecraft:enchantments","minecraft:interact_animation","minecraft:item_model","minecraft:item_name","minecraft:lore","minecraft:max_stack_size","minecraft:rarity","minecraft:repair_cost","minecraft:tooltip_display","minecraft:use_effects"]	140e6ae978f4f1550cfeac7767005faa083aeff3f0b3f735ceab97c71e4190aa
minecraft:orange_concrete_powder	["minecraft:attack_animation","minecraft:attribute_modifiers","minecraft:break_sound","minecraft:enchantments","minecraft:interact_animation","minecraft:item_model","minecraft:item_name","minecraft:lore","minecraft:max_stack_size","minecraft:rarity","minecraft:repair_cost","minecraft:tooltip_display","minecraft:use_effects"]	e6e4968f58b9c295d1c860cabb510a904010687fb61a74e8df776a3a36f471e2
minecraft:orange_concrete_slab	["minecraft:attack_animation","minecraft:attribute_modifiers","minecraft:break_sound","minecraft:enchantments","minecraft:interact_animation","minecraft:item_model","minecraft:item_name","minecraft:lore","minecraft:max_stack_size","minecraft:rarity","minecraft:repair_cost","minecraft:tooltip_display","minecraft:use_effects"]	808c603834ac1ecb2e01228fe20f2966ec8988d9051e6354278f5bd750bcc4d0
minecraft:orange_concrete_stairs	["minecraft:attack_animation","minecraft:attribute_modifiers","minecraft:break_sound","minecraft:enchantments","minecraft:interact_animation","minecraft:item_model","minecraft:item_name","minecraft:lore","minecraft:max_stack_size","minecraft:rarity","minecraft:repair_cost","minecraft:tooltip_display","minecraft:use_effects"]	42428be782f25002457935a1ea3b5edf842190bc0c5e1ea4d17cb61c4fbc63bd
minecraft:orange_cushion	["minecraft:attack_animation","minecraft:attribute_modifiers","minecraft:break_sound","minecraft:cooking_fuel","minecraft:cushion/color","minecraft:enchantments","minecraft:interact_animation","minecraft:item_model","minecraft:item_name","minecraft:lore","minecraft:max_stack_size","minecraft:rarity","minecraft:repair_cost","minecraft:tooltip_display","minecraft:use_effects"]	d57ac7c4b4ffc6703abcafd73be8f2233b99f6586c7bd90b02df3d470e46a4e9
minecraft:orange_dye	["minecraft:attack_animation","minecraft:attribute_modifiers","minecraft:break_sound","minecraft:dye","minecraft:enchantments","minecraft:interact_animation","minecraft:item_model","minecraft:item_name","minecraft:lore","minecraft:max_stack_size","minecraft:rarity","minecraft:repair_cost","minecraft:tooltip_display","minecraft:use_effects"]	bb946b76ddafd33c85901d8e11866965862dc438b5c53c56d8ba0c290b77c71d
minecraft:orange_glazed_terracotta	["minecraft:attack_animation","minecraft:attribute_modifiers","minecraft:break_sound","minecraft:enchantments","minecraft:interact_animation","minecraft:item_model","minecraft:item_name","minecraft:lore","minecraft:max_stack_size","minecraft:rarity","minecraft:repair_cost","minecraft:tooltip_display","minecraft:use_effects"]	0d4e01357ecb1ff5fd4eea82e83ebff0a97cff756656a1e53b4e9a9f68b6f9ee
minecraft:orange_harness	["minecraft:attack_animation","minecraft:attribute_modifiers","minecraft:break_sound","minecraft:enchantments","minecraft:equippable","minecraft:interact_animation","minecraft:item_model","minecraft:item_name","minecraft:lore","minecraft:max_stack_size","minecraft:rarity","minecraft:repair_cost","minecraft:tooltip_display","minecraft:use_effects"]	eabe1c501fa4f65dffdb787f8b5a0f2d4d4b489f2e352b1a3abdf30464604c6f
minecraft:orange_poplar_leaves	["minecraft:attack_animation","minecraft:attribute_modifiers","minecraft:break_sound","minecraft:compostable","minecraft:enchantments","minecraft:interact_animation","minecraft:item_model","minecraft:item_name","minecraft:lore","minecraft:max_stack_size","minecraft:rarity","minecraft:repair_cost","minecraft:tooltip_display","minecraft:use_effects"]	3682b356b0bf3195e25fd8b73ea7379309d072cf9e4722d20a4151ab202369e1
minecraft:orange_shulker_box	["minecraft:attack_animation","minecraft:attribute_modifiers","minecraft:break_sound","minecraft:container","minecraft:enchantments","minecraft:interact_animation","minecraft:item_model","minecraft:item_name","minecraft:lore","minecraft:max_stack_size","minecraft:rarity","minecraft:repair_cost","minecraft:tooltip_display","minecraft:use_effects"]	6a13088b2bfa3b94319f96ab72603ecd6506b28ebb99a884804a30e0742f0a7b
minecraft:orange_stained_glass	["minecraft:attack_animation","minecraft:attribute_modifiers","minecraft:break_sound","minecraft:enchantments","minecraft:interact_animation","minecraft:item_model","minecraft:item_name","minecraft:lore","minecraft:max_stack_size","minecraft:rarity","minecraft:repair_cost","minecraft:tooltip_display","minecraft:use_effects"]	868dc90d2cb96f83f8565bc725299d92ff22a6edd9dabe1123cd2f96870e5eeb
minecraft:orange_stained_glass_pane	["minecraft:attack_animation","minecraft:attribute_modifiers","minecraft:break_sound","minecraft:enchantments","minecraft:interact_animation","minecraft:item_model","minecraft:item_name","minecraft:lore","minecraft:max_stack_size","minecraft:rarity","minecraft:repair_cost","minecraft:tooltip_display","minecraft:use_effects"]	49f16b9972ae475aad0d7cccf308010d397c5b6a9c500b9c785a9b49c427aa11
minecraft:orange_terracotta	["minecraft:attack_animation","minecraft:attribute_modifiers","minecraft:break_sound","minecraft:enchantments","minecraft:interact_animation","minecraft:item_model","minecraft:item_name","minecraft:lore","minecraft:max_stack_size","minecraft:rarity","minecraft:repair_cost","minecraft:tooltip_display","minecraft:use_effects"]	0f09ec057820d1255416be97be0669e0184220104e7294005fd6e724feb1d30e
minecraft:orange_tulip	["minecraft:attack_animation","minecraft:attribute_modifiers","minecraft:break_sound","minecraft:compostable","minecraft:enchantments","minecraft:interact_animation","minecraft:item_model","minecraft:item_name","minecraft:lore","minecraft:max_stack_size","minecraft:rarity","minecraft:repair_cost","minecraft:tooltip_display","minecraft:use_effects"]	fbde1d385d90853010f00b9d05d045674824d443d5a3ba1434e2b28491fbf1d3
minecraft:orange_wool	["minecraft:attack_animation","minecraft:attribute_modifiers","minecraft:break_sound","minecraft:cooking_fuel","minecraft:enchantments","minecraft:interact_animation","minecraft:item_model","minecraft:item_name","minecraft:lore","minecraft:max_stack_size","minecraft:rarity","minecraft:repair_cost","minecraft:tooltip_display","minecraft:use_effects"]	9f143437ff24c609205b4b9e2cb979f353599bb8446a8f8f0f8e8adb1ce1f8d4
minecraft:orange_wool_slab	["minecraft:attack_animation","minecraft:attribute_modifiers","minecraft:break_sound","minecraft:cooking_fuel","minecraft:enchantments","minecraft:interact_animation","minecraft:item_model","minecraft:item_name","minecraft:lore","minecraft:max_stack_size","minecraft:rarity","minecraft:repair_cost","minecraft:tooltip_display","minecraft:use_effects"]	8416cf99e44d3d138365ce1e9e0ab27d9fd347217471b955f8ae15621e824acd
minecraft:orange_wool_stairs	["minecraft:attack_animation","minecraft:attribute_modifiers","minecraft:break_sound","minecraft:cooking_fuel","minecraft:enchantments","minecraft:interact_animation","minecraft:item_model","minecraft:item_name","minecraft:lore","minecraft:max_stack_size","minecraft:rarity","minecraft:repair_cost","minecraft:tooltip_display","minecraft:use_effects"]	23230f66ebe69e5ac1116443ae608d5f033ff0db44d479b3c7b17da3130ba546
minecraft:oxeye_daisy	["minecraft:attack_animation","minecraft:attribute_modifiers","minecraft:break_sound","minecraft:compostable","minecraft:enchantments","minecraft:interact_animation","minecraft:item_model","minecraft:item_name","minecraft:lore","minecraft:max_stack_size","minecraft:rarity","minecraft:repair_cost","minecraft:tooltip_display","minecraft:use_effects"]	fca4556143686b143995c1a325ea788891457c7ab6cdd9b18a549835de7ac542
minecraft:oxidized_chiseled_copper	["minecraft:attack_animation","minecraft:attribute_modifiers","minecraft:break_sound","minecraft:enchantments","minecraft:interact_animation","minecraft:item_model","minecraft:item_name","minecraft:lore","minecraft:max_stack_size","minecraft:rarity","minecraft:repair_cost","minecraft:tooltip_display","minecraft:use_effects"]	81d283033102fed32553ace06a74621527a8771aabce37a5562f0dc82ee3c7b5
minecraft:oxidized_copper	["minecraft:attack_animation","minecraft:attribute_modifiers","minecraft:break_sound","minecraft:enchantments","minecraft:interact_animation","minecraft:item_model","minecraft:item_name","minecraft:lore","minecraft:max_stack_size","minecraft:rarity","minecraft:repair_cost","minecraft:tooltip_display","minecraft:use_effects"]	92963721f24a258ae7f28c9626be165d76991bafc019f09858108ba75c2459c5
minecraft:oxidized_copper_bars	["minecraft:attack_animation","minecraft:attribute_modifiers","minecraft:break_sound","minecraft:enchantments","minecraft:interact_animation","minecraft:item_model","minecraft:item_name","minecraft:lore","minecraft:max_stack_size","minecraft:rarity","minecraft:repair_cost","minecraft:tooltip_display","minecraft:use_effects"]	ac2c6250a730088394791361a7457de16e194df96ce6c29c49546b59034e4c3a
minecraft:oxidized_copper_bulb	["minecraft:attack_animation","minecraft:attribute_modifiers","minecraft:break_sound","minecraft:enchantments","minecraft:interact_animation","minecraft:item_model","minecraft:item_name","minecraft:lore","minecraft:max_stack_size","minecraft:rarity","minecraft:repair_cost","minecraft:tooltip_display","minecraft:use_effects"]	a00f16266945bdaaaff498d8ac85611f1541459831706b288bd57ebf4087a09a
minecraft:oxidized_copper_chain	["minecraft:attack_animation","minecraft:attribute_modifiers","minecraft:break_sound","minecraft:enchantments","minecraft:interact_animation","minecraft:item_model","minecraft:item_name","minecraft:lore","minecraft:max_stack_size","minecraft:rarity","minecraft:repair_cost","minecraft:tooltip_display","minecraft:use_effects"]	0b66b9f92620093ff2ba6c0dddd4cdb2fd0033cebac7715f65b81489199d4f39
minecraft:oxidized_copper_chest	["minecraft:attack_animation","minecraft:attribute_modifiers","minecraft:break_sound","minecraft:enchantments","minecraft:interact_animation","minecraft:item_model","minecraft:item_name","minecraft:lore","minecraft:max_stack_size","minecraft:rarity","minecraft:repair_cost","minecraft:tooltip_display","minecraft:use_effects"]	5c6d52b181421b19696fa138d13ebab3b961124a935f83367e9d662c90de648d
minecraft:oxidized_copper_door	["minecraft:attack_animation","minecraft:attribute_modifiers","minecraft:break_sound","minecraft:enchantments","minecraft:interact_animation","minecraft:item_model","minecraft:item_name","minecraft:lore","minecraft:max_stack_size","minecraft:rarity","minecraft:repair_cost","minecraft:tooltip_display","minecraft:use_effects"]	17e8eb023a706e55f98d5623cfe0ceb977a3f12cc0b8564ceed548c63a12cb53
minecraft:oxidized_copper_golem_statue	["minecraft:attack_animation","minecraft:attribute_modifiers","minecraft:block_state","minecraft:break_sound","minecraft:enchantments","minecraft:interact_animation","minecraft:item_model","minecraft:item_name","minecraft:lore","minecraft:max_stack_size","minecraft:rarity","minecraft:repair_cost","minecraft:tooltip_display","minecraft:use_effects"]	baf23359165b201a68768f8f588b032ab0d91f267d569c95ce2f7a7b784e29af
minecraft:oxidized_copper_grate	["minecraft:attack_animation","minecraft:attribute_modifiers","minecraft:break_sound","minecraft:enchantments","minecraft:interact_animation","minecraft:item_model","minecraft:item_name","minecraft:lore","minecraft:max_stack_size","minecraft:rarity","minecraft:repair_cost","minecraft:tooltip_display","minecraft:use_effects"]	77c7280b9365b46053922aa726da37edc8568f376ef51aefba8d29a4e44476d3
minecraft:oxidized_copper_lantern	["minecraft:attack_animation","minecraft:attribute_modifiers","minecraft:break_sound","minecraft:enchantments","minecraft:interact_animation","minecraft:item_model","minecraft:item_name","minecraft:lore","minecraft:max_stack_size","minecraft:rarity","minecraft:repair_cost","minecraft:tooltip_display","minecraft:use_effects"]	dc79a09534f93dcc474da84cbb586c01152c765e2defd515b13c1d7c205924ab
minecraft:oxidized_copper_trapdoor	["minecraft:attack_animation","minecraft:attribute_modifiers","minecraft:break_sound","minecraft:enchantments","minecraft:interact_animation","minecraft:item_model","minecraft:item_name","minecraft:lore","minecraft:max_stack_size","minecraft:rarity","minecraft:repair_cost","minecraft:tooltip_display","minecraft:use_effects"]	de49034aed4c26c37d66936608319165f93aa99ba0f8549e5b049ff8500b5f09
minecraft:oxidized_cut_copper	["minecraft:attack_animation","minecraft:attribute_modifiers","minecraft:break_sound","minecraft:enchantments","minecraft:interact_animation","minecraft:item_model","minecraft:item_name","minecraft:lore","minecraft:max_stack_size","minecraft:rarity","minecraft:repair_cost","minecraft:tooltip_display","minecraft:use_effects"]	9fbf774655b680dc212b1a6517b9e8f2fe900a17ad8fda4164a01cce5d05cdc5
minecraft:oxidized_cut_copper_slab	["minecraft:attack_animation","minecraft:attribute_modifiers","minecraft:break_sound","minecraft:enchantments","minecraft:interact_animation","minecraft:item_model","minecraft:item_name","minecraft:lore","minecraft:max_stack_size","minecraft:rarity","minecraft:repair_cost","minecraft:tooltip_display","minecraft:use_effects"]	2836fb3b3bc9eebb7b05d95c1cad0c567700741ce4df607754b473d53168841b
minecraft:oxidized_cut_copper_stairs	["minecraft:attack_animation","minecraft:attribute_modifiers","minecraft:break_sound","minecraft:enchantments","minecraft:interact_animation","minecraft:item_model","minecraft:item_name","minecraft:lore","minecraft:max_stack_size","minecraft:rarity","minecraft:repair_cost","minecraft:tooltip_display","minecraft:use_effects"]	17b93ccb1fd45558614b7186f29cc51906895bb661a24c43bcb498c4bed4c0ac
minecraft:oxidized_lightning_rod	["minecraft:attack_animation","minecraft:attribute_modifiers","minecraft:break_sound","minecraft:enchantments","minecraft:interact_animation","minecraft:item_model","minecraft:item_name","minecraft:lore","minecraft:max_stack_size","minecraft:rarity","minecraft:repair_cost","minecraft:tooltip_display","minecraft:use_effects"]	2379f5ccd0a6a62a8e6c2b88368cf534c1bf54d3fc674eb0cb0626bfaf35a182
minecraft:packed_ice	["minecraft:attack_animation","minecraft:attribute_modifiers","minecraft:break_sound","minecraft:enchantments","minecraft:interact_animation","minecraft:item_model","minecraft:item_name","minecraft:lore","minecraft:max_stack_size","minecraft:rarity","minecraft:repair_cost","minecraft:tooltip_display","minecraft:use_effects"]	9dc3e4cef1b8d2c1c85f6197941f48369cb6d403fcf5fdc79567b2572bf47ffd
minecraft:packed_mud	["minecraft:attack_animation","minecraft:attribute_modifiers","minecraft:break_sound","minecraft:enchantments","minecraft:interact_animation","minecraft:item_model","minecraft:item_name","minecraft:lore","minecraft:max_stack_size","minecraft:rarity","minecraft:repair_cost","minecraft:tooltip_display","minecraft:use_effects"]	94dab0d8c729a994510f1e9daf1e5b891c8966cd03dd8c05b97c22ef6ac42d7f
minecraft:painting	["minecraft:attack_animation","minecraft:attribute_modifiers","minecraft:break_sound","minecraft:enchantments","minecraft:interact_animation","minecraft:item_model","minecraft:item_name","minecraft:lore","minecraft:max_stack_size","minecraft:rarity","minecraft:repair_cost","minecraft:tooltip_display","minecraft:use_effects"]	1d939433fe58eb0714bebaa2a4733118f3bebc16e5a9a2ac980dc0e3fac35920
minecraft:pale_hanging_moss	["minecraft:attack_animation","minecraft:attribute_modifiers","minecraft:break_sound","minecraft:compostable","minecraft:enchantments","minecraft:interact_animation","minecraft:item_model","minecraft:item_name","minecraft:lore","minecraft:max_stack_size","minecraft:rarity","minecraft:repair_cost","minecraft:tooltip_display","minecraft:use_effects"]	d052891bf4f1530309b45d06bd92ad7690dfd415901db7848abcdddcdddfc515
minecraft:pale_moss_block	["minecraft:attack_animation","minecraft:attribute_modifiers","minecraft:break_sound","minecraft:compostable","minecraft:enchantments","minecraft:interact_animation","minecraft:item_model","minecraft:item_name","minecraft:lore","minecraft:max_stack_size","minecraft:rarity","minecraft:repair_cost","minecraft:tooltip_display","minecraft:use_effects"]	c8759a13b2efcce5e7cefcbdeaf46f306495884d3ff23ad08e445c8cc42a73a7
minecraft:pale_moss_carpet	["minecraft:attack_animation","minecraft:attribute_modifiers","minecraft:break_sound","minecraft:compostable","minecraft:enchantments","minecraft:interact_animation","minecraft:item_model","minecraft:item_name","minecraft:lore","minecraft:max_stack_size","minecraft:rarity","minecraft:repair_cost","minecraft:tooltip_display","minecraft:use_effects"]	b440241517b3a4a6ffcc4357d21cf9420b769f474b0cfadda6665f9518f6bf52
minecraft:pale_oak_boat	["minecraft:attack_animation","minecraft:attribute_modifiers","minecraft:break_sound","minecraft:cooking_fuel","minecraft:enchantments","minecraft:interact_animation","minecraft:item_model","minecraft:item_name","minecraft:lore","minecraft:max_stack_size","minecraft:rarity","minecraft:repair_cost","minecraft:tooltip_display","minecraft:use_effects"]	8770127bd3d97d6a0a19f3d17ae48038bcfa2145dc53841ec593620396b759f1
minecraft:pale_oak_button	["minecraft:attack_animation","minecraft:attribute_modifiers","minecraft:break_sound","minecraft:cooking_fuel","minecraft:enchantments","minecraft:interact_animation","minecraft:item_model","minecraft:item_name","minecraft:lore","minecraft:max_stack_size","minecraft:rarity","minecraft:repair_cost","minecraft:tooltip_display","minecraft:use_effects"]	79a07405dc5c62d17d48b3394af4fd7024bd5023956566c2f63f9df17577458a
minecraft:pale_oak_chest_boat	["minecraft:attack_animation","minecraft:attribute_modifiers","minecraft:break_sound","minecraft:cooking_fuel","minecraft:enchantments","minecraft:interact_animation","minecraft:item_model","minecraft:item_name","minecraft:lore","minecraft:max_stack_size","minecraft:rarity","minecraft:repair_cost","minecraft:tooltip_display","minecraft:use_effects"]	db6aa0aaaeca00ec7a91d9cda6882712bef1f21bdd8719a69fd8ecf37ba63dff
minecraft:pale_oak_door	["minecraft:attack_animation","minecraft:attribute_modifiers","minecraft:break_sound","minecraft:cooking_fuel","minecraft:enchantments","minecraft:interact_animation","minecraft:item_model","minecraft:item_name","minecraft:lore","minecraft:max_stack_size","minecraft:rarity","minecraft:repair_cost","minecraft:tooltip_display","minecraft:use_effects"]	d4acc06236704969c0dbc730cc1a08249cd2dd646d0132d52e4e32593b6f1c00
minecraft:pale_oak_fence	["minecraft:attack_animation","minecraft:attribute_modifiers","minecraft:break_sound","minecraft:cooking_fuel","minecraft:enchantments","minecraft:interact_animation","minecraft:item_model","minecraft:item_name","minecraft:lore","minecraft:max_stack_size","minecraft:rarity","minecraft:repair_cost","minecraft:tooltip_display","minecraft:use_effects"]	1844cff3ac821a0f52fbb26885597ebd94cdee85a8b872d2746420953e189f62
minecraft:pale_oak_fence_gate	["minecraft:attack_animation","minecraft:attribute_modifiers","minecraft:break_sound","minecraft:cooking_fuel","minecraft:enchantments","minecraft:interact_animation","minecraft:item_model","minecraft:item_name","minecraft:lore","minecraft:max_stack_size","minecraft:rarity","minecraft:repair_cost","minecraft:tooltip_display","minecraft:use_effects"]	b8988ec5ddcbec0263fd084ad934ebd000a644bcbc4b4ab47d4a46eac3bf2783
minecraft:pale_oak_hanging_sign	["minecraft:attack_animation","minecraft:attribute_modifiers","minecraft:break_sound","minecraft:cooking_fuel","minecraft:enchantments","minecraft:interact_animation","minecraft:item_model","minecraft:item_name","minecraft:lore","minecraft:max_stack_size","minecraft:rarity","minecraft:repair_cost","minecraft:sign_text_back","minecraft:sign_text_front","minecraft:tooltip_display","minecraft:use_effects"]	d463a64ec5ec403f9dae3209668406e7186217756a8edbc06037434233ac1fbf
minecraft:pale_oak_leaves	["minecraft:attack_animation","minecraft:attribute_modifiers","minecraft:break_sound","minecraft:compostable","minecraft:enchantments","minecraft:interact_animation","minecraft:item_model","minecraft:item_name","minecraft:lore","minecraft:max_stack_size","minecraft:rarity","minecraft:repair_cost","minecraft:tooltip_display","minecraft:use_effects"]	1f32e274d529bf011186dc6e3ece05666a22d341cdb88e9b177fca6da11f2d00
minecraft:pale_oak_log	["minecraft:attack_animation","minecraft:attribute_modifiers","minecraft:break_sound","minecraft:cooking_fuel","minecraft:enchantments","minecraft:interact_animation","minecraft:item_model","minecraft:item_name","minecraft:lore","minecraft:max_stack_size","minecraft:rarity","minecraft:repair_cost","minecraft:tooltip_display","minecraft:use_effects"]	894672e18e4eb0ba0b054635740c946902ed7ec40873c5b05bfa87fc9eeb7be5
minecraft:pale_oak_planks	["minecraft:attack_animation","minecraft:attribute_modifiers","minecraft:break_sound","minecraft:cooking_fuel","minecraft:enchantments","minecraft:interact_animation","minecraft:item_model","minecraft:item_name","minecraft:lore","minecraft:max_stack_size","minecraft:rarity","minecraft:repair_cost","minecraft:tooltip_display","minecraft:use_effects"]	14d830dba9922ca87b793122dc8226370c5b013c5f7b7f78f8b74be51a93572d
minecraft:pale_oak_pressure_plate	["minecraft:attack_animation","minecraft:attribute_modifiers","minecraft:break_sound","minecraft:cooking_fuel","minecraft:enchantments","minecraft:interact_animation","minecraft:item_model","minecraft:item_name","minecraft:lore","minecraft:max_stack_size","minecraft:rarity","minecraft:repair_cost","minecraft:tooltip_display","minecraft:use_effects"]	8c0bd4b2d284f0f55bd003ea0df7d04c4a1725fbcf0caf7f778b78216eef28f3
minecraft:pale_oak_sapling	["minecraft:attack_animation","minecraft:attribute_modifiers","minecraft:break_sound","minecraft:compostable","minecraft:cooking_fuel","minecraft:enchantments","minecraft:interact_animation","minecraft:item_model","minecraft:item_name","minecraft:lore","minecraft:max_stack_size","minecraft:rarity","minecraft:repair_cost","minecraft:tooltip_display","minecraft:use_effects"]	508277fcb8df2753fbdf865ccce5ab26b8a2815a97b4c29626f42b3355039d5b
minecraft:pale_oak_shelf	["minecraft:attack_animation","minecraft:attribute_modifiers","minecraft:break_sound","minecraft:container","minecraft:cooking_fuel","minecraft:enchantments","minecraft:interact_animation","minecraft:item_model","minecraft:item_name","minecraft:lore","minecraft:max_stack_size","minecraft:rarity","minecraft:repair_cost","minecraft:tooltip_display","minecraft:use_effects"]	7af361be0a2b64f33cef6e009fcb5fb45945e874d1f5c43390f50f9c0de6b455
minecraft:pale_oak_sign	["minecraft:attack_animation","minecraft:attribute_modifiers","minecraft:break_sound","minecraft:cooking_fuel","minecraft:enchantments","minecraft:interact_animation","minecraft:item_model","minecraft:item_name","minecraft:lore","minecraft:max_stack_size","minecraft:rarity","minecraft:repair_cost","minecraft:sign_text_back","minecraft:sign_text_front","minecraft:tooltip_display","minecraft:use_effects"]	bd88522683549cb1e974c9370cddc4ddb59a489a8ea2e96be591d248179c957b
minecraft:pale_oak_slab	["minecraft:attack_animation","minecraft:attribute_modifiers","minecraft:break_sound","minecraft:cooking_fuel","minecraft:enchantments","minecraft:interact_animation","minecraft:item_model","minecraft:item_name","minecraft:lore","minecraft:max_stack_size","minecraft:rarity","minecraft:repair_cost","minecraft:tooltip_display","minecraft:use_effects"]	3b0a9663100065db71c4feff13c20424b835434412c46cc89f4c21245dc54c40
minecraft:pale_oak_stairs	["minecraft:attack_animation","minecraft:attribute_modifiers","minecraft:break_sound","minecraft:cooking_fuel","minecraft:enchantments","minecraft:interact_animation","minecraft:item_model","minecraft:item_name","minecraft:lore","minecraft:max_stack_size","minecraft:rarity","minecraft:repair_cost","minecraft:tooltip_display","minecraft:use_effects"]	b19a9d019be0e822259b89bf9c951624795a2ab30b22faa420bf5679a7d350df
minecraft:pale_oak_trapdoor	["minecraft:attack_animation","minecraft:attribute_modifiers","minecraft:break_sound","minecraft:cooking_fuel","minecraft:enchantments","minecraft:interact_animation","minecraft:item_model","minecraft:item_name","minecraft:lore","minecraft:max_stack_size","minecraft:rarity","minecraft:repair_cost","minecraft:tooltip_display","minecraft:use_effects"]	092c020ab98565ad9611e4ba1e8f404ecdff140d01ed97ff324cb54a1d6af730
minecraft:pale_oak_wood	["minecraft:attack_animation","minecraft:attribute_modifiers","minecraft:break_sound","minecraft:cooking_fuel","minecraft:enchantments","minecraft:interact_animation","minecraft:item_model","minecraft:item_name","minecraft:lore","minecraft:max_stack_size","minecraft:rarity","minecraft:repair_cost","minecraft:tooltip_display","minecraft:use_effects"]	48075bde5bdc1dfc40eeffb61d0f864688f72968dbead54f5bcb0c5a9ca4dd81
minecraft:panda_spawn_egg	["minecraft:attack_animation","minecraft:attribute_modifiers","minecraft:break_sound","minecraft:enchantments","minecraft:entity_data","minecraft:interact_animation","minecraft:item_model","minecraft:item_name","minecraft:lore","minecraft:max_stack_size","minecraft:rarity","minecraft:repair_cost","minecraft:tooltip_display","minecraft:use_effects"]	51bc2bbc789548c068c7a7f907d3d01404763035f4ff73a75a0cd799dc20d75f
minecraft:paper	["minecraft:attack_animation","minecraft:attribute_modifiers","minecraft:break_sound","minecraft:enchantments","minecraft:interact_animation","minecraft:item_model","minecraft:item_name","minecraft:lore","minecraft:max_stack_size","minecraft:rarity","minecraft:repair_cost","minecraft:tooltip_display","minecraft:use_effects"]	c3a0b900de1f2810ac5d89add78f42eeac3ae9fe9ec1253991c3ea74fbe2e008
minecraft:parched_spawn_egg	["minecraft:attack_animation","minecraft:attribute_modifiers","minecraft:break_sound","minecraft:enchantments","minecraft:entity_data","minecraft:interact_animation","minecraft:item_model","minecraft:item_name","minecraft:lore","minecraft:max_stack_size","minecraft:rarity","minecraft:repair_cost","minecraft:tooltip_display","minecraft:use_effects"]	164c4952ab39bf9025d0e0a18361cbfbc80203ed10e31c1c350773430ef2c408
minecraft:parrot_spawn_egg	["minecraft:attack_animation","minecraft:attribute_modifiers","minecraft:break_sound","minecraft:enchantments","minecraft:entity_data","minecraft:interact_animation","minecraft:item_model","minecraft:item_name","minecraft:lore","minecraft:max_stack_size","minecraft:rarity","minecraft:repair_cost","minecraft:tooltip_display","minecraft:use_effects"]	c035f10926c4deceb0fc3b8a50c4d01050205530f44d5939287337b3ae30ba58
minecraft:pearlescent_froglight	["minecraft:attack_animation","minecraft:attribute_modifiers","minecraft:break_sound","minecraft:enchantments","minecraft:interact_animation","minecraft:item_model","minecraft:item_name","minecraft:lore","minecraft:max_stack_size","minecraft:rarity","minecraft:repair_cost","minecraft:tooltip_display","minecraft:use_effects"]	c18b53f99a9c505f35a9bd65adde4cffead05e0ea73c06fe8025ca476e1d3187
minecraft:peony	["minecraft:attack_animation","minecraft:attribute_modifiers","minecraft:break_sound","minecraft:compostable","minecraft:enchantments","minecraft:interact_animation","minecraft:item_model","minecraft:item_name","minecraft:lore","minecraft:max_stack_size","minecraft:rarity","minecraft:repair_cost","minecraft:tooltip_display","minecraft:use_effects"]	575384410b5874a3089e2626c15c1c0dee20cfb1c99a0a5e5f7e9d850ea4e069
minecraft:petrified_oak_slab	["minecraft:attack_animation","minecraft:attribute_modifiers","minecraft:break_sound","minecraft:enchantments","minecraft:interact_animation","minecraft:item_model","minecraft:item_name","minecraft:lore","minecraft:max_stack_size","minecraft:rarity","minecraft:repair_cost","minecraft:tooltip_display","minecraft:use_effects"]	c386ffaf119feaa5bc4f9e9367da84d79b000d55b1b6ba3686da621d614658d8
minecraft:phantom_membrane	["minecraft:attack_animation","minecraft:attribute_modifiers","minecraft:break_sound","minecraft:enchantments","minecraft:interact_animation","minecraft:item_model","minecraft:item_name","minecraft:lore","minecraft:max_stack_size","minecraft:rarity","minecraft:repair_cost","minecraft:tooltip_display","minecraft:use_effects"]	4b9a0b06193e3f5be8ab906f4f738750af64e4a6dfb41017d3de9e98787af257
minecraft:phantom_spawn_egg	["minecraft:attack_animation","minecraft:attribute_modifiers","minecraft:break_sound","minecraft:enchantments","minecraft:entity_data","minecraft:interact_animation","minecraft:item_model","minecraft:item_name","minecraft:lore","minecraft:max_stack_size","minecraft:rarity","minecraft:repair_cost","minecraft:tooltip_display","minecraft:use_effects"]	0b50004e6fa64975a53765fad040b164b7b11d8be0b026069237ff92ff8a6c5b
minecraft:pig_spawn_egg	["minecraft:attack_animation","minecraft:attribute_modifiers","minecraft:break_sound","minecraft:enchantments","minecraft:entity_data","minecraft:interact_animation","minecraft:item_model","minecraft:item_name","minecraft:lore","minecraft:max_stack_size","minecraft:rarity","minecraft:repair_cost","minecraft:tooltip_display","minecraft:use_effects"]	6713036220ed60b777181d9edf92ad830bfc5345cdabb7331a2efce4a06bc054
minecraft:piglin_banner_pattern	["minecraft:attack_animation","minecraft:attribute_modifiers","minecraft:break_sound","minecraft:enchantments","minecraft:interact_animation","minecraft:item_model","minecraft:item_name","minecraft:lore","minecraft:max_stack_size","minecraft:provides_banner_patterns","minecraft:rarity","minecraft:repair_cost","minecraft:tooltip_display","minecraft:use_effects"]	1681f4305758f0d673924177d0719ae05a3c4eb00c28c961252f2b8673c49310
minecraft:piglin_brute_spawn_egg	["minecraft:attack_animation","minecraft:attribute_modifiers","minecraft:break_sound","minecraft:enchantments","minecraft:entity_data","minecraft:interact_animation","minecraft:item_model","minecraft:item_name","minecraft:lore","minecraft:max_stack_size","minecraft:rarity","minecraft:repair_cost","minecraft:tooltip_display","minecraft:use_effects"]	4bbdc539f560848f0b44b4d334189a3bc6335b77dcf79777d300cdd363502857
minecraft:piglin_head	["minecraft:attack_animation","minecraft:attribute_modifiers","minecraft:break_sound","minecraft:enchantments","minecraft:equippable","minecraft:interact_animation","minecraft:item_model","minecraft:item_name","minecraft:lore","minecraft:max_stack_size","minecraft:mob_visibility","minecraft:rarity","minecraft:repair_cost","minecraft:tooltip_display","minecraft:use_effects"]	ec36ae31ad2f56177f946204de1683b159b21062de67ec4239bdf262cadbbd5e
minecraft:piglin_spawn_egg	["minecraft:attack_animation","minecraft:attribute_modifiers","minecraft:break_sound","minecraft:enchantments","minecraft:entity_data","minecraft:interact_animation","minecraft:item_model","minecraft:item_name","minecraft:lore","minecraft:max_stack_size","minecraft:rarity","minecraft:repair_cost","minecraft:tooltip_display","minecraft:use_effects"]	748b4788e61840e8287b326ccf3f67a246182160b6511e82477c26140d465841
minecraft:pillager_spawn_egg	["minecraft:attack_animation","minecraft:attribute_modifiers","minecraft:break_sound","minecraft:enchantments","minecraft:entity_data","minecraft:interact_animation","minecraft:item_model","minecraft:item_name","minecraft:lore","minecraft:max_stack_size","minecraft:rarity","minecraft:repair_cost","minecraft:tooltip_display","minecraft:use_effects"]	3f8a6018360169a69909fefbbee52f88415e7658b029cc372f8be67ce05e6735
minecraft:pink_banner	["minecraft:attack_animation","minecraft:attribute_modifiers","minecraft:banner_patterns","minecraft:break_sound","minecraft:cooking_fuel","minecraft:enchantments","minecraft:interact_animation","minecraft:item_model","minecraft:item_name","minecraft:lore","minecraft:max_stack_size","minecraft:rarity","minecraft:repair_cost","minecraft:tooltip_display","minecraft:use_effects"]	5bc03b273ecc4eae7fa7a8b63dc864e2ca03f0145296f7a90a23edcbc75942cf
minecraft:pink_bed	["minecraft:attack_animation","minecraft:attribute_modifiers","minecraft:break_sound","minecraft:enchantments","minecraft:interact_animation","minecraft:item_model","minecraft:item_name","minecraft:lore","minecraft:max_stack_size","minecraft:rarity","minecraft:repair_cost","minecraft:tooltip_display","minecraft:use_effects"]	8fa8ad2be7b16f035dbb7a9380c6b2c1c887c6691d9c8fe77b57d6a5b9d15f71
minecraft:pink_bundle	["minecraft:attack_animation","minecraft:attribute_modifiers","minecraft:break_sound","minecraft:bundle_contents","minecraft:enchantments","minecraft:interact_animation","minecraft:item_model","minecraft:item_name","minecraft:lore","minecraft:max_stack_size","minecraft:rarity","minecraft:repair_cost","minecraft:tooltip_display","minecraft:use_effects"]	fec0254a77c5cc60f41fcafcff79c7eac803ee8b92299e18632a500a18d7e248
minecraft:pink_candle	["minecraft:attack_animation","minecraft:attribute_modifiers","minecraft:break_sound","minecraft:enchantments","minecraft:interact_animation","minecraft:item_model","minecraft:item_name","minecraft:lore","minecraft:max_stack_size","minecraft:rarity","minecraft:repair_cost","minecraft:tooltip_display","minecraft:use_effects"]	d5bae8aa7da95dafe6fa1bdf9e9497148c041c155e790c9851f6761b076cd500
minecraft:pink_carpet	["minecraft:attack_animation","minecraft:attribute_modifiers","minecraft:break_sound","minecraft:cooking_fuel","minecraft:enchantments","minecraft:equippable","minecraft:interact_animation","minecraft:item_model","minecraft:item_name","minecraft:lore","minecraft:max_stack_size","minecraft:rarity","minecraft:repair_cost","minecraft:tooltip_display","minecraft:use_effects"]	296d9f5cbdd047b334b9e467412ea57ed1f1ef2e64e0ca18f73a301f9300b20e
minecraft:pink_concrete	["minecraft:attack_animation","minecraft:attribute_modifiers","minecraft:break_sound","minecraft:enchantments","minecraft:interact_animation","minecraft:item_model","minecraft:item_name","minecraft:lore","minecraft:max_stack_size","minecraft:rarity","minecraft:repair_cost","minecraft:tooltip_display","minecraft:use_effects"]	ed9218ea5e88cbfbc84ad666e4d2d8a41c279cdacb228c73be2e52d90084490a
minecraft:pink_concrete_powder	["minecraft:attack_animation","minecraft:attribute_modifiers","minecraft:break_sound","minecraft:enchantments","minecraft:interact_animation","minecraft:item_model","minecraft:item_name","minecraft:lore","minecraft:max_stack_size","minecraft:rarity","minecraft:repair_cost","minecraft:tooltip_display","minecraft:use_effects"]	92e185cbcf19aa4669d912f43f5c33b363c12a1b0bb6f1dd87d71456fd568dba
minecraft:pink_concrete_slab	["minecraft:attack_animation","minecraft:attribute_modifiers","minecraft:break_sound","minecraft:enchantments","minecraft:interact_animation","minecraft:item_model","minecraft:item_name","minecraft:lore","minecraft:max_stack_size","minecraft:rarity","minecraft:repair_cost","minecraft:tooltip_display","minecraft:use_effects"]	14faf891009aad30f31a7fdd5fa39b2c9a364c0b8af57c98b6f3cacc77339713
minecraft:pink_concrete_stairs	["minecraft:attack_animation","minecraft:attribute_modifiers","minecraft:break_sound","minecraft:enchantments","minecraft:interact_animation","minecraft:item_model","minecraft:item_name","minecraft:lore","minecraft:max_stack_size","minecraft:rarity","minecraft:repair_cost","minecraft:tooltip_display","minecraft:use_effects"]	2d78203a8b7a1a2d17d0c00610b27c37933bb98d3165079b0f3bd2e7cc53f5a3
minecraft:pink_cushion	["minecraft:attack_animation","minecraft:attribute_modifiers","minecraft:break_sound","minecraft:cooking_fuel","minecraft:cushion/color","minecraft:enchantments","minecraft:interact_animation","minecraft:item_model","minecraft:item_name","minecraft:lore","minecraft:max_stack_size","minecraft:rarity","minecraft:repair_cost","minecraft:tooltip_display","minecraft:use_effects"]	32754551ef867f98892d87ae812d49207f4b1f43b6c1957205a849f9118b87ae
minecraft:pink_dye	["minecraft:attack_animation","minecraft:attribute_modifiers","minecraft:break_sound","minecraft:dye","minecraft:enchantments","minecraft:interact_animation","minecraft:item_model","minecraft:item_name","minecraft:lore","minecraft:max_stack_size","minecraft:rarity","minecraft:repair_cost","minecraft:tooltip_display","minecraft:use_effects"]	7423870131662df0e77d29c3b1b7ee4cc86106853f2b9ba5689c61e70d9cd0f8
minecraft:pink_glazed_terracotta	["minecraft:attack_animation","minecraft:attribute_modifiers","minecraft:break_sound","minecraft:enchantments","minecraft:interact_animation","minecraft:item_model","minecraft:item_name","minecraft:lore","minecraft:max_stack_size","minecraft:rarity","minecraft:repair_cost","minecraft:tooltip_display","minecraft:use_effects"]	ec84f0165cd5f6edcfce119c918abbe9e902bfe6bd77d2d1fcb57af2951de023
minecraft:pink_harness	["minecraft:attack_animation","minecraft:attribute_modifiers","minecraft:break_sound","minecraft:enchantments","minecraft:equippable","minecraft:interact_animation","minecraft:item_model","minecraft:item_name","minecraft:lore","minecraft:max_stack_size","minecraft:rarity","minecraft:repair_cost","minecraft:tooltip_display","minecraft:use_effects"]	ac2e31f830822892a39bd2b531721d8a0e84642cc42ecefd0c85fbeb801ff211
minecraft:pink_petals	["minecraft:attack_animation","minecraft:attribute_modifiers","minecraft:break_sound","minecraft:compostable","minecraft:enchantments","minecraft:interact_animation","minecraft:item_model","minecraft:item_name","minecraft:lore","minecraft:max_stack_size","minecraft:rarity","minecraft:repair_cost","minecraft:tooltip_display","minecraft:use_effects"]	ebea9a47cc27a0b55904ab27f8252803794b13ad282a63a6860b521399816152
minecraft:pink_shulker_box	["minecraft:attack_animation","minecraft:attribute_modifiers","minecraft:break_sound","minecraft:container","minecraft:enchantments","minecraft:interact_animation","minecraft:item_model","minecraft:item_name","minecraft:lore","minecraft:max_stack_size","minecraft:rarity","minecraft:repair_cost","minecraft:tooltip_display","minecraft:use_effects"]	07749041075fb69c9ceb0ebbff59ca254875c26bef060972ae4fc1a691bcc29a
minecraft:pink_stained_glass	["minecraft:attack_animation","minecraft:attribute_modifiers","minecraft:break_sound","minecraft:enchantments","minecraft:interact_animation","minecraft:item_model","minecraft:item_name","minecraft:lore","minecraft:max_stack_size","minecraft:rarity","minecraft:repair_cost","minecraft:tooltip_display","minecraft:use_effects"]	10176cd17cdc1184f4aa5f8bf2804ad0fefc30fa80cd4c00a32c3e7791c22c43
minecraft:pink_stained_glass_pane	["minecraft:attack_animation","minecraft:attribute_modifiers","minecraft:break_sound","minecraft:enchantments","minecraft:interact_animation","minecraft:item_model","minecraft:item_name","minecraft:lore","minecraft:max_stack_size","minecraft:rarity","minecraft:repair_cost","minecraft:tooltip_display","minecraft:use_effects"]	d9b9cb0e98c986a6f9715c9e58955b3edf3d7f6a46ba97ffb494c451fd88d30e
minecraft:pink_terracotta	["minecraft:attack_animation","minecraft:attribute_modifiers","minecraft:break_sound","minecraft:enchantments","minecraft:interact_animation","minecraft:item_model","minecraft:item_name","minecraft:lore","minecraft:max_stack_size","minecraft:rarity","minecraft:repair_cost","minecraft:tooltip_display","minecraft:use_effects"]	85056a9994cd1c2a0452908862e5fc10ee525461b239e56d0c33042ebb4e7b33
minecraft:pink_tulip	["minecraft:attack_animation","minecraft:attribute_modifiers","minecraft:break_sound","minecraft:compostable","minecraft:enchantments","minecraft:interact_animation","minecraft:item_model","minecraft:item_name","minecraft:lore","minecraft:max_stack_size","minecraft:rarity","minecraft:repair_cost","minecraft:tooltip_display","minecraft:use_effects"]	5bb2501b411fcc407dd8670bf0f2f97a8f5b307d6d9021c243f728f8332fe4c8
minecraft:pink_wool	["minecraft:attack_animation","minecraft:attribute_modifiers","minecraft:break_sound","minecraft:cooking_fuel","minecraft:enchantments","minecraft:interact_animation","minecraft:item_model","minecraft:item_name","minecraft:lore","minecraft:max_stack_size","minecraft:rarity","minecraft:repair_cost","minecraft:tooltip_display","minecraft:use_effects"]	77295f30dfa51cf73fadb806208fcb00d436d50341b7db1320dfa5837959da83
minecraft:pink_wool_slab	["minecraft:attack_animation","minecraft:attribute_modifiers","minecraft:break_sound","minecraft:cooking_fuel","minecraft:enchantments","minecraft:interact_animation","minecraft:item_model","minecraft:item_name","minecraft:lore","minecraft:max_stack_size","minecraft:rarity","minecraft:repair_cost","minecraft:tooltip_display","minecraft:use_effects"]	030ed1984321d62d8a69206b024a7a5e9c799af9883b632c7e28f699702e147a
minecraft:pink_wool_stairs	["minecraft:attack_animation","minecraft:attribute_modifiers","minecraft:break_sound","minecraft:cooking_fuel","minecraft:enchantments","minecraft:interact_animation","minecraft:item_model","minecraft:item_name","minecraft:lore","minecraft:max_stack_size","minecraft:rarity","minecraft:repair_cost","minecraft:tooltip_display","minecraft:use_effects"]	159a1daaa752d6698ff926443794c9edbe14ab7f2d1d263000888fb3bee1cad3
minecraft:piston	["minecraft:attack_animation","minecraft:attribute_modifiers","minecraft:break_sound","minecraft:enchantments","minecraft:interact_animation","minecraft:item_model","minecraft:item_name","minecraft:lore","minecraft:max_stack_size","minecraft:rarity","minecraft:repair_cost","minecraft:tooltip_display","minecraft:use_effects"]	d8703b2a925fe58be7a7db2f1ed8da6eabb94dc82c7293a7ef74ea2ff450b5d4
minecraft:pitcher_plant	["minecraft:attack_animation","minecraft:attribute_modifiers","minecraft:break_sound","minecraft:compostable","minecraft:enchantments","minecraft:interact_animation","minecraft:item_model","minecraft:item_name","minecraft:lore","minecraft:max_stack_size","minecraft:rarity","minecraft:repair_cost","minecraft:tooltip_display","minecraft:use_effects"]	6be692258c2d3cb1d89d5201c59ef0ffbc9cca6739a31d844a3468a18e90cca3
minecraft:pitcher_pod	["minecraft:attack_animation","minecraft:attribute_modifiers","minecraft:break_sound","minecraft:compostable","minecraft:enchantments","minecraft:interact_animation","minecraft:item_model","minecraft:item_name","minecraft:lore","minecraft:max_stack_size","minecraft:rarity","minecraft:repair_cost","minecraft:tooltip_display","minecraft:use_effects"]	61055ce37f8cea650799bf7e62b78cb954169d85fad76bcade38557700da9f85
minecraft:plains_village_map	["minecraft:attack_animation","minecraft:attribute_modifiers","minecraft:break_sound","minecraft:enchantments","minecraft:interact_animation","minecraft:item_model","minecraft:item_name","minecraft:lore","minecraft:map_decorations","minecraft:max_stack_size","minecraft:rarity","minecraft:repair_cost","minecraft:tooltip_display","minecraft:use_effects"]	2a8b1611a31a7994a229e1fbc23feb90ea0b31aa2db7669a2b9e901adba208d7
minecraft:player_head	["minecraft:attack_animation","minecraft:attribute_modifiers","minecraft:break_sound","minecraft:enchantments","minecraft:equippable","minecraft:interact_animation","minecraft:item_model","minecraft:item_name","minecraft:lore","minecraft:max_stack_size","minecraft:rarity","minecraft:repair_cost","minecraft:tooltip_display","minecraft:use_effects"]	3c435cdbc46882cb4e4ea21ca1a216c55d58cdb4270ca62bd2abe59eff6c9929
minecraft:plenty_pottery_sherd	["minecraft:attack_animation","minecraft:attribute_modifiers","minecraft:break_sound","minecraft:enchantments","minecraft:interact_animation","minecraft:item_model","minecraft:item_name","minecraft:lore","minecraft:max_stack_size","minecraft:provides_pottery_pattern","minecraft:rarity","minecraft:repair_cost","minecraft:tooltip_display","minecraft:use_effects"]	703e146ed3e793848da95fb62feeb131d9abf85a442ad2ec949b394ffc950b2a
minecraft:podzol	["minecraft:attack_animation","minecraft:attribute_modifiers","minecraft:break_sound","minecraft:enchantments","minecraft:interact_animation","minecraft:item_model","minecraft:item_name","minecraft:lore","minecraft:max_stack_size","minecraft:rarity","minecraft:repair_cost","minecraft:tooltip_display","minecraft:use_effects"]	1295cbbfa25fe09e65d445b4093be2958f39b31b4061fe41b3102c2f7479acb3
minecraft:pointed_dripstone	["minecraft:attack_animation","minecraft:attribute_modifiers","minecraft:break_sound","minecraft:enchantments","minecraft:interact_animation","minecraft:item_model","minecraft:item_name","minecraft:lore","minecraft:max_stack_size","minecraft:rarity","minecraft:repair_cost","minecraft:tooltip_display","minecraft:use_effects"]	a50f479476733342428e3bba2278fc92e58df11ad5d9da699942da2e6b4e3b55
minecraft:poisonous_potato	["minecraft:attack_animation","minecraft:attribute_modifiers","minecraft:break_sound","minecraft:consumable","minecraft:enchantments","minecraft:food","minecraft:interact_animation","minecraft:item_model","minecraft:item_name","minecraft:lore","minecraft:max_stack_size","minecraft:rarity","minecraft:repair_cost","minecraft:tooltip_display","minecraft:use_effects"]	6f6dfa766b683381c615a297d7e38ff7edebfba85f84604f2655849851e3eb78
minecraft:polar_bear_spawn_egg	["minecraft:attack_animation","minecraft:attribute_modifiers","minecraft:break_sound","minecraft:enchantments","minecraft:entity_data","minecraft:interact_animation","minecraft:item_model","minecraft:item_name","minecraft:lore","minecraft:max_stack_size","minecraft:rarity","minecraft:repair_cost","minecraft:tooltip_display","minecraft:use_effects"]	efcbbcaa8f6e51ca1beef26135fdc6e98994c73ce64a77627b849b5a5d048023
minecraft:polished_andesite	["minecraft:attack_animation","minecraft:attribute_modifiers","minecraft:break_sound","minecraft:enchantments","minecraft:interact_animation","minecraft:item_model","minecraft:item_name","minecraft:lore","minecraft:max_stack_size","minecraft:rarity","minecraft:repair_cost","minecraft:tooltip_display","minecraft:use_effects"]	8a2fc684cca8f783541c304029c20a79c1e3f1b218f6ae8566522b0605beed89
minecraft:polished_andesite_slab	["minecraft:attack_animation","minecraft:attribute_modifiers","minecraft:break_sound","minecraft:enchantments","minecraft:interact_animation","minecraft:item_model","minecraft:item_name","minecraft:lore","minecraft:max_stack_size","minecraft:rarity","minecraft:repair_cost","minecraft:tooltip_display","minecraft:use_effects"]	58b760ef674d7d2cce752476c20f66d3e7dfc7fc28c442249ab59d77880f07ec
minecraft:polished_andesite_stairs	["minecraft:attack_animation","minecraft:attribute_modifiers","minecraft:break_sound","minecraft:enchantments","minecraft:interact_animation","minecraft:item_model","minecraft:item_name","minecraft:lore","minecraft:max_stack_size","minecraft:rarity","minecraft:repair_cost","minecraft:tooltip_display","minecraft:use_effects"]	65898c7a4c5f61b74c203c7d45a30ef041a4c1dc8b543613345cb606232444f1
minecraft:polished_basalt	["minecraft:attack_animation","minecraft:attribute_modifiers","minecraft:break_sound","minecraft:enchantments","minecraft:interact_animation","minecraft:item_model","minecraft:item_name","minecraft:lore","minecraft:max_stack_size","minecraft:rarity","minecraft:repair_cost","minecraft:tooltip_display","minecraft:use_effects"]	9a6ede67dbbe3b69fbc8f62536604a810580e27b63ba273362dea9d6b6ae2394
minecraft:polished_blackstone	["minecraft:attack_animation","minecraft:attribute_modifiers","minecraft:break_sound","minecraft:enchantments","minecraft:interact_animation","minecraft:item_model","minecraft:item_name","minecraft:lore","minecraft:max_stack_size","minecraft:rarity","minecraft:repair_cost","minecraft:tooltip_display","minecraft:use_effects"]	2b04fde1d1608fa820565252e792c011f2bfffa26514b7e4d850e9f2651f1cb9
minecraft:polished_blackstone_brick_slab	["minecraft:attack_animation","minecraft:attribute_modifiers","minecraft:break_sound","minecraft:enchantments","minecraft:interact_animation","minecraft:item_model","minecraft:item_name","minecraft:lore","minecraft:max_stack_size","minecraft:rarity","minecraft:repair_cost","minecraft:tooltip_display","minecraft:use_effects"]	e271f43a0db4cdc66274bfe39027bb0c9227a500629b58abddd29bbed8089bcd
minecraft:polished_blackstone_brick_stairs	["minecraft:attack_animation","minecraft:attribute_modifiers","minecraft:break_sound","minecraft:enchantments","minecraft:interact_animation","minecraft:item_model","minecraft:item_name","minecraft:lore","minecraft:max_stack_size","minecraft:rarity","minecraft:repair_cost","minecraft:tooltip_display","minecraft:use_effects"]	93668613055f0fa8c1c8166d551990fba103a069061f2b32ee121080246182f8
minecraft:polished_blackstone_brick_wall	["minecraft:attack_animation","minecraft:attribute_modifiers","minecraft:break_sound","minecraft:enchantments","minecraft:interact_animation","minecraft:item_model","minecraft:item_name","minecraft:lore","minecraft:max_stack_size","minecraft:rarity","minecraft:repair_cost","minecraft:tooltip_display","minecraft:use_effects"]	f8110b5f92f376909b101e1a4174f7b6b4dc8e9806d6284868795793972d6829
minecraft:polished_blackstone_bricks	["minecraft:attack_animation","minecraft:attribute_modifiers","minecraft:break_sound","minecraft:enchantments","minecraft:interact_animation","minecraft:item_model","minecraft:item_name","minecraft:lore","minecraft:max_stack_size","minecraft:rarity","minecraft:repair_cost","minecraft:tooltip_display","minecraft:use_effects"]	7272d59e769517498aa2435368eddee801ddccc16a33a8e47406892dd3f623dd
minecraft:polished_blackstone_button	["minecraft:attack_animation","minecraft:attribute_modifiers","minecraft:break_sound","minecraft:enchantments","minecraft:interact_animation","minecraft:item_model","minecraft:item_name","minecraft:lore","minecraft:max_stack_size","minecraft:rarity","minecraft:repair_cost","minecraft:tooltip_display","minecraft:use_effects"]	bcbc437859b24d43795bed7a66b50f61787c9f7b913fc7a1453ad32775cbd45e
minecraft:polished_blackstone_pressure_plate	["minecraft:attack_animation","minecraft:attribute_modifiers","minecraft:break_sound","minecraft:enchantments","minecraft:interact_animation","minecraft:item_model","minecraft:item_name","minecraft:lore","minecraft:max_stack_size","minecraft:rarity","minecraft:repair_cost","minecraft:tooltip_display","minecraft:use_effects"]	b78fa8a1b52a4ea019c6c8e3d153c67a5018dea7fee877e9eb210ad38dcb3288
minecraft:polished_blackstone_slab	["minecraft:attack_animation","minecraft:attribute_modifiers","minecraft:break_sound","minecraft:enchantments","minecraft:interact_animation","minecraft:item_model","minecraft:item_name","minecraft:lore","minecraft:max_stack_size","minecraft:rarity","minecraft:repair_cost","minecraft:tooltip_display","minecraft:use_effects"]	652c678f0ebf31907d70a27bc570d2c0e47d1816125ea51f996bb904b09c1c5c
minecraft:polished_blackstone_stairs	["minecraft:attack_animation","minecraft:attribute_modifiers","minecraft:break_sound","minecraft:enchantments","minecraft:interact_animation","minecraft:item_model","minecraft:item_name","minecraft:lore","minecraft:max_stack_size","minecraft:rarity","minecraft:repair_cost","minecraft:tooltip_display","minecraft:use_effects"]	08b2229ee3dc3ff14d172c5b868a2b702a29a6a6bbaad7eef57bd513a621d4f2
minecraft:polished_blackstone_wall	["minecraft:attack_animation","minecraft:attribute_modifiers","minecraft:break_sound","minecraft:enchantments","minecraft:interact_animation","minecraft:item_model","minecraft:item_name","minecraft:lore","minecraft:max_stack_size","minecraft:rarity","minecraft:repair_cost","minecraft:tooltip_display","minecraft:use_effects"]	0d3faca1d9fbe912cd3e647559c02f677cb081cd24fa96d6d720a1b761645e3d
minecraft:polished_cinnabar	["minecraft:attack_animation","minecraft:attribute_modifiers","minecraft:break_sound","minecraft:enchantments","minecraft:interact_animation","minecraft:item_model","minecraft:item_name","minecraft:lore","minecraft:max_stack_size","minecraft:rarity","minecraft:repair_cost","minecraft:tooltip_display","minecraft:use_effects"]	5183e5c9d2a2012ad246ecfdb53a48313458549892c0f1484ef9dba34d7673d7
minecraft:polished_cinnabar_slab	["minecraft:attack_animation","minecraft:attribute_modifiers","minecraft:break_sound","minecraft:enchantments","minecraft:interact_animation","minecraft:item_model","minecraft:item_name","minecraft:lore","minecraft:max_stack_size","minecraft:rarity","minecraft:repair_cost","minecraft:tooltip_display","minecraft:use_effects"]	e5cc41c77f7d3ea8a888f4cadf44a97fb8a85ea60077e16d0a7237ee2d6fdf4e
minecraft:polished_cinnabar_stairs	["minecraft:attack_animation","minecraft:attribute_modifiers","minecraft:break_sound","minecraft:enchantments","minecraft:interact_animation","minecraft:item_model","minecraft:item_name","minecraft:lore","minecraft:max_stack_size","minecraft:rarity","minecraft:repair_cost","minecraft:tooltip_display","minecraft:use_effects"]	13d67e25db68acdbc1ac68a597080c8019b66ce921ea58c4b916a6f9cb5d5c1c
minecraft:polished_cinnabar_wall	["minecraft:attack_animation","minecraft:attribute_modifiers","minecraft:break_sound","minecraft:enchantments","minecraft:interact_animation","minecraft:item_model","minecraft:item_name","minecraft:lore","minecraft:max_stack_size","minecraft:rarity","minecraft:repair_cost","minecraft:tooltip_display","minecraft:use_effects"]	9568eeb9834f54b9b0c77d3d8110af33ec699e8fc777aed46144b22cdb2f30bf
minecraft:polished_deepslate	["minecraft:attack_animation","minecraft:attribute_modifiers","minecraft:break_sound","minecraft:enchantments","minecraft:interact_animation","minecraft:item_model","minecraft:item_name","minecraft:lore","minecraft:max_stack_size","minecraft:rarity","minecraft:repair_cost","minecraft:tooltip_display","minecraft:use_effects"]	cf4a80c97804c2c1a7a3118cd48204aa88bb201c1ce11c982b29a34ef1bb6762
minecraft:polished_deepslate_slab	["minecraft:attack_animation","minecraft:attribute_modifiers","minecraft:break_sound","minecraft:enchantments","minecraft:interact_animation","minecraft:item_model","minecraft:item_name","minecraft:lore","minecraft:max_stack_size","minecraft:rarity","minecraft:repair_cost","minecraft:tooltip_display","minecraft:use_effects"]	4c09b311b2e42c7900bece892ccbe86a798e964a5a4e9582386c0e4e4a80c5a0
minecraft:polished_deepslate_stairs	["minecraft:attack_animation","minecraft:attribute_modifiers","minecraft:break_sound","minecraft:enchantments","minecraft:interact_animation","minecraft:item_model","minecraft:item_name","minecraft:lore","minecraft:max_stack_size","minecraft:rarity","minecraft:repair_cost","minecraft:tooltip_display","minecraft:use_effects"]	639f3474af7a989537476b4933c7902e1ccc46f9dde836a7acadd8d1c1ddc707
minecraft:polished_deepslate_wall	["minecraft:attack_animation","minecraft:attribute_modifiers","minecraft:break_sound","minecraft:enchantments","minecraft:interact_animation","minecraft:item_model","minecraft:item_name","minecraft:lore","minecraft:max_stack_size","minecraft:rarity","minecraft:repair_cost","minecraft:tooltip_display","minecraft:use_effects"]	9569096fd9aa077c2153d3837eb802de3674a33ff9bd80aff63b6e52aa264ed3
minecraft:polished_diorite	["minecraft:attack_animation","minecraft:attribute_modifiers","minecraft:break_sound","minecraft:enchantments","minecraft:interact_animation","minecraft:item_model","minecraft:item_name","minecraft:lore","minecraft:max_stack_size","minecraft:rarity","minecraft:repair_cost","minecraft:tooltip_display","minecraft:use_effects"]	7ee0b67d041cd9d37b5b26f7309c574cb35fb4ad9df11eff784355a8003bbcb4
minecraft:polished_diorite_slab	["minecraft:attack_animation","minecraft:attribute_modifiers","minecraft:break_sound","minecraft:enchantments","minecraft:interact_animation","minecraft:item_model","minecraft:item_name","minecraft:lore","minecraft:max_stack_size","minecraft:rarity","minecraft:repair_cost","minecraft:tooltip_display","minecraft:use_effects"]	8f553033a2a3be1d226a84cc94c9962c5d279833fd75a1c142558f0e983d40c1
minecraft:polished_diorite_stairs	["minecraft:attack_animation","minecraft:attribute_modifiers","minecraft:break_sound","minecraft:enchantments","minecraft:interact_animation","minecraft:item_model","minecraft:item_name","minecraft:lore","minecraft:max_stack_size","minecraft:rarity","minecraft:repair_cost","minecraft:tooltip_display","minecraft:use_effects"]	ef3b6f9791619a24b88061883bcea2930cc3002255b0aa33111bfe87c3811d1f
minecraft:polished_granite	["minecraft:attack_animation","minecraft:attribute_modifiers","minecraft:break_sound","minecraft:enchantments","minecraft:interact_animation","minecraft:item_model","minecraft:item_name","minecraft:lore","minecraft:max_stack_size","minecraft:rarity","minecraft:repair_cost","minecraft:tooltip_display","minecraft:use_effects"]	c8f8eb1afb9f56be66ff15f4c2d1086a8b4b14cf465db173c59d9b4a3ae818b3
minecraft:polished_granite_slab	["minecraft:attack_animation","minecraft:attribute_modifiers","minecraft:break_sound","minecraft:enchantments","minecraft:interact_animation","minecraft:item_model","minecraft:item_name","minecraft:lore","minecraft:max_stack_size","minecraft:rarity","minecraft:repair_cost","minecraft:tooltip_display","minecraft:use_effects"]	1d1ab98834e162d4ce5d62ef4aedeac216ad04603ce58407911e87eece691df2
minecraft:polished_granite_stairs	["minecraft:attack_animation","minecraft:attribute_modifiers","minecraft:break_sound","minecraft:enchantments","minecraft:interact_animation","minecraft:item_model","minecraft:item_name","minecraft:lore","minecraft:max_stack_size","minecraft:rarity","minecraft:repair_cost","minecraft:tooltip_display","minecraft:use_effects"]	ab890bd9bf19def6b9bb8c39bee14b4828fdc7bd2a54776311e92fe482d013af
minecraft:polished_sulfur	["minecraft:attack_animation","minecraft:attribute_modifiers","minecraft:break_sound","minecraft:enchantments","minecraft:interact_animation","minecraft:item_model","minecraft:item_name","minecraft:lore","minecraft:max_stack_size","minecraft:rarity","minecraft:repair_cost","minecraft:tooltip_display","minecraft:use_effects"]	225e7b44863ed5afb8c2e5fed825849090c16d7fff9e4bc9d9180dbc4b8f6a79
minecraft:polished_sulfur_slab	["minecraft:attack_animation","minecraft:attribute_modifiers","minecraft:break_sound","minecraft:enchantments","minecraft:interact_animation","minecraft:item_model","minecraft:item_name","minecraft:lore","minecraft:max_stack_size","minecraft:rarity","minecraft:repair_cost","minecraft:tooltip_display","minecraft:use_effects"]	13406adb5f298628b91fa3c617690742564143c37a019a2d969253b9ac856cf5
minecraft:polished_sulfur_stairs	["minecraft:attack_animation","minecraft:attribute_modifiers","minecraft:break_sound","minecraft:enchantments","minecraft:interact_animation","minecraft:item_model","minecraft:item_name","minecraft:lore","minecraft:max_stack_size","minecraft:rarity","minecraft:repair_cost","minecraft:tooltip_display","minecraft:use_effects"]	00d27e188f6c8a19a6f3add77bcc71b980d987fc245a672dc73c9817de982cd2
minecraft:polished_sulfur_wall	["minecraft:attack_animation","minecraft:attribute_modifiers","minecraft:break_sound","minecraft:enchantments","minecraft:interact_animation","minecraft:item_model","minecraft:item_name","minecraft:lore","minecraft:max_stack_size","minecraft:rarity","minecraft:repair_cost","minecraft:tooltip_display","minecraft:use_effects"]	e09b3e945a5278e81a6b142d98ba8fe71ac0dbd1829bfeb039b4bbe6eba655f0
minecraft:polished_tuff	["minecraft:attack_animation","minecraft:attribute_modifiers","minecraft:break_sound","minecraft:enchantments","minecraft:interact_animation","minecraft:item_model","minecraft:item_name","minecraft:lore","minecraft:max_stack_size","minecraft:rarity","minecraft:repair_cost","minecraft:tooltip_display","minecraft:use_effects"]	b0deeb0fd2915ce3bc8879296f7bbd964be790a883099a459bece93c705add77
minecraft:polished_tuff_slab	["minecraft:attack_animation","minecraft:attribute_modifiers","minecraft:break_sound","minecraft:enchantments","minecraft:interact_animation","minecraft:item_model","minecraft:item_name","minecraft:lore","minecraft:max_stack_size","minecraft:rarity","minecraft:repair_cost","minecraft:tooltip_display","minecraft:use_effects"]	51f4ca61cfbcd67ed6eb9c8ca51130e2a786ac2d3e422e3e8e8ffd32ed7279b4
minecraft:polished_tuff_stairs	["minecraft:attack_animation","minecraft:attribute_modifiers","minecraft:break_sound","minecraft:enchantments","minecraft:interact_animation","minecraft:item_model","minecraft:item_name","minecraft:lore","minecraft:max_stack_size","minecraft:rarity","minecraft:repair_cost","minecraft:tooltip_display","minecraft:use_effects"]	06c1788c07ecfd0a43abf502b2605171191861ce0787f195fcdd485ea38c4d3a
minecraft:polished_tuff_wall	["minecraft:attack_animation","minecraft:attribute_modifiers","minecraft:break_sound","minecraft:enchantments","minecraft:interact_animation","minecraft:item_model","minecraft:item_name","minecraft:lore","minecraft:max_stack_size","minecraft:rarity","minecraft:repair_cost","minecraft:tooltip_display","minecraft:use_effects"]	e6b0d612f6f1f173b40d2e8664a8f85c75b80f4a4b79fec1bda697f7d44a0781
minecraft:poplar_boat	["minecraft:attack_animation","minecraft:attribute_modifiers","minecraft:break_sound","minecraft:cooking_fuel","minecraft:enchantments","minecraft:interact_animation","minecraft:item_model","minecraft:item_name","minecraft:lore","minecraft:max_stack_size","minecraft:rarity","minecraft:repair_cost","minecraft:tooltip_display","minecraft:use_effects"]	2dd698da07681768b78550f0273e8fe13ac5a20dce1d40095df2b3a82a2d8921
minecraft:poplar_button	["minecraft:attack_animation","minecraft:attribute_modifiers","minecraft:break_sound","minecraft:cooking_fuel","minecraft:enchantments","minecraft:interact_animation","minecraft:item_model","minecraft:item_name","minecraft:lore","minecraft:max_stack_size","minecraft:rarity","minecraft:repair_cost","minecraft:tooltip_display","minecraft:use_effects"]	159c616d44e896f8ecab032ca804ac606b0197d1e514aee960ec6785914fb163
minecraft:poplar_chest_boat	["minecraft:attack_animation","minecraft:attribute_modifiers","minecraft:break_sound","minecraft:cooking_fuel","minecraft:enchantments","minecraft:interact_animation","minecraft:item_model","minecraft:item_name","minecraft:lore","minecraft:max_stack_size","minecraft:rarity","minecraft:repair_cost","minecraft:tooltip_display","minecraft:use_effects"]	d407a9e2af135edea9cb072ef0374fe001bdc0222944fcf59411d3c2035b48fc
minecraft:poplar_door	["minecraft:attack_animation","minecraft:attribute_modifiers","minecraft:break_sound","minecraft:cooking_fuel","minecraft:enchantments","minecraft:interact_animation","minecraft:item_model","minecraft:item_name","minecraft:lore","minecraft:max_stack_size","minecraft:rarity","minecraft:repair_cost","minecraft:tooltip_display","minecraft:use_effects"]	96a9314580fbc43c9880acb29e759ca865008cc1ab3c24744d030ca6182ad8fa
minecraft:poplar_fence	["minecraft:attack_animation","minecraft:attribute_modifiers","minecraft:break_sound","minecraft:cooking_fuel","minecraft:enchantments","minecraft:interact_animation","minecraft:item_model","minecraft:item_name","minecraft:lore","minecraft:max_stack_size","minecraft:rarity","minecraft:repair_cost","minecraft:tooltip_display","minecraft:use_effects"]	bc6ed9bded4cb21ad90d34725056827cad2c3556a5eead9c3d3a577036e76d3b
minecraft:poplar_fence_gate	["minecraft:attack_animation","minecraft:attribute_modifiers","minecraft:break_sound","minecraft:cooking_fuel","minecraft:enchantments","minecraft:interact_animation","minecraft:item_model","minecraft:item_name","minecraft:lore","minecraft:max_stack_size","minecraft:rarity","minecraft:repair_cost","minecraft:tooltip_display","minecraft:use_effects"]	311519e0f606dac20634ec6c073aa5e5a49356856e579a82a4ac981fa99a00fe
minecraft:poplar_hanging_sign	["minecraft:attack_animation","minecraft:attribute_modifiers","minecraft:break_sound","minecraft:cooking_fuel","minecraft:enchantments","minecraft:interact_animation","minecraft:item_model","minecraft:item_name","minecraft:lore","minecraft:max_stack_size","minecraft:rarity","minecraft:repair_cost","minecraft:sign_text_back","minecraft:sign_text_front","minecraft:tooltip_display","minecraft:use_effects"]	0456ef0aac7c96a562bf12938335362c5f63033294b38ac6ffe0c05c7bfd09a6
minecraft:poplar_log	["minecraft:attack_animation","minecraft:attribute_modifiers","minecraft:break_sound","minecraft:cooking_fuel","minecraft:enchantments","minecraft:interact_animation","minecraft:item_model","minecraft:item_name","minecraft:lore","minecraft:max_stack_size","minecraft:rarity","minecraft:repair_cost","minecraft:tooltip_display","minecraft:use_effects"]	5527528b73a03131da410c365b51359acefbbc80b16b1abc4282db62ea7f8711
minecraft:poplar_planks	["minecraft:attack_animation","minecraft:attribute_modifiers","minecraft:break_sound","minecraft:cooking_fuel","minecraft:enchantments","minecraft:interact_animation","minecraft:item_model","minecraft:item_name","minecraft:lore","minecraft:max_stack_size","minecraft:rarity","minecraft:repair_cost","minecraft:tooltip_display","minecraft:use_effects"]	7e7f079d424ef1bdccc9051fd38c3d09b5f190eb1ac3c18a7a0c9153a841f90a
minecraft:poplar_pressure_plate	["minecraft:attack_animation","minecraft:attribute_modifiers","minecraft:break_sound","minecraft:cooking_fuel","minecraft:enchantments","minecraft:interact_animation","minecraft:item_model","minecraft:item_name","minecraft:lore","minecraft:max_stack_size","minecraft:rarity","minecraft:repair_cost","minecraft:tooltip_display","minecraft:use_effects"]	1860491083d69f418d9589bab7d2576c9646bcd275b7df90c9381abdac4089a7
minecraft:poplar_sapling	["minecraft:attack_animation","minecraft:attribute_modifiers","minecraft:break_sound","minecraft:compostable","minecraft:cooking_fuel","minecraft:enchantments","minecraft:interact_animation","minecraft:item_model","minecraft:item_name","minecraft:lore","minecraft:max_stack_size","minecraft:rarity","minecraft:repair_cost","minecraft:tooltip_display","minecraft:use_effects"]	103d2633901c430ae3d3b35fca1c79f9a3356345c233ca4dd41f5416650b1069
minecraft:poplar_shelf	["minecraft:attack_animation","minecraft:attribute_modifiers","minecraft:break_sound","minecraft:container","minecraft:cooking_fuel","minecraft:enchantments","minecraft:interact_animation","minecraft:item_model","minecraft:item_name","minecraft:lore","minecraft:max_stack_size","minecraft:rarity","minecraft:repair_cost","minecraft:tooltip_display","minecraft:use_effects"]	b029b091470aaaccad466537f9e8ba303dad01edc8d55f5c5b358d6675d7c5e4
minecraft:poplar_sign	["minecraft:attack_animation","minecraft:attribute_modifiers","minecraft:break_sound","minecraft:cooking_fuel","minecraft:enchantments","minecraft:interact_animation","minecraft:item_model","minecraft:item_name","minecraft:lore","minecraft:max_stack_size","minecraft:rarity","minecraft:repair_cost","minecraft:sign_text_back","minecraft:sign_text_front","minecraft:tooltip_display","minecraft:use_effects"]	c2fcf5c012a44027d90194d4a1d6e83ce144ccda388b58181f7aca26f47f6b84
minecraft:poplar_slab	["minecraft:attack_animation","minecraft:attribute_modifiers","minecraft:break_sound","minecraft:cooking_fuel","minecraft:enchantments","minecraft:interact_animation","minecraft:item_model","minecraft:item_name","minecraft:lore","minecraft:max_stack_size","minecraft:rarity","minecraft:repair_cost","minecraft:tooltip_display","minecraft:use_effects"]	d313651c4f6eaa6d9a01ca10892fe277208488bcc1c191f8a3e398e2b0228057
minecraft:poplar_stairs	["minecraft:attack_animation","minecraft:attribute_modifiers","minecraft:break_sound","minecraft:cooking_fuel","minecraft:enchantments","minecraft:interact_animation","minecraft:item_model","minecraft:item_name","minecraft:lore","minecraft:max_stack_size","minecraft:rarity","minecraft:repair_cost","minecraft:tooltip_display","minecraft:use_effects"]	c26d33bb2bc17a2e69832f8d61f47fac9883bb95c8ce2d7b52519006253cd319
minecraft:poplar_trapdoor	["minecraft:attack_animation","minecraft:attribute_modifiers","minecraft:break_sound","minecraft:cooking_fuel","minecraft:enchantments","minecraft:interact_animation","minecraft:item_model","minecraft:item_name","minecraft:lore","minecraft:max_stack_size","minecraft:rarity","minecraft:repair_cost","minecraft:tooltip_display","minecraft:use_effects"]	fe56ddbcbf11bf05538f9090886ade2a000571456de21acd6fcbfda31770a498
minecraft:poplar_wood	["minecraft:attack_animation","minecraft:attribute_modifiers","minecraft:break_sound","minecraft:cooking_fuel","minecraft:enchantments","minecraft:interact_animation","minecraft:item_model","minecraft:item_name","minecraft:lore","minecraft:max_stack_size","minecraft:rarity","minecraft:repair_cost","minecraft:tooltip_display","minecraft:use_effects"]	4f5c35da8dbebd0538654a03ff211e10b796133a39ac7fb0583ef7d98a6bdd29
minecraft:popped_chorus_fruit	["minecraft:attack_animation","minecraft:attribute_modifiers","minecraft:break_sound","minecraft:enchantments","minecraft:interact_animation","minecraft:item_model","minecraft:item_name","minecraft:lore","minecraft:max_stack_size","minecraft:rarity","minecraft:repair_cost","minecraft:tooltip_display","minecraft:use_effects"]	89f843fa9efe2769b721d53d685ef55895fcaff0e2c5642ead04646735ce7c4a
minecraft:poppy	["minecraft:attack_animation","minecraft:attribute_modifiers","minecraft:break_sound","minecraft:compostable","minecraft:enchantments","minecraft:interact_animation","minecraft:item_model","minecraft:item_name","minecraft:lore","minecraft:max_stack_size","minecraft:rarity","minecraft:repair_cost","minecraft:tooltip_display","minecraft:use_effects"]	f5aa1061db52426888de51a3a4b2127f7993d3374e3fc5cf4a29c1dcc2b14574
minecraft:porkchop	["minecraft:attack_animation","minecraft:attribute_modifiers","minecraft:break_sound","minecraft:consumable","minecraft:enchantments","minecraft:food","minecraft:interact_animation","minecraft:item_model","minecraft:item_name","minecraft:lore","minecraft:max_stack_size","minecraft:rarity","minecraft:repair_cost","minecraft:tooltip_display","minecraft:use_effects"]	af60ba7fc0f50b5b62e92a5d9f486e015859b3baf678c7319c20f2c08d70c678
minecraft:potato	["minecraft:attack_animation","minecraft:attribute_modifiers","minecraft:break_sound","minecraft:compostable","minecraft:consumable","minecraft:enchantments","minecraft:food","minecraft:interact_animation","minecraft:item_model","minecraft:item_name","minecraft:lore","minecraft:max_stack_size","minecraft:rarity","minecraft:repair_cost","minecraft:tooltip_display","minecraft:use_effects","minecraft:villager_food"]	54ed1908deb3b4265e45dd686fc0340cdf9a9d595a38766787d60d27923157be
minecraft:potent_sulfur	["minecraft:attack_animation","minecraft:attribute_modifiers","minecraft:break_sound","minecraft:enchantments","minecraft:interact_animation","minecraft:item_model","minecraft:item_name","minecraft:lore","minecraft:max_stack_size","minecraft:rarity","minecraft:repair_cost","minecraft:tooltip_display","minecraft:use_effects"]	34da892a29e6da55ed5182053259d24bc917bd73840fd55331e47085221c5793
minecraft:potion	["minecraft:attack_animation","minecraft:attribute_modifiers","minecraft:break_sound","minecraft:consumable","minecraft:enchantments","minecraft:interact_animation","minecraft:item_model","minecraft:item_name","minecraft:lore","minecraft:max_stack_size","minecraft:potion_contents","minecraft:rarity","minecraft:repair_cost","minecraft:tooltip_display","minecraft:use_effects","minecraft:use_remainder"]	ff80adfdd426ca4abc7481220cf5cd55f1aa4d7b55cb8a61c831262b9092adc0
minecraft:powder_snow_bucket	["minecraft:attack_animation","minecraft:attribute_modifiers","minecraft:break_sound","minecraft:enchantments","minecraft:interact_animation","minecraft:item_model","minecraft:item_name","minecraft:lore","minecraft:max_stack_size","minecraft:rarity","minecraft:repair_cost","minecraft:tooltip_display","minecraft:use_effects"]	0a1a8551297520d0489ff74371da066dc74d67c3305fa5266c5dc2113f158de4
minecraft:powered_rail	["minecraft:attack_animation","minecraft:attribute_modifiers","minecraft:break_sound","minecraft:enchantments","minecraft:interact_animation","minecraft:item_model","minecraft:item_name","minecraft:lore","minecraft:max_stack_size","minecraft:rarity","minecraft:repair_cost","minecraft:tooltip_display","minecraft:use_effects"]	7d5e7a811c7da422b3298a5f62a35d90903e5fce20aa2d0cffed834c3171660c
minecraft:prismarine	["minecraft:attack_animation","minecraft:attribute_modifiers","minecraft:break_sound","minecraft:enchantments","minecraft:interact_animation","minecraft:item_model","minecraft:item_name","minecraft:lore","minecraft:max_stack_size","minecraft:rarity","minecraft:repair_cost","minecraft:tooltip_display","minecraft:use_effects"]	3e13a4ee264fd728ef350139abd497d8ed04cf97937d39b88a3bd1cdd4c88925
minecraft:prismarine_brick_slab	["minecraft:attack_animation","minecraft:attribute_modifiers","minecraft:break_sound","minecraft:enchantments","minecraft:interact_animation","minecraft:item_model","minecraft:item_name","minecraft:lore","minecraft:max_stack_size","minecraft:rarity","minecraft:repair_cost","minecraft:tooltip_display","minecraft:use_effects"]	ef9d571c49d11b584b84c9c0e69bfd0e0fc719bec72a462440bba6d345ade83e
minecraft:prismarine_brick_stairs	["minecraft:attack_animation","minecraft:attribute_modifiers","minecraft:break_sound","minecraft:enchantments","minecraft:interact_animation","minecraft:item_model","minecraft:item_name","minecraft:lore","minecraft:max_stack_size","minecraft:rarity","minecraft:repair_cost","minecraft:tooltip_display","minecraft:use_effects"]	32155327c1f92106ea02542c943bdd4720ba7013ef4c293c67447147679e07de
minecraft:prismarine_bricks	["minecraft:attack_animation","minecraft:attribute_modifiers","minecraft:break_sound","minecraft:enchantments","minecraft:interact_animation","minecraft:item_model","minecraft:item_name","minecraft:lore","minecraft:max_stack_size","minecraft:rarity","minecraft:repair_cost","minecraft:tooltip_display","minecraft:use_effects"]	3a0b2fd0a71a2d033a3117876f5df0411ff23555ed8dc99d8ee11083f2f14f48
minecraft:prismarine_crystals	["minecraft:attack_animation","minecraft:attribute_modifiers","minecraft:break_sound","minecraft:enchantments","minecraft:interact_animation","minecraft:item_model","minecraft:item_name","minecraft:lore","minecraft:max_stack_size","minecraft:rarity","minecraft:repair_cost","minecraft:tooltip_display","minecraft:use_effects"]	cd96589bfc144109d8a9bdf8e2d944b27f2eb5a2cdf4572c967559131acbcdf4
minecraft:prismarine_shard	["minecraft:attack_animation","minecraft:attribute_modifiers","minecraft:break_sound","minecraft:enchantments","minecraft:interact_animation","minecraft:item_model","minecraft:item_name","minecraft:lore","minecraft:max_stack_size","minecraft:rarity","minecraft:repair_cost","minecraft:tooltip_display","minecraft:use_effects"]	847f0719775b0d5017cb78c18350ccf64827373136c77f04e5bbee1f46f17b8a
minecraft:prismarine_slab	["minecraft:attack_animation","minecraft:attribute_modifiers","minecraft:break_sound","minecraft:enchantments","minecraft:interact_animation","minecraft:item_model","minecraft:item_name","minecraft:lore","minecraft:max_stack_size","minecraft:rarity","minecraft:repair_cost","minecraft:tooltip_display","minecraft:use_effects"]	e214b92a58dbe080fe4d56b0a9568f2f844aeb51ab67348e22e1b33d88151368
minecraft:prismarine_stairs	["minecraft:attack_animation","minecraft:attribute_modifiers","minecraft:break_sound","minecraft:enchantments","minecraft:interact_animation","minecraft:item_model","minecraft:item_name","minecraft:lore","minecraft:max_stack_size","minecraft:rarity","minecraft:repair_cost","minecraft:tooltip_display","minecraft:use_effects"]	5796fbce26da2ae73b261dcfe7b930a8599339359dc63da366a495a248261303
minecraft:prismarine_wall	["minecraft:attack_animation","minecraft:attribute_modifiers","minecraft:break_sound","minecraft:enchantments","minecraft:interact_animation","minecraft:item_model","minecraft:item_name","minecraft:lore","minecraft:max_stack_size","minecraft:rarity","minecraft:repair_cost","minecraft:tooltip_display","minecraft:use_effects"]	ecebdace7ad529e56eab5b032704ebf84497c2ab309bfee2ccdb641aac468ed4
minecraft:prize_pottery_sherd	["minecraft:attack_animation","minecraft:attribute_modifiers","minecraft:break_sound","minecraft:enchantments","minecraft:interact_animation","minecraft:item_model","minecraft:item_name","minecraft:lore","minecraft:max_stack_size","minecraft:provides_pottery_pattern","minecraft:rarity","minecraft:repair_cost","minecraft:tooltip_display","minecraft:use_effects"]	564061caab64fd486054262bcdb0fdfab9ba65a125a7e9b39c2c2701a8c2bb34
minecraft:pufferfish	["minecraft:attack_animation","minecraft:attribute_modifiers","minecraft:break_sound","minecraft:consumable","minecraft:enchantments","minecraft:food","minecraft:interact_animation","minecraft:item_model","minecraft:item_name","minecraft:lore","minecraft:max_stack_size","minecraft:rarity","minecraft:repair_cost","minecraft:tooltip_display","minecraft:use_effects"]	874ee6637c6a381281448dc424c96822d50848fde585a04b2b3ae1c639cad638
minecraft:pufferfish_bucket	["minecraft:attack_animation","minecraft:attribute_modifiers","minecraft:break_sound","minecraft:bucket_entity_data","minecraft:enchantments","minecraft:food","minecraft:interact_animation","minecraft:item_model","minecraft:item_name","minecraft:lore","minecraft:max_stack_size","minecraft:rarity","minecraft:repair_cost","minecraft:tooltip_display","minecraft:use_effects"]	ee055c2860d155b9c5938fac7b8eb188c3bbc2be30167f1ed7bc064adfaa64f0
minecraft:pufferfish_spawn_egg	["minecraft:attack_animation","minecraft:attribute_modifiers","minecraft:break_sound","minecraft:enchantments","minecraft:entity_data","minecraft:interact_animation","minecraft:item_model","minecraft:item_name","minecraft:lore","minecraft:max_stack_size","minecraft:rarity","minecraft:repair_cost","minecraft:tooltip_display","minecraft:use_effects"]	420c8b23f70ded2cf140f5ab743475446092691f5e1b41094619a58602fb0e8f
minecraft:pumpkin	["minecraft:attack_animation","minecraft:attribute_modifiers","minecraft:break_sound","minecraft:compostable","minecraft:enchantments","minecraft:interact_animation","minecraft:item_model","minecraft:item_name","minecraft:lore","minecraft:max_stack_size","minecraft:rarity","minecraft:repair_cost","minecraft:tooltip_display","minecraft:use_effects"]	fe55e0ee3fd664dc53558481d0a29da9e874bb2fc5b0c0be16534c9efa4894f1
minecraft:pumpkin_pie	["minecraft:attack_animation","minecraft:attribute_modifiers","minecraft:break_sound","minecraft:compostable","minecraft:consumable","minecraft:enchantments","minecraft:food","minecraft:interact_animation","minecraft:item_model","minecraft:item_name","minecraft:lore","minecraft:max_stack_size","minecraft:rarity","minecraft:repair_cost","minecraft:tooltip_display","minecraft:use_effects"]	d8386870edc2ae8960511a4ddf3467a24b98fcdb5d11ee15048da20f1a886088
minecraft:pumpkin_seeds	["minecraft:attack_animation","minecraft:attribute_modifiers","minecraft:break_sound","minecraft:compostable","minecraft:enchantments","minecraft:interact_animation","minecraft:item_model","minecraft:item_name","minecraft:lore","minecraft:max_stack_size","minecraft:rarity","minecraft:repair_cost","minecraft:tooltip_display","minecraft:use_effects"]	89771f299b1aabeb6cbd4026a40d09d1265e906f24059d314d1903c7da142dd5
minecraft:purple_banner	["minecraft:attack_animation","minecraft:attribute_modifiers","minecraft:banner_patterns","minecraft:break_sound","minecraft:cooking_fuel","minecraft:enchantments","minecraft:interact_animation","minecraft:item_model","minecraft:item_name","minecraft:lore","minecraft:max_stack_size","minecraft:rarity","minecraft:repair_cost","minecraft:tooltip_display","minecraft:use_effects"]	96422e0e4811a8e352fb6e34e85b1bb914d585d06f3b71e76726f29593d5c16d
minecraft:purple_bed	["minecraft:attack_animation","minecraft:attribute_modifiers","minecraft:break_sound","minecraft:enchantments","minecraft:interact_animation","minecraft:item_model","minecraft:item_name","minecraft:lore","minecraft:max_stack_size","minecraft:rarity","minecraft:repair_cost","minecraft:tooltip_display","minecraft:use_effects"]	ca2826f429d4cceb088ac7aba62953c163b79bd83d611ea516fe4aa518fe0cf0
minecraft:purple_bundle	["minecraft:attack_animation","minecraft:attribute_modifiers","minecraft:break_sound","minecraft:bundle_contents","minecraft:enchantments","minecraft:interact_animation","minecraft:item_model","minecraft:item_name","minecraft:lore","minecraft:max_stack_size","minecraft:rarity","minecraft:repair_cost","minecraft:tooltip_display","minecraft:use_effects"]	f36e8cd16aab5deebf79b7baa593abea8cdb3e17011aef85e3c29ff4b80ccd88
minecraft:purple_candle	["minecraft:attack_animation","minecraft:attribute_modifiers","minecraft:break_sound","minecraft:enchantments","minecraft:interact_animation","minecraft:item_model","minecraft:item_name","minecraft:lore","minecraft:max_stack_size","minecraft:rarity","minecraft:repair_cost","minecraft:tooltip_display","minecraft:use_effects"]	092823c29d8d20f2819137f235805d2284a59df3a2fa5106ece97344ca46e1d4
minecraft:purple_carpet	["minecraft:attack_animation","minecraft:attribute_modifiers","minecraft:break_sound","minecraft:cooking_fuel","minecraft:enchantments","minecraft:equippable","minecraft:interact_animation","minecraft:item_model","minecraft:item_name","minecraft:lore","minecraft:max_stack_size","minecraft:rarity","minecraft:repair_cost","minecraft:tooltip_display","minecraft:use_effects"]	796502ab01dbf3f0caf7ebece01e4619c94f56512c692a29ef6c9764ce6c1d6a
minecraft:purple_concrete	["minecraft:attack_animation","minecraft:attribute_modifiers","minecraft:break_sound","minecraft:enchantments","minecraft:interact_animation","minecraft:item_model","minecraft:item_name","minecraft:lore","minecraft:max_stack_size","minecraft:rarity","minecraft:repair_cost","minecraft:tooltip_display","minecraft:use_effects"]	df5da1e1ff201054a48ba1c1abd481d789f7f64be8d183d7e14c1d8840d86765
minecraft:purple_concrete_powder	["minecraft:attack_animation","minecraft:attribute_modifiers","minecraft:break_sound","minecraft:enchantments","minecraft:interact_animation","minecraft:item_model","minecraft:item_name","minecraft:lore","minecraft:max_stack_size","minecraft:rarity","minecraft:repair_cost","minecraft:tooltip_display","minecraft:use_effects"]	ec08fd0db1bb1adbcc139249b673b0a1ae6ce4b2444e9c1ebf8083b32bdb1196
minecraft:purple_concrete_slab	["minecraft:attack_animation","minecraft:attribute_modifiers","minecraft:break_sound","minecraft:enchantments","minecraft:interact_animation","minecraft:item_model","minecraft:item_name","minecraft:lore","minecraft:max_stack_size","minecraft:rarity","minecraft:repair_cost","minecraft:tooltip_display","minecraft:use_effects"]	7c97353585c52f97a395acab16286bedf2a4c253cfd8923444bbd8f665b6ae8f
minecraft:purple_concrete_stairs	["minecraft:attack_animation","minecraft:attribute_modifiers","minecraft:break_sound","minecraft:enchantments","minecraft:interact_animation","minecraft:item_model","minecraft:item_name","minecraft:lore","minecraft:max_stack_size","minecraft:rarity","minecraft:repair_cost","minecraft:tooltip_display","minecraft:use_effects"]	1022b1a1d3628bf19aaafcc44c3900b915b42b4a564aa06691f91751ab80ff70
minecraft:purple_cushion	["minecraft:attack_animation","minecraft:attribute_modifiers","minecraft:break_sound","minecraft:cooking_fuel","minecraft:cushion/color","minecraft:enchantments","minecraft:interact_animation","minecraft:item_model","minecraft:item_name","minecraft:lore","minecraft:max_stack_size","minecraft:rarity","minecraft:repair_cost","minecraft:tooltip_display","minecraft:use_effects"]	c6f3e1df0d13221dca994d8ea0dd620c5f0bbc59efea0ac5b4d4bdd894685a46
minecraft:purple_dye	["minecraft:attack_animation","minecraft:attribute_modifiers","minecraft:break_sound","minecraft:dye","minecraft:enchantments","minecraft:interact_animation","minecraft:item_model","minecraft:item_name","minecraft:lore","minecraft:max_stack_size","minecraft:rarity","minecraft:repair_cost","minecraft:tooltip_display","minecraft:use_effects"]	24dfb13a7ec5205101afe292e35fce6d71fdaec7c426c26b1bb7b5ded874825d
minecraft:purple_glazed_terracotta	["minecraft:attack_animation","minecraft:attribute_modifiers","minecraft:break_sound","minecraft:enchantments","minecraft:interact_animation","minecraft:item_model","minecraft:item_name","minecraft:lore","minecraft:max_stack_size","minecraft:rarity","minecraft:repair_cost","minecraft:tooltip_display","minecraft:use_effects"]	49a87477178aa7ae0593ba09aa58e27adf3be3e8d1d534216c1ce52833e3b103
minecraft:purple_harness	["minecraft:attack_animation","minecraft:attribute_modifiers","minecraft:break_sound","minecraft:enchantments","minecraft:equippable","minecraft:interact_animation","minecraft:item_model","minecraft:item_name","minecraft:lore","minecraft:max_stack_size","minecraft:rarity","minecraft:repair_cost","minecraft:tooltip_display","minecraft:use_effects"]	9bb6b5efb001f79f715003192964f78093b87126f5902f79b8af2fe36e17327a
minecraft:purple_shulker_box	["minecraft:attack_animation","minecraft:attribute_modifiers","minecraft:break_sound","minecraft:container","minecraft:enchantments","minecraft:interact_animation","minecraft:item_model","minecraft:item_name","minecraft:lore","minecraft:max_stack_size","minecraft:rarity","minecraft:repair_cost","minecraft:tooltip_display","minecraft:use_effects"]	756540bd0cb81e71ba320c4b787c4104b02bc605c4e3d05c24d14c8f34a8afcb
minecraft:purple_stained_glass	["minecraft:attack_animation","minecraft:attribute_modifiers","minecraft:break_sound","minecraft:enchantments","minecraft:interact_animation","minecraft:item_model","minecraft:item_name","minecraft:lore","minecraft:max_stack_size","minecraft:rarity","minecraft:repair_cost","minecraft:tooltip_display","minecraft:use_effects"]	8c347cb3c9e149801ddb9866ae3f65a89408ce20c3daf14fc13daafbfd473c33
minecraft:purple_stained_glass_pane	["minecraft:attack_animation","minecraft:attribute_modifiers","minecraft:break_sound","minecraft:enchantments","minecraft:interact_animation","minecraft:item_model","minecraft:item_name","minecraft:lore","minecraft:max_stack_size","minecraft:rarity","minecraft:repair_cost","minecraft:tooltip_display","minecraft:use_effects"]	51de1695b6d2654bda59d00a67afa40a9b92f89ace99c5c7b8997a37ec78e7b7
minecraft:purple_terracotta	["minecraft:attack_animation","minecraft:attribute_modifiers","minecraft:break_sound","minecraft:enchantments","minecraft:interact_animation","minecraft:item_model","minecraft:item_name","minecraft:lore","minecraft:max_stack_size","minecraft:rarity","minecraft:repair_cost","minecraft:tooltip_display","minecraft:use_effects"]	8c9309282b60c9f43702b9ce314bdf3c45622ff22b8878cd5acf4246605c68bd
minecraft:purple_wool	["minecraft:attack_animation","minecraft:attribute_modifiers","minecraft:break_sound","minecraft:cooking_fuel","minecraft:enchantments","minecraft:interact_animation","minecraft:item_model","minecraft:item_name","minecraft:lore","minecraft:max_stack_size","minecraft:rarity","minecraft:repair_cost","minecraft:tooltip_display","minecraft:use_effects"]	2d19cf6fc88e6fb03a942c51b71644e8715bba3c9965527d040e3e0521c851d3
minecraft:purple_wool_slab	["minecraft:attack_animation","minecraft:attribute_modifiers","minecraft:break_sound","minecraft:cooking_fuel","minecraft:enchantments","minecraft:interact_animation","minecraft:item_model","minecraft:item_name","minecraft:lore","minecraft:max_stack_size","minecraft:rarity","minecraft:repair_cost","minecraft:tooltip_display","minecraft:use_effects"]	80d18472a2eeab79437c602d6c4c741907d810610e09ed8ceb39af3ee9a7387c
minecraft:purple_wool_stairs	["minecraft:attack_animation","minecraft:attribute_modifiers","minecraft:break_sound","minecraft:cooking_fuel","minecraft:enchantments","minecraft:interact_animation","minecraft:item_model","minecraft:item_name","minecraft:lore","minecraft:max_stack_size","minecraft:rarity","minecraft:repair_cost","minecraft:tooltip_display","minecraft:use_effects"]	9e8e4e791106e65bc2328d57bf4543e715e2044c715a6d9033376f842edec598
minecraft:purpur_block	["minecraft:attack_animation","minecraft:attribute_modifiers","minecraft:break_sound","minecraft:enchantments","minecraft:interact_animation","minecraft:item_model","minecraft:item_name","minecraft:lore","minecraft:max_stack_size","minecraft:rarity","minecraft:repair_cost","minecraft:tooltip_display","minecraft:use_effects"]	b4f853122af8854761e5e13a77620cfc553f4a2d04f6a675166db2ccdd243530
minecraft:purpur_pillar	["minecraft:attack_animation","minecraft:attribute_modifiers","minecraft:break_sound","minecraft:enchantments","minecraft:interact_animation","minecraft:item_model","minecraft:item_name","minecraft:lore","minecraft:max_stack_size","minecraft:rarity","minecraft:repair_cost","minecraft:tooltip_display","minecraft:use_effects"]	f57c76ce33332f11db8e41c90cf1c84a5f40ac0ad5d6b5e8c630ba394191cf16
minecraft:purpur_slab	["minecraft:attack_animation","minecraft:attribute_modifiers","minecraft:break_sound","minecraft:enchantments","minecraft:interact_animation","minecraft:item_model","minecraft:item_name","minecraft:lore","minecraft:max_stack_size","minecraft:rarity","minecraft:repair_cost","minecraft:tooltip_display","minecraft:use_effects"]	ae8ed1f827599a49ebf26cf0115622535842dd775ff23c2672b91fd771824ddc
minecraft:purpur_stairs	["minecraft:attack_animation","minecraft:attribute_modifiers","minecraft:break_sound","minecraft:enchantments","minecraft:interact_animation","minecraft:item_model","minecraft:item_name","minecraft:lore","minecraft:max_stack_size","minecraft:rarity","minecraft:repair_cost","minecraft:tooltip_display","minecraft:use_effects"]	7660aeb660ea622de68d6fdadc352af0b4ec1fbd963b303ce151b864b7956b8e
minecraft:quartz	["minecraft:attack_animation","minecraft:attribute_modifiers","minecraft:break_sound","minecraft:enchantments","minecraft:interact_animation","minecraft:item_model","minecraft:item_name","minecraft:lore","minecraft:max_stack_size","minecraft:provides_trim_material","minecraft:rarity","minecraft:repair_cost","minecraft:tooltip_display","minecraft:use_effects"]	c04b78a31e63e616b245b10b68dea24ac047577610959ff9226aad19671d2eff
minecraft:quartz_block	["minecraft:attack_animation","minecraft:attribute_modifiers","minecraft:break_sound","minecraft:enchantments","minecraft:interact_animation","minecraft:item_model","minecraft:item_name","minecraft:lore","minecraft:max_stack_size","minecraft:rarity","minecraft:repair_cost","minecraft:tooltip_display","minecraft:use_effects"]	19a342d435fdbae3b926166d4f8330861c9d2fc51ce87c70bfaffd845e5cac3d
minecraft:quartz_bricks	["minecraft:attack_animation","minecraft:attribute_modifiers","minecraft:break_sound","minecraft:enchantments","minecraft:interact_animation","minecraft:item_model","minecraft:item_name","minecraft:lore","minecraft:max_stack_size","minecraft:rarity","minecraft:repair_cost","minecraft:tooltip_display","minecraft:use_effects"]	7fa19bb2a9a71111ca0773efb35b0234ef880d89319c2ea994390794d905c82d
minecraft:quartz_pillar	["minecraft:attack_animation","minecraft:attribute_modifiers","minecraft:break_sound","minecraft:enchantments","minecraft:interact_animation","minecraft:item_model","minecraft:item_name","minecraft:lore","minecraft:max_stack_size","minecraft:rarity","minecraft:repair_cost","minecraft:tooltip_display","minecraft:use_effects"]	9b02c21143fd2fd10cb4b4b74b719c2b24b381a34c8af3188855cafc8d5369b5
minecraft:quartz_slab	["minecraft:attack_animation","minecraft:attribute_modifiers","minecraft:break_sound","minecraft:enchantments","minecraft:interact_animation","minecraft:item_model","minecraft:item_name","minecraft:lore","minecraft:max_stack_size","minecraft:rarity","minecraft:repair_cost","minecraft:tooltip_display","minecraft:use_effects"]	f899485df909f8056c87740cce759688fd55094f9a33b4f1cbb038d6a6e5e45a
minecraft:quartz_stairs	["minecraft:attack_animation","minecraft:attribute_modifiers","minecraft:break_sound","minecraft:enchantments","minecraft:interact_animation","minecraft:item_model","minecraft:item_name","minecraft:lore","minecraft:max_stack_size","minecraft:rarity","minecraft:repair_cost","minecraft:tooltip_display","minecraft:use_effects"]	aebd97cec6d74facfe44eb66179c2373bb8c0712b9a28ecb3fa30ff15a133a13
minecraft:rabbit	["minecraft:attack_animation","minecraft:attribute_modifiers","minecraft:break_sound","minecraft:consumable","minecraft:enchantments","minecraft:food","minecraft:interact_animation","minecraft:item_model","minecraft:item_name","minecraft:lore","minecraft:max_stack_size","minecraft:rarity","minecraft:repair_cost","minecraft:tooltip_display","minecraft:use_effects"]	030c7a33d7bdab21b3b0e914fe9822ea69108a3bb953f9bdaf8acf94f74a31e8
minecraft:rabbit_foot	["minecraft:attack_animation","minecraft:attribute_modifiers","minecraft:break_sound","minecraft:enchantments","minecraft:interact_animation","minecraft:item_model","minecraft:item_name","minecraft:lore","minecraft:max_stack_size","minecraft:rarity","minecraft:repair_cost","minecraft:tooltip_display","minecraft:use_effects"]	c60b7e882b5cfca58991a6c76f249778d6c279fb2f5f78d0d460d4a547d08076
minecraft:rabbit_hide	["minecraft:attack_animation","minecraft:attribute_modifiers","minecraft:break_sound","minecraft:enchantments","minecraft:interact_animation","minecraft:item_model","minecraft:item_name","minecraft:lore","minecraft:max_stack_size","minecraft:rarity","minecraft:repair_cost","minecraft:tooltip_display","minecraft:use_effects"]	96800fe48d4400e8ea85bdb12213b66e418f2870e6f592c3a38c308b6d3d5be7
minecraft:rabbit_spawn_egg	["minecraft:attack_animation","minecraft:attribute_modifiers","minecraft:break_sound","minecraft:enchantments","minecraft:entity_data","minecraft:interact_animation","minecraft:item_model","minecraft:item_name","minecraft:lore","minecraft:max_stack_size","minecraft:rarity","minecraft:repair_cost","minecraft:tooltip_display","minecraft:use_effects"]	470d21c22f616e67a65582381dd6ea759c66dc17ffae5e193f4374299dc6a47f
minecraft:rabbit_stew	["minecraft:attack_animation","minecraft:attribute_modifiers","minecraft:break_sound","minecraft:consumable","minecraft:enchantments","minecraft:food","minecraft:interact_animation","minecraft:item_model","minecraft:item_name","minecraft:lore","minecraft:max_stack_size","minecraft:rarity","minecraft:repair_cost","minecraft:tooltip_display","minecraft:use_effects","minecraft:use_remainder"]	03bb6f9b857ff08b2467f05e7eb72fc232e2c9a27722e06b4061834b3991c32b
minecraft:rail	["minecraft:attack_animation","minecraft:attribute_modifiers","minecraft:break_sound","minecraft:enchantments","minecraft:interact_animation","minecraft:item_model","minecraft:item_name","minecraft:lore","minecraft:max_stack_size","minecraft:rarity","minecraft:repair_cost","minecraft:tooltip_display","minecraft:use_effects"]	a0a21a27d06dd51695d31937015eb25d2f927ea789d446a9e1d702cf13b4f6ee
minecraft:raiser_armor_trim_smithing_template	["minecraft:attack_animation","minecraft:attribute_modifiers","minecraft:break_sound","minecraft:enchantments","minecraft:interact_animation","minecraft:item_model","minecraft:item_name","minecraft:lore","minecraft:max_stack_size","minecraft:rarity","minecraft:repair_cost","minecraft:tooltip_display","minecraft:use_effects"]	8790c2a3c57e839c726b407ddbd8cfb9a88be816f242111412affc9cde38f851
minecraft:ravager_spawn_egg	["minecraft:attack_animation","minecraft:attribute_modifiers","minecraft:break_sound","minecraft:enchantments","minecraft:entity_data","minecraft:interact_animation","minecraft:item_model","minecraft:item_name","minecraft:lore","minecraft:max_stack_size","minecraft:rarity","minecraft:repair_cost","minecraft:tooltip_display","minecraft:use_effects"]	3daa7b007cb61b04a228c76e53423fcd4a303fce14ad3863195bf63d6b2e0328
minecraft:raw_copper	["minecraft:attack_animation","minecraft:attribute_modifiers","minecraft:break_sound","minecraft:enchantments","minecraft:interact_animation","minecraft:item_model","minecraft:item_name","minecraft:lore","minecraft:max_stack_size","minecraft:rarity","minecraft:repair_cost","minecraft:tooltip_display","minecraft:use_effects"]	75e9f6f61976409f98fc0d68d0fccd4d519a79935e04a256a63695eb536a446b
minecraft:raw_copper_block	["minecraft:attack_animation","minecraft:attribute_modifiers","minecraft:break_sound","minecraft:enchantments","minecraft:interact_animation","minecraft:item_model","minecraft:item_name","minecraft:lore","minecraft:max_stack_size","minecraft:rarity","minecraft:repair_cost","minecraft:tooltip_display","minecraft:use_effects"]	a5037ec63607ec823a9bead3c2d9fd61f28899c7f7117cadedc3c5e0723c7669
minecraft:raw_gold	["minecraft:attack_animation","minecraft:attribute_modifiers","minecraft:break_sound","minecraft:enchantments","minecraft:interact_animation","minecraft:item_model","minecraft:item_name","minecraft:lore","minecraft:max_stack_size","minecraft:rarity","minecraft:repair_cost","minecraft:tooltip_display","minecraft:use_effects"]	f94184ee53dabf5f5568365f6d35a9571810e9f0157ba718a267ac85fbe099fc
minecraft:raw_gold_block	["minecraft:attack_animation","minecraft:attribute_modifiers","minecraft:break_sound","minecraft:enchantments","minecraft:interact_animation","minecraft:item_model","minecraft:item_name","minecraft:lore","minecraft:max_stack_size","minecraft:rarity","minecraft:repair_cost","minecraft:tooltip_display","minecraft:use_effects"]	8ec0069eb7a7fd5e31c4412c5d6fa402805bd1954e4b5248bdd11c2a46dc82b6
minecraft:raw_iron	["minecraft:attack_animation","minecraft:attribute_modifiers","minecraft:break_sound","minecraft:enchantments","minecraft:interact_animation","minecraft:item_model","minecraft:item_name","minecraft:lore","minecraft:max_stack_size","minecraft:rarity","minecraft:repair_cost","minecraft:tooltip_display","minecraft:use_effects"]	4cdf4bbb2fcd110fb982639b2f0d76e74c02eac94bc1973a58e97c3fbc474391
minecraft:raw_iron_block	["minecraft:attack_animation","minecraft:attribute_modifiers","minecraft:break_sound","minecraft:enchantments","minecraft:interact_animation","minecraft:item_model","minecraft:item_name","minecraft:lore","minecraft:max_stack_size","minecraft:rarity","minecraft:repair_cost","minecraft:tooltip_display","minecraft:use_effects"]	bfe112c14cfb5937aaa687e3992ffbef98549de244aac100c2f43bb2c698ec8b
minecraft:recovery_compass	["minecraft:attack_animation","minecraft:attribute_modifiers","minecraft:break_sound","minecraft:enchantments","minecraft:interact_animation","minecraft:item_model","minecraft:item_name","minecraft:lore","minecraft:max_stack_size","minecraft:rarity","minecraft:repair_cost","minecraft:tooltip_display","minecraft:use_effects"]	b01b6fcff76334685a2ef83c18f0fdcd15b5309d193e2da3ef8f08f27debb24d
minecraft:red_banner	["minecraft:attack_animation","minecraft:attribute_modifiers","minecraft:banner_patterns","minecraft:break_sound","minecraft:cooking_fuel","minecraft:enchantments","minecraft:interact_animation","minecraft:item_model","minecraft:item_name","minecraft:lore","minecraft:max_stack_size","minecraft:rarity","minecraft:repair_cost","minecraft:tooltip_display","minecraft:use_effects"]	8758e3372da5ba403a0a48b845a67dd24379ddc86dd1fbec02bfe1206acc0284
minecraft:red_bed	["minecraft:attack_animation","minecraft:attribute_modifiers","minecraft:break_sound","minecraft:enchantments","minecraft:interact_animation","minecraft:item_model","minecraft:item_name","minecraft:lore","minecraft:max_stack_size","minecraft:rarity","minecraft:repair_cost","minecraft:tooltip_display","minecraft:use_effects"]	6ff9131ac126b10151992519fc8a85cf2dfdfb6e5410385f70b8375a836bfc53
minecraft:red_bundle	["minecraft:attack_animation","minecraft:attribute_modifiers","minecraft:break_sound","minecraft:bundle_contents","minecraft:enchantments","minecraft:interact_animation","minecraft:item_model","minecraft:item_name","minecraft:lore","minecraft:max_stack_size","minecraft:rarity","minecraft:repair_cost","minecraft:tooltip_display","minecraft:use_effects"]	14b7443b705bbb79954fc56e02b80a7ef8c0b00e2391dba146a8f800a3bf2150
minecraft:red_candle	["minecraft:attack_animation","minecraft:attribute_modifiers","minecraft:break_sound","minecraft:enchantments","minecraft:interact_animation","minecraft:item_model","minecraft:item_name","minecraft:lore","minecraft:max_stack_size","minecraft:rarity","minecraft:repair_cost","minecraft:tooltip_display","minecraft:use_effects"]	795c9c91e1779cebeef46c0ab56e58960349dba34b0690c752a2803ea295f07f
minecraft:red_carpet	["minecraft:attack_animation","minecraft:attribute_modifiers","minecraft:break_sound","minecraft:cooking_fuel","minecraft:enchantments","minecraft:equippable","minecraft:interact_animation","minecraft:item_model","minecraft:item_name","minecraft:lore","minecraft:max_stack_size","minecraft:rarity","minecraft:repair_cost","minecraft:tooltip_display","minecraft:use_effects"]	c0a6b2ee7b8c177f9c6d61657b48b3ddbf42c94b4a977c5966bded74116ad4a9
minecraft:red_concrete	["minecraft:attack_animation","minecraft:attribute_modifiers","minecraft:break_sound","minecraft:enchantments","minecraft:interact_animation","minecraft:item_model","minecraft:item_name","minecraft:lore","minecraft:max_stack_size","minecraft:rarity","minecraft:repair_cost","minecraft:tooltip_display","minecraft:use_effects"]	2c10489ff4676c5d19de252c0f3e8de1d973b51ee8e3d8afec887e425d34ed19
minecraft:red_concrete_powder	["minecraft:attack_animation","minecraft:attribute_modifiers","minecraft:break_sound","minecraft:enchantments","minecraft:interact_animation","minecraft:item_model","minecraft:item_name","minecraft:lore","minecraft:max_stack_size","minecraft:rarity","minecraft:repair_cost","minecraft:tooltip_display","minecraft:use_effects"]	9da0ec2b3c3bef72e3ac9cfd40469c9c874a8ae09fad4ef5cc938186c3dfb932
minecraft:red_concrete_slab	["minecraft:attack_animation","minecraft:attribute_modifiers","minecraft:break_sound","minecraft:enchantments","minecraft:interact_animation","minecraft:item_model","minecraft:item_name","minecraft:lore","minecraft:max_stack_size","minecraft:rarity","minecraft:repair_cost","minecraft:tooltip_display","minecraft:use_effects"]	d01f4b42ff8f52472e00120a67f34278ec310cbed13273f190d05a4a11f592c5
minecraft:red_concrete_stairs	["minecraft:attack_animation","minecraft:attribute_modifiers","minecraft:break_sound","minecraft:enchantments","minecraft:interact_animation","minecraft:item_model","minecraft:item_name","minecraft:lore","minecraft:max_stack_size","minecraft:rarity","minecraft:repair_cost","minecraft:tooltip_display","minecraft:use_effects"]	ff6e33ee87412817caedb2d8392787c6f407b699beb44126ed1917809509a5ac
minecraft:red_cushion	["minecraft:attack_animation","minecraft:attribute_modifiers","minecraft:break_sound","minecraft:cooking_fuel","minecraft:cushion/color","minecraft:enchantments","minecraft:interact_animation","minecraft:item_model","minecraft:item_name","minecraft:lore","minecraft:max_stack_size","minecraft:rarity","minecraft:repair_cost","minecraft:tooltip_display","minecraft:use_effects"]	0ce280a8f5596eda2fedd521d34e6e776559559c04e2a84650a918f64b1284e7
minecraft:red_dye	["minecraft:attack_animation","minecraft:attribute_modifiers","minecraft:break_sound","minecraft:dye","minecraft:enchantments","minecraft:interact_animation","minecraft:item_model","minecraft:item_name","minecraft:lore","minecraft:max_stack_size","minecraft:rarity","minecraft:repair_cost","minecraft:tooltip_display","minecraft:use_effects"]	e20e5a478d32f57baa8c34d9a02f779cb029c3f1df3c648d7e978fe8f4e3b2c8
minecraft:red_glazed_terracotta	["minecraft:attack_animation","minecraft:attribute_modifiers","minecraft:break_sound","minecraft:enchantments","minecraft:interact_animation","minecraft:item_model","minecraft:item_name","minecraft:lore","minecraft:max_stack_size","minecraft:rarity","minecraft:repair_cost","minecraft:tooltip_display","minecraft:use_effects"]	bb3fc9103d587b752655261c961e502c942ae214831eacd43a6e00bda49bd892
minecraft:red_harness	["minecraft:attack_animation","minecraft:attribute_modifiers","minecraft:break_sound","minecraft:enchantments","minecraft:equippable","minecraft:interact_animation","minecraft:item_model","minecraft:item_name","minecraft:lore","minecraft:max_stack_size","minecraft:rarity","minecraft:repair_cost","minecraft:tooltip_display","minecraft:use_effects"]	852aa0d93020bcb8af6e01666eeedb1b10672e5f7adf5c61f30af134be19d387
minecraft:red_mushroom	["minecraft:attack_animation","minecraft:attribute_modifiers","minecraft:break_sound","minecraft:compostable","minecraft:enchantments","minecraft:interact_animation","minecraft:item_model","minecraft:item_name","minecraft:lore","minecraft:max_stack_size","minecraft:rarity","minecraft:repair_cost","minecraft:tooltip_display","minecraft:use_effects"]	6e5ee51786b5141eac0538d62f40db5991c70d8b198903c80b0d523213a65109
minecraft:red_mushroom_block	["minecraft:attack_animation","minecraft:attribute_modifiers","minecraft:break_sound","minecraft:compostable","minecraft:enchantments","minecraft:interact_animation","minecraft:item_model","minecraft:item_name","minecraft:lore","minecraft:max_stack_size","minecraft:rarity","minecraft:repair_cost","minecraft:tooltip_display","minecraft:use_effects"]	c6624c36e0cb090cd809122994fe832aa2c424cf9358fa4dc2494ce88b562069
minecraft:red_nether_brick_slab	["minecraft:attack_animation","minecraft:attribute_modifiers","minecraft:break_sound","minecraft:enchantments","minecraft:interact_animation","minecraft:item_model","minecraft:item_name","minecraft:lore","minecraft:max_stack_size","minecraft:rarity","minecraft:repair_cost","minecraft:tooltip_display","minecraft:use_effects"]	d60359bb281fb06ab5b1b54626ef1552d81df1ddf2bf71576aeb9124c617d83e
minecraft:red_nether_brick_stairs	["minecraft:attack_animation","minecraft:attribute_modifiers","minecraft:break_sound","minecraft:enchantments","minecraft:interact_animation","minecraft:item_model","minecraft:item_name","minecraft:lore","minecraft:max_stack_size","minecraft:rarity","minecraft:repair_cost","minecraft:tooltip_display","minecraft:use_effects"]	173fb9e6d570c98bddd9b81451fc728df4f95f63c5202636d0c32d9f0b36ad18
minecraft:red_nether_brick_wall	["minecraft:attack_animation","minecraft:attribute_modifiers","minecraft:break_sound","minecraft:enchantments","minecraft:interact_animation","minecraft:item_model","minecraft:item_name","minecraft:lore","minecraft:max_stack_size","minecraft:rarity","minecraft:repair_cost","minecraft:tooltip_display","minecraft:use_effects"]	772a86ee56192afe7005f4e4c0ae6e8ed7c412f275288a14684f3620a66e763e
minecraft:red_nether_bricks	["minecraft:attack_animation","minecraft:attribute_modifiers","minecraft:break_sound","minecraft:enchantments","minecraft:interact_animation","minecraft:item_model","minecraft:item_name","minecraft:lore","minecraft:max_stack_size","minecraft:rarity","minecraft:repair_cost","minecraft:tooltip_display","minecraft:use_effects"]	bb516803fe7313af3b234bc5af215490b8c43229aada489c089a3830f94373df
minecraft:red_poplar_leaves	["minecraft:attack_animation","minecraft:attribute_modifiers","minecraft:break_sound","minecraft:compostable","minecraft:enchantments","minecraft:interact_animation","minecraft:item_model","minecraft:item_name","minecraft:lore","minecraft:max_stack_size","minecraft:rarity","minecraft:repair_cost","minecraft:tooltip_display","minecraft:use_effects"]	30700e4fc572c130aa96067fad196bf1a87d22adadc2a342d0b515672eacc407
minecraft:red_sand	["minecraft:attack_animation","minecraft:attribute_modifiers","minecraft:break_sound","minecraft:enchantments","minecraft:interact_animation","minecraft:item_model","minecraft:item_name","minecraft:lore","minecraft:max_stack_size","minecraft:rarity","minecraft:repair_cost","minecraft:tooltip_display","minecraft:use_effects"]	ad48f9d6179921192370ae0d7f1603819a8650978d4ac504f71c816c5ed460d0
minecraft:red_sandstone	["minecraft:attack_animation","minecraft:attribute_modifiers","minecraft:break_sound","minecraft:enchantments","minecraft:interact_animation","minecraft:item_model","minecraft:item_name","minecraft:lore","minecraft:max_stack_size","minecraft:rarity","minecraft:repair_cost","minecraft:tooltip_display","minecraft:use_effects"]	b32d6ec2e4afce421342e119bc09ea11990765f4347d6f920b87d8e7d75f15a8
minecraft:red_sandstone_slab	["minecraft:attack_animation","minecraft:attribute_modifiers","minecraft:break_sound","minecraft:enchantments","minecraft:interact_animation","minecraft:item_model","minecraft:item_name","minecraft:lore","minecraft:max_stack_size","minecraft:rarity","minecraft:repair_cost","minecraft:tooltip_display","minecraft:use_effects"]	7262a60fa1ebfa753115c2e5be0d8d3546be0233ace4a05a97732c147b13f708
minecraft:red_sandstone_stairs	["minecraft:attack_animation","minecraft:attribute_modifiers","minecraft:break_sound","minecraft:enchantments","minecraft:interact_animation","minecraft:item_model","minecraft:item_name","minecraft:lore","minecraft:max_stack_size","minecraft:rarity","minecraft:repair_cost","minecraft:tooltip_display","minecraft:use_effects"]	1eb838ef1862a3d6692ebb80a7a79c34ecbb1bffbab143483dcca487277d49e4
minecraft:red_sandstone_wall	["minecraft:attack_animation","minecraft:attribute_modifiers","minecraft:break_sound","minecraft:enchantments","minecraft:interact_animation","minecraft:item_model","minecraft:item_name","minecraft:lore","minecraft:max_stack_size","minecraft:rarity","minecraft:repair_cost","minecraft:tooltip_display","minecraft:use_effects"]	82b60894f7976d0cfcbb5387e9f08e7e9eb8b843daaa0213300667127137962b
minecraft:red_shrub	["minecraft:attack_animation","minecraft:attribute_modifiers","minecraft:break_sound","minecraft:compostable","minecraft:enchantments","minecraft:interact_animation","minecraft:item_model","minecraft:item_name","minecraft:lore","minecraft:max_stack_size","minecraft:rarity","minecraft:repair_cost","minecraft:tooltip_display","minecraft:use_effects"]	a603eb87276a75e932aa16a6a0c77bd4fbbc9c43d3c8e8705e815b67b4d2ae5a
minecraft:red_shulker_box	["minecraft:attack_animation","minecraft:attribute_modifiers","minecraft:break_sound","minecraft:container","minecraft:enchantments","minecraft:interact_animation","minecraft:item_model","minecraft:item_name","minecraft:lore","minecraft:max_stack_size","minecraft:rarity","minecraft:repair_cost","minecraft:tooltip_display","minecraft:use_effects"]	bd15a3e1e9441f8341a89154cd3b535da811e376758bc080528e4c0996af3057
minecraft:red_stained_glass	["minecraft:attack_animation","minecraft:attribute_modifiers","minecraft:break_sound","minecraft:enchantments","minecraft:interact_animation","minecraft:item_model","minecraft:item_name","minecraft:lore","minecraft:max_stack_size","minecraft:rarity","minecraft:repair_cost","minecraft:tooltip_display","minecraft:use_effects"]	67a307b2ce525222c3ea8ff56d10c99818b8985096c02621cd12eb8893da5aa2
minecraft:red_stained_glass_pane	["minecraft:attack_animation","minecraft:attribute_modifiers","minecraft:break_sound","minecraft:enchantments","minecraft:interact_animation","minecraft:item_model","minecraft:item_name","minecraft:lore","minecraft:max_stack_size","minecraft:rarity","minecraft:repair_cost","minecraft:tooltip_display","minecraft:use_effects"]	29c18223637342155d38d3e6f7b71c20da541da7e36c870315ab3bab8d979f25
minecraft:red_terracotta	["minecraft:attack_animation","minecraft:attribute_modifiers","minecraft:break_sound","minecraft:enchantments","minecraft:interact_animation","minecraft:item_model","minecraft:item_name","minecraft:lore","minecraft:max_stack_size","minecraft:rarity","minecraft:repair_cost","minecraft:tooltip_display","minecraft:use_effects"]	bc8103dbdea107a36cdfb1f28fc6d762bcf10006b8a776e3193431b2208794f1
minecraft:red_tulip	["minecraft:attack_animation","minecraft:attribute_modifiers","minecraft:break_sound","minecraft:compostable","minecraft:enchantments","minecraft:interact_animation","minecraft:item_model","minecraft:item_name","minecraft:lore","minecraft:max_stack_size","minecraft:rarity","minecraft:repair_cost","minecraft:tooltip_display","minecraft:use_effects"]	849a3ed72ef9540cd158d4e2b805ec4b922c57df3b745c7985fc296efac68495
minecraft:red_wool	["minecraft:attack_animation","minecraft:attribute_modifiers","minecraft:break_sound","minecraft:cooking_fuel","minecraft:enchantments","minecraft:interact_animation","minecraft:item_model","minecraft:item_name","minecraft:lore","minecraft:max_stack_size","minecraft:rarity","minecraft:repair_cost","minecraft:tooltip_display","minecraft:use_effects"]	de7c8f17ab6aeb96271fc3bf737c2ec68e617b1a758dda40e9e6a82063bdf0e8
minecraft:red_wool_slab	["minecraft:attack_animation","minecraft:attribute_modifiers","minecraft:break_sound","minecraft:cooking_fuel","minecraft:enchantments","minecraft:interact_animation","minecraft:item_model","minecraft:item_name","minecraft:lore","minecraft:max_stack_size","minecraft:rarity","minecraft:repair_cost","minecraft:tooltip_display","minecraft:use_effects"]	2f16d9fff024d4bf594b0d7858cc69aadf0c3eff12141f7c7423930ec6af0f45
minecraft:red_wool_stairs	["minecraft:attack_animation","minecraft:attribute_modifiers","minecraft:break_sound","minecraft:cooking_fuel","minecraft:enchantments","minecraft:interact_animation","minecraft:item_model","minecraft:item_name","minecraft:lore","minecraft:max_stack_size","minecraft:rarity","minecraft:repair_cost","minecraft:tooltip_display","minecraft:use_effects"]	dc8ae27e01d6e8d1b759ea6473763f9ea54ada1d21387dcf02c1aca8bb135ee5
minecraft:redstone	["minecraft:attack_animation","minecraft:attribute_modifiers","minecraft:break_sound","minecraft:enchantments","minecraft:interact_animation","minecraft:item_model","minecraft:item_name","minecraft:lore","minecraft:max_stack_size","minecraft:provides_trim_material","minecraft:rarity","minecraft:repair_cost","minecraft:tooltip_display","minecraft:use_effects"]	100726a1b5c7adf10a6505a9f6894e09e86b8dcd13ef2b4d63a3017b0f54e0e2
minecraft:redstone_block	["minecraft:attack_animation","minecraft:attribute_modifiers","minecraft:break_sound","minecraft:enchantments","minecraft:interact_animation","minecraft:item_model","minecraft:item_name","minecraft:lore","minecraft:max_stack_size","minecraft:rarity","minecraft:repair_cost","minecraft:tooltip_display","minecraft:use_effects"]	f103feff6e13f546c00e1817b8480a544195479bf95ab6933650b00a1b6c44cc
minecraft:redstone_lamp	["minecraft:attack_animation","minecraft:attribute_modifiers","minecraft:break_sound","minecraft:enchantments","minecraft:interact_animation","minecraft:item_model","minecraft:item_name","minecraft:lore","minecraft:max_stack_size","minecraft:rarity","minecraft:repair_cost","minecraft:tooltip_display","minecraft:use_effects"]	495fddd5983e1f0649827e32f47e3bd64872796dda78bf6ba21463741caa0e91
minecraft:redstone_ore	["minecraft:attack_animation","minecraft:attribute_modifiers","minecraft:break_sound","minecraft:enchantments","minecraft:interact_animation","minecraft:item_model","minecraft:item_name","minecraft:lore","minecraft:max_stack_size","minecraft:rarity","minecraft:repair_cost","minecraft:tooltip_display","minecraft:use_effects"]	2eb28f94b09c4cbd37098b4ebcc82f5f83cfbabd6931fba328ee2a1b7c6cfad0
minecraft:redstone_torch	["minecraft:attack_animation","minecraft:attribute_modifiers","minecraft:break_sound","minecraft:enchantments","minecraft:interact_animation","minecraft:item_model","minecraft:item_name","minecraft:lore","minecraft:max_stack_size","minecraft:rarity","minecraft:repair_cost","minecraft:tooltip_display","minecraft:use_effects"]	13abed62705ed77b2b65cf739d100985eb1a8d7248394150cc1ee8029ee42e85
minecraft:reinforced_deepslate	["minecraft:attack_animation","minecraft:attribute_modifiers","minecraft:break_sound","minecraft:enchantments","minecraft:interact_animation","minecraft:item_model","minecraft:item_name","minecraft:lore","minecraft:max_stack_size","minecraft:rarity","minecraft:repair_cost","minecraft:tooltip_display","minecraft:use_effects"]	709ff5f0c00babd9b59dc2cf4f328346163d470976a1267a15cce1be11efef54
minecraft:repeater	["minecraft:attack_animation","minecraft:attribute_modifiers","minecraft:break_sound","minecraft:enchantments","minecraft:interact_animation","minecraft:item_model","minecraft:item_name","minecraft:lore","minecraft:max_stack_size","minecraft:rarity","minecraft:repair_cost","minecraft:tooltip_display","minecraft:use_effects"]	09b9b28dd49f0fbc2cb0d7135f60907f14cea6d8d2dd9ae5584f43137c6d94fc
minecraft:repeating_command_block	["minecraft:attack_animation","minecraft:attribute_modifiers","minecraft:break_sound","minecraft:enchantments","minecraft:interact_animation","minecraft:item_model","minecraft:item_name","minecraft:lore","minecraft:max_stack_size","minecraft:rarity","minecraft:repair_cost","minecraft:tooltip_display","minecraft:use_effects"]	1d48223761060ce311c1fdf64043642e2c4fc52a99ced2fda794a60f51ac95ec
minecraft:resin_block	["minecraft:attack_animation","minecraft:attribute_modifiers","minecraft:break_sound","minecraft:enchantments","minecraft:interact_animation","minecraft:item_model","minecraft:item_name","minecraft:lore","minecraft:max_stack_size","minecraft:rarity","minecraft:repair_cost","minecraft:tooltip_display","minecraft:use_effects"]	134dca293b2771e63aa2cfa958dab5577ecb8fe4fe0b83764a6407ef07c2bcb1
minecraft:resin_brick	["minecraft:attack_animation","minecraft:attribute_modifiers","minecraft:break_sound","minecraft:enchantments","minecraft:interact_animation","minecraft:item_model","minecraft:item_name","minecraft:lore","minecraft:max_stack_size","minecraft:provides_trim_material","minecraft:rarity","minecraft:repair_cost","minecraft:tooltip_display","minecraft:use_effects"]	5df044136a98c9ba540f5187862b6678dfbdf688aee0b4fdc20415bcfbcd1f09
minecraft:resin_brick_slab	["minecraft:attack_animation","minecraft:attribute_modifiers","minecraft:break_sound","minecraft:enchantments","minecraft:interact_animation","minecraft:item_model","minecraft:item_name","minecraft:lore","minecraft:max_stack_size","minecraft:rarity","minecraft:repair_cost","minecraft:tooltip_display","minecraft:use_effects"]	09464df60aaa0d06729f218694676efef7291d9f7ab7ebddc7b2695ed07efb4f
minecraft:resin_brick_stairs	["minecraft:attack_animation","minecraft:attribute_modifiers","minecraft:break_sound","minecraft:enchantments","minecraft:interact_animation","minecraft:item_model","minecraft:item_name","minecraft:lore","minecraft:max_stack_size","minecraft:rarity","minecraft:repair_cost","minecraft:tooltip_display","minecraft:use_effects"]	0e569875216afaea4708006942ee76d3a8002a40eb5c2f42bf034405b0f3f8ce
minecraft:resin_brick_wall	["minecraft:attack_animation","minecraft:attribute_modifiers","minecraft:break_sound","minecraft:enchantments","minecraft:interact_animation","minecraft:item_model","minecraft:item_name","minecraft:lore","minecraft:max_stack_size","minecraft:rarity","minecraft:repair_cost","minecraft:tooltip_display","minecraft:use_effects"]	fba46319dcf881aff1a626e9de7df5d551e90e4181e9c48e745d4e246a388d3e
minecraft:resin_bricks	["minecraft:attack_animation","minecraft:attribute_modifiers","minecraft:break_sound","minecraft:enchantments","minecraft:interact_animation","minecraft:item_model","minecraft:item_name","minecraft:lore","minecraft:max_stack_size","minecraft:rarity","minecraft:repair_cost","minecraft:tooltip_display","minecraft:use_effects"]	b12f22b9e7d5f9e355e7daaa2fce281694fec7ec34c6a5ce1bdae671a7d65653
minecraft:resin_clump	["minecraft:attack_animation","minecraft:attribute_modifiers","minecraft:break_sound","minecraft:enchantments","minecraft:interact_animation","minecraft:item_model","minecraft:item_name","minecraft:lore","minecraft:max_stack_size","minecraft:rarity","minecraft:repair_cost","minecraft:tooltip_display","minecraft:use_effects"]	80673eb07d7d44fd46095815cea47e8734c7b296bd9f6cffd47b0b4225acc19d
minecraft:respawn_anchor	["minecraft:attack_animation","minecraft:attribute_modifiers","minecraft:break_sound","minecraft:enchantments","minecraft:interact_animation","minecraft:item_model","minecraft:item_name","minecraft:lore","minecraft:max_stack_size","minecraft:rarity","minecraft:repair_cost","minecraft:tooltip_display","minecraft:use_effects"]	8aa57c035eb29e09205cfd4bc32fa8c1cc1f0a4131fcebd7b31abdefa902dbc3
minecraft:rib_armor_trim_smithing_template	["minecraft:attack_animation","minecraft:attribute_modifiers","minecraft:break_sound","minecraft:enchantments","minecraft:interact_animation","minecraft:item_model","minecraft:item_name","minecraft:lore","minecraft:max_stack_size","minecraft:rarity","minecraft:repair_cost","minecraft:tooltip_display","minecraft:use_effects"]	55e7c45ff4d4d90305a0f3b1c0cd235c1c92fc9c9e45d8feeaedf62e2f631f22
minecraft:rooted_dirt	["minecraft:attack_animation","minecraft:attribute_modifiers","minecraft:break_sound","minecraft:enchantments","minecraft:interact_animation","minecraft:item_model","minecraft:item_name","minecraft:lore","minecraft:max_stack_size","minecraft:rarity","minecraft:repair_cost","minecraft:tooltip_display","minecraft:use_effects"]	6c4dd6a61426e9173e9b75f41eff765904668fd0e34eb9f47c33d443988f1d15
minecraft:rose_bush	["minecraft:attack_animation","minecraft:attribute_modifiers","minecraft:break_sound","minecraft:compostable","minecraft:enchantments","minecraft:interact_animation","minecraft:item_model","minecraft:item_name","minecraft:lore","minecraft:max_stack_size","minecraft:rarity","minecraft:repair_cost","minecraft:tooltip_display","minecraft:use_effects"]	aa7ff1ea54f43bc4d416b0716d363b9ec59c70e3cef8042b03772351d2c497cd
minecraft:rotten_flesh	["minecraft:attack_animation","minecraft:attribute_modifiers","minecraft:break_sound","minecraft:consumable","minecraft:enchantments","minecraft:food","minecraft:interact_animation","minecraft:item_model","minecraft:item_name","minecraft:lore","minecraft:max_stack_size","minecraft:rarity","minecraft:repair_cost","minecraft:tooltip_display","minecraft:use_effects"]	01b3ade57beb7faf6019743a9d75e282f49dc4ce8ab69493509699527480c98e
minecraft:saddle	["minecraft:attack_animation","minecraft:attribute_modifiers","minecraft:break_sound","minecraft:enchantments","minecraft:equippable","minecraft:interact_animation","minecraft:item_model","minecraft:item_name","minecraft:lore","minecraft:max_stack_size","minecraft:rarity","minecraft:repair_cost","minecraft:tooltip_display","minecraft:use_effects"]	9dc18a104fba9e79df666bbae21f51599eabf690b05ff401db14e705ce2aaf81
minecraft:salmon	["minecraft:attack_animation","minecraft:attribute_modifiers","minecraft:break_sound","minecraft:consumable","minecraft:enchantments","minecraft:food","minecraft:interact_animation","minecraft:item_model","minecraft:item_name","minecraft:lore","minecraft:max_stack_size","minecraft:rarity","minecraft:repair_cost","minecraft:tooltip_display","minecraft:use_effects"]	c17b8fdc353efed56c79b4a1855a2d88ead6ca02a2bb93f597255e8bb215aa80
minecraft:salmon_bucket	["minecraft:attack_animation","minecraft:attribute_modifiers","minecraft:break_sound","minecraft:bucket_entity_data","minecraft:enchantments","minecraft:food","minecraft:interact_animation","minecraft:item_model","minecraft:item_name","minecraft:lore","minecraft:max_stack_size","minecraft:rarity","minecraft:repair_cost","minecraft:tooltip_display","minecraft:use_effects"]	b3b17ec5e534f760827f9a60c30f36a20fe6a9a539e4cf5887b0d22408934508
minecraft:salmon_spawn_egg	["minecraft:attack_animation","minecraft:attribute_modifiers","minecraft:break_sound","minecraft:enchantments","minecraft:entity_data","minecraft:interact_animation","minecraft:item_model","minecraft:item_name","minecraft:lore","minecraft:max_stack_size","minecraft:rarity","minecraft:repair_cost","minecraft:tooltip_display","minecraft:use_effects"]	d2a4c73b0543101e1e921eced75be23dc88ce111442702d9112547ec26e13f4f
minecraft:sand	["minecraft:attack_animation","minecraft:attribute_modifiers","minecraft:break_sound","minecraft:enchantments","minecraft:interact_animation","minecraft:item_model","minecraft:item_name","minecraft:lore","minecraft:max_stack_size","minecraft:rarity","minecraft:repair_cost","minecraft:tooltip_display","minecraft:use_effects"]	26c33bd3aaf196a7b9c55b65c26ff5794376301113559b2ac9fc3db3b79eea95
minecraft:sandstone	["minecraft:attack_animation","minecraft:attribute_modifiers","minecraft:break_sound","minecraft:enchantments","minecraft:interact_animation","minecraft:item_model","minecraft:item_name","minecraft:lore","minecraft:max_stack_size","minecraft:rarity","minecraft:repair_cost","minecraft:tooltip_display","minecraft:use_effects"]	c7f553fca2c74cd59409d47653e0df3b5b03a249abe313c3737b3765309dfd7e
minecraft:sandstone_slab	["minecraft:attack_animation","minecraft:attribute_modifiers","minecraft:break_sound","minecraft:enchantments","minecraft:interact_animation","minecraft:item_model","minecraft:item_name","minecraft:lore","minecraft:max_stack_size","minecraft:rarity","minecraft:repair_cost","minecraft:tooltip_display","minecraft:use_effects"]	997f80bd5a0103f7c7cd983b1b4e2bdfde088af8ebc9e82bc4c35dbefbad6647
minecraft:sandstone_stairs	["minecraft:attack_animation","minecraft:attribute_modifiers","minecraft:break_sound","minecraft:enchantments","minecraft:interact_animation","minecraft:item_model","minecraft:item_name","minecraft:lore","minecraft:max_stack_size","minecraft:rarity","minecraft:repair_cost","minecraft:tooltip_display","minecraft:use_effects"]	66a10f72212ca6b1f8f9b8c2cf9e239b0ffae83b4d33ed0e06a05bf8ad077a3e
minecraft:sandstone_wall	["minecraft:attack_animation","minecraft:attribute_modifiers","minecraft:break_sound","minecraft:enchantments","minecraft:interact_animation","minecraft:item_model","minecraft:item_name","minecraft:lore","minecraft:max_stack_size","minecraft:rarity","minecraft:repair_cost","minecraft:tooltip_display","minecraft:use_effects"]	8e3e56e162c92eae662cff8a243d480e07bbfd89f38a857b6ab9174413aa636f
minecraft:savanna_village_map	["minecraft:attack_animation","minecraft:attribute_modifiers","minecraft:break_sound","minecraft:enchantments","minecraft:interact_animation","minecraft:item_model","minecraft:item_name","minecraft:lore","minecraft:map_decorations","minecraft:max_stack_size","minecraft:rarity","minecraft:repair_cost","minecraft:tooltip_display","minecraft:use_effects"]	dbc7e7b74886a454e8e22b7cb04f502145532680a3398e999a119ca3d89ca9f9
minecraft:scaffolding	["minecraft:attack_animation","minecraft:attribute_modifiers","minecraft:break_sound","minecraft:cooking_fuel","minecraft:enchantments","minecraft:interact_animation","minecraft:item_model","minecraft:item_name","minecraft:lore","minecraft:max_stack_size","minecraft:rarity","minecraft:repair_cost","minecraft:tooltip_display","minecraft:use_effects"]	065c275ef18254c283174bfa9c77598c8791c404bb55afdd001110379e08b4d9
minecraft:scrape_pottery_sherd	["minecraft:attack_animation","minecraft:attribute_modifiers","minecraft:break_sound","minecraft:enchantments","minecraft:interact_animation","minecraft:item_model","minecraft:item_name","minecraft:lore","minecraft:max_stack_size","minecraft:provides_pottery_pattern","minecraft:rarity","minecraft:repair_cost","minecraft:tooltip_display","minecraft:use_effects"]	6d038205ac06500cab00f88572e67edf139ea82e705f8125191c0ea8c3020419
minecraft:sculk	["minecraft:attack_animation","minecraft:attribute_modifiers","minecraft:break_sound","minecraft:enchantments","minecraft:interact_animation","minecraft:item_model","minecraft:item_name","minecraft:lore","minecraft:max_stack_size","minecraft:rarity","minecraft:repair_cost","minecraft:tooltip_display","minecraft:use_effects"]	bf6954f4361a895a463b72682b2544cdfec73c8864730e1d659fe26190508860
minecraft:sculk_catalyst	["minecraft:attack_animation","minecraft:attribute_modifiers","minecraft:break_sound","minecraft:enchantments","minecraft:interact_animation","minecraft:item_model","minecraft:item_name","minecraft:lore","minecraft:max_stack_size","minecraft:rarity","minecraft:repair_cost","minecraft:tooltip_display","minecraft:use_effects"]	13b1d0a649a24f08de4d7c3dcc30eb884eff973130f674ade33bd6cae16876b0
minecraft:sculk_sensor	["minecraft:attack_animation","minecraft:attribute_modifiers","minecraft:break_sound","minecraft:enchantments","minecraft:interact_animation","minecraft:item_model","minecraft:item_name","minecraft:lore","minecraft:max_stack_size","minecraft:rarity","minecraft:repair_cost","minecraft:tooltip_display","minecraft:use_effects"]	8d1e6f0811b061568f14f1b4b6dc930cf1b0a665d5bfa8d3603af88c274fd882
minecraft:sculk_shrieker	["minecraft:attack_animation","minecraft:attribute_modifiers","minecraft:break_sound","minecraft:enchantments","minecraft:interact_animation","minecraft:item_model","minecraft:item_name","minecraft:lore","minecraft:max_stack_size","minecraft:rarity","minecraft:repair_cost","minecraft:tooltip_display","minecraft:use_effects"]	fbbb15dd691a2df8b8c74d7c709dcf0f1c581522a9a6ac51961c8803b83b2b4d
minecraft:sculk_vein	["minecraft:attack_animation","minecraft:attribute_modifiers","minecraft:break_sound","minecraft:enchantments","minecraft:interact_animation","minecraft:item_model","minecraft:item_name","minecraft:lore","minecraft:max_stack_size","minecraft:rarity","minecraft:repair_cost","minecraft:tooltip_display","minecraft:use_effects"]	e1be32bf3f44fe91e63d0959af202ac72a804d870140b8eb1322dfa9066c1a7e
minecraft:sea_lantern	["minecraft:attack_animation","minecraft:attribute_modifiers","minecraft:break_sound","minecraft:enchantments","minecraft:interact_animation","minecraft:item_model","minecraft:item_name","minecraft:lore","minecraft:max_stack_size","minecraft:rarity","minecraft:repair_cost","minecraft:tooltip_display","minecraft:use_effects"]	f27c483cfb7715c1d869ec3e7bfc7bfb0aac9e5b846e0e12fcc7384f026ffb19
minecraft:sea_pickle	["minecraft:attack_animation","minecraft:attribute_modifiers","minecraft:break_sound","minecraft:compostable","minecraft:enchantments","minecraft:interact_animation","minecraft:item_model","minecraft:item_name","minecraft:lore","minecraft:max_stack_size","minecraft:rarity","minecraft:repair_cost","minecraft:tooltip_display","minecraft:use_effects"]	7b714c763b12e6ada5c351f919882a7f798a6167bbcac39521f471213c4d15b9
minecraft:seagrass	["minecraft:attack_animation","minecraft:attribute_modifiers","minecraft:break_sound","minecraft:compostable","minecraft:enchantments","minecraft:interact_animation","minecraft:item_model","minecraft:item_name","minecraft:lore","minecraft:max_stack_size","minecraft:rarity","minecraft:repair_cost","minecraft:tooltip_display","minecraft:use_effects"]	b16139b8056792efc8db87ca26974ed9d66d8c918938af41af918dbb0fbb4b26
minecraft:sentry_armor_trim_smithing_template	["minecraft:attack_animation","minecraft:attribute_modifiers","minecraft:break_sound","minecraft:enchantments","minecraft:interact_animation","minecraft:item_model","minecraft:item_name","minecraft:lore","minecraft:max_stack_size","minecraft:rarity","minecraft:repair_cost","minecraft:tooltip_display","minecraft:use_effects"]	8e78e3d90b0d7d034da13b10b5274caa31f27d77c1cf492f636e189479a582df
minecraft:shaper_armor_trim_smithing_template	["minecraft:attack_animation","minecraft:attribute_modifiers","minecraft:break_sound","minecraft:enchantments","minecraft:interact_animation","minecraft:item_model","minecraft:item_name","minecraft:lore","minecraft:max_stack_size","minecraft:rarity","minecraft:repair_cost","minecraft:tooltip_display","minecraft:use_effects"]	ee5e68a493172e5c153762e722d92307abbde8b6172cdbd4cd17f049b6bf28e5
minecraft:sheaf_pottery_sherd	["minecraft:attack_animation","minecraft:attribute_modifiers","minecraft:break_sound","minecraft:enchantments","minecraft:interact_animation","minecraft:item_model","minecraft:item_name","minecraft:lore","minecraft:max_stack_size","minecraft:provides_pottery_pattern","minecraft:rarity","minecraft:repair_cost","minecraft:tooltip_display","minecraft:use_effects"]	5494302774db79af0799f21e14ae82f50c33a3697b3a5a71277f4b8108f4d68e
minecraft:shears	["minecraft:attack_animation","minecraft:attribute_modifiers","minecraft:break_sound","minecraft:damage","minecraft:enchantments","minecraft:interact_animation","minecraft:item_model","minecraft:item_name","minecraft:lore","minecraft:max_damage","minecraft:max_stack_size","minecraft:rarity","minecraft:repair_cost","minecraft:tool","minecraft:tooltip_display","minecraft:use_effects"]	541427dc016fd7072eeb603b753db466dd1c27ccdfb32a826d625bdc6b39cc8e
minecraft:sheep_spawn_egg	["minecraft:attack_animation","minecraft:attribute_modifiers","minecraft:break_sound","minecraft:enchantments","minecraft:entity_data","minecraft:interact_animation","minecraft:item_model","minecraft:item_name","minecraft:lore","minecraft:max_stack_size","minecraft:rarity","minecraft:repair_cost","minecraft:tooltip_display","minecraft:use_effects"]	a7cea73188b3e366fb6d9a2c0f508a2dcba85b6f7ccb8fb93847a8bdbea2843a
minecraft:shelf_mushroom	["minecraft:attack_animation","minecraft:attribute_modifiers","minecraft:break_sound","minecraft:compostable","minecraft:enchantments","minecraft:interact_animation","minecraft:item_model","minecraft:item_name","minecraft:lore","minecraft:max_stack_size","minecraft:rarity","minecraft:repair_cost","minecraft:tooltip_display","minecraft:use_effects"]	64487d87c087feabb88703da40840d3682cd1aa44035ac9ef1fb47da8f3a2b5b
minecraft:shelter_pottery_sherd	["minecraft:attack_animation","minecraft:attribute_modifiers","minecraft:break_sound","minecraft:enchantments","minecraft:interact_animation","minecraft:item_model","minecraft:item_name","minecraft:lore","minecraft:max_stack_size","minecraft:provides_pottery_pattern","minecraft:rarity","minecraft:repair_cost","minecraft:tooltip_display","minecraft:use_effects"]	4a43311706eb96df8a60e8024cab5dcee3b9bfc2f26d82d5d06391afbd289dd1
minecraft:shield	["minecraft:attack_animation","minecraft:attribute_modifiers","minecraft:banner_patterns","minecraft:blocks_attacks","minecraft:break_sound","minecraft:damage","minecraft:enchantments","minecraft:equippable","minecraft:interact_animation","minecraft:item_model","minecraft:item_name","minecraft:lore","minecraft:max_damage","minecraft:max_stack_size","minecraft:rarity","minecraft:repair_cost","minecraft:repairable","minecraft:tooltip_display","minecraft:use_effects"]	8a2fa7615f1b88045256e0482443cf3242bd9893ccbb33ece69932fdf9c629f5
minecraft:short_dry_grass	["minecraft:attack_animation","minecraft:attribute_modifiers","minecraft:break_sound","minecraft:compostable","minecraft:cooking_fuel","minecraft:enchantments","minecraft:interact_animation","minecraft:item_model","minecraft:item_name","minecraft:lore","minecraft:max_stack_size","minecraft:rarity","minecraft:repair_cost","minecraft:tooltip_display","minecraft:use_effects"]	7f103d89ee1b28a0b7b381ee60acc2e4a733d4e7bb64e82b567d2d09a114658e
minecraft:short_grass	["minecraft:attack_animation","minecraft:attribute_modifiers","minecraft:break_sound","minecraft:compostable","minecraft:enchantments","minecraft:interact_animation","minecraft:item_model","minecraft:item_name","minecraft:lore","minecraft:max_stack_size","minecraft:rarity","minecraft:repair_cost","minecraft:tooltip_display","minecraft:use_effects"]	c9ae429492120c06479849635dfb21c2635ceca35a8e321230be683861dc8854
minecraft:shroomlight	["minecraft:attack_animation","minecraft:attribute_modifiers","minecraft:break_sound","minecraft:compostable","minecraft:enchantments","minecraft:interact_animation","minecraft:item_model","minecraft:item_name","minecraft:lore","minecraft:max_stack_size","minecraft:rarity","minecraft:repair_cost","minecraft:tooltip_display","minecraft:use_effects"]	c219d31a2f4f099cc466fb5ab9e6386c80e9e65433e06930c3cd255ab3a391f1
minecraft:shulker_box	["minecraft:attack_animation","minecraft:attribute_modifiers","minecraft:break_sound","minecraft:container","minecraft:enchantments","minecraft:interact_animation","minecraft:item_model","minecraft:item_name","minecraft:lore","minecraft:max_stack_size","minecraft:rarity","minecraft:repair_cost","minecraft:tooltip_display","minecraft:use_effects"]	29a97b7c8bac416f2057632e27e73565287da7866f7387dad4591c975c209cc3
minecraft:shulker_shell	["minecraft:attack_animation","minecraft:attribute_modifiers","minecraft:break_sound","minecraft:enchantments","minecraft:interact_animation","minecraft:item_model","minecraft:item_name","minecraft:lore","minecraft:max_stack_size","minecraft:rarity","minecraft:repair_cost","minecraft:tooltip_display","minecraft:use_effects"]	ccd575e071fe6b7c04c62b17ddce94adc261d2a918113b17b43326a38bf36260
minecraft:shulker_spawn_egg	["minecraft:attack_animation","minecraft:attribute_modifiers","minecraft:break_sound","minecraft:enchantments","minecraft:entity_data","minecraft:interact_animation","minecraft:item_model","minecraft:item_name","minecraft:lore","minecraft:max_stack_size","minecraft:rarity","minecraft:repair_cost","minecraft:tooltip_display","minecraft:use_effects"]	8af10cd34f02bfde3ed1363d6266c79a698f1b359b4e8b5bddb28e732ca7d01c
minecraft:silence_armor_trim_smithing_template	["minecraft:attack_animation","minecraft:attribute_modifiers","minecraft:break_sound","minecraft:enchantments","minecraft:interact_animation","minecraft:item_model","minecraft:item_name","minecraft:lore","minecraft:max_stack_size","minecraft:rarity","minecraft:repair_cost","minecraft:tooltip_display","minecraft:use_effects"]	37f4ef6dea565a1a5203f291acd033dad364a1b3fae944a42b3e087bcf07a879
minecraft:silverfish_spawn_egg	["minecraft:attack_animation","minecraft:attribute_modifiers","minecraft:break_sound","minecraft:enchantments","minecraft:entity_data","minecraft:interact_animation","minecraft:item_model","minecraft:item_name","minecraft:lore","minecraft:max_stack_size","minecraft:rarity","minecraft:repair_cost","minecraft:tooltip_display","minecraft:use_effects"]	678ac369f0951b39d8a92273c91806d5502f73eb379cdfaca37454a19b8cc1b1
minecraft:skeleton_horse_spawn_egg	["minecraft:attack_animation","minecraft:attribute_modifiers","minecraft:break_sound","minecraft:enchantments","minecraft:entity_data","minecraft:interact_animation","minecraft:item_model","minecraft:item_name","minecraft:lore","minecraft:max_stack_size","minecraft:rarity","minecraft:repair_cost","minecraft:tooltip_display","minecraft:use_effects"]	56104d466439a9362fb6150ab90f71b739d8e8b6bbad2f5b0bef58fa95394bef
minecraft:skeleton_skull	["minecraft:attack_animation","minecraft:attribute_modifiers","minecraft:break_sound","minecraft:enchantments","minecraft:equippable","minecraft:interact_animation","minecraft:item_model","minecraft:item_name","minecraft:lore","minecraft:max_stack_size","minecraft:mob_visibility","minecraft:rarity","minecraft:repair_cost","minecraft:tooltip_display","minecraft:use_effects"]	483af17503e92d7732a4333f1de82b327c6baa1524afb5053592938902171613
minecraft:skeleton_spawn_egg	["minecraft:attack_animation","minecraft:attribute_modifiers","minecraft:break_sound","minecraft:enchantments","minecraft:entity_data","minecraft:interact_animation","minecraft:item_model","minecraft:item_name","minecraft:lore","minecraft:max_stack_size","minecraft:rarity","minecraft:repair_cost","minecraft:tooltip_display","minecraft:use_effects"]	e5576e07dbfe375109bfa13ce4fdfa81c246c74a5ad0b1e7bbf15adff8fe88f5
minecraft:skull_banner_pattern	["minecraft:attack_animation","minecraft:attribute_modifiers","minecraft:break_sound","minecraft:enchantments","minecraft:interact_animation","minecraft:item_model","minecraft:item_name","minecraft:lore","minecraft:max_stack_size","minecraft:provides_banner_patterns","minecraft:rarity","minecraft:repair_cost","minecraft:tooltip_display","minecraft:use_effects"]	d17b81798ddd95afff7f65215d770a37cc74e88230a9258128284b1ca7dd6efe
minecraft:skull_pottery_sherd	["minecraft:attack_animation","minecraft:attribute_modifiers","minecraft:break_sound","minecraft:enchantments","minecraft:interact_animation","minecraft:item_model","minecraft:item_name","minecraft:lore","minecraft:max_stack_size","minecraft:provides_pottery_pattern","minecraft:rarity","minecraft:repair_cost","minecraft:tooltip_display","minecraft:use_effects"]	332312fe0ddc32f9a16cee5e8c795db2111d40a3ae786eae1cb1674b9563267e
minecraft:slime_ball	["minecraft:attack_animation","minecraft:attribute_modifiers","minecraft:break_sound","minecraft:enchantments","minecraft:interact_animation","minecraft:item_model","minecraft:item_name","minecraft:lore","minecraft:max_stack_size","minecraft:rarity","minecraft:repair_cost","minecraft:tooltip_display","minecraft:use_effects"]	0f2f10d272a543a293f04144239714330962fcb6606bbaa268dc05a9919fc520
minecraft:slime_block	["minecraft:attack_animation","minecraft:attribute_modifiers","minecraft:break_sound","minecraft:enchantments","minecraft:interact_animation","minecraft:item_model","minecraft:item_name","minecraft:lore","minecraft:max_stack_size","minecraft:rarity","minecraft:repair_cost","minecraft:tooltip_display","minecraft:use_effects"]	5ab99f8fdc291b18de1ee02284c9345f09959c993a0c12825da484b6f538d8a3
minecraft:slime_spawn_egg	["minecraft:attack_animation","minecraft:attribute_modifiers","minecraft:break_sound","minecraft:enchantments","minecraft:entity_data","minecraft:interact_animation","minecraft:item_model","minecraft:item_name","minecraft:lore","minecraft:max_stack_size","minecraft:rarity","minecraft:repair_cost","minecraft:tooltip_display","minecraft:use_effects"]	562f0dd1b18a3f2ea9286fdf3b38bb54e53c3d35b4ee3f6157bfa9c2f3e672fb
minecraft:small_amethyst_bud	["minecraft:attack_animation","minecraft:attribute_modifiers","minecraft:break_sound","minecraft:enchantments","minecraft:interact_animation","minecraft:item_model","minecraft:item_name","minecraft:lore","minecraft:max_stack_size","minecraft:rarity","minecraft:repair_cost","minecraft:tooltip_display","minecraft:use_effects"]	f90c14723ed8afcd6ac79946f42950cc4ed16f5459cb976c21140701ad874f00
minecraft:small_dripleaf	["minecraft:attack_animation","minecraft:attribute_modifiers","minecraft:break_sound","minecraft:compostable","minecraft:enchantments","minecraft:interact_animation","minecraft:item_model","minecraft:item_name","minecraft:lore","minecraft:max_stack_size","minecraft:rarity","minecraft:repair_cost","minecraft:tooltip_display","minecraft:use_effects"]	c21abd9eb903103e51c2a104348b9a1fa521c837f5591002eaa9f17f00169afe
minecraft:smithing_table	["minecraft:attack_animation","minecraft:attribute_modifiers","minecraft:break_sound","minecraft:cooking_fuel","minecraft:enchantments","minecraft:interact_animation","minecraft:item_model","minecraft:item_name","minecraft:lore","minecraft:max_stack_size","minecraft:rarity","minecraft:repair_cost","minecraft:tooltip_display","minecraft:use_effects"]	a33f2d5fcd21032d7ad6eb0c81fe2768c1a914001bc37614c398e39def7afb5a
minecraft:smoker	["minecraft:attack_animation","minecraft:attribute_modifiers","minecraft:break_sound","minecraft:container","minecraft:enchantments","minecraft:interact_animation","minecraft:item_model","minecraft:item_name","minecraft:lore","minecraft:max_stack_size","minecraft:rarity","minecraft:repair_cost","minecraft:tooltip_display","minecraft:use_effects"]	53a4e5f38d393a43eac9cb0f85a16f38b1e9d819d9114e6dd0d73bd006f78d67
minecraft:smooth_basalt	["minecraft:attack_animation","minecraft:attribute_modifiers","minecraft:break_sound","minecraft:enchantments","minecraft:interact_animation","minecraft:item_model","minecraft:item_name","minecraft:lore","minecraft:max_stack_size","minecraft:rarity","minecraft:repair_cost","minecraft:tooltip_display","minecraft:use_effects"]	5ab846d740c6f7e34f1f53830b9dca0d5dc29abc1d32198331aa96743ae6a3a0
minecraft:smooth_quartz	["minecraft:attack_animation","minecraft:attribute_modifiers","minecraft:break_sound","minecraft:enchantments","minecraft:interact_animation","minecraft:item_model","minecraft:item_name","minecraft:lore","minecraft:max_stack_size","minecraft:rarity","minecraft:repair_cost","minecraft:tooltip_display","minecraft:use_effects"]	7efe20a7f36941c49b3e1ebe8ede556b61edf742f3c577684805ae23b601760f
minecraft:smooth_quartz_slab	["minecraft:attack_animation","minecraft:attribute_modifiers","minecraft:break_sound","minecraft:enchantments","minecraft:interact_animation","minecraft:item_model","minecraft:item_name","minecraft:lore","minecraft:max_stack_size","minecraft:rarity","minecraft:repair_cost","minecraft:tooltip_display","minecraft:use_effects"]	194aebafe9fe22cb42a2dc25e8148c03373a763529fbb12d8ca8297ffbe6e1ef
minecraft:smooth_quartz_stairs	["minecraft:attack_animation","minecraft:attribute_modifiers","minecraft:break_sound","minecraft:enchantments","minecraft:interact_animation","minecraft:item_model","minecraft:item_name","minecraft:lore","minecraft:max_stack_size","minecraft:rarity","minecraft:repair_cost","minecraft:tooltip_display","minecraft:use_effects"]	f9ee7ac85c7571b670c2e7618078b5b9c0791d8c456f3faf26309e18940df25c
minecraft:smooth_red_sandstone	["minecraft:attack_animation","minecraft:attribute_modifiers","minecraft:break_sound","minecraft:enchantments","minecraft:interact_animation","minecraft:item_model","minecraft:item_name","minecraft:lore","minecraft:max_stack_size","minecraft:rarity","minecraft:repair_cost","minecraft:tooltip_display","minecraft:use_effects"]	4a354d7268be95bcef487c89387aab61bb8d6969269947ed70950e0ed1d754e6
minecraft:smooth_red_sandstone_slab	["minecraft:attack_animation","minecraft:attribute_modifiers","minecraft:break_sound","minecraft:enchantments","minecraft:interact_animation","minecraft:item_model","minecraft:item_name","minecraft:lore","minecraft:max_stack_size","minecraft:rarity","minecraft:repair_cost","minecraft:tooltip_display","minecraft:use_effects"]	de344777e25cb70b67c0226d5f499ac720237e706923fe6e223bf3995be81b64
minecraft:smooth_red_sandstone_stairs	["minecraft:attack_animation","minecraft:attribute_modifiers","minecraft:break_sound","minecraft:enchantments","minecraft:interact_animation","minecraft:item_model","minecraft:item_name","minecraft:lore","minecraft:max_stack_size","minecraft:rarity","minecraft:repair_cost","minecraft:tooltip_display","minecraft:use_effects"]	703843617467e53138e6e212667633abab5175131a46deda2a6d1fd41552b350
minecraft:smooth_sandstone	["minecraft:attack_animation","minecraft:attribute_modifiers","minecraft:break_sound","minecraft:enchantments","minecraft:interact_animation","minecraft:item_model","minecraft:item_name","minecraft:lore","minecraft:max_stack_size","minecraft:rarity","minecraft:repair_cost","minecraft:tooltip_display","minecraft:use_effects"]	58b2acf10df1da6c347db1c6dd708fc259a86b3af407786c8d765f5acfc094d7
minecraft:smooth_sandstone_slab	["minecraft:attack_animation","minecraft:attribute_modifiers","minecraft:break_sound","minecraft:enchantments","minecraft:interact_animation","minecraft:item_model","minecraft:item_name","minecraft:lore","minecraft:max_stack_size","minecraft:rarity","minecraft:repair_cost","minecraft:tooltip_display","minecraft:use_effects"]	a15990c57314d508f0478840e638b6650a6a631e578e899db8303ba62f61a8dc
minecraft:smooth_sandstone_stairs	["minecraft:attack_animation","minecraft:attribute_modifiers","minecraft:break_sound","minecraft:enchantments","minecraft:interact_animation","minecraft:item_model","minecraft:item_name","minecraft:lore","minecraft:max_stack_size","minecraft:rarity","minecraft:repair_cost","minecraft:tooltip_display","minecraft:use_effects"]	fb8ca0fde2871c82316089edd3430bb95ed0625e70c42710ab8980ce238d35e4
minecraft:smooth_stone	["minecraft:attack_animation","minecraft:attribute_modifiers","minecraft:break_sound","minecraft:enchantments","minecraft:interact_animation","minecraft:item_model","minecraft:item_name","minecraft:lore","minecraft:max_stack_size","minecraft:rarity","minecraft:repair_cost","minecraft:tooltip_display","minecraft:use_effects"]	4c8a857cf39539f8de8134fc75a15f6206eaf54994d9126e9ceb65e54b253763
minecraft:smooth_stone_slab	["minecraft:attack_animation","minecraft:attribute_modifiers","minecraft:break_sound","minecraft:enchantments","minecraft:interact_animation","minecraft:item_model","minecraft:item_name","minecraft:lore","minecraft:max_stack_size","minecraft:rarity","minecraft:repair_cost","minecraft:tooltip_display","minecraft:use_effects"]	27c4fa697a2bcab38e0f1ab5a2dc5c9876b0f74b2e6b8d824c86c8f0e51a1755
minecraft:sniffer_egg	["minecraft:attack_animation","minecraft:attribute_modifiers","minecraft:break_sound","minecraft:enchantments","minecraft:interact_animation","minecraft:item_model","minecraft:item_name","minecraft:lore","minecraft:max_stack_size","minecraft:rarity","minecraft:repair_cost","minecraft:tooltip_display","minecraft:use_effects"]	7d47a6240886f8c60f1578c7749d89a81d8469a980df4c03f3fe767ce060312b
minecraft:sniffer_spawn_egg	["minecraft:attack_animation","minecraft:attribute_modifiers","minecraft:break_sound","minecraft:enchantments","minecraft:entity_data","minecraft:interact_animation","minecraft:item_model","minecraft:item_name","minecraft:lore","minecraft:max_stack_size","minecraft:rarity","minecraft:repair_cost","minecraft:tooltip_display","minecraft:use_effects"]	9c7ce0bfe2db3838a8b02c679f2e763bfceecce61cdeec397f812502f1c86e5d
minecraft:snort_pottery_sherd	["minecraft:attack_animation","minecraft:attribute_modifiers","minecraft:break_sound","minecraft:enchantments","minecraft:interact_animation","minecraft:item_model","minecraft:item_name","minecraft:lore","minecraft:max_stack_size","minecraft:provides_pottery_pattern","minecraft:rarity","minecraft:repair_cost","minecraft:tooltip_display","minecraft:use_effects"]	93ec44d17475afccc7e23a43787b6ddfa73e8204662c99d01bf5833b67d64385
minecraft:snout_armor_trim_smithing_template	["minecraft:attack_animation","minecraft:attribute_modifiers","minecraft:break_sound","minecraft:enchantments","minecraft:interact_animation","minecraft:item_model","minecraft:item_name","minecraft:lore","minecraft:max_stack_size","minecraft:rarity","minecraft:repair_cost","minecraft:tooltip_display","minecraft:use_effects"]	8bae74e9e446726bee61894d7d3915e900826b0109185cb8c9dedea0e6db8db4
minecraft:snow	["minecraft:attack_animation","minecraft:attribute_modifiers","minecraft:break_sound","minecraft:enchantments","minecraft:interact_animation","minecraft:item_model","minecraft:item_name","minecraft:lore","minecraft:max_stack_size","minecraft:rarity","minecraft:repair_cost","minecraft:tooltip_display","minecraft:use_effects"]	8c404c6be5f3542bba2bac1b5f849cf54d97eadb541e73a14c0f0e4a1471c5cc
minecraft:snow_block	["minecraft:attack_animation","minecraft:attribute_modifiers","minecraft:break_sound","minecraft:enchantments","minecraft:interact_animation","minecraft:item_model","minecraft:item_name","minecraft:lore","minecraft:max_stack_size","minecraft:rarity","minecraft:repair_cost","minecraft:tooltip_display","minecraft:use_effects"]	37c8e5ef05594d7a40e1c731b9c37ae388c6e1c4894d3138676295585d8595e1
minecraft:snow_golem_spawn_egg	["minecraft:attack_animation","minecraft:attribute_modifiers","minecraft:break_sound","minecraft:enchantments","minecraft:entity_data","minecraft:interact_animation","minecraft:item_model","minecraft:item_name","minecraft:lore","minecraft:max_stack_size","minecraft:rarity","minecraft:repair_cost","minecraft:tooltip_display","minecraft:use_effects"]	951c9caf87f5beb89f82d2478e19d6c799df68b8c61467a3c6cef77a5d24a035
minecraft:snowball	["minecraft:attack_animation","minecraft:attribute_modifiers","minecraft:break_sound","minecraft:enchantments","minecraft:interact_animation","minecraft:item_model","minecraft:item_name","minecraft:lore","minecraft:max_stack_size","minecraft:rarity","minecraft:repair_cost","minecraft:tooltip_display","minecraft:use_effects"]	445290e60c314513e3b6b85d79e239e2f1231c28c4ac41690c6da3eac1bf2841
minecraft:snowy_village_map	["minecraft:attack_animation","minecraft:attribute_modifiers","minecraft:break_sound","minecraft:enchantments","minecraft:interact_animation","minecraft:item_model","minecraft:item_name","minecraft:lore","minecraft:map_decorations","minecraft:max_stack_size","minecraft:rarity","minecraft:repair_cost","minecraft:tooltip_display","minecraft:use_effects"]	7855474b8ead66d9cdba320cce36faa3a9868c7553701de4057085e0cdab9931
minecraft:soul_campfire	["minecraft:attack_animation","minecraft:attribute_modifiers","minecraft:break_sound","minecraft:container","minecraft:enchantments","minecraft:interact_animation","minecraft:item_model","minecraft:item_name","minecraft:lore","minecraft:max_stack_size","minecraft:rarity","minecraft:repair_cost","minecraft:tooltip_display","minecraft:use_effects"]	69e3adcb64b18c030c48df9b5623057415326588bea673a579d3e7a90bb68344
minecraft:soul_lantern	["minecraft:attack_animation","minecraft:attribute_modifiers","minecraft:break_sound","minecraft:enchantments","minecraft:interact_animation","minecraft:item_model","minecraft:item_name","minecraft:lore","minecraft:max_stack_size","minecraft:rarity","minecraft:repair_cost","minecraft:tooltip_display","minecraft:use_effects"]	ca736fdc763947824ef51bbd25ba1573160603c15e9ed5688790e3a38c87e3f1
minecraft:soul_sand	["minecraft:attack_animation","minecraft:attribute_modifiers","minecraft:break_sound","minecraft:enchantments","minecraft:interact_animation","minecraft:item_model","minecraft:item_name","minecraft:lore","minecraft:max_stack_size","minecraft:rarity","minecraft:repair_cost","minecraft:tooltip_display","minecraft:use_effects"]	cb9b7e689e4910f297e0fb3443fd6724dbc7aa898ea0fabf8a4d8988b664e642
minecraft:soul_soil	["minecraft:attack_animation","minecraft:attribute_modifiers","minecraft:break_sound","minecraft:enchantments","minecraft:interact_animation","minecraft:item_model","minecraft:item_name","minecraft:lore","minecraft:max_stack_size","minecraft:rarity","minecraft:repair_cost","minecraft:tooltip_display","minecraft:use_effects"]	118f152d45f639564432d69a430d6dd7d2e19a3d9dd486931524b63fed7d9e8e
minecraft:soul_torch	["minecraft:attack_animation","minecraft:attribute_modifiers","minecraft:break_sound","minecraft:enchantments","minecraft:interact_animation","minecraft:item_model","minecraft:item_name","minecraft:lore","minecraft:max_stack_size","minecraft:rarity","minecraft:repair_cost","minecraft:tooltip_display","minecraft:use_effects"]	4ff9148e597a43b3095307cede929f86e4d003d1f8e14d5d789640e36f9b10e9
minecraft:spawner	["minecraft:attack_animation","minecraft:attribute_modifiers","minecraft:break_sound","minecraft:enchantments","minecraft:interact_animation","minecraft:item_model","minecraft:item_name","minecraft:lore","minecraft:max_stack_size","minecraft:rarity","minecraft:repair_cost","minecraft:tooltip_display","minecraft:use_effects"]	b11a263ca68fee693fa74781b84746533d3a7dfe7b6e3fc939b8590c727ee1c5
minecraft:spectral_arrow	["minecraft:attack_animation","minecraft:attribute_modifiers","minecraft:break_sound","minecraft:enchantments","minecraft:interact_animation","minecraft:item_model","minecraft:item_name","minecraft:lore","minecraft:max_stack_size","minecraft:rarity","minecraft:repair_cost","minecraft:tooltip_display","minecraft:use_effects"]	9d7565f61f7732efc5328e9e934b907741488147bf3d20b1f6ec93a9ed829f02
minecraft:spider_eye	["minecraft:attack_animation","minecraft:attribute_modifiers","minecraft:break_sound","minecraft:consumable","minecraft:enchantments","minecraft:food","minecraft:interact_animation","minecraft:item_model","minecraft:item_name","minecraft:lore","minecraft:max_stack_size","minecraft:rarity","minecraft:repair_cost","minecraft:tooltip_display","minecraft:use_effects"]	0143cda6189cdf334a53808e0f0f7a58a311a9d9b5b715f92a394165ce693bf2
minecraft:spider_spawn_egg	["minecraft:attack_animation","minecraft:attribute_modifiers","minecraft:break_sound","minecraft:enchantments","minecraft:entity_data","minecraft:interact_animation","minecraft:item_model","minecraft:item_name","minecraft:lore","minecraft:max_stack_size","minecraft:rarity","minecraft:repair_cost","minecraft:tooltip_display","minecraft:use_effects"]	6cc1ac0b5714ef2a1eabcbf5ed3f466f9428b58f7120f4557cda3119d71121a7
minecraft:spire_armor_trim_smithing_template	["minecraft:attack_animation","minecraft:attribute_modifiers","minecraft:break_sound","minecraft:enchantments","minecraft:interact_animation","minecraft:item_model","minecraft:item_name","minecraft:lore","minecraft:max_stack_size","minecraft:rarity","minecraft:repair_cost","minecraft:tooltip_display","minecraft:use_effects"]	a71ace7075e1dea1d247b59a113842fbe1ad5a6fbdb3e95948e8ba3e8eeb5364
minecraft:splash_potion	["minecraft:attack_animation","minecraft:attribute_modifiers","minecraft:break_sound","minecraft:enchantments","minecraft:interact_animation","minecraft:item_model","minecraft:item_name","minecraft:lore","minecraft:max_stack_size","minecraft:potion_contents","minecraft:rarity","minecraft:repair_cost","minecraft:tooltip_display","minecraft:use_effects"]	e5f7f077e61685d8b5c909e410a88b289e5a460cd86b765f8653bedea1c3393c
minecraft:sponge	["minecraft:attack_animation","minecraft:attribute_modifiers","minecraft:break_sound","minecraft:enchantments","minecraft:interact_animation","minecraft:item_model","minecraft:item_name","minecraft:lore","minecraft:max_stack_size","minecraft:rarity","minecraft:repair_cost","minecraft:tooltip_display","minecraft:use_effects"]	8c209a8b72f6c2f0dfcdbf328fdf13ece7c984add2931cb68de033b6c38a8be1
minecraft:spore_blossom	["minecraft:attack_animation","minecraft:attribute_modifiers","minecraft:break_sound","minecraft:compostable","minecraft:enchantments","minecraft:interact_animation","minecraft:item_model","minecraft:item_name","minecraft:lore","minecraft:max_stack_size","minecraft:rarity","minecraft:repair_cost","minecraft:tooltip_display","minecraft:use_effects"]	f3f49e02d0b8fb36e7fd4567d63d8f712394cf011f1caf6ec0b2c0de62203e85
minecraft:spruce_boat	["minecraft:attack_animation","minecraft:attribute_modifiers","minecraft:break_sound","minecraft:cooking_fuel","minecraft:enchantments","minecraft:interact_animation","minecraft:item_model","minecraft:item_name","minecraft:lore","minecraft:max_stack_size","minecraft:rarity","minecraft:repair_cost","minecraft:tooltip_display","minecraft:use_effects"]	11c3b7b3225a7ba0c8308587370aa8b8c1224f170bb83abe79808eba2ee1bb0a
minecraft:spruce_button	["minecraft:attack_animation","minecraft:attribute_modifiers","minecraft:break_sound","minecraft:cooking_fuel","minecraft:enchantments","minecraft:interact_animation","minecraft:item_model","minecraft:item_name","minecraft:lore","minecraft:max_stack_size","minecraft:rarity","minecraft:repair_cost","minecraft:tooltip_display","minecraft:use_effects"]	1ac0e98f527965f9b017d52664344ecc26d1f169537475fcd188660474c09479
minecraft:spruce_chest_boat	["minecraft:attack_animation","minecraft:attribute_modifiers","minecraft:break_sound","minecraft:cooking_fuel","minecraft:enchantments","minecraft:interact_animation","minecraft:item_model","minecraft:item_name","minecraft:lore","minecraft:max_stack_size","minecraft:rarity","minecraft:repair_cost","minecraft:tooltip_display","minecraft:use_effects"]	5ff8b43bce2c47ba6da8723dd0c955cef42d754ac7bd642aa8878bc3855f0ac3
minecraft:spruce_door	["minecraft:attack_animation","minecraft:attribute_modifiers","minecraft:break_sound","minecraft:cooking_fuel","minecraft:enchantments","minecraft:interact_animation","minecraft:item_model","minecraft:item_name","minecraft:lore","minecraft:max_stack_size","minecraft:rarity","minecraft:repair_cost","minecraft:tooltip_display","minecraft:use_effects"]	422089231d24b59efe49d473cd9e80cbf043fce94bea9861bb86138703910549
minecraft:spruce_fence	["minecraft:attack_animation","minecraft:attribute_modifiers","minecraft:break_sound","minecraft:cooking_fuel","minecraft:enchantments","minecraft:interact_animation","minecraft:item_model","minecraft:item_name","minecraft:lore","minecraft:max_stack_size","minecraft:rarity","minecraft:repair_cost","minecraft:tooltip_display","minecraft:use_effects"]	2743d1a1e0fe1175127f1fd3b316a2f78cbbd50c8c61488d744beb9919864f38
minecraft:spruce_fence_gate	["minecraft:attack_animation","minecraft:attribute_modifiers","minecraft:break_sound","minecraft:cooking_fuel","minecraft:enchantments","minecraft:interact_animation","minecraft:item_model","minecraft:item_name","minecraft:lore","minecraft:max_stack_size","minecraft:rarity","minecraft:repair_cost","minecraft:tooltip_display","minecraft:use_effects"]	2be824a17a7a0e7c132e93aebbccaba67893a88ce68ca03dbac4e3981cfdbe9c
minecraft:spruce_hanging_sign	["minecraft:attack_animation","minecraft:attribute_modifiers","minecraft:break_sound","minecraft:cooking_fuel","minecraft:enchantments","minecraft:interact_animation","minecraft:item_model","minecraft:item_name","minecraft:lore","minecraft:max_stack_size","minecraft:rarity","minecraft:repair_cost","minecraft:sign_text_back","minecraft:sign_text_front","minecraft:tooltip_display","minecraft:use_effects"]	71e87aaf63553386e5b62a42c2f7b82326dd936f534e1fc486cb49be9b16c6c8
minecraft:spruce_leaves	["minecraft:attack_animation","minecraft:attribute_modifiers","minecraft:break_sound","minecraft:compostable","minecraft:enchantments","minecraft:interact_animation","minecraft:item_model","minecraft:item_name","minecraft:lore","minecraft:max_stack_size","minecraft:rarity","minecraft:repair_cost","minecraft:tooltip_display","minecraft:use_effects"]	a740c6761fa1e06bdbef716ac2630af8e1db436ab1eaf5de79acd3d3cba8a4f6
minecraft:spruce_log	["minecraft:attack_animation","minecraft:attribute_modifiers","minecraft:break_sound","minecraft:cooking_fuel","minecraft:enchantments","minecraft:interact_animation","minecraft:item_model","minecraft:item_name","minecraft:lore","minecraft:max_stack_size","minecraft:rarity","minecraft:repair_cost","minecraft:tooltip_display","minecraft:use_effects"]	f231323b8d3085751fc7ba26bfad45493b7a711b221193e85e9e42b62fd29221
minecraft:spruce_planks	["minecraft:attack_animation","minecraft:attribute_modifiers","minecraft:break_sound","minecraft:cooking_fuel","minecraft:enchantments","minecraft:interact_animation","minecraft:item_model","minecraft:item_name","minecraft:lore","minecraft:max_stack_size","minecraft:rarity","minecraft:repair_cost","minecraft:tooltip_display","minecraft:use_effects"]	eabac2c4f94feffb0789e0baec6e8ca55c8cadfe6fef155b49f893d9dff8c429
minecraft:spruce_pressure_plate	["minecraft:attack_animation","minecraft:attribute_modifiers","minecraft:break_sound","minecraft:cooking_fuel","minecraft:enchantments","minecraft:interact_animation","minecraft:item_model","minecraft:item_name","minecraft:lore","minecraft:max_stack_size","minecraft:rarity","minecraft:repair_cost","minecraft:tooltip_display","minecraft:use_effects"]	85409fdaab939a839327985564a948d1152632a8f03c8fa7ad7fb72252a1b004
minecraft:spruce_sapling	["minecraft:attack_animation","minecraft:attribute_modifiers","minecraft:break_sound","minecraft:compostable","minecraft:cooking_fuel","minecraft:enchantments","minecraft:interact_animation","minecraft:item_model","minecraft:item_name","minecraft:lore","minecraft:max_stack_size","minecraft:rarity","minecraft:repair_cost","minecraft:tooltip_display","minecraft:use_effects"]	a74d05696a04ee80abc3d8ec1f954f9deba92368725e371dc991d5e88146f478
minecraft:spruce_shelf	["minecraft:attack_animation","minecraft:attribute_modifiers","minecraft:break_sound","minecraft:container","minecraft:cooking_fuel","minecraft:enchantments","minecraft:interact_animation","minecraft:item_model","minecraft:item_name","minecraft:lore","minecraft:max_stack_size","minecraft:rarity","minecraft:repair_cost","minecraft:tooltip_display","minecraft:use_effects"]	f49f94334c0692d7ac610d6bd7dce82532e31bc1fe7c2ab1cef62d4ca8daab43
minecraft:spruce_sign	["minecraft:attack_animation","minecraft:attribute_modifiers","minecraft:break_sound","minecraft:cooking_fuel","minecraft:enchantments","minecraft:interact_animation","minecraft:item_model","minecraft:item_name","minecraft:lore","minecraft:max_stack_size","minecraft:rarity","minecraft:repair_cost","minecraft:sign_text_back","minecraft:sign_text_front","minecraft:tooltip_display","minecraft:use_effects"]	8d3ffa63fff494fdd2e699a2178f3950ed341f552c32b79c27dca50d50e9baf4
minecraft:spruce_slab	["minecraft:attack_animation","minecraft:attribute_modifiers","minecraft:break_sound","minecraft:cooking_fuel","minecraft:enchantments","minecraft:interact_animation","minecraft:item_model","minecraft:item_name","minecraft:lore","minecraft:max_stack_size","minecraft:rarity","minecraft:repair_cost","minecraft:tooltip_display","minecraft:use_effects"]	a0989cdbcca89755f17049e5c90159ea51fff380cb05c7dac9184e731b0399fc
minecraft:spruce_stairs	["minecraft:attack_animation","minecraft:attribute_modifiers","minecraft:break_sound","minecraft:cooking_fuel","minecraft:enchantments","minecraft:interact_animation","minecraft:item_model","minecraft:item_name","minecraft:lore","minecraft:max_stack_size","minecraft:rarity","minecraft:repair_cost","minecraft:tooltip_display","minecraft:use_effects"]	88ed0673f3ac4f27bd051a0fbb0091c1c1495b151f9bb2d24371bb26a0184c7b
minecraft:spruce_trapdoor	["minecraft:attack_animation","minecraft:attribute_modifiers","minecraft:break_sound","minecraft:cooking_fuel","minecraft:enchantments","minecraft:interact_animation","minecraft:item_model","minecraft:item_name","minecraft:lore","minecraft:max_stack_size","minecraft:rarity","minecraft:repair_cost","minecraft:tooltip_display","minecraft:use_effects"]	c7a9660e792e472ea70e24dafae39763bc0f2cb7328017b2245416dc86b596c4
minecraft:spruce_wood	["minecraft:attack_animation","minecraft:attribute_modifiers","minecraft:break_sound","minecraft:cooking_fuel","minecraft:enchantments","minecraft:interact_animation","minecraft:item_model","minecraft:item_name","minecraft:lore","minecraft:max_stack_size","minecraft:rarity","minecraft:repair_cost","minecraft:tooltip_display","minecraft:use_effects"]	6b614b7edb27754b293e6c41b828b149ad4021fa927141c017e7dce8b695bebe
minecraft:spyglass	["minecraft:attack_animation","minecraft:attribute_modifiers","minecraft:break_sound","minecraft:enchantments","minecraft:interact_animation","minecraft:item_model","minecraft:item_name","minecraft:lore","minecraft:max_stack_size","minecraft:rarity","minecraft:repair_cost","minecraft:tooltip_display","minecraft:use_effects"]	69ec0fbaa3608ddc41f7f486045419a381bc7f88efc701758a47d4bee5446024
minecraft:squid_spawn_egg	["minecraft:attack_animation","minecraft:attribute_modifiers","minecraft:break_sound","minecraft:enchantments","minecraft:entity_data","minecraft:interact_animation","minecraft:item_model","minecraft:item_name","minecraft:lore","minecraft:max_stack_size","minecraft:rarity","minecraft:repair_cost","minecraft:tooltip_display","minecraft:use_effects"]	1fe8e5874d3a8e9b6ae87a87aad85e4a5553c19a529f1693819610ce888a7125
minecraft:stick	["minecraft:attack_animation","minecraft:attribute_modifiers","minecraft:break_sound","minecraft:cooking_fuel","minecraft:enchantments","minecraft:interact_animation","minecraft:item_model","minecraft:item_name","minecraft:lore","minecraft:max_stack_size","minecraft:rarity","minecraft:repair_cost","minecraft:tooltip_display","minecraft:use_effects"]	a8dd6c934986a96efd7f608bbf9f50fec502b7c61a4adf9b7e5fc0c4ee94df9c
minecraft:sticky_piston	["minecraft:attack_animation","minecraft:attribute_modifiers","minecraft:break_sound","minecraft:enchantments","minecraft:interact_animation","minecraft:item_model","minecraft:item_name","minecraft:lore","minecraft:max_stack_size","minecraft:rarity","minecraft:repair_cost","minecraft:tooltip_display","minecraft:use_effects"]	6e54aae73d590048b893e2bebf44f381aa16454b40525e5bdb36d758b19b69cd
minecraft:stone	["minecraft:attack_animation","minecraft:attribute_modifiers","minecraft:break_sound","minecraft:enchantments","minecraft:interact_animation","minecraft:item_model","minecraft:item_name","minecraft:lore","minecraft:max_stack_size","minecraft:rarity","minecraft:repair_cost","minecraft:tooltip_display","minecraft:use_effects"]	5b59e002f4f7936d6af1fe77fc08cdfd019c0ab140dcc2b62f0ce3562be37a6b
minecraft:stone_axe	["minecraft:attack_animation","minecraft:attribute_modifiers","minecraft:block_transformer","minecraft:break_sound","minecraft:damage","minecraft:enchantable","minecraft:enchantments","minecraft:interact_animation","minecraft:item_model","minecraft:item_name","minecraft:lore","minecraft:max_damage","minecraft:max_stack_size","minecraft:rarity","minecraft:repair_cost","minecraft:repairable","minecraft:tool","minecraft:tooltip_display","minecraft:use_effects","minecraft:weapon"]	592ed8b528ea08a4a2226c5139fd41aca69e6d602cddbddbd2d046805867cb17
minecraft:stone_brick_slab	["minecraft:attack_animation","minecraft:attribute_modifiers","minecraft:break_sound","minecraft:enchantments","minecraft:interact_animation","minecraft:item_model","minecraft:item_name","minecraft:lore","minecraft:max_stack_size","minecraft:rarity","minecraft:repair_cost","minecraft:tooltip_display","minecraft:use_effects"]	6a0f3be3e00d8d08b030b5b3df86aae4699185082200d6b383dac7356e768bb8
minecraft:stone_brick_stairs	["minecraft:attack_animation","minecraft:attribute_modifiers","minecraft:break_sound","minecraft:enchantments","minecraft:interact_animation","minecraft:item_model","minecraft:item_name","minecraft:lore","minecraft:max_stack_size","minecraft:rarity","minecraft:repair_cost","minecraft:tooltip_display","minecraft:use_effects"]	a27cf3a488c84652b0341a6ec4e5e83bffdaf0417516e94c6819775c9c867d94
minecraft:stone_brick_wall	["minecraft:attack_animation","minecraft:attribute_modifiers","minecraft:break_sound","minecraft:enchantments","minecraft:interact_animation","minecraft:item_model","minecraft:item_name","minecraft:lore","minecraft:max_stack_size","minecraft:rarity","minecraft:repair_cost","minecraft:tooltip_display","minecraft:use_effects"]	ef579ba72ea72ab0e6ce603f26688f53d1bb64714bbed840cc2e24e86a90b0f5
minecraft:stone_bricks	["minecraft:attack_animation","minecraft:attribute_modifiers","minecraft:break_sound","minecraft:enchantments","minecraft:interact_animation","minecraft:item_model","minecraft:item_name","minecraft:lore","minecraft:max_stack_size","minecraft:rarity","minecraft:repair_cost","minecraft:tooltip_display","minecraft:use_effects"]	4b79257fb71a8a12d55a91bfcaec28a927b745296901e3cb73a3cd106d8fc8db
minecraft:stone_button	["minecraft:attack_animation","minecraft:attribute_modifiers","minecraft:break_sound","minecraft:enchantments","minecraft:interact_animation","minecraft:item_model","minecraft:item_name","minecraft:lore","minecraft:max_stack_size","minecraft:rarity","minecraft:repair_cost","minecraft:tooltip_display","minecraft:use_effects"]	c76fb920878ae6b35caabf2c4fb759533b686cce48a56c39282bdccae6ef8da4
minecraft:stone_hoe	["minecraft:attack_animation","minecraft:attribute_modifiers","minecraft:block_transformer","minecraft:break_sound","minecraft:damage","minecraft:enchantable","minecraft:enchantments","minecraft:interact_animation","minecraft:item_model","minecraft:item_name","minecraft:lore","minecraft:max_damage","minecraft:max_stack_size","minecraft:rarity","minecraft:repair_cost","minecraft:repairable","minecraft:tool","minecraft:tooltip_display","minecraft:use_effects","minecraft:weapon"]	f0c00a45605f9d69860a5b9b183f60bfe505e4a4171fa6edae902f679a35af00
minecraft:stone_pickaxe	["minecraft:attack_animation","minecraft:attribute_modifiers","minecraft:break_sound","minecraft:damage","minecraft:enchantable","minecraft:enchantments","minecraft:interact_animation","minecraft:item_model","minecraft:item_name","minecraft:lore","minecraft:max_damage","minecraft:max_stack_size","minecraft:rarity","minecraft:repair_cost","minecraft:repairable","minecraft:tool","minecraft:tooltip_display","minecraft:use_effects","minecraft:weapon"]	d75face0b81193c00af34d658795ee1bc1082d026edd1570694345eb6a6451cb
minecraft:stone_pressure_plate	["minecraft:attack_animation","minecraft:attribute_modifiers","minecraft:break_sound","minecraft:enchantments","minecraft:interact_animation","minecraft:item_model","minecraft:item_name","minecraft:lore","minecraft:max_stack_size","minecraft:rarity","minecraft:repair_cost","minecraft:tooltip_display","minecraft:use_effects"]	db4aad642bb2a0928d3f1832f48792eab3891514860a6094e0a6e07520339cd5
minecraft:stone_shovel	["minecraft:attack_animation","minecraft:attribute_modifiers","minecraft:block_transformer","minecraft:break_sound","minecraft:damage","minecraft:enchantable","minecraft:enchantments","minecraft:interact_animation","minecraft:item_model","minecraft:item_name","minecraft:lore","minecraft:max_damage","minecraft:max_stack_size","minecraft:rarity","minecraft:repair_cost","minecraft:repairable","minecraft:tool","minecraft:tooltip_display","minecraft:use_effects","minecraft:weapon"]	33f8a6eb0d49057017a2e682474300d42c9d386414660995beb5d73b3274da8d
minecraft:stone_slab	["minecraft:attack_animation","minecraft:attribute_modifiers","minecraft:break_sound","minecraft:enchantments","minecraft:interact_animation","minecraft:item_model","minecraft:item_name","minecraft:lore","minecraft:max_stack_size","minecraft:rarity","minecraft:repair_cost","minecraft:tooltip_display","minecraft:use_effects"]	794e022d78989b5ba6d9956422454d8dbb84ebe73d091b47cdca22161b2a02c2
minecraft:stone_spear	["minecraft:attack_animation","minecraft:attack_range","minecraft:attribute_modifiers","minecraft:break_sound","minecraft:damage","minecraft:damage_type","minecraft:enchantable","minecraft:enchantments","minecraft:interact_animation","minecraft:item_model","minecraft:item_name","minecraft:kinetic_weapon","minecraft:lore","minecraft:max_damage","minecraft:max_stack_size","minecraft:minimum_attack_charge","minecraft:piercing_weapon","minecraft:rarity","minecraft:repair_cost","minecraft:repairable","minecraft:tooltip_display","minecraft:use_effects","minecraft:weapon"]	1daa132ca87bfb5ba526c88c12f5fca2c30ac2b5288372ae761be8811c802269
minecraft:stone_stairs	["minecraft:attack_animation","minecraft:attribute_modifiers","minecraft:break_sound","minecraft:enchantments","minecraft:interact_animation","minecraft:item_model","minecraft:item_name","minecraft:lore","minecraft:max_stack_size","minecraft:rarity","minecraft:repair_cost","minecraft:tooltip_display","minecraft:use_effects"]	7d98e94353a86247ba47398bdece38af8b6c3d36cfd9fabe46c4e6e24d5386ef
minecraft:stone_sword	["minecraft:attack_animation","minecraft:attribute_modifiers","minecraft:break_sound","minecraft:damage","minecraft:enchantable","minecraft:enchantments","minecraft:interact_animation","minecraft:item_model","minecraft:item_name","minecraft:lore","minecraft:max_damage","minecraft:max_stack_size","minecraft:rarity","minecraft:repair_cost","minecraft:repairable","minecraft:tool","minecraft:tooltip_display","minecraft:use_effects","minecraft:weapon"]	a6473258af8be2d1a19c236e223eb06ba10507c7d64798cd9a78604a5699bef4
minecraft:stonecutter	["minecraft:attack_animation","minecraft:attribute_modifiers","minecraft:break_sound","minecraft:enchantments","minecraft:interact_animation","minecraft:item_model","minecraft:item_name","minecraft:lore","minecraft:max_stack_size","minecraft:rarity","minecraft:repair_cost","minecraft:tooltip_display","minecraft:use_effects"]	dd3288e71a11097d783b458c857dbf086e1f59be96fbbff1acc2326f08a2e591
minecraft:straw_bed	["minecraft:attack_animation","minecraft:attribute_modifiers","minecraft:break_sound","minecraft:compostable","minecraft:enchantments","minecraft:interact_animation","minecraft:item_model","minecraft:item_name","minecraft:lore","minecraft:max_stack_size","minecraft:rarity","minecraft:repair_cost","minecraft:tooltip_display","minecraft:use_effects"]	5a893781861bce4fa204bfb4cae78051719d94a2498b6f610b60af1164e99ad1
minecraft:stray_spawn_egg	["minecraft:attack_animation","minecraft:attribute_modifiers","minecraft:break_sound","minecraft:enchantments","minecraft:entity_data","minecraft:interact_animation","minecraft:item_model","minecraft:item_name","minecraft:lore","minecraft:max_stack_size","minecraft:rarity","minecraft:repair_cost","minecraft:tooltip_display","minecraft:use_effects"]	d6aa516e220ad8cc5736a4bf7b2b166a42c25affd8c73deb96222230c5cc0066
minecraft:strider_spawn_egg	["minecraft:attack_animation","minecraft:attribute_modifiers","minecraft:break_sound","minecraft:enchantments","minecraft:entity_data","minecraft:interact_animation","minecraft:item_model","minecraft:item_name","minecraft:lore","minecraft:max_stack_size","minecraft:rarity","minecraft:repair_cost","minecraft:tooltip_display","minecraft:use_effects"]	c7d130d2a0025cc97bb551aa1384597b45ccdb93d3a5a4956f7c3e50310a6c9f
minecraft:string	["minecraft:attack_animation","minecraft:attribute_modifiers","minecraft:break_sound","minecraft:enchantments","minecraft:interact_animation","minecraft:item_model","minecraft:item_name","minecraft:lore","minecraft:max_stack_size","minecraft:rarity","minecraft:repair_cost","minecraft:tooltip_display","minecraft:use_effects"]	98d3d356581ee8ff1d970d27fa8e1742c522c724b0313beb873a1af5b586e660
minecraft:stripped_acacia_log	["minecraft:attack_animation","minecraft:attribute_modifiers","minecraft:break_sound","minecraft:cooking_fuel","minecraft:enchantments","minecraft:interact_animation","minecraft:item_model","minecraft:item_name","minecraft:lore","minecraft:max_stack_size","minecraft:rarity","minecraft:repair_cost","minecraft:tooltip_display","minecraft:use_effects"]	5b48120761d23ca92a74562e61e97a7ff3f122c5cfc98356df39800799a007b8
minecraft:stripped_acacia_wood	["minecraft:attack_animation","minecraft:attribute_modifiers","minecraft:break_sound","minecraft:cooking_fuel","minecraft:enchantments","minecraft:interact_animation","minecraft:item_model","minecraft:item_name","minecraft:lore","minecraft:max_stack_size","minecraft:rarity","minecraft:repair_cost","minecraft:tooltip_display","minecraft:use_effects"]	05c4d4badf169aff658edd084a5b89bb620170453351c738e524557404690303
minecraft:stripped_bamboo_block	["minecraft:attack_animation","minecraft:attribute_modifiers","minecraft:break_sound","minecraft:cooking_fuel","minecraft:enchantments","minecraft:interact_animation","minecraft:item_model","minecraft:item_name","minecraft:lore","minecraft:max_stack_size","minecraft:rarity","minecraft:repair_cost","minecraft:tooltip_display","minecraft:use_effects"]	a628ecc94282925a57906c5d395d50bdd6b73fc90ca9f2d501c3c53b7f212093
minecraft:stripped_birch_log	["minecraft:attack_animation","minecraft:attribute_modifiers","minecraft:break_sound","minecraft:cooking_fuel","minecraft:enchantments","minecraft:interact_animation","minecraft:item_model","minecraft:item_name","minecraft:lore","minecraft:max_stack_size","minecraft:rarity","minecraft:repair_cost","minecraft:tooltip_display","minecraft:use_effects"]	fb0ab161df99fd2df93667d49fe4c635d8d8906bbaac242ca70b8d033470b053
minecraft:stripped_birch_wood	["minecraft:attack_animation","minecraft:attribute_modifiers","minecraft:break_sound","minecraft:cooking_fuel","minecraft:enchantments","minecraft:interact_animation","minecraft:item_model","minecraft:item_name","minecraft:lore","minecraft:max_stack_size","minecraft:rarity","minecraft:repair_cost","minecraft:tooltip_display","minecraft:use_effects"]	8fbe5bf8fd20674d957c76b3344b5a339dd34d57b7e1b624b4c809eb5590691c
minecraft:stripped_cherry_log	["minecraft:attack_animation","minecraft:attribute_modifiers","minecraft:break_sound","minecraft:cooking_fuel","minecraft:enchantments","minecraft:interact_animation","minecraft:item_model","minecraft:item_name","minecraft:lore","minecraft:max_stack_size","minecraft:rarity","minecraft:repair_cost","minecraft:tooltip_display","minecraft:use_effects"]	dff61d2d92ef763c37030b7d319ffa9cf9fae0395f932da7bd949e2b38c5b2d0
minecraft:stripped_cherry_wood	["minecraft:attack_animation","minecraft:attribute_modifiers","minecraft:break_sound","minecraft:cooking_fuel","minecraft:enchantments","minecraft:interact_animation","minecraft:item_model","minecraft:item_name","minecraft:lore","minecraft:max_stack_size","minecraft:rarity","minecraft:repair_cost","minecraft:tooltip_display","minecraft:use_effects"]	ba1126518a24af0deaef385bd4ed26abff4cd175ce7682333b57dc4b17ede2b2
minecraft:stripped_crimson_hyphae	["minecraft:attack_animation","minecraft:attribute_modifiers","minecraft:break_sound","minecraft:enchantments","minecraft:interact_animation","minecraft:item_model","minecraft:item_name","minecraft:lore","minecraft:max_stack_size","minecraft:rarity","minecraft:repair_cost","minecraft:tooltip_display","minecraft:use_effects"]	de8176f2eb5d4f7ead074e3b654fa698653d793243dcc97c686d9869d6cc6523
minecraft:stripped_crimson_stem	["minecraft:attack_animation","minecraft:attribute_modifiers","minecraft:break_sound","minecraft:enchantments","minecraft:interact_animation","minecraft:item_model","minecraft:item_name","minecraft:lore","minecraft:max_stack_size","minecraft:rarity","minecraft:repair_cost","minecraft:tooltip_display","minecraft:use_effects"]	bc8f92b6dc39fe1a94a9b62ec482256ca4f746cd9dde642d7de1fdd0f80646ff
minecraft:stripped_dark_oak_log	["minecraft:attack_animation","minecraft:attribute_modifiers","minecraft:break_sound","minecraft:cooking_fuel","minecraft:enchantments","minecraft:interact_animation","minecraft:item_model","minecraft:item_name","minecraft:lore","minecraft:max_stack_size","minecraft:rarity","minecraft:repair_cost","minecraft:tooltip_display","minecraft:use_effects"]	7407b76423a75362405d7ad98fc5ae175f56138cc6bf352e78124505eac10952
minecraft:stripped_dark_oak_wood	["minecraft:attack_animation","minecraft:attribute_modifiers","minecraft:break_sound","minecraft:cooking_fuel","minecraft:enchantments","minecraft:interact_animation","minecraft:item_model","minecraft:item_name","minecraft:lore","minecraft:max_stack_size","minecraft:rarity","minecraft:repair_cost","minecraft:tooltip_display","minecraft:use_effects"]	c01c0a7a66d4ab8d18b72f3509610fb50e12a7fe23551fab954bc88d0d177264
minecraft:stripped_jungle_log	["minecraft:attack_animation","minecraft:attribute_modifiers","minecraft:break_sound","minecraft:cooking_fuel","minecraft:enchantments","minecraft:interact_animation","minecraft:item_model","minecraft:item_name","minecraft:lore","minecraft:max_stack_size","minecraft:rarity","minecraft:repair_cost","minecraft:tooltip_display","minecraft:use_effects"]	e06a3e6c37511c97d3b7c353d1b087404074d4e76b8249d723cd5d422a4a90e1
minecraft:stripped_jungle_wood	["minecraft:attack_animation","minecraft:attribute_modifiers","minecraft:break_sound","minecraft:cooking_fuel","minecraft:enchantments","minecraft:interact_animation","minecraft:item_model","minecraft:item_name","minecraft:lore","minecraft:max_stack_size","minecraft:rarity","minecraft:repair_cost","minecraft:tooltip_display","minecraft:use_effects"]	49c7bd0f40d14895ceb03b96f37cd77a094ea41f70b4629e2cdf836def0f3c1d
minecraft:stripped_mangrove_log	["minecraft:attack_animation","minecraft:attribute_modifiers","minecraft:break_sound","minecraft:cooking_fuel","minecraft:enchantments","minecraft:interact_animation","minecraft:item_model","minecraft:item_name","minecraft:lore","minecraft:max_stack_size","minecraft:rarity","minecraft:repair_cost","minecraft:tooltip_display","minecraft:use_effects"]	60725cbe46952219765cdd2a0c6250a59ea1fc24ffebffb86bc7cb795f5ccaea
minecraft:stripped_mangrove_wood	["minecraft:attack_animation","minecraft:attribute_modifiers","minecraft:break_sound","minecraft:cooking_fuel","minecraft:enchantments","minecraft:interact_animation","minecraft:item_model","minecraft:item_name","minecraft:lore","minecraft:max_stack_size","minecraft:rarity","minecraft:repair_cost","minecraft:tooltip_display","minecraft:use_effects"]	1729b4ba3d3951091706f80539380650c5aefec17386dc8d51e8bf1af42af630
minecraft:stripped_oak_log	["minecraft:attack_animation","minecraft:attribute_modifiers","minecraft:break_sound","minecraft:cooking_fuel","minecraft:enchantments","minecraft:interact_animation","minecraft:item_model","minecraft:item_name","minecraft:lore","minecraft:max_stack_size","minecraft:rarity","minecraft:repair_cost","minecraft:tooltip_display","minecraft:use_effects"]	7f7f8fce67f8d85c1dcbf9dd6bb1c931bcce5bf0bd59e6e49cc9919592f37f56
minecraft:stripped_oak_wood	["minecraft:attack_animation","minecraft:attribute_modifiers","minecraft:break_sound","minecraft:cooking_fuel","minecraft:enchantments","minecraft:interact_animation","minecraft:item_model","minecraft:item_name","minecraft:lore","minecraft:max_stack_size","minecraft:rarity","minecraft:repair_cost","minecraft:tooltip_display","minecraft:use_effects"]	10a22f59c1c476a2245bcf3742bd6ddea45f2038136ce29227c2c2c79c15a4ee
minecraft:stripped_pale_oak_log	["minecraft:attack_animation","minecraft:attribute_modifiers","minecraft:break_sound","minecraft:cooking_fuel","minecraft:enchantments","minecraft:interact_animation","minecraft:item_model","minecraft:item_name","minecraft:lore","minecraft:max_stack_size","minecraft:rarity","minecraft:repair_cost","minecraft:tooltip_display","minecraft:use_effects"]	13d21c72af8f75953416f6d20e0720ddeff174fd3d40a7707be2119a3728b470
minecraft:stripped_pale_oak_wood	["minecraft:attack_animation","minecraft:attribute_modifiers","minecraft:break_sound","minecraft:cooking_fuel","minecraft:enchantments","minecraft:interact_animation","minecraft:item_model","minecraft:item_name","minecraft:lore","minecraft:max_stack_size","minecraft:rarity","minecraft:repair_cost","minecraft:tooltip_display","minecraft:use_effects"]	3d767e226fca972354298781f8f372b305e5b5a1679f3941ad67428ae68dd81e
minecraft:stripped_poplar_log	["minecraft:attack_animation","minecraft:attribute_modifiers","minecraft:break_sound","minecraft:cooking_fuel","minecraft:enchantments","minecraft:interact_animation","minecraft:item_model","minecraft:item_name","minecraft:lore","minecraft:max_stack_size","minecraft:rarity","minecraft:repair_cost","minecraft:tooltip_display","minecraft:use_effects"]	6314fc86958426a9e966756b19ee1f45643822d2726d31f87cba5cafefb20d87
minecraft:stripped_poplar_wood	["minecraft:attack_animation","minecraft:attribute_modifiers","minecraft:break_sound","minecraft:cooking_fuel","minecraft:enchantments","minecraft:interact_animation","minecraft:item_model","minecraft:item_name","minecraft:lore","minecraft:max_stack_size","minecraft:rarity","minecraft:repair_cost","minecraft:tooltip_display","minecraft:use_effects"]	7c530d5fc78e0ecd61689784daf68269c0df87110e31e285d3735a1b8ec9e0ae
minecraft:stripped_spruce_log	["minecraft:attack_animation","minecraft:attribute_modifiers","minecraft:break_sound","minecraft:cooking_fuel","minecraft:enchantments","minecraft:interact_animation","minecraft:item_model","minecraft:item_name","minecraft:lore","minecraft:max_stack_size","minecraft:rarity","minecraft:repair_cost","minecraft:tooltip_display","minecraft:use_effects"]	8f02002538cf578f14e5ca5a6a78b788dc79c657bbf03b610375a4acf6b428c3
minecraft:stripped_spruce_wood	["minecraft:attack_animation","minecraft:attribute_modifiers","minecraft:break_sound","minecraft:cooking_fuel","minecraft:enchantments","minecraft:interact_animation","minecraft:item_model","minecraft:item_name","minecraft:lore","minecraft:max_stack_size","minecraft:rarity","minecraft:repair_cost","minecraft:tooltip_display","minecraft:use_effects"]	e0c1ab5c0af17488cbf061f8e4568c0b80e2bee0fb7392686296c1efcbea7e96
minecraft:stripped_warped_hyphae	["minecraft:attack_animation","minecraft:attribute_modifiers","minecraft:break_sound","minecraft:enchantments","minecraft:interact_animation","minecraft:item_model","minecraft:item_name","minecraft:lore","minecraft:max_stack_size","minecraft:rarity","minecraft:repair_cost","minecraft:tooltip_display","minecraft:use_effects"]	b2658014fb82e49754711505298da16617415a827c33f60518b7af887ceaa957
minecraft:stripped_warped_stem	["minecraft:attack_animation","minecraft:attribute_modifiers","minecraft:break_sound","minecraft:enchantments","minecraft:interact_animation","minecraft:item_model","minecraft:item_name","minecraft:lore","minecraft:max_stack_size","minecraft:rarity","minecraft:repair_cost","minecraft:tooltip_display","minecraft:use_effects"]	77531de7db8b7c7fedbc948ece454beffa216476d83ce4e7f05acbbc8daa42d4
minecraft:structure_block	["minecraft:attack_animation","minecraft:attribute_modifiers","minecraft:break_sound","minecraft:enchantments","minecraft:interact_animation","minecraft:item_model","minecraft:item_name","minecraft:lore","minecraft:max_stack_size","minecraft:rarity","minecraft:repair_cost","minecraft:tooltip_display","minecraft:use_effects"]	f16221de04a8d82b7aa765d5d0c7c2503afa89122f43baef86010076a4a95bb3
minecraft:structure_void	["minecraft:attack_animation","minecraft:attribute_modifiers","minecraft:break_sound","minecraft:enchantments","minecraft:interact_animation","minecraft:item_model","minecraft:item_name","minecraft:lore","minecraft:max_stack_size","minecraft:rarity","minecraft:repair_cost","minecraft:tooltip_display","minecraft:use_effects"]	5cfe3d1eb2b8d5703a3a1e60b54215951d39d801281e1235081fb90b2fb980d0
minecraft:sugar	["minecraft:attack_animation","minecraft:attribute_modifiers","minecraft:break_sound","minecraft:enchantments","minecraft:interact_animation","minecraft:item_model","minecraft:item_name","minecraft:lore","minecraft:max_stack_size","minecraft:rarity","minecraft:repair_cost","minecraft:tooltip_display","minecraft:use_effects"]	44e053bcfaecc7fec9a2fbbbf3827b07f60ac787981ad59d133966f48ce3c8e8
minecraft:sugar_cane	["minecraft:attack_animation","minecraft:attribute_modifiers","minecraft:break_sound","minecraft:compostable","minecraft:enchantments","minecraft:interact_animation","minecraft:item_model","minecraft:item_name","minecraft:lore","minecraft:max_stack_size","minecraft:rarity","minecraft:repair_cost","minecraft:tooltip_display","minecraft:use_effects"]	2c24a42641f90d6ca87fddbb77a14d9b764d2ed8f896468edc12e84928e71ee5
minecraft:sulfur	["minecraft:attack_animation","minecraft:attribute_modifiers","minecraft:break_sound","minecraft:enchantments","minecraft:interact_animation","minecraft:item_model","minecraft:item_name","minecraft:lore","minecraft:max_stack_size","minecraft:rarity","minecraft:repair_cost","minecraft:tooltip_display","minecraft:use_effects"]	8cafb0b456825aaffc7ff907c1e3f55cd20f2d335889c153b11ead0dad038e08
minecraft:sulfur_brick_slab	["minecraft:attack_animation","minecraft:attribute_modifiers","minecraft:break_sound","minecraft:enchantments","minecraft:interact_animation","minecraft:item_model","minecraft:item_name","minecraft:lore","minecraft:max_stack_size","minecraft:rarity","minecraft:repair_cost","minecraft:tooltip_display","minecraft:use_effects"]	3197a213e9c2dffded425d451fb36253bf49da84c30662140194ee1c27b62f6a
minecraft:sulfur_brick_stairs	["minecraft:attack_animation","minecraft:attribute_modifiers","minecraft:break_sound","minecraft:enchantments","minecraft:interact_animation","minecraft:item_model","minecraft:item_name","minecraft:lore","minecraft:max_stack_size","minecraft:rarity","minecraft:repair_cost","minecraft:tooltip_display","minecraft:use_effects"]	da3f8596ada2513830a4ca5a5f15a5406dbf561e1accf4d7b31050db31a04f5b
minecraft:sulfur_brick_wall	["minecraft:attack_animation","minecraft:attribute_modifiers","minecraft:break_sound","minecraft:enchantments","minecraft:interact_animation","minecraft:item_model","minecraft:item_name","minecraft:lore","minecraft:max_stack_size","minecraft:rarity","minecraft:repair_cost","minecraft:tooltip_display","minecraft:use_effects"]	111a906a4afeb16c6bc02c105015f92c191895ddf3ee3e1d34e88e7cf15ee5be
minecraft:sulfur_bricks	["minecraft:attack_animation","minecraft:attribute_modifiers","minecraft:break_sound","minecraft:enchantments","minecraft:interact_animation","minecraft:item_model","minecraft:item_name","minecraft:lore","minecraft:max_stack_size","minecraft:rarity","minecraft:repair_cost","minecraft:tooltip_display","minecraft:use_effects"]	76d44d46087b40163fb338d747946e7880f2f5f0c27a8d734b84a381ce974c22
minecraft:sulfur_cube_bucket	["minecraft:attack_animation","minecraft:attribute_modifiers","minecraft:break_sound","minecraft:bucket_entity_data","minecraft:enchantments","minecraft:interact_animation","minecraft:item_model","minecraft:item_name","minecraft:lore","minecraft:max_stack_size","minecraft:rarity","minecraft:repair_cost","minecraft:tooltip_display","minecraft:use_effects"]	d42bbb0971a12be29a0efcb5227be5a4d170ef5fca31c2b8d293b092b6d714f3
minecraft:sulfur_cube_spawn_egg	["minecraft:attack_animation","minecraft:attribute_modifiers","minecraft:break_sound","minecraft:enchantments","minecraft:entity_data","minecraft:interact_animation","minecraft:item_model","minecraft:item_name","minecraft:lore","minecraft:max_stack_size","minecraft:rarity","minecraft:repair_cost","minecraft:tooltip_display","minecraft:use_effects"]	2895af826375636a97062ce31c1eedb736e70ac09a2cd35c2c8c289bb96d30ef
minecraft:sulfur_slab	["minecraft:attack_animation","minecraft:attribute_modifiers","minecraft:break_sound","minecraft:enchantments","minecraft:interact_animation","minecraft:item_model","minecraft:item_name","minecraft:lore","minecraft:max_stack_size","minecraft:rarity","minecraft:repair_cost","minecraft:tooltip_display","minecraft:use_effects"]	eac3dae371dfc3e56a565f5c494bb8298d0720949f32989113e928834669fafe
minecraft:sulfur_spike	["minecraft:attack_animation","minecraft:attribute_modifiers","minecraft:break_sound","minecraft:enchantments","minecraft:interact_animation","minecraft:item_model","minecraft:item_name","minecraft:lore","minecraft:max_stack_size","minecraft:rarity","minecraft:repair_cost","minecraft:tooltip_display","minecraft:use_effects"]	c46cdbe6ae8617a694e8de5e314d68a844747b0400e9343945a1eeea14856b46
minecraft:sulfur_stairs	["minecraft:attack_animation","minecraft:attribute_modifiers","minecraft:break_sound","minecraft:enchantments","minecraft:interact_animation","minecraft:item_model","minecraft:item_name","minecraft:lore","minecraft:max_stack_size","minecraft:rarity","minecraft:repair_cost","minecraft:tooltip_display","minecraft:use_effects"]	fdc493902d8c1ec31f03455174e953d2a5eef0de085a6f56744f0fddc620d28a
minecraft:sulfur_wall	["minecraft:attack_animation","minecraft:attribute_modifiers","minecraft:break_sound","minecraft:enchantments","minecraft:interact_animation","minecraft:item_model","minecraft:item_name","minecraft:lore","minecraft:max_stack_size","minecraft:rarity","minecraft:repair_cost","minecraft:tooltip_display","minecraft:use_effects"]	57d1e7c03cec489da9bdb762ecb5511cbe263af8c71f63e1d473db3000535c47
minecraft:sunflower	["minecraft:attack_animation","minecraft:attribute_modifiers","minecraft:break_sound","minecraft:compostable","minecraft:enchantments","minecraft:interact_animation","minecraft:item_model","minecraft:item_name","minecraft:lore","minecraft:max_stack_size","minecraft:rarity","minecraft:repair_cost","minecraft:tooltip_display","minecraft:use_effects"]	cb36aadcaca5e35caf558875a768aa4fb3743795ae31d4ece9f0673f134d3bb9
minecraft:suspicious_gravel	["minecraft:attack_animation","minecraft:attribute_modifiers","minecraft:break_sound","minecraft:enchantments","minecraft:interact_animation","minecraft:item_model","minecraft:item_name","minecraft:lore","minecraft:max_stack_size","minecraft:rarity","minecraft:repair_cost","minecraft:tooltip_display","minecraft:use_effects"]	3bb0b1608b1d3dfc2441a33ce07e3a0b67bf923e95c4c48b1f4d10e2b5355080
minecraft:suspicious_sand	["minecraft:attack_animation","minecraft:attribute_modifiers","minecraft:break_sound","minecraft:enchantments","minecraft:interact_animation","minecraft:item_model","minecraft:item_name","minecraft:lore","minecraft:max_stack_size","minecraft:rarity","minecraft:repair_cost","minecraft:tooltip_display","minecraft:use_effects"]	9147234881cf5923d7f3ac0332871d3c5ca81cc3e21ea9904a4e67ee1a511907
minecraft:suspicious_stew	["minecraft:attack_animation","minecraft:attribute_modifiers","minecraft:break_sound","minecraft:consumable","minecraft:enchantments","minecraft:food","minecraft:interact_animation","minecraft:item_model","minecraft:item_name","minecraft:lore","minecraft:max_stack_size","minecraft:rarity","minecraft:repair_cost","minecraft:suspicious_stew_effects","minecraft:tooltip_display","minecraft:use_effects","minecraft:use_remainder"]	7f324fff5c212f399a85e4e3962f34f634fdedeeddff5f6bb3e39dbf229b5c25
minecraft:swamp_hut_map	["minecraft:attack_animation","minecraft:attribute_modifiers","minecraft:break_sound","minecraft:enchantments","minecraft:interact_animation","minecraft:item_model","minecraft:item_name","minecraft:lore","minecraft:map_decorations","minecraft:max_stack_size","minecraft:rarity","minecraft:repair_cost","minecraft:tooltip_display","minecraft:use_effects"]	55fbbd13702191507de58fc9bc56d2c67a769d9db3fbf3f03b314a6fe6c74345
minecraft:sweet_berries	["minecraft:attack_animation","minecraft:attribute_modifiers","minecraft:break_sound","minecraft:compostable","minecraft:consumable","minecraft:enchantments","minecraft:food","minecraft:interact_animation","minecraft:item_model","minecraft:item_name","minecraft:lore","minecraft:max_stack_size","minecraft:rarity","minecraft:repair_cost","minecraft:tooltip_display","minecraft:use_effects"]	a499ed261f86836c4fcc425c8a67a6c90295655638fe48bcd905d62b28440e57
minecraft:tadpole_bucket	["minecraft:attack_animation","minecraft:attribute_modifiers","minecraft:break_sound","minecraft:bucket_entity_data","minecraft:enchantments","minecraft:interact_animation","minecraft:item_model","minecraft:item_name","minecraft:lore","minecraft:max_stack_size","minecraft:rarity","minecraft:repair_cost","minecraft:tooltip_display","minecraft:use_effects"]	a936d7826c3a14aa19b4e1d4c1a44e3d1cad71c60f9e68e6b1c1aa2dd008d2fa
minecraft:tadpole_spawn_egg	["minecraft:attack_animation","minecraft:attribute_modifiers","minecraft:break_sound","minecraft:enchantments","minecraft:entity_data","minecraft:interact_animation","minecraft:item_model","minecraft:item_name","minecraft:lore","minecraft:max_stack_size","minecraft:rarity","minecraft:repair_cost","minecraft:tooltip_display","minecraft:use_effects"]	0c246f189622c9b292799ddd15cb6fce011ef69e14fcefa002a1206cdd1271ff
minecraft:taiga_village_map	["minecraft:attack_animation","minecraft:attribute_modifiers","minecraft:break_sound","minecraft:enchantments","minecraft:interact_animation","minecraft:item_model","minecraft:item_name","minecraft:lore","minecraft:map_decorations","minecraft:max_stack_size","minecraft:rarity","minecraft:repair_cost","minecraft:tooltip_display","minecraft:use_effects"]	f4b35ae0a2d7d4bc6f2c6a6852bfeac2e233d17e05b5c0f674a914a507b344b8
minecraft:tall_dry_grass	["minecraft:attack_animation","minecraft:attribute_modifiers","minecraft:break_sound","minecraft:compostable","minecraft:cooking_fuel","minecraft:enchantments","minecraft:interact_animation","minecraft:item_model","minecraft:item_name","minecraft:lore","minecraft:max_stack_size","minecraft:rarity","minecraft:repair_cost","minecraft:tooltip_display","minecraft:use_effects"]	2ecc16829bfa8e440c76a37dc467268decccd6f20dcc8ecc3565ee59a6c34811
minecraft:tall_grass	["minecraft:attack_animation","minecraft:attribute_modifiers","minecraft:break_sound","minecraft:compostable","minecraft:enchantments","minecraft:interact_animation","minecraft:item_model","minecraft:item_name","minecraft:lore","minecraft:max_stack_size","minecraft:rarity","minecraft:repair_cost","minecraft:tooltip_display","minecraft:use_effects"]	48f4f4c7a576b0c9a91e65212340e8b84da605fb65f62f9a9a17f9c560134157
minecraft:target	["minecraft:attack_animation","minecraft:attribute_modifiers","minecraft:break_sound","minecraft:enchantments","minecraft:interact_animation","minecraft:item_model","minecraft:item_name","minecraft:lore","minecraft:max_stack_size","minecraft:rarity","minecraft:repair_cost","minecraft:tooltip_display","minecraft:use_effects"]	50bcbe50af61d14602adb21e8d24a994a718dd288c60002dcf7aa655da5e710c
minecraft:terracotta	["minecraft:attack_animation","minecraft:attribute_modifiers","minecraft:break_sound","minecraft:enchantments","minecraft:interact_animation","minecraft:item_model","minecraft:item_name","minecraft:lore","minecraft:max_stack_size","minecraft:rarity","minecraft:repair_cost","minecraft:tooltip_display","minecraft:use_effects"]	db277d6ad98288f9bacee819d223cb06f02fce5c835ac6e0632f22aee45b192c
minecraft:test_block	["minecraft:attack_animation","minecraft:attribute_modifiers","minecraft:block_state","minecraft:break_sound","minecraft:enchantments","minecraft:interact_animation","minecraft:item_model","minecraft:item_name","minecraft:lore","minecraft:max_stack_size","minecraft:rarity","minecraft:repair_cost","minecraft:tooltip_display","minecraft:use_effects"]	ca476a3d55d8633dd76d206f12ae9f1e0c9b81f5905f0eb85325ed22669282d0
minecraft:test_instance_block	["minecraft:attack_animation","minecraft:attribute_modifiers","minecraft:break_sound","minecraft:enchantments","minecraft:interact_animation","minecraft:item_model","minecraft:item_name","minecraft:lore","minecraft:max_stack_size","minecraft:rarity","minecraft:repair_cost","minecraft:tooltip_display","minecraft:use_effects"]	d7a22d6ff9ab81b29ace3c3f1bc5603bdd7e1e411f2d3e3089fdf545c31d51bc
minecraft:tide_armor_trim_smithing_template	["minecraft:attack_animation","minecraft:attribute_modifiers","minecraft:break_sound","minecraft:enchantments","minecraft:interact_animation","minecraft:item_model","minecraft:item_name","minecraft:lore","minecraft:max_stack_size","minecraft:rarity","minecraft:repair_cost","minecraft:tooltip_display","minecraft:use_effects"]	a89ce738e91c91ff7b5c0611b644076a2a69540b3ff552c042d6cdee7a4c67cb
minecraft:tinted_glass	["minecraft:attack_animation","minecraft:attribute_modifiers","minecraft:break_sound","minecraft:enchantments","minecraft:interact_animation","minecraft:item_model","minecraft:item_name","minecraft:lore","minecraft:max_stack_size","minecraft:rarity","minecraft:repair_cost","minecraft:tooltip_display","minecraft:use_effects"]	1727de545f81205c04b1ce9059ce71d55884783735b3ff138b5213b7c578da30
minecraft:tipped_arrow	["minecraft:attack_animation","minecraft:attribute_modifiers","minecraft:break_sound","minecraft:enchantments","minecraft:interact_animation","minecraft:item_model","minecraft:item_name","minecraft:lore","minecraft:max_stack_size","minecraft:potion_contents","minecraft:potion_duration_scale","minecraft:rarity","minecraft:repair_cost","minecraft:tooltip_display","minecraft:use_effects"]	e4c0349a3c697be8264c650e38488b2ea11bb0f61078c0ab59df8914f07cbab0
minecraft:tnt	["minecraft:attack_animation","minecraft:attribute_modifiers","minecraft:break_sound","minecraft:enchantments","minecraft:interact_animation","minecraft:item_model","minecraft:item_name","minecraft:lore","minecraft:max_stack_size","minecraft:rarity","minecraft:repair_cost","minecraft:tooltip_display","minecraft:use_effects"]	f835bd974a85b006e4bd6867a55a603768d7c1261ad86e3db7e7dac8d5302302
minecraft:tnt_minecart	["minecraft:attack_animation","minecraft:attribute_modifiers","minecraft:break_sound","minecraft:enchantments","minecraft:interact_animation","minecraft:item_model","minecraft:item_name","minecraft:lore","minecraft:max_stack_size","minecraft:rarity","minecraft:repair_cost","minecraft:tooltip_display","minecraft:use_effects"]	0f0d81ac01ca669a58a2aa89bc4165a213b4b8e08c44d2bd8ef95610360202bf
minecraft:torch	["minecraft:attack_animation","minecraft:attribute_modifiers","minecraft:break_sound","minecraft:enchantments","minecraft:interact_animation","minecraft:item_model","minecraft:item_name","minecraft:lore","minecraft:max_stack_size","minecraft:rarity","minecraft:repair_cost","minecraft:tooltip_display","minecraft:use_effects"]	0cc2a6897bb5028b3f19c0a90485fc2c320271a9b5d008e4482dcf81be581602
minecraft:torchflower	["minecraft:attack_animation","minecraft:attribute_modifiers","minecraft:break_sound","minecraft:compostable","minecraft:enchantments","minecraft:interact_animation","minecraft:item_model","minecraft:item_name","minecraft:lore","minecraft:max_stack_size","minecraft:rarity","minecraft:repair_cost","minecraft:tooltip_display","minecraft:use_effects"]	cc15069edab5d8a14fcc7d0b7ecdd1fcd2f7b5d08dc3aa2cc92536c239c077a8
minecraft:torchflower_seeds	["minecraft:attack_animation","minecraft:attribute_modifiers","minecraft:break_sound","minecraft:compostable","minecraft:enchantments","minecraft:interact_animation","minecraft:item_model","minecraft:item_name","minecraft:lore","minecraft:max_stack_size","minecraft:rarity","minecraft:repair_cost","minecraft:tooltip_display","minecraft:use_effects"]	ef096fdb69f18abe700a10467f1c5e50cc43188e3322935ce132037f63ee47f1
minecraft:totem_of_undying	["minecraft:attack_animation","minecraft:attribute_modifiers","minecraft:break_sound","minecraft:death_protection","minecraft:enchantments","minecraft:interact_animation","minecraft:item_model","minecraft:item_name","minecraft:lore","minecraft:max_stack_size","minecraft:rarity","minecraft:repair_cost","minecraft:tooltip_display","minecraft:use_effects"]	44aa8459e43f1b875ae66a83fd406082aa7ffb2ec3fdf6a0b9818399ae17bf13
minecraft:trader_llama_spawn_egg	["minecraft:attack_animation","minecraft:attribute_modifiers","minecraft:break_sound","minecraft:enchantments","minecraft:entity_data","minecraft:interact_animation","minecraft:item_model","minecraft:item_name","minecraft:lore","minecraft:max_stack_size","minecraft:rarity","minecraft:repair_cost","minecraft:tooltip_display","minecraft:use_effects"]	e798a02246d73c44472c9c17af522fd457315aea29d39d72fa2b463ead144cf8
minecraft:trapped_chest	["minecraft:attack_animation","minecraft:attribute_modifiers","minecraft:break_sound","minecraft:container","minecraft:cooking_fuel","minecraft:enchantments","minecraft:interact_animation","minecraft:item_model","minecraft:item_name","minecraft:lore","minecraft:max_stack_size","minecraft:rarity","minecraft:repair_cost","minecraft:tooltip_display","minecraft:use_effects"]	e33cd8f64bc28573071447fff53ad1533fd374c5cf447f2c8900a8eb12dfec6b
minecraft:trial_key	["minecraft:attack_animation","minecraft:attribute_modifiers","minecraft:break_sound","minecraft:enchantments","minecraft:interact_animation","minecraft:item_model","minecraft:item_name","minecraft:lore","minecraft:max_stack_size","minecraft:rarity","minecraft:repair_cost","minecraft:tooltip_display","minecraft:use_effects"]	2185a810a3cd5c02d12e7d391a802c6d6d2c4f7e6ea2d7b2d4888360502338b7
minecraft:trial_spawner	["minecraft:attack_animation","minecraft:attribute_modifiers","minecraft:break_sound","minecraft:enchantments","minecraft:interact_animation","minecraft:item_model","minecraft:item_name","minecraft:lore","minecraft:max_stack_size","minecraft:rarity","minecraft:repair_cost","minecraft:tooltip_display","minecraft:use_effects"]	7f80b08c0cd367ea1ffb7dfbd13c2bde8471f833074168a3107b1cdf5fdcf37a
minecraft:trident	["minecraft:attack_animation","minecraft:attribute_modifiers","minecraft:break_sound","minecraft:damage","minecraft:enchantable","minecraft:enchantments","minecraft:interact_animation","minecraft:item_model","minecraft:item_name","minecraft:lore","minecraft:max_damage","minecraft:max_stack_size","minecraft:rarity","minecraft:repair_cost","minecraft:tool","minecraft:tooltip_display","minecraft:use_effects","minecraft:weapon"]	5be0e182b9cd6bb51ff9c4675d52988390d711a29f56cb7c5ad2d5d356c8d337
minecraft:tripwire_hook	["minecraft:attack_animation","minecraft:attribute_modifiers","minecraft:break_sound","minecraft:enchantments","minecraft:interact_animation","minecraft:item_model","minecraft:item_name","minecraft:lore","minecraft:max_stack_size","minecraft:rarity","minecraft:repair_cost","minecraft:tooltip_display","minecraft:use_effects"]	e73424805f73ffa0279da31571dc2c45c29ae48a226e14acc6e70eefaebcff2b
minecraft:tropical_fish	["minecraft:attack_animation","minecraft:attribute_modifiers","minecraft:break_sound","minecraft:consumable","minecraft:enchantments","minecraft:food","minecraft:interact_animation","minecraft:item_model","minecraft:item_name","minecraft:lore","minecraft:max_stack_size","minecraft:rarity","minecraft:repair_cost","minecraft:tooltip_display","minecraft:use_effects"]	5268bd954f0d317ee66050a7faff277a3401f79d436bbbb153ddc4d547050bf6
minecraft:tropical_fish_bucket	["minecraft:attack_animation","minecraft:attribute_modifiers","minecraft:break_sound","minecraft:bucket_entity_data","minecraft:enchantments","minecraft:food","minecraft:interact_animation","minecraft:item_model","minecraft:item_name","minecraft:lore","minecraft:max_stack_size","minecraft:rarity","minecraft:repair_cost","minecraft:tooltip_display","minecraft:use_effects"]	9c7f8520f676c171000f7a6c6d79b872472459562de3bb397894c2feab612829
minecraft:tropical_fish_spawn_egg	["minecraft:attack_animation","minecraft:attribute_modifiers","minecraft:break_sound","minecraft:enchantments","minecraft:entity_data","minecraft:interact_animation","minecraft:item_model","minecraft:item_name","minecraft:lore","minecraft:max_stack_size","minecraft:rarity","minecraft:repair_cost","minecraft:tooltip_display","minecraft:use_effects"]	8a5f28ca39ea776ebc213fad14a9f118eef8e46e7080ad93fa35e9fd699f6009
minecraft:tube_coral	["minecraft:attack_animation","minecraft:attribute_modifiers","minecraft:break_sound","minecraft:enchantments","minecraft:interact_animation","minecraft:item_model","minecraft:item_name","minecraft:lore","minecraft:max_stack_size","minecraft:rarity","minecraft:repair_cost","minecraft:tooltip_display","minecraft:use_effects"]	d871f16d33aebe8fd95c7a9fb8010a8b3d28652df83d5d65e3acd276ca78a936
minecraft:tube_coral_block	["minecraft:attack_animation","minecraft:attribute_modifiers","minecraft:break_sound","minecraft:enchantments","minecraft:interact_animation","minecraft:item_model","minecraft:item_name","minecraft:lore","minecraft:max_stack_size","minecraft:rarity","minecraft:repair_cost","minecraft:tooltip_display","minecraft:use_effects"]	b866d825fa1ffcd0d6b7f7ddd48ec4ffeb14c38ba3e895595aa6b3393c50553e
minecraft:tube_coral_fan	["minecraft:attack_animation","minecraft:attribute_modifiers","minecraft:break_sound","minecraft:enchantments","minecraft:interact_animation","minecraft:item_model","minecraft:item_name","minecraft:lore","minecraft:max_stack_size","minecraft:rarity","minecraft:repair_cost","minecraft:tooltip_display","minecraft:use_effects"]	938ffa656138bd0f4ae68d375a073fa2f6f41324ac43a1d121e946839bcb0c23
minecraft:tuff	["minecraft:attack_animation","minecraft:attribute_modifiers","minecraft:break_sound","minecraft:enchantments","minecraft:interact_animation","minecraft:item_model","minecraft:item_name","minecraft:lore","minecraft:max_stack_size","minecraft:rarity","minecraft:repair_cost","minecraft:tooltip_display","minecraft:use_effects"]	fb9ba26df57ff0d0f03ac8a48d28871f2085a38d87697a8075c71ddec487cef0
minecraft:tuff_brick_slab	["minecraft:attack_animation","minecraft:attribute_modifiers","minecraft:break_sound","minecraft:enchantments","minecraft:interact_animation","minecraft:item_model","minecraft:item_name","minecraft:lore","minecraft:max_stack_size","minecraft:rarity","minecraft:repair_cost","minecraft:tooltip_display","minecraft:use_effects"]	cfa6f64732a1f4a1c8a3a74508a3a9f044d189d7281e8bfcedf9c9486e61b710
minecraft:tuff_brick_stairs	["minecraft:attack_animation","minecraft:attribute_modifiers","minecraft:break_sound","minecraft:enchantments","minecraft:interact_animation","minecraft:item_model","minecraft:item_name","minecraft:lore","minecraft:max_stack_size","minecraft:rarity","minecraft:repair_cost","minecraft:tooltip_display","minecraft:use_effects"]	06595d5dc0aae8a5b15efda108e1e635d6c03f0d9180e1f4cd09b2c6304a97f5
minecraft:tuff_brick_wall	["minecraft:attack_animation","minecraft:attribute_modifiers","minecraft:break_sound","minecraft:enchantments","minecraft:interact_animation","minecraft:item_model","minecraft:item_name","minecraft:lore","minecraft:max_stack_size","minecraft:rarity","minecraft:repair_cost","minecraft:tooltip_display","minecraft:use_effects"]	52601fcf3432f9e3fa11bf4a279362a6f2eb771cbc31114c570538b3e62663aa
minecraft:tuff_bricks	["minecraft:attack_animation","minecraft:attribute_modifiers","minecraft:break_sound","minecraft:enchantments","minecraft:interact_animation","minecraft:item_model","minecraft:item_name","minecraft:lore","minecraft:max_stack_size","minecraft:rarity","minecraft:repair_cost","minecraft:tooltip_display","minecraft:use_effects"]	42e9783091cd893fc7140bb57f7f83db29bcda76ad34287be128ff51d00b7390
minecraft:tuff_slab	["minecraft:attack_animation","minecraft:attribute_modifiers","minecraft:break_sound","minecraft:enchantments","minecraft:interact_animation","minecraft:item_model","minecraft:item_name","minecraft:lore","minecraft:max_stack_size","minecraft:rarity","minecraft:repair_cost","minecraft:tooltip_display","minecraft:use_effects"]	da71d88910f9011aa0a5fcb45e919fdc9ca9cf1065bd7abd40a6e385d97ad5cb
minecraft:tuff_stairs	["minecraft:attack_animation","minecraft:attribute_modifiers","minecraft:break_sound","minecraft:enchantments","minecraft:interact_animation","minecraft:item_model","minecraft:item_name","minecraft:lore","minecraft:max_stack_size","minecraft:rarity","minecraft:repair_cost","minecraft:tooltip_display","minecraft:use_effects"]	80eb18c7ff5ed2ead75eb4845292e4d8629e05d633c6bba87f206c55e5c16348
minecraft:tuff_wall	["minecraft:attack_animation","minecraft:attribute_modifiers","minecraft:break_sound","minecraft:enchantments","minecraft:interact_animation","minecraft:item_model","minecraft:item_name","minecraft:lore","minecraft:max_stack_size","minecraft:rarity","minecraft:repair_cost","minecraft:tooltip_display","minecraft:use_effects"]	14fd83a69c298dd7fffe582b22164c43e94573b2b6a5e88bae332eb77c1695a4
minecraft:turtle_egg	["minecraft:attack_animation","minecraft:attribute_modifiers","minecraft:break_sound","minecraft:enchantments","minecraft:interact_animation","minecraft:item_model","minecraft:item_name","minecraft:lore","minecraft:max_stack_size","minecraft:rarity","minecraft:repair_cost","minecraft:tooltip_display","minecraft:use_effects"]	1e58b78aa12e831d0d3421b5058dd9e766ceb43d69735857542e6897175535cc
minecraft:turtle_helmet	["minecraft:attack_animation","minecraft:attribute_modifiers","minecraft:break_sound","minecraft:damage","minecraft:enchantable","minecraft:enchantments","minecraft:equippable","minecraft:interact_animation","minecraft:item_model","minecraft:item_name","minecraft:lore","minecraft:max_damage","minecraft:max_stack_size","minecraft:rarity","minecraft:repair_cost","minecraft:repairable","minecraft:tooltip_display","minecraft:use_effects"]	ff6d0dfdebe8c7b058223ef38707cd9a5a018f7b35424431c0b117b1eba7354e
minecraft:turtle_scute	["minecraft:attack_animation","minecraft:attribute_modifiers","minecraft:break_sound","minecraft:enchantments","minecraft:interact_animation","minecraft:item_model","minecraft:item_name","minecraft:lore","minecraft:max_stack_size","minecraft:rarity","minecraft:repair_cost","minecraft:tooltip_display","minecraft:use_effects"]	c09c5f84137bdf91cabc7c6d240810823b2a030d9e0398b9238afb5df375ffb1
minecraft:turtle_spawn_egg	["minecraft:attack_animation","minecraft:attribute_modifiers","minecraft:break_sound","minecraft:enchantments","minecraft:entity_data","minecraft:interact_animation","minecraft:item_model","minecraft:item_name","minecraft:lore","minecraft:max_stack_size","minecraft:rarity","minecraft:repair_cost","minecraft:tooltip_display","minecraft:use_effects"]	bc8ddd0a093b0cad9cc74cee8f5a6afa6d6ce3c8a5e26fcc36fb367a49f1bb4a
minecraft:twisting_vines	["minecraft:attack_animation","minecraft:attribute_modifiers","minecraft:break_sound","minecraft:compostable","minecraft:enchantments","minecraft:interact_animation","minecraft:item_model","minecraft:item_name","minecraft:lore","minecraft:max_stack_size","minecraft:rarity","minecraft:repair_cost","minecraft:tooltip_display","minecraft:use_effects"]	06ff5440dde2ada0597d451cf3964b5b50385a386f41d1ff8a8eb5f60883a2f5
minecraft:vault	["minecraft:attack_animation","minecraft:attribute_modifiers","minecraft:break_sound","minecraft:enchantments","minecraft:interact_animation","minecraft:item_model","minecraft:item_name","minecraft:lore","minecraft:max_stack_size","minecraft:rarity","minecraft:repair_cost","minecraft:tooltip_display","minecraft:use_effects"]	7c5fb33e691aa3ce7c9ccaa788c96e846395c2ecb4ff201f5c60e3eed11189f5
minecraft:verdant_froglight	["minecraft:attack_animation","minecraft:attribute_modifiers","minecraft:break_sound","minecraft:enchantments","minecraft:interact_animation","minecraft:item_model","minecraft:item_name","minecraft:lore","minecraft:max_stack_size","minecraft:rarity","minecraft:repair_cost","minecraft:tooltip_display","minecraft:use_effects"]	d6d38c923772b791a435403d20c78b5ec34747e832b00eb52f2082d71c3a1df5
minecraft:vex_armor_trim_smithing_template	["minecraft:attack_animation","minecraft:attribute_modifiers","minecraft:break_sound","minecraft:enchantments","minecraft:interact_animation","minecraft:item_model","minecraft:item_name","minecraft:lore","minecraft:max_stack_size","minecraft:rarity","minecraft:repair_cost","minecraft:tooltip_display","minecraft:use_effects"]	e914d2cccfb4388026eaa180b960ee199010ee53f0dd886f4274f9f61c79a900
minecraft:vex_spawn_egg	["minecraft:attack_animation","minecraft:attribute_modifiers","minecraft:break_sound","minecraft:enchantments","minecraft:entity_data","minecraft:interact_animation","minecraft:item_model","minecraft:item_name","minecraft:lore","minecraft:max_stack_size","minecraft:rarity","minecraft:repair_cost","minecraft:tooltip_display","minecraft:use_effects"]	e16e5fcb3c32fa2ab187cd63ee9d6aacb7eff0c5422fadd56d3bcacba858b89e
minecraft:villager_spawn_egg	["minecraft:attack_animation","minecraft:attribute_modifiers","minecraft:break_sound","minecraft:enchantments","minecraft:entity_data","minecraft:interact_animation","minecraft:item_model","minecraft:item_name","minecraft:lore","minecraft:max_stack_size","minecraft:rarity","minecraft:repair_cost","minecraft:tooltip_display","minecraft:use_effects"]	c32dfdab1bf352e03cee71005e92ffb666186b78a958bb6635266d60f3e724f4
minecraft:vindicator_spawn_egg	["minecraft:attack_animation","minecraft:attribute_modifiers","minecraft:break_sound","minecraft:enchantments","minecraft:entity_data","minecraft:interact_animation","minecraft:item_model","minecraft:item_name","minecraft:lore","minecraft:max_stack_size","minecraft:rarity","minecraft:repair_cost","minecraft:tooltip_display","minecraft:use_effects"]	328424b9009272734d2468db49bb5d2e61260478fb89a045a21d403296d1ea1c
minecraft:vine	["minecraft:attack_animation","minecraft:attribute_modifiers","minecraft:break_sound","minecraft:compostable","minecraft:enchantments","minecraft:interact_animation","minecraft:item_model","minecraft:item_name","minecraft:lore","minecraft:max_stack_size","minecraft:rarity","minecraft:repair_cost","minecraft:tooltip_display","minecraft:use_effects"]	9c5ffa9874ef79b852f9046ae1cb3ebbb6454d5e62f19f68beff56fea02034c0
minecraft:wandering_trader_spawn_egg	["minecraft:attack_animation","minecraft:attribute_modifiers","minecraft:break_sound","minecraft:enchantments","minecraft:entity_data","minecraft:interact_animation","minecraft:item_model","minecraft:item_name","minecraft:lore","minecraft:max_stack_size","minecraft:rarity","minecraft:repair_cost","minecraft:tooltip_display","minecraft:use_effects"]	5f0707c44122b550327c547d6e323710d6be3be89d875d293b32513fad055d98
minecraft:ward_armor_trim_smithing_template	["minecraft:attack_animation","minecraft:attribute_modifiers","minecraft:break_sound","minecraft:enchantments","minecraft:interact_animation","minecraft:item_model","minecraft:item_name","minecraft:lore","minecraft:max_stack_size","minecraft:rarity","minecraft:repair_cost","minecraft:tooltip_display","minecraft:use_effects"]	925ae2eb5a7def00b61fb1f15b2f3bdec4747c1d9f033726cc59e00857391adb
minecraft:warden_spawn_egg	["minecraft:attack_animation","minecraft:attribute_modifiers","minecraft:break_sound","minecraft:enchantments","minecraft:entity_data","minecraft:interact_animation","minecraft:item_model","minecraft:item_name","minecraft:lore","minecraft:max_stack_size","minecraft:rarity","minecraft:repair_cost","minecraft:tooltip_display","minecraft:use_effects"]	28c175508129d0a334679b60162d5976cb26cf65969b73e414a71c68ed0e98c9
minecraft:warm_ocean_ruins_map	["minecraft:attack_animation","minecraft:attribute_modifiers","minecraft:break_sound","minecraft:enchantments","minecraft:interact_animation","minecraft:item_model","minecraft:item_name","minecraft:lore","minecraft:map_decorations","minecraft:max_stack_size","minecraft:rarity","minecraft:repair_cost","minecraft:tooltip_display","minecraft:use_effects"]	f8384f4dc5f24f1542d822fcf8513533f0a45993fe76e7d6473f3791965161f1
minecraft:warped_button	["minecraft:attack_animation","minecraft:attribute_modifiers","minecraft:break_sound","minecraft:enchantments","minecraft:interact_animation","minecraft:item_model","minecraft:item_name","minecraft:lore","minecraft:max_stack_size","minecraft:rarity","minecraft:repair_cost","minecraft:tooltip_display","minecraft:use_effects"]	71a18fa93c7e94ee730e60677272337992d439a2d1fc4a15d6a6dbfd792d9897
minecraft:warped_door	["minecraft:attack_animation","minecraft:attribute_modifiers","minecraft:break_sound","minecraft:enchantments","minecraft:interact_animation","minecraft:item_model","minecraft:item_name","minecraft:lore","minecraft:max_stack_size","minecraft:rarity","minecraft:repair_cost","minecraft:tooltip_display","minecraft:use_effects"]	0feaeb943a513e482e0d6e5540e44aedffeb8b4c12ad94d2251f4fe338670460
minecraft:warped_fence	["minecraft:attack_animation","minecraft:attribute_modifiers","minecraft:break_sound","minecraft:enchantments","minecraft:interact_animation","minecraft:item_model","minecraft:item_name","minecraft:lore","minecraft:max_stack_size","minecraft:rarity","minecraft:repair_cost","minecraft:tooltip_display","minecraft:use_effects"]	b0405d0cd3353f7d1036b6f5b3422646cdd8adcc15c15dfd47c4829405f87dcf
minecraft:warped_fence_gate	["minecraft:attack_animation","minecraft:attribute_modifiers","minecraft:break_sound","minecraft:enchantments","minecraft:interact_animation","minecraft:item_model","minecraft:item_name","minecraft:lore","minecraft:max_stack_size","minecraft:rarity","minecraft:repair_cost","minecraft:tooltip_display","minecraft:use_effects"]	fa849d1ed28b572d215b20aba180dc2abccde711c39d96ee5fdfa6cd57765fea
minecraft:warped_fungus	["minecraft:attack_animation","minecraft:attribute_modifiers","minecraft:break_sound","minecraft:compostable","minecraft:enchantments","minecraft:interact_animation","minecraft:item_model","minecraft:item_name","minecraft:lore","minecraft:max_stack_size","minecraft:rarity","minecraft:repair_cost","minecraft:tooltip_display","minecraft:use_effects"]	31b422c932e1d3a03526114f360f854b86c0203c0eff8ae95b6932cb2d493dde
minecraft:warped_fungus_on_a_stick	["minecraft:attack_animation","minecraft:attribute_modifiers","minecraft:break_sound","minecraft:damage","minecraft:enchantments","minecraft:interact_animation","minecraft:item_model","minecraft:item_name","minecraft:lore","minecraft:max_damage","minecraft:max_stack_size","minecraft:rarity","minecraft:repair_cost","minecraft:tooltip_display","minecraft:use_effects"]	d363be567a0ee868396cde151093004e1a0218df75d4d33a6b9a88ffffeba2bb
minecraft:warped_hanging_sign	["minecraft:attack_animation","minecraft:attribute_modifiers","minecraft:break_sound","minecraft:enchantments","minecraft:interact_animation","minecraft:item_model","minecraft:item_name","minecraft:lore","minecraft:max_stack_size","minecraft:rarity","minecraft:repair_cost","minecraft:sign_text_back","minecraft:sign_text_front","minecraft:tooltip_display","minecraft:use_effects"]	d2f2c4837dba57594c3012da22586d8a60d9c73091cf073bc4d7687cc55fc706
minecraft:warped_hyphae	["minecraft:attack_animation","minecraft:attribute_modifiers","minecraft:break_sound","minecraft:enchantments","minecraft:interact_animation","minecraft:item_model","minecraft:item_name","minecraft:lore","minecraft:max_stack_size","minecraft:rarity","minecraft:repair_cost","minecraft:tooltip_display","minecraft:use_effects"]	0aff37ffba91d4a5faeaa99570bee576f74b6d2142dd72a4dc0955580f3b47e8
minecraft:warped_nylium	["minecraft:attack_animation","minecraft:attribute_modifiers","minecraft:break_sound","minecraft:enchantments","minecraft:interact_animation","minecraft:item_model","minecraft:item_name","minecraft:lore","minecraft:max_stack_size","minecraft:rarity","minecraft:repair_cost","minecraft:tooltip_display","minecraft:use_effects"]	4c9524489b1fcda7b68fdbb1c12defb8af1da03987d69facdd74d05203e7966a
minecraft:warped_planks	["minecraft:attack_animation","minecraft:attribute_modifiers","minecraft:break_sound","minecraft:enchantments","minecraft:interact_animation","minecraft:item_model","minecraft:item_name","minecraft:lore","minecraft:max_stack_size","minecraft:rarity","minecraft:repair_cost","minecraft:tooltip_display","minecraft:use_effects"]	71b52e2b87e3c6908694248757b76138a2b2c04c6664fe04b8de76262b112886
minecraft:warped_pressure_plate	["minecraft:attack_animation","minecraft:attribute_modifiers","minecraft:break_sound","minecraft:enchantments","minecraft:interact_animation","minecraft:item_model","minecraft:item_name","minecraft:lore","minecraft:max_stack_size","minecraft:rarity","minecraft:repair_cost","minecraft:tooltip_display","minecraft:use_effects"]	97342d57f9df09559ca63332b51cbb44c16d8f65b45a73ad8c67bcc3b46d8c8a
minecraft:warped_roots	["minecraft:attack_animation","minecraft:attribute_modifiers","minecraft:break_sound","minecraft:compostable","minecraft:enchantments","minecraft:interact_animation","minecraft:item_model","minecraft:item_name","minecraft:lore","minecraft:max_stack_size","minecraft:rarity","minecraft:repair_cost","minecraft:tooltip_display","minecraft:use_effects"]	ab28e6ec636739e84a3f076a057ac7f15a0897e2e816bbc00698e0b92b252182
minecraft:warped_shelf	["minecraft:attack_animation","minecraft:attribute_modifiers","minecraft:break_sound","minecraft:container","minecraft:enchantments","minecraft:interact_animation","minecraft:item_model","minecraft:item_name","minecraft:lore","minecraft:max_stack_size","minecraft:rarity","minecraft:repair_cost","minecraft:tooltip_display","minecraft:use_effects"]	bc28a3c9a03514ff552ae8d9a3c5ea38d63232e5fe0d47fa2b777ff0d35287cd
minecraft:warped_sign	["minecraft:attack_animation","minecraft:attribute_modifiers","minecraft:break_sound","minecraft:enchantments","minecraft:interact_animation","minecraft:item_model","minecraft:item_name","minecraft:lore","minecraft:max_stack_size","minecraft:rarity","minecraft:repair_cost","minecraft:sign_text_back","minecraft:sign_text_front","minecraft:tooltip_display","minecraft:use_effects"]	bf78d74ae7a26839c3611d1642d52f1a796297235ea3d5983d85996dfbf8da20
minecraft:warped_slab	["minecraft:attack_animation","minecraft:attribute_modifiers","minecraft:break_sound","minecraft:enchantments","minecraft:interact_animation","minecraft:item_model","minecraft:item_name","minecraft:lore","minecraft:max_stack_size","minecraft:rarity","minecraft:repair_cost","minecraft:tooltip_display","minecraft:use_effects"]	83df3a18a03f441fc88c7652ca29c307ffbba434521f4dc28c6bbebee2b96138
minecraft:warped_stairs	["minecraft:attack_animation","minecraft:attribute_modifiers","minecraft:break_sound","minecraft:enchantments","minecraft:interact_animation","minecraft:item_model","minecraft:item_name","minecraft:lore","minecraft:max_stack_size","minecraft:rarity","minecraft:repair_cost","minecraft:tooltip_display","minecraft:use_effects"]	646bb7c1e5cc33d3f95daad0a29ff20facc801d117bb3da8a82c33cf30a53a24
minecraft:warped_stem	["minecraft:attack_animation","minecraft:attribute_modifiers","minecraft:break_sound","minecraft:enchantments","minecraft:interact_animation","minecraft:item_model","minecraft:item_name","minecraft:lore","minecraft:max_stack_size","minecraft:rarity","minecraft:repair_cost","minecraft:tooltip_display","minecraft:use_effects"]	9130f0ee1b74d6b40ce3086d3d06f11266f09e77fce57313a0ed44920e35f61c
minecraft:warped_trapdoor	["minecraft:attack_animation","minecraft:attribute_modifiers","minecraft:break_sound","minecraft:enchantments","minecraft:interact_animation","minecraft:item_model","minecraft:item_name","minecraft:lore","minecraft:max_stack_size","minecraft:rarity","minecraft:repair_cost","minecraft:tooltip_display","minecraft:use_effects"]	fa7d78b4fa97df8ef6022bd5519bff5748323612b2153b0d42f02ccd367a491e
minecraft:warped_wart_block	["minecraft:attack_animation","minecraft:attribute_modifiers","minecraft:break_sound","minecraft:compostable","minecraft:enchantments","minecraft:interact_animation","minecraft:item_model","minecraft:item_name","minecraft:lore","minecraft:max_stack_size","minecraft:rarity","minecraft:repair_cost","minecraft:tooltip_display","minecraft:use_effects"]	79e38e6dfdd567f45e2da96dcd97d2c65dc1e3cfdebdbb18514c8b377fcfe279
minecraft:water_bucket	["minecraft:attack_animation","minecraft:attribute_modifiers","minecraft:break_sound","minecraft:enchantments","minecraft:interact_animation","minecraft:item_model","minecraft:item_name","minecraft:lore","minecraft:max_stack_size","minecraft:rarity","minecraft:repair_cost","minecraft:tooltip_display","minecraft:use_effects"]	d2c653c64f1e41804dd231f059e013fe258fc3d0cbae58ea00214a289258654d
minecraft:waxed_chiseled_copper	["minecraft:attack_animation","minecraft:attribute_modifiers","minecraft:break_sound","minecraft:enchantments","minecraft:interact_animation","minecraft:item_model","minecraft:item_name","minecraft:lore","minecraft:max_stack_size","minecraft:rarity","minecraft:repair_cost","minecraft:tooltip_display","minecraft:use_effects"]	345984a34e9c169fa09e50bf1cc7ce4e56b80fb604cba5ce51119261c9246970
minecraft:waxed_copper_bars	["minecraft:attack_animation","minecraft:attribute_modifiers","minecraft:break_sound","minecraft:enchantments","minecraft:interact_animation","minecraft:item_model","minecraft:item_name","minecraft:lore","minecraft:max_stack_size","minecraft:rarity","minecraft:repair_cost","minecraft:tooltip_display","minecraft:use_effects"]	69bef40b6b0459ce2e708a5ea34e0e7c92ad4b9c6ff8aa612c6dd6a2a2df9429
minecraft:waxed_copper_block	["minecraft:attack_animation","minecraft:attribute_modifiers","minecraft:break_sound","minecraft:enchantments","minecraft:interact_animation","minecraft:item_model","minecraft:item_name","minecraft:lore","minecraft:max_stack_size","minecraft:rarity","minecraft:repair_cost","minecraft:tooltip_display","minecraft:use_effects"]	d54c658971f31fbffb546bf69bcb3d2c4ae7c0601d43bc7b8b21e4d255987d00
minecraft:waxed_copper_bulb	["minecraft:attack_animation","minecraft:attribute_modifiers","minecraft:break_sound","minecraft:enchantments","minecraft:interact_animation","minecraft:item_model","minecraft:item_name","minecraft:lore","minecraft:max_stack_size","minecraft:rarity","minecraft:repair_cost","minecraft:tooltip_display","minecraft:use_effects"]	3c5f9573f080c0248be10a36d6adb0cc427693a75ce2449ad1434a9a44f91f03
minecraft:waxed_copper_chain	["minecraft:attack_animation","minecraft:attribute_modifiers","minecraft:break_sound","minecraft:enchantments","minecraft:interact_animation","minecraft:item_model","minecraft:item_name","minecraft:lore","minecraft:max_stack_size","minecraft:rarity","minecraft:repair_cost","minecraft:tooltip_display","minecraft:use_effects"]	4582ff02d19d6ae82aad4359d679366f2713c067cdc82f6e637ec0cdfa8f659b
minecraft:waxed_copper_chest	["minecraft:attack_animation","minecraft:attribute_modifiers","minecraft:break_sound","minecraft:enchantments","minecraft:interact_animation","minecraft:item_model","minecraft:item_name","minecraft:lore","minecraft:max_stack_size","minecraft:rarity","minecraft:repair_cost","minecraft:tooltip_display","minecraft:use_effects"]	a8c83169a739f2d966f29a59173ee8478dec77a5fdd5d69b14292e8eba7deb4f
minecraft:waxed_copper_door	["minecraft:attack_animation","minecraft:attribute_modifiers","minecraft:break_sound","minecraft:enchantments","minecraft:interact_animation","minecraft:item_model","minecraft:item_name","minecraft:lore","minecraft:max_stack_size","minecraft:rarity","minecraft:repair_cost","minecraft:tooltip_display","minecraft:use_effects"]	df4fe7080f95062f69dd4961a88f36f0fe40e3246c17428eac602484683de1d3
minecraft:waxed_copper_golem_statue	["minecraft:attack_animation","minecraft:attribute_modifiers","minecraft:block_state","minecraft:break_sound","minecraft:enchantments","minecraft:interact_animation","minecraft:item_model","minecraft:item_name","minecraft:lore","minecraft:max_stack_size","minecraft:rarity","minecraft:repair_cost","minecraft:tooltip_display","minecraft:use_effects"]	41eefad0926edd72f8c6e4e46b2645f5b35a192afc73f64dc8d701527fa39df3
minecraft:waxed_copper_grate	["minecraft:attack_animation","minecraft:attribute_modifiers","minecraft:break_sound","minecraft:enchantments","minecraft:interact_animation","minecraft:item_model","minecraft:item_name","minecraft:lore","minecraft:max_stack_size","minecraft:rarity","minecraft:repair_cost","minecraft:tooltip_display","minecraft:use_effects"]	375771b19d7954b5450ce5010eb965608f5a4177ad889fc7dfb9484065833d85
minecraft:waxed_copper_lantern	["minecraft:attack_animation","minecraft:attribute_modifiers","minecraft:break_sound","minecraft:enchantments","minecraft:interact_animation","minecraft:item_model","minecraft:item_name","minecraft:lore","minecraft:max_stack_size","minecraft:rarity","minecraft:repair_cost","minecraft:tooltip_display","minecraft:use_effects"]	9d69b7139f271ba61bc451724e6fbb1b55d87eeef4d11322f66cbd1fd914df5e
minecraft:waxed_copper_trapdoor	["minecraft:attack_animation","minecraft:attribute_modifiers","minecraft:break_sound","minecraft:enchantments","minecraft:interact_animation","minecraft:item_model","minecraft:item_name","minecraft:lore","minecraft:max_stack_size","minecraft:rarity","minecraft:repair_cost","minecraft:tooltip_display","minecraft:use_effects"]	248d8d9419b487e295f8537fcab7c6ad7173d7617fbac7dc71277d14518425ba
minecraft:waxed_cut_copper	["minecraft:attack_animation","minecraft:attribute_modifiers","minecraft:break_sound","minecraft:enchantments","minecraft:interact_animation","minecraft:item_model","minecraft:item_name","minecraft:lore","minecraft:max_stack_size","minecraft:rarity","minecraft:repair_cost","minecraft:tooltip_display","minecraft:use_effects"]	f37d46bac6b296e7c5142f96e80ba4ee26a06391aca38eae304d445e4e396353
minecraft:waxed_cut_copper_slab	["minecraft:attack_animation","minecraft:attribute_modifiers","minecraft:break_sound","minecraft:enchantments","minecraft:interact_animation","minecraft:item_model","minecraft:item_name","minecraft:lore","minecraft:max_stack_size","minecraft:rarity","minecraft:repair_cost","minecraft:tooltip_display","minecraft:use_effects"]	64af4341bf759fdcb77c56a266dfb195ebfed9301eaa8f72ce221af4d21493c2
minecraft:waxed_cut_copper_stairs	["minecraft:attack_animation","minecraft:attribute_modifiers","minecraft:break_sound","minecraft:enchantments","minecraft:interact_animation","minecraft:item_model","minecraft:item_name","minecraft:lore","minecraft:max_stack_size","minecraft:rarity","minecraft:repair_cost","minecraft:tooltip_display","minecraft:use_effects"]	9f5faad2775a14da68b32acfa4efa4f0f9e4df3ce00109597b02704b5903d912
minecraft:waxed_exposed_chiseled_copper	["minecraft:attack_animation","minecraft:attribute_modifiers","minecraft:break_sound","minecraft:enchantments","minecraft:interact_animation","minecraft:item_model","minecraft:item_name","minecraft:lore","minecraft:max_stack_size","minecraft:rarity","minecraft:repair_cost","minecraft:tooltip_display","minecraft:use_effects"]	22d93b7839bc05394475e5059cba77f33cc6465e85f61301259087ba9be5035a
minecraft:waxed_exposed_copper	["minecraft:attack_animation","minecraft:attribute_modifiers","minecraft:break_sound","minecraft:enchantments","minecraft:interact_animation","minecraft:item_model","minecraft:item_name","minecraft:lore","minecraft:max_stack_size","minecraft:rarity","minecraft:repair_cost","minecraft:tooltip_display","minecraft:use_effects"]	986bd8bdff7d7f86406498b4bf9b55810087a72903a2ee154ca2f4d0747ddb37
minecraft:waxed_exposed_copper_bars	["minecraft:attack_animation","minecraft:attribute_modifiers","minecraft:break_sound","minecraft:enchantments","minecraft:interact_animation","minecraft:item_model","minecraft:item_name","minecraft:lore","minecraft:max_stack_size","minecraft:rarity","minecraft:repair_cost","minecraft:tooltip_display","minecraft:use_effects"]	ef824b3ffced216828d44516172145894ee30f367863b8da21334444d253fc38
minecraft:waxed_exposed_copper_bulb	["minecraft:attack_animation","minecraft:attribute_modifiers","minecraft:break_sound","minecraft:enchantments","minecraft:interact_animation","minecraft:item_model","minecraft:item_name","minecraft:lore","minecraft:max_stack_size","minecraft:rarity","minecraft:repair_cost","minecraft:tooltip_display","minecraft:use_effects"]	517442ff129666ac8933eaf451771f308763d70ec8331c83163f38de63d312c8
minecraft:waxed_exposed_copper_chain	["minecraft:attack_animation","minecraft:attribute_modifiers","minecraft:break_sound","minecraft:enchantments","minecraft:interact_animation","minecraft:item_model","minecraft:item_name","minecraft:lore","minecraft:max_stack_size","minecraft:rarity","minecraft:repair_cost","minecraft:tooltip_display","minecraft:use_effects"]	d09ecfacef207c631c34048bda50e4a80f6d83b238b3c2676f6f558db0915542
minecraft:waxed_exposed_copper_chest	["minecraft:attack_animation","minecraft:attribute_modifiers","minecraft:break_sound","minecraft:enchantments","minecraft:interact_animation","minecraft:item_model","minecraft:item_name","minecraft:lore","minecraft:max_stack_size","minecraft:rarity","minecraft:repair_cost","minecraft:tooltip_display","minecraft:use_effects"]	bbb55f78a304980c1d7bedd2abc017374631f513dd0d40f380468695a7c549ec
minecraft:waxed_exposed_copper_door	["minecraft:attack_animation","minecraft:attribute_modifiers","minecraft:break_sound","minecraft:enchantments","minecraft:interact_animation","minecraft:item_model","minecraft:item_name","minecraft:lore","minecraft:max_stack_size","minecraft:rarity","minecraft:repair_cost","minecraft:tooltip_display","minecraft:use_effects"]	a51e2de129b86c7942550da3dbdf455c49b5fc39280dbce450d72b034d1b0eb3
minecraft:waxed_exposed_copper_golem_statue	["minecraft:attack_animation","minecraft:attribute_modifiers","minecraft:block_state","minecraft:break_sound","minecraft:enchantments","minecraft:interact_animation","minecraft:item_model","minecraft:item_name","minecraft:lore","minecraft:max_stack_size","minecraft:rarity","minecraft:repair_cost","minecraft:tooltip_display","minecraft:use_effects"]	a82095d913cd2504d177d35313418001e0153538413f4c4ae2e92cda26a932a2
minecraft:waxed_exposed_copper_grate	["minecraft:attack_animation","minecraft:attribute_modifiers","minecraft:break_sound","minecraft:enchantments","minecraft:interact_animation","minecraft:item_model","minecraft:item_name","minecraft:lore","minecraft:max_stack_size","minecraft:rarity","minecraft:repair_cost","minecraft:tooltip_display","minecraft:use_effects"]	2baf79d7bb665bd6435d1c8ce72b916a4bdd6e8dae205e072329cc6d68bfed74
minecraft:waxed_exposed_copper_lantern	["minecraft:attack_animation","minecraft:attribute_modifiers","minecraft:break_sound","minecraft:enchantments","minecraft:interact_animation","minecraft:item_model","minecraft:item_name","minecraft:lore","minecraft:max_stack_size","minecraft:rarity","minecraft:repair_cost","minecraft:tooltip_display","minecraft:use_effects"]	e681cf43d493c3c8e31e2b1283f6fbb822c1db40ec1720c7f6888ebf765e5db0
minecraft:waxed_exposed_copper_trapdoor	["minecraft:attack_animation","minecraft:attribute_modifiers","minecraft:break_sound","minecraft:enchantments","minecraft:interact_animation","minecraft:item_model","minecraft:item_name","minecraft:lore","minecraft:max_stack_size","minecraft:rarity","minecraft:repair_cost","minecraft:tooltip_display","minecraft:use_effects"]	45770a656365fb75a8be49d10d6b2cfc279e7d6cdefb8bdc65dce002106f33d2
minecraft:waxed_exposed_cut_copper	["minecraft:attack_animation","minecraft:attribute_modifiers","minecraft:break_sound","minecraft:enchantments","minecraft:interact_animation","minecraft:item_model","minecraft:item_name","minecraft:lore","minecraft:max_stack_size","minecraft:rarity","minecraft:repair_cost","minecraft:tooltip_display","minecraft:use_effects"]	a3724ef549bd86dfaeb4843775214677a904cbf5cf9b453736446257ee661381
minecraft:waxed_exposed_cut_copper_slab	["minecraft:attack_animation","minecraft:attribute_modifiers","minecraft:break_sound","minecraft:enchantments","minecraft:interact_animation","minecraft:item_model","minecraft:item_name","minecraft:lore","minecraft:max_stack_size","minecraft:rarity","minecraft:repair_cost","minecraft:tooltip_display","minecraft:use_effects"]	9f90e13acf58b67c2507783dfdaaefe9214aa32c57dc08badb12b845e3c5e982
minecraft:waxed_exposed_cut_copper_stairs	["minecraft:attack_animation","minecraft:attribute_modifiers","minecraft:break_sound","minecraft:enchantments","minecraft:interact_animation","minecraft:item_model","minecraft:item_name","minecraft:lore","minecraft:max_stack_size","minecraft:rarity","minecraft:repair_cost","minecraft:tooltip_display","minecraft:use_effects"]	30ba80f5ad7237024455768d16abd49703274b7efa52e543bb922534956d2133
minecraft:waxed_exposed_lightning_rod	["minecraft:attack_animation","minecraft:attribute_modifiers","minecraft:break_sound","minecraft:enchantments","minecraft:interact_animation","minecraft:item_model","minecraft:item_name","minecraft:lore","minecraft:max_stack_size","minecraft:rarity","minecraft:repair_cost","minecraft:tooltip_display","minecraft:use_effects"]	770221f8b47eaab3a92ee787478ade43eb2f7e1efb7c7a6e6bb61360b0665373
minecraft:waxed_lightning_rod	["minecraft:attack_animation","minecraft:attribute_modifiers","minecraft:break_sound","minecraft:enchantments","minecraft:interact_animation","minecraft:item_model","minecraft:item_name","minecraft:lore","minecraft:max_stack_size","minecraft:rarity","minecraft:repair_cost","minecraft:tooltip_display","minecraft:use_effects"]	b1bdac4b6808bd68336a4c70f67dabfdbdcc86217c5b7b2bccae038761055eea
minecraft:waxed_oxidized_chiseled_copper	["minecraft:attack_animation","minecraft:attribute_modifiers","minecraft:break_sound","minecraft:enchantments","minecraft:interact_animation","minecraft:item_model","minecraft:item_name","minecraft:lore","minecraft:max_stack_size","minecraft:rarity","minecraft:repair_cost","minecraft:tooltip_display","minecraft:use_effects"]	7fbee50dd740c17a0a197bd6b52ddc59eea046b124a52de912295426d2685840
minecraft:waxed_oxidized_copper	["minecraft:attack_animation","minecraft:attribute_modifiers","minecraft:break_sound","minecraft:enchantments","minecraft:interact_animation","minecraft:item_model","minecraft:item_name","minecraft:lore","minecraft:max_stack_size","minecraft:rarity","minecraft:repair_cost","minecraft:tooltip_display","minecraft:use_effects"]	86ae1c1dc317925f0206ea6cf8b200f68b1370e81d8d08f45972c964d0650c8a
minecraft:waxed_oxidized_copper_bars	["minecraft:attack_animation","minecraft:attribute_modifiers","minecraft:break_sound","minecraft:enchantments","minecraft:interact_animation","minecraft:item_model","minecraft:item_name","minecraft:lore","minecraft:max_stack_size","minecraft:rarity","minecraft:repair_cost","minecraft:tooltip_display","minecraft:use_effects"]	47984c18488b8c14c9b0ff66603e305b3e669b759a7131698ae038f03969f37e
minecraft:waxed_oxidized_copper_bulb	["minecraft:attack_animation","minecraft:attribute_modifiers","minecraft:break_sound","minecraft:enchantments","minecraft:interact_animation","minecraft:item_model","minecraft:item_name","minecraft:lore","minecraft:max_stack_size","minecraft:rarity","minecraft:repair_cost","minecraft:tooltip_display","minecraft:use_effects"]	490f5670c1986bdca79a758f7a7f8b504595bd29ba6ff14bd1d23b48a24a9be1
minecraft:waxed_oxidized_copper_chain	["minecraft:attack_animation","minecraft:attribute_modifiers","minecraft:break_sound","minecraft:enchantments","minecraft:interact_animation","minecraft:item_model","minecraft:item_name","minecraft:lore","minecraft:max_stack_size","minecraft:rarity","minecraft:repair_cost","minecraft:tooltip_display","minecraft:use_effects"]	4912a9d088422597ffa1454c3628bf967d4a6ec3ac8416c5566f03fbf3089694
minecraft:waxed_oxidized_copper_chest	["minecraft:attack_animation","minecraft:attribute_modifiers","minecraft:break_sound","minecraft:enchantments","minecraft:interact_animation","minecraft:item_model","minecraft:item_name","minecraft:lore","minecraft:max_stack_size","minecraft:rarity","minecraft:repair_cost","minecraft:tooltip_display","minecraft:use_effects"]	1e88f5ecb74be59fecfd901e2277fa509a8a6385a34f1055c8878195612aa5a4
minecraft:waxed_oxidized_copper_door	["minecraft:attack_animation","minecraft:attribute_modifiers","minecraft:break_sound","minecraft:enchantments","minecraft:interact_animation","minecraft:item_model","minecraft:item_name","minecraft:lore","minecraft:max_stack_size","minecraft:rarity","minecraft:repair_cost","minecraft:tooltip_display","minecraft:use_effects"]	fca58c44a92600f3d7228ccc4b01225cbdf51b0f5fed353072afb1356d6374df
minecraft:waxed_oxidized_copper_golem_statue	["minecraft:attack_animation","minecraft:attribute_modifiers","minecraft:block_state","minecraft:break_sound","minecraft:enchantments","minecraft:interact_animation","minecraft:item_model","minecraft:item_name","minecraft:lore","minecraft:max_stack_size","minecraft:rarity","minecraft:repair_cost","minecraft:tooltip_display","minecraft:use_effects"]	f5e5b357bfe6866a708e5d3e0de57c85eed8b40f64780be5a159f9533476e404
minecraft:waxed_oxidized_copper_grate	["minecraft:attack_animation","minecraft:attribute_modifiers","minecraft:break_sound","minecraft:enchantments","minecraft:interact_animation","minecraft:item_model","minecraft:item_name","minecraft:lore","minecraft:max_stack_size","minecraft:rarity","minecraft:repair_cost","minecraft:tooltip_display","minecraft:use_effects"]	e8a3766de73ff33248724553a1bb2f02c8c0dcc418c5007c6edb48d0ae69e0ee
minecraft:waxed_oxidized_copper_lantern	["minecraft:attack_animation","minecraft:attribute_modifiers","minecraft:break_sound","minecraft:enchantments","minecraft:interact_animation","minecraft:item_model","minecraft:item_name","minecraft:lore","minecraft:max_stack_size","minecraft:rarity","minecraft:repair_cost","minecraft:tooltip_display","minecraft:use_effects"]	566c0e1acba604eb9ddb31cc69d3d5be3ece1fbdd3ac1c5862801b059c626a9e
minecraft:waxed_oxidized_copper_trapdoor	["minecraft:attack_animation","minecraft:attribute_modifiers","minecraft:break_sound","minecraft:enchantments","minecraft:interact_animation","minecraft:item_model","minecraft:item_name","minecraft:lore","minecraft:max_stack_size","minecraft:rarity","minecraft:repair_cost","minecraft:tooltip_display","minecraft:use_effects"]	3c31fc23a47497153a6ec88ebbf2b6139f863930d07a9c07a28b985b77081eaf
minecraft:waxed_oxidized_cut_copper	["minecraft:attack_animation","minecraft:attribute_modifiers","minecraft:break_sound","minecraft:enchantments","minecraft:interact_animation","minecraft:item_model","minecraft:item_name","minecraft:lore","minecraft:max_stack_size","minecraft:rarity","minecraft:repair_cost","minecraft:tooltip_display","minecraft:use_effects"]	597bb37aaac1fd34c6b6d59d81508fe2467e7dada0ac2bcecc8fd13a6e3aaac5
minecraft:waxed_oxidized_cut_copper_slab	["minecraft:attack_animation","minecraft:attribute_modifiers","minecraft:break_sound","minecraft:enchantments","minecraft:interact_animation","minecraft:item_model","minecraft:item_name","minecraft:lore","minecraft:max_stack_size","minecraft:rarity","minecraft:repair_cost","minecraft:tooltip_display","minecraft:use_effects"]	2abd84ebe02aebbf226fe9d1dcef028c53b2b798ecaff65db7fa1068817656eb
minecraft:waxed_oxidized_cut_copper_stairs	["minecraft:attack_animation","minecraft:attribute_modifiers","minecraft:break_sound","minecraft:enchantments","minecraft:interact_animation","minecraft:item_model","minecraft:item_name","minecraft:lore","minecraft:max_stack_size","minecraft:rarity","minecraft:repair_cost","minecraft:tooltip_display","minecraft:use_effects"]	b68279ee2f6c88e756fd51415a2a7ca49be9f2188620f219da6f911e8422136b
minecraft:waxed_oxidized_lightning_rod	["minecraft:attack_animation","minecraft:attribute_modifiers","minecraft:break_sound","minecraft:enchantments","minecraft:interact_animation","minecraft:item_model","minecraft:item_name","minecraft:lore","minecraft:max_stack_size","minecraft:rarity","minecraft:repair_cost","minecraft:tooltip_display","minecraft:use_effects"]	fc5b94622bacce8a2430d3b9ca3b2cf50cb1d17eaf559514c6a406cd56289d74
minecraft:waxed_weathered_chiseled_copper	["minecraft:attack_animation","minecraft:attribute_modifiers","minecraft:break_sound","minecraft:enchantments","minecraft:interact_animation","minecraft:item_model","minecraft:item_name","minecraft:lore","minecraft:max_stack_size","minecraft:rarity","minecraft:repair_cost","minecraft:tooltip_display","minecraft:use_effects"]	63abf163f0f880f51f4497d12711abe0550410d32b8455fa9543a8e955ffe4e6
minecraft:waxed_weathered_copper	["minecraft:attack_animation","minecraft:attribute_modifiers","minecraft:break_sound","minecraft:enchantments","minecraft:interact_animation","minecraft:item_model","minecraft:item_name","minecraft:lore","minecraft:max_stack_size","minecraft:rarity","minecraft:repair_cost","minecraft:tooltip_display","minecraft:use_effects"]	c544aa9393a692adee5b50d5d2dfb17e34351307752cfe6c4c5c6ce3422c35bb
minecraft:waxed_weathered_copper_bars	["minecraft:attack_animation","minecraft:attribute_modifiers","minecraft:break_sound","minecraft:enchantments","minecraft:interact_animation","minecraft:item_model","minecraft:item_name","minecraft:lore","minecraft:max_stack_size","minecraft:rarity","minecraft:repair_cost","minecraft:tooltip_display","minecraft:use_effects"]	b283091f204178dcc5f000a73c12be7d4b202c329df59237a342f2c11ad4d0cf
minecraft:waxed_weathered_copper_bulb	["minecraft:attack_animation","minecraft:attribute_modifiers","minecraft:break_sound","minecraft:enchantments","minecraft:interact_animation","minecraft:item_model","minecraft:item_name","minecraft:lore","minecraft:max_stack_size","minecraft:rarity","minecraft:repair_cost","minecraft:tooltip_display","minecraft:use_effects"]	e763180e6c96aa8c044293ff6df15d85f83b075b53c78720871f5b3f7451fa7e
minecraft:waxed_weathered_copper_chain	["minecraft:attack_animation","minecraft:attribute_modifiers","minecraft:break_sound","minecraft:enchantments","minecraft:interact_animation","minecraft:item_model","minecraft:item_name","minecraft:lore","minecraft:max_stack_size","minecraft:rarity","minecraft:repair_cost","minecraft:tooltip_display","minecraft:use_effects"]	09006cf90abcd5360f024671dde4b2a647e1e67d74c9ff51a2846b9fcd744d5d
minecraft:waxed_weathered_copper_chest	["minecraft:attack_animation","minecraft:attribute_modifiers","minecraft:break_sound","minecraft:enchantments","minecraft:interact_animation","minecraft:item_model","minecraft:item_name","minecraft:lore","minecraft:max_stack_size","minecraft:rarity","minecraft:repair_cost","minecraft:tooltip_display","minecraft:use_effects"]	4861edec126f268c01d01156e7ec2fecb400e3f94c1c76cb1a4fe338f5b96771
minecraft:waxed_weathered_copper_door	["minecraft:attack_animation","minecraft:attribute_modifiers","minecraft:break_sound","minecraft:enchantments","minecraft:interact_animation","minecraft:item_model","minecraft:item_name","minecraft:lore","minecraft:max_stack_size","minecraft:rarity","minecraft:repair_cost","minecraft:tooltip_display","minecraft:use_effects"]	9edec552a0a6ab941f6212c2e2457b17ecf9f72c308fa4c737d5b8c124433b27
minecraft:waxed_weathered_copper_golem_statue	["minecraft:attack_animation","minecraft:attribute_modifiers","minecraft:block_state","minecraft:break_sound","minecraft:enchantments","minecraft:interact_animation","minecraft:item_model","minecraft:item_name","minecraft:lore","minecraft:max_stack_size","minecraft:rarity","minecraft:repair_cost","minecraft:tooltip_display","minecraft:use_effects"]	ea5f64fcbafab759084e653533dcce6c1339a9d7f257282b8a25dd7f89c934b2
minecraft:waxed_weathered_copper_grate	["minecraft:attack_animation","minecraft:attribute_modifiers","minecraft:break_sound","minecraft:enchantments","minecraft:interact_animation","minecraft:item_model","minecraft:item_name","minecraft:lore","minecraft:max_stack_size","minecraft:rarity","minecraft:repair_cost","minecraft:tooltip_display","minecraft:use_effects"]	563d9d23f0bbaee8f1812db5fcff3f5e54c480413bb3cbe321d50fe78df30560
minecraft:waxed_weathered_copper_lantern	["minecraft:attack_animation","minecraft:attribute_modifiers","minecraft:break_sound","minecraft:enchantments","minecraft:interact_animation","minecraft:item_model","minecraft:item_name","minecraft:lore","minecraft:max_stack_size","minecraft:rarity","minecraft:repair_cost","minecraft:tooltip_display","minecraft:use_effects"]	9d791ec281f82310cfed06d6cd71a590140b57ddfec6d0a166e68e1538a3b02b
minecraft:waxed_weathered_copper_trapdoor	["minecraft:attack_animation","minecraft:attribute_modifiers","minecraft:break_sound","minecraft:enchantments","minecraft:interact_animation","minecraft:item_model","minecraft:item_name","minecraft:lore","minecraft:max_stack_size","minecraft:rarity","minecraft:repair_cost","minecraft:tooltip_display","minecraft:use_effects"]	064590721105d61de1f7b5e942c5415416c478e9cc67e74b89825cf7ceae9f39
minecraft:waxed_weathered_cut_copper	["minecraft:attack_animation","minecraft:attribute_modifiers","minecraft:break_sound","minecraft:enchantments","minecraft:interact_animation","minecraft:item_model","minecraft:item_name","minecraft:lore","minecraft:max_stack_size","minecraft:rarity","minecraft:repair_cost","minecraft:tooltip_display","minecraft:use_effects"]	9581ab1fd589172e7b50f2de112abc90b64c23e482f640b5a7536c805b9342db
minecraft:waxed_weathered_cut_copper_slab	["minecraft:attack_animation","minecraft:attribute_modifiers","minecraft:break_sound","minecraft:enchantments","minecraft:interact_animation","minecraft:item_model","minecraft:item_name","minecraft:lore","minecraft:max_stack_size","minecraft:rarity","minecraft:repair_cost","minecraft:tooltip_display","minecraft:use_effects"]	d3b552eccf2bcba1e3fcb8bd44b2a83ab8602632e8ca6e6a4b7d34f68b09eddb
minecraft:waxed_weathered_cut_copper_stairs	["minecraft:attack_animation","minecraft:attribute_modifiers","minecraft:break_sound","minecraft:enchantments","minecraft:interact_animation","minecraft:item_model","minecraft:item_name","minecraft:lore","minecraft:max_stack_size","minecraft:rarity","minecraft:repair_cost","minecraft:tooltip_display","minecraft:use_effects"]	127a077b894737b81866a94a1b9e604030de603b73028779205615dd1a0e7fd5
minecraft:waxed_weathered_lightning_rod	["minecraft:attack_animation","minecraft:attribute_modifiers","minecraft:break_sound","minecraft:enchantments","minecraft:interact_animation","minecraft:item_model","minecraft:item_name","minecraft:lore","minecraft:max_stack_size","minecraft:rarity","minecraft:repair_cost","minecraft:tooltip_display","minecraft:use_effects"]	f78b229b1d2df91438232cce90519bcb91f445e7dfad32bbe7479bc13fedd3ad
minecraft:wayfinder_armor_trim_smithing_template	["minecraft:attack_animation","minecraft:attribute_modifiers","minecraft:break_sound","minecraft:enchantments","minecraft:interact_animation","minecraft:item_model","minecraft:item_name","minecraft:lore","minecraft:max_stack_size","minecraft:rarity","minecraft:repair_cost","minecraft:tooltip_display","minecraft:use_effects"]	dce67314a9041ee5db006208a1845788800308cf91ea8645fa040b4a357193cc
minecraft:weathered_chiseled_copper	["minecraft:attack_animation","minecraft:attribute_modifiers","minecraft:break_sound","minecraft:enchantments","minecraft:interact_animation","minecraft:item_model","minecraft:item_name","minecraft:lore","minecraft:max_stack_size","minecraft:rarity","minecraft:repair_cost","minecraft:tooltip_display","minecraft:use_effects"]	2fe9e7e578580160704946013e401b6fb033763865502288aaffa7bd9dd2a262
minecraft:weathered_copper	["minecraft:attack_animation","minecraft:attribute_modifiers","minecraft:break_sound","minecraft:enchantments","minecraft:interact_animation","minecraft:item_model","minecraft:item_name","minecraft:lore","minecraft:max_stack_size","minecraft:rarity","minecraft:repair_cost","minecraft:tooltip_display","minecraft:use_effects"]	88ebfa06bf1bcf7093978aa200385b8457726a74700d428ca71b2455ff4d41f2
minecraft:weathered_copper_bars	["minecraft:attack_animation","minecraft:attribute_modifiers","minecraft:break_sound","minecraft:enchantments","minecraft:interact_animation","minecraft:item_model","minecraft:item_name","minecraft:lore","minecraft:max_stack_size","minecraft:rarity","minecraft:repair_cost","minecraft:tooltip_display","minecraft:use_effects"]	1fe37adb038ed6d42d9d74b73345281ea9bb98b9f29b3592d6ee5d6cc7e3dc56
minecraft:weathered_copper_bulb	["minecraft:attack_animation","minecraft:attribute_modifiers","minecraft:break_sound","minecraft:enchantments","minecraft:interact_animation","minecraft:item_model","minecraft:item_name","minecraft:lore","minecraft:max_stack_size","minecraft:rarity","minecraft:repair_cost","minecraft:tooltip_display","minecraft:use_effects"]	e4e71f7fa3fe6f0a97b8d51003c65b838c8628c539504e35d19b42c3457e0407
minecraft:weathered_copper_chain	["minecraft:attack_animation","minecraft:attribute_modifiers","minecraft:break_sound","minecraft:enchantments","minecraft:interact_animation","minecraft:item_model","minecraft:item_name","minecraft:lore","minecraft:max_stack_size","minecraft:rarity","minecraft:repair_cost","minecraft:tooltip_display","minecraft:use_effects"]	95641def7f88d2a48681a5d87a84ca62ab5c8020235fb29400e95e16b97291b0
minecraft:weathered_copper_chest	["minecraft:attack_animation","minecraft:attribute_modifiers","minecraft:break_sound","minecraft:enchantments","minecraft:interact_animation","minecraft:item_model","minecraft:item_name","minecraft:lore","minecraft:max_stack_size","minecraft:rarity","minecraft:repair_cost","minecraft:tooltip_display","minecraft:use_effects"]	a6289d77a47d6293c8bf6148fc1b0201869c675e7c130fe8534326e5a1eb8795
minecraft:weathered_copper_door	["minecraft:attack_animation","minecraft:attribute_modifiers","minecraft:break_sound","minecraft:enchantments","minecraft:interact_animation","minecraft:item_model","minecraft:item_name","minecraft:lore","minecraft:max_stack_size","minecraft:rarity","minecraft:repair_cost","minecraft:tooltip_display","minecraft:use_effects"]	d5ef3ae0523e3e8f78e3dbf131eb032759b1fcf0dbad7f5f973902f812e020e9
minecraft:weathered_copper_golem_statue	["minecraft:attack_animation","minecraft:attribute_modifiers","minecraft:block_state","minecraft:break_sound","minecraft:enchantments","minecraft:interact_animation","minecraft:item_model","minecraft:item_name","minecraft:lore","minecraft:max_stack_size","minecraft:rarity","minecraft:repair_cost","minecraft:tooltip_display","minecraft:use_effects"]	2ed5fdb8c2412c860dab21a65c9e93025e777f02c520161c327d7c9c9ffcd35d
minecraft:weathered_copper_grate	["minecraft:attack_animation","minecraft:attribute_modifiers","minecraft:break_sound","minecraft:enchantments","minecraft:interact_animation","minecraft:item_model","minecraft:item_name","minecraft:lore","minecraft:max_stack_size","minecraft:rarity","minecraft:repair_cost","minecraft:tooltip_display","minecraft:use_effects"]	abef97edf1625269b112b41e8c95b436ac607e4b16c11974015d9b23df43963c
minecraft:weathered_copper_lantern	["minecraft:attack_animation","minecraft:attribute_modifiers","minecraft:break_sound","minecraft:enchantments","minecraft:interact_animation","minecraft:item_model","minecraft:item_name","minecraft:lore","minecraft:max_stack_size","minecraft:rarity","minecraft:repair_cost","minecraft:tooltip_display","minecraft:use_effects"]	2600a2689c0f9f2c2a985666977432c19f6721dba597d8b8efd3c79dfac1e625
minecraft:weathered_copper_trapdoor	["minecraft:attack_animation","minecraft:attribute_modifiers","minecraft:break_sound","minecraft:enchantments","minecraft:interact_animation","minecraft:item_model","minecraft:item_name","minecraft:lore","minecraft:max_stack_size","minecraft:rarity","minecraft:repair_cost","minecraft:tooltip_display","minecraft:use_effects"]	67003ed6e8bdc271366f96e8b98e872885c73e136be4429c7a30741e0e66d30b
minecraft:weathered_cut_copper	["minecraft:attack_animation","minecraft:attribute_modifiers","minecraft:break_sound","minecraft:enchantments","minecraft:interact_animation","minecraft:item_model","minecraft:item_name","minecraft:lore","minecraft:max_stack_size","minecraft:rarity","minecraft:repair_cost","minecraft:tooltip_display","minecraft:use_effects"]	6dab65176eec1e1a0a19cddfcb854bc70d2d77772a3736cd542137cc239d7f52
minecraft:weathered_cut_copper_slab	["minecraft:attack_animation","minecraft:attribute_modifiers","minecraft:break_sound","minecraft:enchantments","minecraft:interact_animation","minecraft:item_model","minecraft:item_name","minecraft:lore","minecraft:max_stack_size","minecraft:rarity","minecraft:repair_cost","minecraft:tooltip_display","minecraft:use_effects"]	37751094afdab4c766646606861f66d6afee51a27b3ba798c1fc0032a45ab6c9
minecraft:weathered_cut_copper_stairs	["minecraft:attack_animation","minecraft:attribute_modifiers","minecraft:break_sound","minecraft:enchantments","minecraft:interact_animation","minecraft:item_model","minecraft:item_name","minecraft:lore","minecraft:max_stack_size","minecraft:rarity","minecraft:repair_cost","minecraft:tooltip_display","minecraft:use_effects"]	ac874248b3948220dd6bd3f4c893c81d793ba3e115aa3668e7bdc2a5b849157e
minecraft:weathered_lightning_rod	["minecraft:attack_animation","minecraft:attribute_modifiers","minecraft:break_sound","minecraft:enchantments","minecraft:interact_animation","minecraft:item_model","minecraft:item_name","minecraft:lore","minecraft:max_stack_size","minecraft:rarity","minecraft:repair_cost","minecraft:tooltip_display","minecraft:use_effects"]	27542f1b168d96b34c0161aca6f11fc4bc848e6eb4ac4a4e90e64d15cbe02260
minecraft:weeping_vines	["minecraft:attack_animation","minecraft:attribute_modifiers","minecraft:break_sound","minecraft:compostable","minecraft:enchantments","minecraft:interact_animation","minecraft:item_model","minecraft:item_name","minecraft:lore","minecraft:max_stack_size","minecraft:rarity","minecraft:repair_cost","minecraft:tooltip_display","minecraft:use_effects"]	6ef4c8be2e22610f39466c5d4aa9f03fcc5ede3aa015a22a77655a9ed7692325
minecraft:wet_sponge	["minecraft:attack_animation","minecraft:attribute_modifiers","minecraft:break_sound","minecraft:enchantments","minecraft:interact_animation","minecraft:item_model","minecraft:item_name","minecraft:lore","minecraft:max_stack_size","minecraft:rarity","minecraft:repair_cost","minecraft:tooltip_display","minecraft:use_effects"]	3302f696eedc6074a08543e111b2bc325fe171e9b34f26c25d712b6fdd73d226
minecraft:wheat	["minecraft:attack_animation","minecraft:attribute_modifiers","minecraft:break_sound","minecraft:compostable","minecraft:enchantments","minecraft:interact_animation","minecraft:item_model","minecraft:item_name","minecraft:lore","minecraft:max_stack_size","minecraft:rarity","minecraft:repair_cost","minecraft:tooltip_display","minecraft:use_effects"]	8cafd32a0ff1b6be413000ba77171f6c96c7a452317ac15e036222fff75a0a87
minecraft:wheat_seeds	["minecraft:attack_animation","minecraft:attribute_modifiers","minecraft:break_sound","minecraft:compostable","minecraft:enchantments","minecraft:interact_animation","minecraft:item_model","minecraft:item_name","minecraft:lore","minecraft:max_stack_size","minecraft:rarity","minecraft:repair_cost","minecraft:tooltip_display","minecraft:use_effects"]	cf6f8f0874234a71dce16f75e9aa20ed8c2633baa59a180fdcc78a6fa9dc3ddd
minecraft:white_banner	["minecraft:attack_animation","minecraft:attribute_modifiers","minecraft:banner_patterns","minecraft:break_sound","minecraft:cooking_fuel","minecraft:enchantments","minecraft:interact_animation","minecraft:item_model","minecraft:item_name","minecraft:lore","minecraft:max_stack_size","minecraft:rarity","minecraft:repair_cost","minecraft:tooltip_display","minecraft:use_effects"]	b3afabfd9d0bf2234034df96a2234ac0a51f32e755c69f6dae5f78f0f9767557
minecraft:white_bed	["minecraft:attack_animation","minecraft:attribute_modifiers","minecraft:break_sound","minecraft:enchantments","minecraft:interact_animation","minecraft:item_model","minecraft:item_name","minecraft:lore","minecraft:max_stack_size","minecraft:rarity","minecraft:repair_cost","minecraft:tooltip_display","minecraft:use_effects"]	b14f26ab833e6c708991a40eec25efce0786f58370ce3cb8ccd1037b23c940cc
minecraft:white_bundle	["minecraft:attack_animation","minecraft:attribute_modifiers","minecraft:break_sound","minecraft:bundle_contents","minecraft:enchantments","minecraft:interact_animation","minecraft:item_model","minecraft:item_name","minecraft:lore","minecraft:max_stack_size","minecraft:rarity","minecraft:repair_cost","minecraft:tooltip_display","minecraft:use_effects"]	7e9e4b8ac31a4efeeaf7f38b873aa771fc1a1445a7a4427a251de4ac819e780f
minecraft:white_candle	["minecraft:attack_animation","minecraft:attribute_modifiers","minecraft:break_sound","minecraft:enchantments","minecraft:interact_animation","minecraft:item_model","minecraft:item_name","minecraft:lore","minecraft:max_stack_size","minecraft:rarity","minecraft:repair_cost","minecraft:tooltip_display","minecraft:use_effects"]	6e22a6481ee64178e08298f3e014494fcb86b692aa1ee4d6a6368413c4fd4a83
minecraft:white_carpet	["minecraft:attack_animation","minecraft:attribute_modifiers","minecraft:break_sound","minecraft:cooking_fuel","minecraft:enchantments","minecraft:equippable","minecraft:interact_animation","minecraft:item_model","minecraft:item_name","minecraft:lore","minecraft:max_stack_size","minecraft:rarity","minecraft:repair_cost","minecraft:tooltip_display","minecraft:use_effects"]	b74891a39d41ad6a988caf3047bd2c5c45838ca924092ec4718338d117a7fed9
minecraft:white_concrete	["minecraft:attack_animation","minecraft:attribute_modifiers","minecraft:break_sound","minecraft:enchantments","minecraft:interact_animation","minecraft:item_model","minecraft:item_name","minecraft:lore","minecraft:max_stack_size","minecraft:rarity","minecraft:repair_cost","minecraft:tooltip_display","minecraft:use_effects"]	5054dc774b1ece8d32af9e1983dd1f9f5e2fe03f03206dc9220e59790406e033
minecraft:white_concrete_powder	["minecraft:attack_animation","minecraft:attribute_modifiers","minecraft:break_sound","minecraft:enchantments","minecraft:interact_animation","minecraft:item_model","minecraft:item_name","minecraft:lore","minecraft:max_stack_size","minecraft:rarity","minecraft:repair_cost","minecraft:tooltip_display","minecraft:use_effects"]	109f334a11599b1f6bfded38b6e79206e20d43aac655d40fb2ff0e10b611433a
minecraft:white_concrete_slab	["minecraft:attack_animation","minecraft:attribute_modifiers","minecraft:break_sound","minecraft:enchantments","minecraft:interact_animation","minecraft:item_model","minecraft:item_name","minecraft:lore","minecraft:max_stack_size","minecraft:rarity","minecraft:repair_cost","minecraft:tooltip_display","minecraft:use_effects"]	c16ce5e4f96955ca07acb2a04f67cf214a912147f022a7608150ef5bac38059e
minecraft:white_concrete_stairs	["minecraft:attack_animation","minecraft:attribute_modifiers","minecraft:break_sound","minecraft:enchantments","minecraft:interact_animation","minecraft:item_model","minecraft:item_name","minecraft:lore","minecraft:max_stack_size","minecraft:rarity","minecraft:repair_cost","minecraft:tooltip_display","minecraft:use_effects"]	7af648096b6dd7876ac89688e53fdf6628fa81f1a8844ecc5e19d3e9d0e5d1b0
minecraft:white_cushion	["minecraft:attack_animation","minecraft:attribute_modifiers","minecraft:break_sound","minecraft:cooking_fuel","minecraft:cushion/color","minecraft:enchantments","minecraft:interact_animation","minecraft:item_model","minecraft:item_name","minecraft:lore","minecraft:max_stack_size","minecraft:rarity","minecraft:repair_cost","minecraft:tooltip_display","minecraft:use_effects"]	727366d79a0f394fd8052fb90901e816b64cd84916fb25a713b771ffefb5a04d
minecraft:white_dye	["minecraft:attack_animation","minecraft:attribute_modifiers","minecraft:break_sound","minecraft:dye","minecraft:enchantments","minecraft:interact_animation","minecraft:item_model","minecraft:item_name","minecraft:lore","minecraft:max_stack_size","minecraft:rarity","minecraft:repair_cost","minecraft:tooltip_display","minecraft:use_effects"]	c3e2d285f2bcd3b1384dadda883c01ed09d85620f9b3d38ba7ac070ce8314b72
minecraft:white_glazed_terracotta	["minecraft:attack_animation","minecraft:attribute_modifiers","minecraft:break_sound","minecraft:enchantments","minecraft:interact_animation","minecraft:item_model","minecraft:item_name","minecraft:lore","minecraft:max_stack_size","minecraft:rarity","minecraft:repair_cost","minecraft:tooltip_display","minecraft:use_effects"]	d4fc4cf5517934ba36ccbbceff4e34e5dcbd16bff583ab069636c2d37b58e44a
minecraft:white_harness	["minecraft:attack_animation","minecraft:attribute_modifiers","minecraft:break_sound","minecraft:enchantments","minecraft:equippable","minecraft:interact_animation","minecraft:item_model","minecraft:item_name","minecraft:lore","minecraft:max_stack_size","minecraft:rarity","minecraft:repair_cost","minecraft:tooltip_display","minecraft:use_effects"]	48b85ab4e612c658ef1fdb93e0dc951c75d1068aac4c3be1f681ec4b909efc3a
minecraft:white_shulker_box	["minecraft:attack_animation","minecraft:attribute_modifiers","minecraft:break_sound","minecraft:container","minecraft:enchantments","minecraft:interact_animation","minecraft:item_model","minecraft:item_name","minecraft:lore","minecraft:max_stack_size","minecraft:rarity","minecraft:repair_cost","minecraft:tooltip_display","minecraft:use_effects"]	8a050bc3d6128bfe46da1d4f25d483224e151c92e9ec881046f1bd46627b186a
minecraft:white_stained_glass	["minecraft:attack_animation","minecraft:attribute_modifiers","minecraft:break_sound","minecraft:enchantments","minecraft:interact_animation","minecraft:item_model","minecraft:item_name","minecraft:lore","minecraft:max_stack_size","minecraft:rarity","minecraft:repair_cost","minecraft:tooltip_display","minecraft:use_effects"]	3ac4825cf8bd9402fb93db480a51d3db1abecfc0109428247df56b4b53539a7b
minecraft:white_stained_glass_pane	["minecraft:attack_animation","minecraft:attribute_modifiers","minecraft:break_sound","minecraft:enchantments","minecraft:interact_animation","minecraft:item_model","minecraft:item_name","minecraft:lore","minecraft:max_stack_size","minecraft:rarity","minecraft:repair_cost","minecraft:tooltip_display","minecraft:use_effects"]	2412fe0ef4d672326f01544149dbbb284a9cee1d54952a9b9a47c1203bf876df
minecraft:white_terracotta	["minecraft:attack_animation","minecraft:attribute_modifiers","minecraft:break_sound","minecraft:enchantments","minecraft:interact_animation","minecraft:item_model","minecraft:item_name","minecraft:lore","minecraft:max_stack_size","minecraft:rarity","minecraft:repair_cost","minecraft:tooltip_display","minecraft:use_effects"]	8de8710c34b85e584df76f61153fe9f9eab74e046adabef762d0a494b77be9d2
minecraft:white_tulip	["minecraft:attack_animation","minecraft:attribute_modifiers","minecraft:break_sound","minecraft:compostable","minecraft:enchantments","minecraft:interact_animation","minecraft:item_model","minecraft:item_name","minecraft:lore","minecraft:max_stack_size","minecraft:rarity","minecraft:repair_cost","minecraft:tooltip_display","minecraft:use_effects"]	4b65c099a088072a131d4a69f41757031ad6978849764d1d9f1e307d0412f465
minecraft:white_wool	["minecraft:attack_animation","minecraft:attribute_modifiers","minecraft:break_sound","minecraft:cooking_fuel","minecraft:enchantments","minecraft:interact_animation","minecraft:item_model","minecraft:item_name","minecraft:lore","minecraft:max_stack_size","minecraft:rarity","minecraft:repair_cost","minecraft:tooltip_display","minecraft:use_effects"]	a2ee52c6747d571d31ae23288e2465227c890b6d0e2afc36f0700cfbe932f964
minecraft:white_wool_slab	["minecraft:attack_animation","minecraft:attribute_modifiers","minecraft:break_sound","minecraft:cooking_fuel","minecraft:enchantments","minecraft:interact_animation","minecraft:item_model","minecraft:item_name","minecraft:lore","minecraft:max_stack_size","minecraft:rarity","minecraft:repair_cost","minecraft:tooltip_display","minecraft:use_effects"]	0fd177cca4774751c6b6ab45bdcf2d27a5358b2358a317a498f6a867696acc9a
minecraft:white_wool_stairs	["minecraft:attack_animation","minecraft:attribute_modifiers","minecraft:break_sound","minecraft:cooking_fuel","minecraft:enchantments","minecraft:interact_animation","minecraft:item_model","minecraft:item_name","minecraft:lore","minecraft:max_stack_size","minecraft:rarity","minecraft:repair_cost","minecraft:tooltip_display","minecraft:use_effects"]	3af4007d3843ea0ea2e2d4cc9878bb843d040e7f819bc1795c0c9e23f7c6df2c
minecraft:wild_armor_trim_smithing_template	["minecraft:attack_animation","minecraft:attribute_modifiers","minecraft:break_sound","minecraft:enchantments","minecraft:interact_animation","minecraft:item_model","minecraft:item_name","minecraft:lore","minecraft:max_stack_size","minecraft:rarity","minecraft:repair_cost","minecraft:tooltip_display","minecraft:use_effects"]	532a19d851aabef60f169531b76e8fcb5f640c4eb583ee1e8be6f3435414d903
minecraft:wildflowers	["minecraft:attack_animation","minecraft:attribute_modifiers","minecraft:break_sound","minecraft:compostable","minecraft:enchantments","minecraft:interact_animation","minecraft:item_model","minecraft:item_name","minecraft:lore","minecraft:max_stack_size","minecraft:rarity","minecraft:repair_cost","minecraft:tooltip_display","minecraft:use_effects"]	7897e560ed357f70ff76403c4c2f11abe4f3a2b36d0ae68d2b018849b74afdb5
minecraft:wind_charge	["minecraft:attack_animation","minecraft:attribute_modifiers","minecraft:break_sound","minecraft:enchantments","minecraft:interact_animation","minecraft:item_model","minecraft:item_name","minecraft:lore","minecraft:max_stack_size","minecraft:rarity","minecraft:repair_cost","minecraft:tooltip_display","minecraft:use_cooldown","minecraft:use_effects"]	26a820ed9c2bc1b8ab8610a726f8b5f79687b25cb3cf533517b62451f2a130ff
minecraft:witch_spawn_egg	["minecraft:attack_animation","minecraft:attribute_modifiers","minecraft:break_sound","minecraft:enchantments","minecraft:entity_data","minecraft:interact_animation","minecraft:item_model","minecraft:item_name","minecraft:lore","minecraft:max_stack_size","minecraft:rarity","minecraft:repair_cost","minecraft:tooltip_display","minecraft:use_effects"]	f4b0dc1b8298e29b33bc10981580456a9747a230c4040f90b27d1aa7e38d20cb
minecraft:wither_rose	["minecraft:attack_animation","minecraft:attribute_modifiers","minecraft:break_sound","minecraft:compostable","minecraft:enchantments","minecraft:interact_animation","minecraft:item_model","minecraft:item_name","minecraft:lore","minecraft:max_stack_size","minecraft:rarity","minecraft:repair_cost","minecraft:tooltip_display","minecraft:use_effects"]	dd0bcb2f597cc68bcde4df2580bd561849a6d776e564d9f50fc0c3a725f2f7be
minecraft:wither_skeleton_skull	["minecraft:attack_animation","minecraft:attribute_modifiers","minecraft:break_sound","minecraft:enchantments","minecraft:equippable","minecraft:interact_animation","minecraft:item_model","minecraft:item_name","minecraft:lore","minecraft:max_stack_size","minecraft:rarity","minecraft:repair_cost","minecraft:tooltip_display","minecraft:use_effects"]	33fc35cbf45a3d9cd6e44a06c13e0bb9285dd55174c1da5f1fa7daca6ea3a1f8
minecraft:wither_skeleton_spawn_egg	["minecraft:attack_animation","minecraft:attribute_modifiers","minecraft:break_sound","minecraft:enchantments","minecraft:entity_data","minecraft:interact_animation","minecraft:item_model","minecraft:item_name","minecraft:lore","minecraft:max_stack_size","minecraft:rarity","minecraft:repair_cost","minecraft:tooltip_display","minecraft:use_effects"]	98543dd7dd45adfab0d0dc1453fd7eb13a11677a50c2ce5d2566e7ca980d0cea
minecraft:wither_spawn_egg	["minecraft:attack_animation","minecraft:attribute_modifiers","minecraft:break_sound","minecraft:enchantments","minecraft:entity_data","minecraft:interact_animation","minecraft:item_model","minecraft:item_name","minecraft:lore","minecraft:max_stack_size","minecraft:rarity","minecraft:repair_cost","minecraft:tooltip_display","minecraft:use_effects"]	da630479a23784d70db643b2ea73e33fc883b5c7c1d174e5fbb057e7386f91c7
minecraft:wolf_armor	["minecraft:attack_animation","minecraft:attribute_modifiers","minecraft:break_sound","minecraft:damage","minecraft:enchantments","minecraft:equippable","minecraft:interact_animation","minecraft:item_model","minecraft:item_name","minecraft:lore","minecraft:max_damage","minecraft:max_stack_size","minecraft:rarity","minecraft:repair_cost","minecraft:repairable","minecraft:tooltip_display","minecraft:use_effects"]	f2bc44ca4d290b1fadf83be351a98531452036e74510224282dc6f6bd6065b05
minecraft:wolf_spawn_egg	["minecraft:attack_animation","minecraft:attribute_modifiers","minecraft:break_sound","minecraft:enchantments","minecraft:entity_data","minecraft:interact_animation","minecraft:item_model","minecraft:item_name","minecraft:lore","minecraft:max_stack_size","minecraft:rarity","minecraft:repair_cost","minecraft:tooltip_display","minecraft:use_effects"]	e74421a65f6d110f8fa04a770c1f3f2b7824b561dbfa37957bb63e2d43b6d2ca
minecraft:wooden_axe	["minecraft:attack_animation","minecraft:attribute_modifiers","minecraft:block_transformer","minecraft:break_sound","minecraft:cooking_fuel","minecraft:damage","minecraft:enchantable","minecraft:enchantments","minecraft:interact_animation","minecraft:item_model","minecraft:item_name","minecraft:lore","minecraft:max_damage","minecraft:max_stack_size","minecraft:rarity","minecraft:repair_cost","minecraft:repairable","minecraft:tool","minecraft:tooltip_display","minecraft:use_effects","minecraft:weapon"]	3263277c857b1dd57e7435f819850bb12d3bdd07a63161c3bbd4b40d0453b035
minecraft:wooden_hoe	["minecraft:attack_animation","minecraft:attribute_modifiers","minecraft:block_transformer","minecraft:break_sound","minecraft:cooking_fuel","minecraft:damage","minecraft:enchantable","minecraft:enchantments","minecraft:interact_animation","minecraft:item_model","minecraft:item_name","minecraft:lore","minecraft:max_damage","minecraft:max_stack_size","minecraft:rarity","minecraft:repair_cost","minecraft:repairable","minecraft:tool","minecraft:tooltip_display","minecraft:use_effects","minecraft:weapon"]	cb3a08c677b9cf636c68a38405a19aae9e8439e6d243cdc796eca50d201c63cc
minecraft:wooden_pickaxe	["minecraft:attack_animation","minecraft:attribute_modifiers","minecraft:break_sound","minecraft:cooking_fuel","minecraft:damage","minecraft:enchantable","minecraft:enchantments","minecraft:interact_animation","minecraft:item_model","minecraft:item_name","minecraft:lore","minecraft:max_damage","minecraft:max_stack_size","minecraft:rarity","minecraft:repair_cost","minecraft:repairable","minecraft:tool","minecraft:tooltip_display","minecraft:use_effects","minecraft:weapon"]	42f2a91046e84593173d157054b14298674cbafa32374b9c85bdca4402290628
minecraft:wooden_shovel	["minecraft:attack_animation","minecraft:attribute_modifiers","minecraft:block_transformer","minecraft:break_sound","minecraft:cooking_fuel","minecraft:damage","minecraft:enchantable","minecraft:enchantments","minecraft:interact_animation","minecraft:item_model","minecraft:item_name","minecraft:lore","minecraft:max_damage","minecraft:max_stack_size","minecraft:rarity","minecraft:repair_cost","minecraft:repairable","minecraft:tool","minecraft:tooltip_display","minecraft:use_effects","minecraft:weapon"]	170eddf333c8b6832f02de94a69c9c439476dde95c7029bc8aaf700c288bde2e
minecraft:wooden_spear	["minecraft:attack_animation","minecraft:attack_range","minecraft:attribute_modifiers","minecraft:break_sound","minecraft:cooking_fuel","minecraft:damage","minecraft:damage_type","minecraft:enchantable","minecraft:enchantments","minecraft:interact_animation","minecraft:item_model","minecraft:item_name","minecraft:kinetic_weapon","minecraft:lore","minecraft:max_damage","minecraft:max_stack_size","minecraft:minimum_attack_charge","minecraft:piercing_weapon","minecraft:rarity","minecraft:repair_cost","minecraft:repairable","minecraft:tooltip_display","minecraft:use_effects","minecraft:weapon"]	0ba64006e80c2fcb8b3e3cbac499c82941a18f8af9485936684363cb26b703c2
minecraft:wooden_sword	["minecraft:attack_animation","minecraft:attribute_modifiers","minecraft:break_sound","minecraft:cooking_fuel","minecraft:damage","minecraft:enchantable","minecraft:enchantments","minecraft:interact_animation","minecraft:item_model","minecraft:item_name","minecraft:lore","minecraft:max_damage","minecraft:max_stack_size","minecraft:rarity","minecraft:repair_cost","minecraft:repairable","minecraft:tool","minecraft:tooltip_display","minecraft:use_effects","minecraft:weapon"]	01ae9b65bf8031cab782b6d7dbcababe7d6188f159767706163de09ac7466757
minecraft:woodland_mansion_map	["minecraft:attack_animation","minecraft:attribute_modifiers","minecraft:break_sound","minecraft:enchantments","minecraft:interact_animation","minecraft:item_model","minecraft:item_name","minecraft:lore","minecraft:map_decorations","minecraft:max_stack_size","minecraft:rarity","minecraft:repair_cost","minecraft:tooltip_display","minecraft:use_effects"]	9cabb06af74083e820100ab5782bccc4442670c3d2861f98c7b5427e67d4d358
minecraft:writable_book	["minecraft:attack_animation","minecraft:attribute_modifiers","minecraft:break_sound","minecraft:enchantments","minecraft:interact_animation","minecraft:item_model","minecraft:item_name","minecraft:lore","minecraft:max_stack_size","minecraft:rarity","minecraft:repair_cost","minecraft:tooltip_display","minecraft:use_effects","minecraft:writable_book_content"]	b29b2ee77af9cd97dde60fd3d9860d4a2f0939d71c80b0a43d8a302928b74dcd
minecraft:written_book	["minecraft:attack_animation","minecraft:attribute_modifiers","minecraft:break_sound","minecraft:enchantment_glint_override","minecraft:enchantments","minecraft:interact_animation","minecraft:item_model","minecraft:item_name","minecraft:lore","minecraft:max_stack_size","minecraft:rarity","minecraft:repair_cost","minecraft:tooltip_display","minecraft:use_effects"]	5b399111808f0d07b5b2a9f0d7ce4f621857e33faae149b1ab87af8b3a88f9bf
minecraft:yellow_banner	["minecraft:attack_animation","minecraft:attribute_modifiers","minecraft:banner_patterns","minecraft:break_sound","minecraft:cooking_fuel","minecraft:enchantments","minecraft:interact_animation","minecraft:item_model","minecraft:item_name","minecraft:lore","minecraft:max_stack_size","minecraft:rarity","minecraft:repair_cost","minecraft:tooltip_display","minecraft:use_effects"]	20d458be6a16dd49dcff21ff2437dc47461acbb96e8d972adb2920141a617b98
minecraft:yellow_bed	["minecraft:attack_animation","minecraft:attribute_modifiers","minecraft:break_sound","minecraft:enchantments","minecraft:interact_animation","minecraft:item_model","minecraft:item_name","minecraft:lore","minecraft:max_stack_size","minecraft:rarity","minecraft:repair_cost","minecraft:tooltip_display","minecraft:use_effects"]	b01ba1eaa9b963f69327cb3f6459f5049da2198d54d95869680ea84a55e2692a
minecraft:yellow_bundle	["minecraft:attack_animation","minecraft:attribute_modifiers","minecraft:break_sound","minecraft:bundle_contents","minecraft:enchantments","minecraft:interact_animation","minecraft:item_model","minecraft:item_name","minecraft:lore","minecraft:max_stack_size","minecraft:rarity","minecraft:repair_cost","minecraft:tooltip_display","minecraft:use_effects"]	c4d9f89b67ae637674349c2ed6c4576945b0174580dc61d9163b7ba061eef1c3
minecraft:yellow_candle	["minecraft:attack_animation","minecraft:attribute_modifiers","minecraft:break_sound","minecraft:enchantments","minecraft:interact_animation","minecraft:item_model","minecraft:item_name","minecraft:lore","minecraft:max_stack_size","minecraft:rarity","minecraft:repair_cost","minecraft:tooltip_display","minecraft:use_effects"]	a65f5f13e535e541df0bd06e50b8dda8401609b13d1fc7ceccf8022a53baf91f
minecraft:yellow_carpet	["minecraft:attack_animation","minecraft:attribute_modifiers","minecraft:break_sound","minecraft:cooking_fuel","minecraft:enchantments","minecraft:equippable","minecraft:interact_animation","minecraft:item_model","minecraft:item_name","minecraft:lore","minecraft:max_stack_size","minecraft:rarity","minecraft:repair_cost","minecraft:tooltip_display","minecraft:use_effects"]	b16b6646c2eeda127e94df8dafd53d6bd02f2cbdd84ca7b06099e47a425b1a19
minecraft:yellow_concrete	["minecraft:attack_animation","minecraft:attribute_modifiers","minecraft:break_sound","minecraft:enchantments","minecraft:interact_animation","minecraft:item_model","minecraft:item_name","minecraft:lore","minecraft:max_stack_size","minecraft:rarity","minecraft:repair_cost","minecraft:tooltip_display","minecraft:use_effects"]	ddd8f6d04a78d5c04479dc93e2885846bc7ab6cbb76bc0a6ce8b34691873fa49
minecraft:yellow_concrete_powder	["minecraft:attack_animation","minecraft:attribute_modifiers","minecraft:break_sound","minecraft:enchantments","minecraft:interact_animation","minecraft:item_model","minecraft:item_name","minecraft:lore","minecraft:max_stack_size","minecraft:rarity","minecraft:repair_cost","minecraft:tooltip_display","minecraft:use_effects"]	3b81cd1423d9085b12975a0b852d288d7d0774f7f74626c9a5a77a456fb70312
minecraft:yellow_concrete_slab	["minecraft:attack_animation","minecraft:attribute_modifiers","minecraft:break_sound","minecraft:enchantments","minecraft:interact_animation","minecraft:item_model","minecraft:item_name","minecraft:lore","minecraft:max_stack_size","minecraft:rarity","minecraft:repair_cost","minecraft:tooltip_display","minecraft:use_effects"]	62d516bce780ce2f532c3522db2d298a46f4a19c169cb66326208be2989d6b5c
minecraft:yellow_concrete_stairs	["minecraft:attack_animation","minecraft:attribute_modifiers","minecraft:break_sound","minecraft:enchantments","minecraft:interact_animation","minecraft:item_model","minecraft:item_name","minecraft:lore","minecraft:max_stack_size","minecraft:rarity","minecraft:repair_cost","minecraft:tooltip_display","minecraft:use_effects"]	d1dc8c1089a9af1298e7a1e319aa6729465cad66b3e3e1146ee91590e49c03a4
minecraft:yellow_cushion	["minecraft:attack_animation","minecraft:attribute_modifiers","minecraft:break_sound","minecraft:cooking_fuel","minecraft:cushion/color","minecraft:enchantments","minecraft:interact_animation","minecraft:item_model","minecraft:item_name","minecraft:lore","minecraft:max_stack_size","minecraft:rarity","minecraft:repair_cost","minecraft:tooltip_display","minecraft:use_effects"]	edc822900d1747e94983f010b8f860fb0e2622a3160b4a681ca2373b3ef11e24
minecraft:yellow_dye	["minecraft:attack_animation","minecraft:attribute_modifiers","minecraft:break_sound","minecraft:dye","minecraft:enchantments","minecraft:interact_animation","minecraft:item_model","minecraft:item_name","minecraft:lore","minecraft:max_stack_size","minecraft:rarity","minecraft:repair_cost","minecraft:tooltip_display","minecraft:use_effects"]	9654d952bed6dbce143170d00a3f29a700fa6140d221e69fe7392701312c2973
minecraft:yellow_glazed_terracotta	["minecraft:attack_animation","minecraft:attribute_modifiers","minecraft:break_sound","minecraft:enchantments","minecraft:interact_animation","minecraft:item_model","minecraft:item_name","minecraft:lore","minecraft:max_stack_size","minecraft:rarity","minecraft:repair_cost","minecraft:tooltip_display","minecraft:use_effects"]	79a2aa55aa49f50122b2ac231228a3de540ccfbc425f7ea0cffb34563e53dadd
minecraft:yellow_harness	["minecraft:attack_animation","minecraft:attribute_modifiers","minecraft:break_sound","minecraft:enchantments","minecraft:equippable","minecraft:interact_animation","minecraft:item_model","minecraft:item_name","minecraft:lore","minecraft:max_stack_size","minecraft:rarity","minecraft:repair_cost","minecraft:tooltip_display","minecraft:use_effects"]	7ce1678a68679ee47766d12da21954f07de6b6b19fd7bd3fcd4254d38ac1e3a2
minecraft:yellow_poplar_leaves	["minecraft:attack_animation","minecraft:attribute_modifiers","minecraft:break_sound","minecraft:compostable","minecraft:enchantments","minecraft:interact_animation","minecraft:item_model","minecraft:item_name","minecraft:lore","minecraft:max_stack_size","minecraft:rarity","minecraft:repair_cost","minecraft:tooltip_display","minecraft:use_effects"]	f0f7191a02b8116c61d1a67b1364e6d97e685b5e29d11506d021911fa442cc0a
minecraft:yellow_shulker_box	["minecraft:attack_animation","minecraft:attribute_modifiers","minecraft:break_sound","minecraft:container","minecraft:enchantments","minecraft:interact_animation","minecraft:item_model","minecraft:item_name","minecraft:lore","minecraft:max_stack_size","minecraft:rarity","minecraft:repair_cost","minecraft:tooltip_display","minecraft:use_effects"]	174e0798a412ca1d7c64987f033e78d50e3da852903d1ed098246cb54b641973
minecraft:yellow_stained_glass	["minecraft:attack_animation","minecraft:attribute_modifiers","minecraft:break_sound","minecraft:enchantments","minecraft:interact_animation","minecraft:item_model","minecraft:item_name","minecraft:lore","minecraft:max_stack_size","minecraft:rarity","minecraft:repair_cost","minecraft:tooltip_display","minecraft:use_effects"]	32e9df52b87e4af19dd4fa026e380c2406eb3ee6d77beae8a35c239909098fc0
minecraft:yellow_stained_glass_pane	["minecraft:attack_animation","minecraft:attribute_modifiers","minecraft:break_sound","minecraft:enchantments","minecraft:interact_animation","minecraft:item_model","minecraft:item_name","minecraft:lore","minecraft:max_stack_size","minecraft:rarity","minecraft:repair_cost","minecraft:tooltip_display","minecraft:use_effects"]	9c75fa382ab60e0cf2ca8b59ed2ae7a287f4756308e87cd1567bde196e2bc29c
minecraft:yellow_terracotta	["minecraft:attack_animation","minecraft:attribute_modifiers","minecraft:break_sound","minecraft:enchantments","minecraft:interact_animation","minecraft:item_model","minecraft:item_name","minecraft:lore","minecraft:max_stack_size","minecraft:rarity","minecraft:repair_cost","minecraft:tooltip_display","minecraft:use_effects"]	0efef6081fa32b3fcb2b387722bfe2933bd2da5361d32341bc94d17b32fabdd1
minecraft:yellow_wool	["minecraft:attack_animation","minecraft:attribute_modifiers","minecraft:break_sound","minecraft:cooking_fuel","minecraft:enchantments","minecraft:interact_animation","minecraft:item_model","minecraft:item_name","minecraft:lore","minecraft:max_stack_size","minecraft:rarity","minecraft:repair_cost","minecraft:tooltip_display","minecraft:use_effects"]	cf8f33113f5513f03bcfc9286552439a0bf633fd972cb89e768f90fab621b531
minecraft:yellow_wool_slab	["minecraft:attack_animation","minecraft:attribute_modifiers","minecraft:break_sound","minecraft:cooking_fuel","minecraft:enchantments","minecraft:interact_animation","minecraft:item_model","minecraft:item_name","minecraft:lore","minecraft:max_stack_size","minecraft:rarity","minecraft:repair_cost","minecraft:tooltip_display","minecraft:use_effects"]	4145e070214a3d94ba8568182dd30b5682a9e0c99a81b76f7f18a637523f4be7
minecraft:yellow_wool_stairs	["minecraft:attack_animation","minecraft:attribute_modifiers","minecraft:break_sound","minecraft:cooking_fuel","minecraft:enchantments","minecraft:interact_animation","minecraft:item_model","minecraft:item_name","minecraft:lore","minecraft:max_stack_size","minecraft:rarity","minecraft:repair_cost","minecraft:tooltip_display","minecraft:use_effects"]	56fe2567da0493807bd915d1c42ce64d10b9857cb717953b1de0615f99d483cd
minecraft:zoglin_spawn_egg	["minecraft:attack_animation","minecraft:attribute_modifiers","minecraft:break_sound","minecraft:enchantments","minecraft:entity_data","minecraft:interact_animation","minecraft:item_model","minecraft:item_name","minecraft:lore","minecraft:max_stack_size","minecraft:rarity","minecraft:repair_cost","minecraft:tooltip_display","minecraft:use_effects"]	e0ed3b4fd828b38e4957418facd60247cd33d6066e20a4ee6fbd87b6c82ec391
minecraft:zombie_head	["minecraft:attack_animation","minecraft:attribute_modifiers","minecraft:break_sound","minecraft:enchantments","minecraft:equippable","minecraft:interact_animation","minecraft:item_model","minecraft:item_name","minecraft:lore","minecraft:max_stack_size","minecraft:mob_visibility","minecraft:rarity","minecraft:repair_cost","minecraft:tooltip_display","minecraft:use_effects"]	65a7468bd43ab574ed772a5b8876afc6bf373b5bf5e2d2978b83d548f36a325e
minecraft:zombie_horse_spawn_egg	["minecraft:attack_animation","minecraft:attribute_modifiers","minecraft:break_sound","minecraft:enchantments","minecraft:entity_data","minecraft:interact_animation","minecraft:item_model","minecraft:item_name","minecraft:lore","minecraft:max_stack_size","minecraft:rarity","minecraft:repair_cost","minecraft:tooltip_display","minecraft:use_effects"]	90e967ad67b1d7b1934082ea59312595876ffafb33e68302c84e380905d4598c
minecraft:zombie_nautilus_spawn_egg	["minecraft:attack_animation","minecraft:attribute_modifiers","minecraft:break_sound","minecraft:enchantments","minecraft:entity_data","minecraft:interact_animation","minecraft:item_model","minecraft:item_name","minecraft:lore","minecraft:max_stack_size","minecraft:rarity","minecraft:repair_cost","minecraft:tooltip_display","minecraft:use_effects"]	2cb6bcd48962a654b7c520df2bda138d8694c07052cd7277674fb13acba9a7db
minecraft:zombie_spawn_egg	["minecraft:attack_animation","minecraft:attribute_modifiers","minecraft:break_sound","minecraft:enchantments","minecraft:entity_data","minecraft:interact_animation","minecraft:item_model","minecraft:item_name","minecraft:lore","minecraft:max_stack_size","minecraft:rarity","minecraft:repair_cost","minecraft:tooltip_display","minecraft:use_effects"]	8b61cf443a5144be66b534acd3c1b80ed39f171c9b80e3f501b7adf51617258a
minecraft:zombie_villager_spawn_egg	["minecraft:attack_animation","minecraft:attribute_modifiers","minecraft:break_sound","minecraft:enchantments","minecraft:entity_data","minecraft:interact_animation","minecraft:item_model","minecraft:item_name","minecraft:lore","minecraft:max_stack_size","minecraft:rarity","minecraft:repair_cost","minecraft:tooltip_display","minecraft:use_effects"]	72e970deac99ebedead271e0709329df6e612fbcd70dafe82fb2344d4677f33f
minecraft:zombified_piglin_spawn_egg	["minecraft:attack_animation","minecraft:attribute_modifiers","minecraft:break_sound","minecraft:enchantments","minecraft:entity_data","minecraft:interact_animation","minecraft:item_model","minecraft:item_name","minecraft:lore","minecraft:max_stack_size","minecraft:rarity","minecraft:repair_cost","minecraft:tooltip_display","minecraft:use_effects"]	49284c7c612416c6f2944f03b59fb860338168edeb671d609fad019ba024ba1d
