block_protocol_id	identifier	first_state_id	state_count	default_state_id	ordered_properties_json
0	minecraft:air	0	1	0	[]
1	minecraft:stone	1	1	1	[]
2	minecraft:granite	2	1	2	[]
3	minecraft:polished_granite	3	1	3	[]
4	minecraft:diorite	4	1	4	[]
5	minecraft:polished_diorite	5	1	5	[]
6	minecraft:andesite	6	1	6	[]
7	minecraft:polished_andesite	7	1	7	[]
8	minecraft:grass_block	8	2	9	[{"name":"snowy","values":["true","false"]}]
9	minecraft:dirt	10	1	10	[]
10	minecraft:coarse_dirt	11	1	11	[]
11	minecraft:podzol	12	2	13	[{"name":"snowy","values":["true","false"]}]
12	minecraft:cobblestone	14	1	14	[]
13	minecraft:oak_planks	15	1	15	[]
14	minecraft:spruce_planks	16	1	16	[]
15	minecraft:birch_planks	17	1	17	[]
16	minecraft:jungle_planks	18	1	18	[]
17	minecraft:acacia_planks	19	1	19	[]
18	minecraft:cherry_planks	20	1	20	[]
19	minecraft:dark_oak_planks	21	1	21	[]
20	minecraft:pale_oak_wood	22	3	23	[{"name":"axis","values":["x","y","z"]}]
21	minecraft:pale_oak_planks	25	1	25	[]
22	minecraft:mangrove_planks	26	1	26	[]
23	minecraft:poplar_planks	27	1	27	[]
24	minecraft:bamboo_planks	28	1	28	[]
25	minecraft:bamboo_mosaic	29	1	29	[]
26	minecraft:oak_sapling	30	2	30	[{"name":"stage","values":["0","1"]}]
27	minecraft:spruce_sapling	32	2	32	[{"name":"stage","values":["0","1"]}]
28	minecraft:birch_sapling	34	2	34	[{"name":"stage","values":["0","1"]}]
29	minecraft:jungle_sapling	36	2	36	[{"name":"stage","values":["0","1"]}]
30	minecraft:acacia_sapling	38	2	38	[{"name":"stage","values":["0","1"]}]
31	minecraft:cherry_sapling	40	2	40	[{"name":"stage","values":["0","1"]}]
32	minecraft:dark_oak_sapling	42	2	42	[{"name":"stage","values":["0","1"]}]
33	minecraft:pale_oak_sapling	44	2	44	[{"name":"stage","values":["0","1"]}]
34	minecraft:mangrove_propagule	46	40	51	[{"name":"age","values":["0","1","2","3","4"]},{"name":"hanging","values":["true","false"]},{"name":"stage","values":["0","1"]},{"name":"waterlogged","values":["true","false"]}]
35	minecraft:poplar_sapling	86	2	86	[{"name":"stage","values":["0","1"]}]
36	minecraft:bedrock	88	1	88	[]
37	minecraft:water	89	16	89	[{"name":"level","values":["0","1","2","3","4","5","6","7","8","9","10","11","12","13","14","15"]}]
38	minecraft:lava	105	16	105	[{"name":"level","values":["0","1","2","3","4","5","6","7","8","9","10","11","12","13","14","15"]}]
39	minecraft:sand	121	1	121	[]
40	minecraft:suspicious_sand	122	4	122	[{"name":"dusted","values":["0","1","2","3"]}]
41	minecraft:red_sand	126	1	126	[]
42	minecraft:gravel	127	1	127	[]
43	minecraft:suspicious_gravel	128	4	128	[{"name":"dusted","values":["0","1","2","3"]}]
44	minecraft:gold_ore	132	1	132	[]
45	minecraft:deepslate_gold_ore	133	1	133	[]
46	minecraft:iron_ore	134	1	134	[]
47	minecraft:deepslate_iron_ore	135	1	135	[]
48	minecraft:coal_ore	136	1	136	[]
49	minecraft:deepslate_coal_ore	137	1	137	[]
50	minecraft:nether_gold_ore	138	1	138	[]
51	minecraft:oak_log	139	3	140	[{"name":"axis","values":["x","y","z"]}]
52	minecraft:spruce_log	142	3	143	[{"name":"axis","values":["x","y","z"]}]
53	minecraft:birch_log	145	3	146	[{"name":"axis","values":["x","y","z"]}]
54	minecraft:jungle_log	148	3	149	[{"name":"axis","values":["x","y","z"]}]
55	minecraft:acacia_log	151	3	152	[{"name":"axis","values":["x","y","z"]}]
56	minecraft:cherry_log	154	3	155	[{"name":"axis","values":["x","y","z"]}]
57	minecraft:dark_oak_log	157	3	158	[{"name":"axis","values":["x","y","z"]}]
58	minecraft:pale_oak_log	160	3	161	[{"name":"axis","values":["x","y","z"]}]
59	minecraft:mangrove_log	163	3	164	[{"name":"axis","values":["x","y","z"]}]
60	minecraft:poplar_log	166	3	167	[{"name":"axis","values":["x","y","z"]}]
61	minecraft:mangrove_roots	169	2	170	[{"name":"waterlogged","values":["true","false"]}]
62	minecraft:muddy_mangrove_roots	171	3	172	[{"name":"axis","values":["x","y","z"]}]
63	minecraft:bamboo_block	174	3	175	[{"name":"axis","values":["x","y","z"]}]
64	minecraft:stripped_spruce_log	177	3	178	[{"name":"axis","values":["x","y","z"]}]
65	minecraft:stripped_birch_log	180	3	181	[{"name":"axis","values":["x","y","z"]}]
66	minecraft:stripped_jungle_log	183	3	184	[{"name":"axis","values":["x","y","z"]}]
67	minecraft:stripped_acacia_log	186	3	187	[{"name":"axis","values":["x","y","z"]}]
68	minecraft:stripped_cherry_log	189	3	190	[{"name":"axis","values":["x","y","z"]}]
69	minecraft:stripped_dark_oak_log	192	3	193	[{"name":"axis","values":["x","y","z"]}]
70	minecraft:stripped_pale_oak_log	195	3	196	[{"name":"axis","values":["x","y","z"]}]
71	minecraft:stripped_oak_log	198	3	199	[{"name":"axis","values":["x","y","z"]}]
72	minecraft:stripped_mangrove_log	201	3	202	[{"name":"axis","values":["x","y","z"]}]
73	minecraft:stripped_poplar_log	204	3	205	[{"name":"axis","values":["x","y","z"]}]
74	minecraft:stripped_bamboo_block	207	3	208	[{"name":"axis","values":["x","y","z"]}]
75	minecraft:oak_wood	210	3	211	[{"name":"axis","values":["x","y","z"]}]
76	minecraft:spruce_wood	213	3	214	[{"name":"axis","values":["x","y","z"]}]
77	minecraft:birch_wood	216	3	217	[{"name":"axis","values":["x","y","z"]}]
78	minecraft:jungle_wood	219	3	220	[{"name":"axis","values":["x","y","z"]}]
79	minecraft:acacia_wood	222	3	223	[{"name":"axis","values":["x","y","z"]}]
80	minecraft:cherry_wood	225	3	226	[{"name":"axis","values":["x","y","z"]}]
81	minecraft:dark_oak_wood	228	3	229	[{"name":"axis","values":["x","y","z"]}]
82	minecraft:mangrove_wood	231	3	232	[{"name":"axis","values":["x","y","z"]}]
83	minecraft:poplar_wood	234	3	235	[{"name":"axis","values":["x","y","z"]}]
84	minecraft:stripped_oak_wood	237	3	238	[{"name":"axis","values":["x","y","z"]}]
85	minecraft:stripped_spruce_wood	240	3	241	[{"name":"axis","values":["x","y","z"]}]
86	minecraft:stripped_birch_wood	243	3	244	[{"name":"axis","values":["x","y","z"]}]
87	minecraft:stripped_jungle_wood	246	3	247	[{"name":"axis","values":["x","y","z"]}]
88	minecraft:stripped_acacia_wood	249	3	250	[{"name":"axis","values":["x","y","z"]}]
89	minecraft:stripped_cherry_wood	252	3	253	[{"name":"axis","values":["x","y","z"]}]
90	minecraft:stripped_dark_oak_wood	255	3	256	[{"name":"axis","values":["x","y","z"]}]
91	minecraft:stripped_pale_oak_wood	258	3	259	[{"name":"axis","values":["x","y","z"]}]
92	minecraft:stripped_mangrove_wood	261	3	262	[{"name":"axis","values":["x","y","z"]}]
93	minecraft:stripped_poplar_wood	264	3	265	[{"name":"axis","values":["x","y","z"]}]
94	minecraft:oak_leaves	267	28	294	[{"name":"distance","values":["1","2","3","4","5","6","7"]},{"name":"persistent","values":["true","false"]},{"name":"waterlogged","values":["true","false"]}]
95	minecraft:spruce_leaves	295	28	322	[{"name":"distance","values":["1","2","3","4","5","6","7"]},{"name":"persistent","values":["true","false"]},{"name":"waterlogged","values":["true","false"]}]
96	minecraft:birch_leaves	323	28	350	[{"name":"distance","values":["1","2","3","4","5","6","7"]},{"name":"persistent","values":["true","false"]},{"name":"waterlogged","values":["true","false"]}]
97	minecraft:jungle_leaves	351	28	378	[{"name":"distance","values":["1","2","3","4","5","6","7"]},{"name":"persistent","values":["true","false"]},{"name":"waterlogged","values":["true","false"]}]
98	minecraft:acacia_leaves	379	28	406	[{"name":"distance","values":["1","2","3","4","5","6","7"]},{"name":"persistent","values":["true","false"]},{"name":"waterlogged","values":["true","false"]}]
99	minecraft:cherry_leaves	407	28	434	[{"name":"distance","values":["1","2","3","4","5","6","7"]},{"name":"persistent","values":["true","false"]},{"name":"waterlogged","values":["true","false"]}]
100	minecraft:dark_oak_leaves	435	28	462	[{"name":"distance","values":["1","2","3","4","5","6","7"]},{"name":"persistent","values":["true","false"]},{"name":"waterlogged","values":["true","false"]}]
101	minecraft:pale_oak_leaves	463	28	490	[{"name":"distance","values":["1","2","3","4","5","6","7"]},{"name":"persistent","values":["true","false"]},{"name":"waterlogged","values":["true","false"]}]
102	minecraft:mangrove_leaves	491	28	518	[{"name":"distance","values":["1","2","3","4","5","6","7"]},{"name":"persistent","values":["true","false"]},{"name":"waterlogged","values":["true","false"]}]
103	minecraft:red_poplar_leaves	519	28	546	[{"name":"distance","values":["1","2","3","4","5","6","7"]},{"name":"persistent","values":["true","false"]},{"name":"waterlogged","values":["true","false"]}]
104	minecraft:orange_poplar_leaves	547	28	574	[{"name":"distance","values":["1","2","3","4","5","6","7"]},{"name":"persistent","values":["true","false"]},{"name":"waterlogged","values":["true","false"]}]
105	minecraft:yellow_poplar_leaves	575	28	602	[{"name":"distance","values":["1","2","3","4","5","6","7"]},{"name":"persistent","values":["true","false"]},{"name":"waterlogged","values":["true","false"]}]
106	minecraft:azalea_leaves	603	28	630	[{"name":"distance","values":["1","2","3","4","5","6","7"]},{"name":"persistent","values":["true","false"]},{"name":"waterlogged","values":["true","false"]}]
107	minecraft:flowering_azalea_leaves	631	28	658	[{"name":"distance","values":["1","2","3","4","5","6","7"]},{"name":"persistent","values":["true","false"]},{"name":"waterlogged","values":["true","false"]}]
108	minecraft:sponge	659	1	659	[]
109	minecraft:wet_sponge	660	1	660	[]
110	minecraft:glass	661	1	661	[]
111	minecraft:lapis_ore	662	1	662	[]
112	minecraft:deepslate_lapis_ore	663	1	663	[]
113	minecraft:lapis_block	664	1	664	[]
114	minecraft:dispenser	665	12	666	[{"name":"facing","values":["north","east","south","west","up","down"]},{"name":"triggered","values":["true","false"]}]
115	minecraft:sandstone	677	1	677	[]
116	minecraft:chiseled_sandstone	678	1	678	[]
117	minecraft:cut_sandstone	679	1	679	[]
118	minecraft:note_block	680	1350	681	[{"name":"instrument","values":["harp","basedrum","snare","hat","bass","flute","bell","guitar","chime","xylophone","iron_xylophone","cow_bell","didgeridoo","bit","banjo","pling","trumpet","trumpet_exposed","trumpet_oxidized","trumpet_weathered","zombie","skeleton","creeper","dragon","wither_skeleton","piglin","custom_head"]},{"name":"note","values":["0","1","2","3","4","5","6","7","8","9","10","11","12","13","14","15","16","17","18","19","20","21","22","23","24"]},{"name":"powered","values":["true","false"]}]
119	minecraft:white_bed	2030	16	2033	[{"name":"facing","values":["north","south","west","east"]},{"name":"occupied","values":["true","false"]},{"name":"part","values":["head","foot"]}]
120	minecraft:orange_bed	2046	16	2049	[{"name":"facing","values":["north","south","west","east"]},{"name":"occupied","values":["true","false"]},{"name":"part","values":["head","foot"]}]
121	minecraft:magenta_bed	2062	16	2065	[{"name":"facing","values":["north","south","west","east"]},{"name":"occupied","values":["true","false"]},{"name":"part","values":["head","foot"]}]
122	minecraft:light_blue_bed	2078	16	2081	[{"name":"facing","values":["north","south","west","east"]},{"name":"occupied","values":["true","false"]},{"name":"part","values":["head","foot"]}]
123	minecraft:yellow_bed	2094	16	2097	[{"name":"facing","values":["north","south","west","east"]},{"name":"occupied","values":["true","false"]},{"name":"part","values":["head","foot"]}]
124	minecraft:lime_bed	2110	16	2113	[{"name":"facing","values":["north","south","west","east"]},{"name":"occupied","values":["true","false"]},{"name":"part","values":["head","foot"]}]
125	minecraft:pink_bed	2126	16	2129	[{"name":"facing","values":["north","south","west","east"]},{"name":"occupied","values":["true","false"]},{"name":"part","values":["head","foot"]}]
126	minecraft:gray_bed	2142	16	2145	[{"name":"facing","values":["north","south","west","east"]},{"name":"occupied","values":["true","false"]},{"name":"part","values":["head","foot"]}]
127	minecraft:light_gray_bed	2158	16	2161	[{"name":"facing","values":["north","south","west","east"]},{"name":"occupied","values":["true","false"]},{"name":"part","values":["head","foot"]}]
128	minecraft:cyan_bed	2174	16	2177	[{"name":"facing","values":["north","south","west","east"]},{"name":"occupied","values":["true","false"]},{"name":"part","values":["head","foot"]}]
129	minecraft:purple_bed	2190	16	2193	[{"name":"facing","values":["north","south","west","east"]},{"name":"occupied","values":["true","false"]},{"name":"part","values":["head","foot"]}]
130	minecraft:blue_bed	2206	16	2209	[{"name":"facing","values":["north","south","west","east"]},{"name":"occupied","values":["true","false"]},{"name":"part","values":["head","foot"]}]
131	minecraft:brown_bed	2222	16	2225	[{"name":"facing","values":["north","south","west","east"]},{"name":"occupied","values":["true","false"]},{"name":"part","values":["head","foot"]}]
132	minecraft:green_bed	2238	16	2241	[{"name":"facing","values":["north","south","west","east"]},{"name":"occupied","values":["true","false"]},{"name":"part","values":["head","foot"]}]
133	minecraft:red_bed	2254	16	2257	[{"name":"facing","values":["north","south","west","east"]},{"name":"occupied","values":["true","false"]},{"name":"part","values":["head","foot"]}]
134	minecraft:black_bed	2270	16	2273	[{"name":"facing","values":["north","south","west","east"]},{"name":"occupied","values":["true","false"]},{"name":"part","values":["head","foot"]}]
135	minecraft:straw_bed	2286	16	2289	[{"name":"facing","values":["north","south","west","east"]},{"name":"occupied","values":["true","false"]},{"name":"part","values":["head","foot"]}]
136	minecraft:powered_rail	2302	24	2315	[{"name":"powered","values":["true","false"]},{"name":"shape","values":["north_south","east_west","ascending_east","ascending_west","ascending_north","ascending_south"]},{"name":"waterlogged","values":["true","false"]}]
137	minecraft:detector_rail	2326	24	2339	[{"name":"powered","values":["true","false"]},{"name":"shape","values":["north_south","east_west","ascending_east","ascending_west","ascending_north","ascending_south"]},{"name":"waterlogged","values":["true","false"]}]
138	minecraft:sticky_piston	2350	12	2356	[{"name":"extended","values":["true","false"]},{"name":"facing","values":["north","east","south","west","up","down"]}]
139	minecraft:cobweb	2362	1	2362	[]
140	minecraft:short_grass	2363	1	2363	[]
141	minecraft:fern	2364	1	2364	[]
142	minecraft:dead_bush	2365	1	2365	[]
143	minecraft:bush	2366	1	2366	[]
144	minecraft:red_shrub	2367	1	2367	[]
145	minecraft:short_dry_grass	2368	1	2368	[]
146	minecraft:tall_dry_grass	2369	1	2369	[]
147	minecraft:seagrass	2370	1	2370	[]
148	minecraft:tall_seagrass	2371	2	2372	[{"name":"half","values":["upper","lower"]}]
149	minecraft:piston	2373	12	2379	[{"name":"extended","values":["true","false"]},{"name":"facing","values":["north","east","south","west","up","down"]}]
150	minecraft:piston_head	2385	24	2387	[{"name":"facing","values":["north","east","south","west","up","down"]},{"name":"short","values":["true","false"]},{"name":"type","values":["normal","sticky"]}]
151	minecraft:white_wool	2409	1	2409	[]
152	minecraft:orange_wool	2410	1	2410	[]
153	minecraft:magenta_wool	2411	1	2411	[]
154	minecraft:light_blue_wool	2412	1	2412	[]
155	minecraft:yellow_wool	2413	1	2413	[]
156	minecraft:lime_wool	2414	1	2414	[]
157	minecraft:pink_wool	2415	1	2415	[]
158	minecraft:gray_wool	2416	1	2416	[]
159	minecraft:light_gray_wool	2417	1	2417	[]
160	minecraft:cyan_wool	2418	1	2418	[]
161	minecraft:purple_wool	2419	1	2419	[]
162	minecraft:blue_wool	2420	1	2420	[]
163	minecraft:brown_wool	2421	1	2421	[]
164	minecraft:green_wool	2422	1	2422	[]
165	minecraft:red_wool	2423	1	2423	[]
166	minecraft:black_wool	2424	1	2424	[]
167	minecraft:white_wool_stairs	2425	80	2436	[{"name":"facing","values":["north","south","west","east"]},{"name":"half","values":["top","bottom"]},{"name":"shape","values":["straight","inner_left","inner_right","outer_left","outer_right"]},{"name":"waterlogged","values":["true","false"]}]
168	minecraft:orange_wool_stairs	2505	80	2516	[{"name":"facing","values":["north","south","west","east"]},{"name":"half","values":["top","bottom"]},{"name":"shape","values":["straight","inner_left","inner_right","outer_left","outer_right"]},{"name":"waterlogged","values":["true","false"]}]
169	minecraft:magenta_wool_stairs	2585	80	2596	[{"name":"facing","values":["north","south","west","east"]},{"name":"half","values":["top","bottom"]},{"name":"shape","values":["straight","inner_left","inner_right","outer_left","outer_right"]},{"name":"waterlogged","values":["true","false"]}]
170	minecraft:light_blue_wool_stairs	2665	80	2676	[{"name":"facing","values":["north","south","west","east"]},{"name":"half","values":["top","bottom"]},{"name":"shape","values":["straight","inner_left","inner_right","outer_left","outer_right"]},{"name":"waterlogged","values":["true","false"]}]
171	minecraft:yellow_wool_stairs	2745	80	2756	[{"name":"facing","values":["north","south","west","east"]},{"name":"half","values":["top","bottom"]},{"name":"shape","values":["straight","inner_left","inner_right","outer_left","outer_right"]},{"name":"waterlogged","values":["true","false"]}]
172	minecraft:lime_wool_stairs	2825	80	2836	[{"name":"facing","values":["north","south","west","east"]},{"name":"half","values":["top","bottom"]},{"name":"shape","values":["straight","inner_left","inner_right","outer_left","outer_right"]},{"name":"waterlogged","values":["true","false"]}]
173	minecraft:pink_wool_stairs	2905	80	2916	[{"name":"facing","values":["north","south","west","east"]},{"name":"half","values":["top","bottom"]},{"name":"shape","values":["straight","inner_left","inner_right","outer_left","outer_right"]},{"name":"waterlogged","values":["true","false"]}]
174	minecraft:gray_wool_stairs	2985	80	2996	[{"name":"facing","values":["north","south","west","east"]},{"name":"half","values":["top","bottom"]},{"name":"shape","values":["straight","inner_left","inner_right","outer_left","outer_right"]},{"name":"waterlogged","values":["true","false"]}]
175	minecraft:light_gray_wool_stairs	3065	80	3076	[{"name":"facing","values":["north","south","west","east"]},{"name":"half","values":["top","bottom"]},{"name":"shape","values":["straight","inner_left","inner_right","outer_left","outer_right"]},{"name":"waterlogged","values":["true","false"]}]
176	minecraft:cyan_wool_stairs	3145	80	3156	[{"name":"facing","values":["north","south","west","east"]},{"name":"half","values":["top","bottom"]},{"name":"shape","values":["straight","inner_left","inner_right","outer_left","outer_right"]},{"name":"waterlogged","values":["true","false"]}]
177	minecraft:purple_wool_stairs	3225	80	3236	[{"name":"facing","values":["north","south","west","east"]},{"name":"half","values":["top","bottom"]},{"name":"shape","values":["straight","inner_left","inner_right","outer_left","outer_right"]},{"name":"waterlogged","values":["true","false"]}]
178	minecraft:blue_wool_stairs	3305	80	3316	[{"name":"facing","values":["north","south","west","east"]},{"name":"half","values":["top","bottom"]},{"name":"shape","values":["straight","inner_left","inner_right","outer_left","outer_right"]},{"name":"waterlogged","values":["true","false"]}]
179	minecraft:brown_wool_stairs	3385	80	3396	[{"name":"facing","values":["north","south","west","east"]},{"name":"half","values":["top","bottom"]},{"name":"shape","values":["straight","inner_left","inner_right","outer_left","outer_right"]},{"name":"waterlogged","values":["true","false"]}]
180	minecraft:green_wool_stairs	3465	80	3476	[{"name":"facing","values":["north","south","west","east"]},{"name":"half","values":["top","bottom"]},{"name":"shape","values":["straight","inner_left","inner_right","outer_left","outer_right"]},{"name":"waterlogged","values":["true","false"]}]
181	minecraft:red_wool_stairs	3545	80	3556	[{"name":"facing","values":["north","south","west","east"]},{"name":"half","values":["top","bottom"]},{"name":"shape","values":["straight","inner_left","inner_right","outer_left","outer_right"]},{"name":"waterlogged","values":["true","false"]}]
182	minecraft:black_wool_stairs	3625	80	3636	[{"name":"facing","values":["north","south","west","east"]},{"name":"half","values":["top","bottom"]},{"name":"shape","values":["straight","inner_left","inner_right","outer_left","outer_right"]},{"name":"waterlogged","values":["true","false"]}]
183	minecraft:white_wool_slab	3705	6	3708	[{"name":"type","values":["top","bottom","double"]},{"name":"waterlogged","values":["true","false"]}]
184	minecraft:orange_wool_slab	3711	6	3714	[{"name":"type","values":["top","bottom","double"]},{"name":"waterlogged","values":["true","false"]}]
185	minecraft:magenta_wool_slab	3717	6	3720	[{"name":"type","values":["top","bottom","double"]},{"name":"waterlogged","values":["true","false"]}]
186	minecraft:light_blue_wool_slab	3723	6	3726	[{"name":"type","values":["top","bottom","double"]},{"name":"waterlogged","values":["true","false"]}]
187	minecraft:yellow_wool_slab	3729	6	3732	[{"name":"type","values":["top","bottom","double"]},{"name":"waterlogged","values":["true","false"]}]
188	minecraft:lime_wool_slab	3735	6	3738	[{"name":"type","values":["top","bottom","double"]},{"name":"waterlogged","values":["true","false"]}]
189	minecraft:pink_wool_slab	3741	6	3744	[{"name":"type","values":["top","bottom","double"]},{"name":"waterlogged","values":["true","false"]}]
190	minecraft:gray_wool_slab	3747	6	3750	[{"name":"type","values":["top","bottom","double"]},{"name":"waterlogged","values":["true","false"]}]
191	minecraft:light_gray_wool_slab	3753	6	3756	[{"name":"type","values":["top","bottom","double"]},{"name":"waterlogged","values":["true","false"]}]
192	minecraft:cyan_wool_slab	3759	6	3762	[{"name":"type","values":["top","bottom","double"]},{"name":"waterlogged","values":["true","false"]}]
193	minecraft:purple_wool_slab	3765	6	3768	[{"name":"type","values":["top","bottom","double"]},{"name":"waterlogged","values":["true","false"]}]
194	minecraft:blue_wool_slab	3771	6	3774	[{"name":"type","values":["top","bottom","double"]},{"name":"waterlogged","values":["true","false"]}]
195	minecraft:brown_wool_slab	3777	6	3780	[{"name":"type","values":["top","bottom","double"]},{"name":"waterlogged","values":["true","false"]}]
196	minecraft:green_wool_slab	3783	6	3786	[{"name":"type","values":["top","bottom","double"]},{"name":"waterlogged","values":["true","false"]}]
197	minecraft:red_wool_slab	3789	6	3792	[{"name":"type","values":["top","bottom","double"]},{"name":"waterlogged","values":["true","false"]}]
198	minecraft:black_wool_slab	3795	6	3798	[{"name":"type","values":["top","bottom","double"]},{"name":"waterlogged","values":["true","false"]}]
199	minecraft:moving_piston	3801	12	3801	[{"name":"facing","values":["north","east","south","west","up","down"]},{"name":"type","values":["normal","sticky"]}]
200	minecraft:dandelion	3813	1	3813	[]
201	minecraft:golden_dandelion	3814	1	3814	[]
202	minecraft:torchflower	3815	1	3815	[]
203	minecraft:poppy	3816	1	3816	[]
204	minecraft:blue_orchid	3817	1	3817	[]
205	minecraft:allium	3818	1	3818	[]
206	minecraft:azure_bluet	3819	1	3819	[]
207	minecraft:red_tulip	3820	1	3820	[]
208	minecraft:orange_tulip	3821	1	3821	[]
209	minecraft:white_tulip	3822	1	3822	[]
210	minecraft:pink_tulip	3823	1	3823	[]
211	minecraft:oxeye_daisy	3824	1	3824	[]
212	minecraft:cornflower	3825	1	3825	[]
213	minecraft:wither_rose	3826	1	3826	[]
214	minecraft:lily_of_the_valley	3827	1	3827	[]
215	minecraft:brown_mushroom	3828	1	3828	[]
216	minecraft:red_mushroom	3829	1	3829	[]
217	minecraft:gold_block	3830	1	3830	[]
218	minecraft:iron_block	3831	1	3831	[]
219	minecraft:bricks	3832	1	3832	[]
220	minecraft:tnt	3833	2	3834	[{"name":"unstable","values":["true","false"]}]
221	minecraft:bookshelf	3835	1	3835	[]
222	minecraft:chiseled_bookshelf	3836	256	3899	[{"name":"facing","values":["north","south","west","east"]},{"name":"slot_0_occupied","values":["true","false"]},{"name":"slot_1_occupied","values":["true","false"]},{"name":"slot_2_occupied","values":["true","false"]},{"name":"slot_3_occupied","values":["true","false"]},{"name":"slot_4_occupied","values":["true","false"]},{"name":"slot_5_occupied","values":["true","false"]}]
223	minecraft:acacia_shelf	4092	64	4101	[{"name":"facing","values":["north","south","west","east"]},{"name":"powered","values":["true","false"]},{"name":"side_chain","values":["unconnected","right","center","left"]},{"name":"waterlogged","values":["true","false"]}]
224	minecraft:bamboo_shelf	4156	64	4165	[{"name":"facing","values":["north","south","west","east"]},{"name":"powered","values":["true","false"]},{"name":"side_chain","values":["unconnected","right","center","left"]},{"name":"waterlogged","values":["true","false"]}]
225	minecraft:birch_shelf	4220	64	4229	[{"name":"facing","values":["north","south","west","east"]},{"name":"powered","values":["true","false"]},{"name":"side_chain","values":["unconnected","right","center","left"]},{"name":"waterlogged","values":["true","false"]}]
226	minecraft:cherry_shelf	4284	64	4293	[{"name":"facing","values":["north","south","west","east"]},{"name":"powered","values":["true","false"]},{"name":"side_chain","values":["unconnected","right","center","left"]},{"name":"waterlogged","values":["true","false"]}]
227	minecraft:crimson_shelf	4348	64	4357	[{"name":"facing","values":["north","south","west","east"]},{"name":"powered","values":["true","false"]},{"name":"side_chain","values":["unconnected","right","center","left"]},{"name":"waterlogged","values":["true","false"]}]
228	minecraft:dark_oak_shelf	4412	64	4421	[{"name":"facing","values":["north","south","west","east"]},{"name":"powered","values":["true","false"]},{"name":"side_chain","values":["unconnected","right","center","left"]},{"name":"waterlogged","values":["true","false"]}]
229	minecraft:jungle_shelf	4476	64	4485	[{"name":"facing","values":["north","south","west","east"]},{"name":"powered","values":["true","false"]},{"name":"side_chain","values":["unconnected","right","center","left"]},{"name":"waterlogged","values":["true","false"]}]
230	minecraft:mangrove_shelf	4540	64	4549	[{"name":"facing","values":["north","south","west","east"]},{"name":"powered","values":["true","false"]},{"name":"side_chain","values":["unconnected","right","center","left"]},{"name":"waterlogged","values":["true","false"]}]
231	minecraft:oak_shelf	4604	64	4613	[{"name":"facing","values":["north","south","west","east"]},{"name":"powered","values":["true","false"]},{"name":"side_chain","values":["unconnected","right","center","left"]},{"name":"waterlogged","values":["true","false"]}]
232	minecraft:pale_oak_shelf	4668	64	4677	[{"name":"facing","values":["north","south","west","east"]},{"name":"powered","values":["true","false"]},{"name":"side_chain","values":["unconnected","right","center","left"]},{"name":"waterlogged","values":["true","false"]}]
233	minecraft:poplar_shelf	4732	64	4741	[{"name":"facing","values":["north","south","west","east"]},{"name":"powered","values":["true","false"]},{"name":"side_chain","values":["unconnected","right","center","left"]},{"name":"waterlogged","values":["true","false"]}]
234	minecraft:spruce_shelf	4796	64	4805	[{"name":"facing","values":["north","south","west","east"]},{"name":"powered","values":["true","false"]},{"name":"side_chain","values":["unconnected","right","center","left"]},{"name":"waterlogged","values":["true","false"]}]
235	minecraft:warped_shelf	4860	64	4869	[{"name":"facing","values":["north","south","west","east"]},{"name":"powered","values":["true","false"]},{"name":"side_chain","values":["unconnected","right","center","left"]},{"name":"waterlogged","values":["true","false"]}]
236	minecraft:mossy_cobblestone	4924	1	4924	[]
237	minecraft:obsidian	4925	1	4925	[]
238	minecraft:torch	4926	1	4926	[]
239	minecraft:wall_torch	4927	4	4927	[{"name":"facing","values":["north","south","west","east"]}]
240	minecraft:fire	4931	512	4962	[{"name":"age","values":["0","1","2","3","4","5","6","7","8","9","10","11","12","13","14","15"]},{"name":"east","values":["true","false"]},{"name":"north","values":["true","false"]},{"name":"south","values":["true","false"]},{"name":"up","values":["true","false"]},{"name":"west","values":["true","false"]}]
241	minecraft:soul_fire	5443	1	5443	[]
242	minecraft:spawner	5444	1	5444	[]
243	minecraft:creaking_heart	5445	18	5452	[{"name":"axis","values":["x","y","z"]},{"name":"creaking_heart_state","values":["uprooted","dormant","awake"]},{"name":"natural","values":["true","false"]}]
244	minecraft:oak_stairs	5463	80	5474	[{"name":"facing","values":["north","south","west","east"]},{"name":"half","values":["top","bottom"]},{"name":"shape","values":["straight","inner_left","inner_right","outer_left","outer_right"]},{"name":"waterlogged","values":["true","false"]}]
245	minecraft:chest	5543	24	5544	[{"name":"facing","values":["north","south","west","east"]},{"name":"type","values":["single","left","right"]},{"name":"waterlogged","values":["true","false"]}]
246	minecraft:redstone_wire	5567	1296	6727	[{"name":"east","values":["up","side","none"]},{"name":"north","values":["up","side","none"]},{"name":"power","values":["0","1","2","3","4","5","6","7","8","9","10","11","12","13","14","15"]},{"name":"south","values":["up","side","none"]},{"name":"west","values":["up","side","none"]}]
247	minecraft:diamond_ore	6863	1	6863	[]
248	minecraft:deepslate_diamond_ore	6864	1	6864	[]
249	minecraft:diamond_block	6865	1	6865	[]
250	minecraft:crafting_table	6866	1	6866	[]
251	minecraft:wheat	6867	8	6867	[{"name":"age","values":["0","1","2","3","4","5","6","7"]}]
252	minecraft:farmland	6875	8	6875	[{"name":"moisture","values":["0","1","2","3","4","5","6","7"]}]
253	minecraft:furnace	6883	8	6884	[{"name":"facing","values":["north","south","west","east"]},{"name":"lit","values":["true","false"]}]
254	minecraft:oak_sign	6891	32	6908	[{"name":"rotation","values":["0","1","2","3","4","5","6","7","8","9","10","11","12","13","14","15"]},{"name":"waterlogged","values":["true","false"]}]
255	minecraft:spruce_sign	6923	32	6940	[{"name":"rotation","values":["0","1","2","3","4","5","6","7","8","9","10","11","12","13","14","15"]},{"name":"waterlogged","values":["true","false"]}]
256	minecraft:birch_sign	6955	32	6972	[{"name":"rotation","values":["0","1","2","3","4","5","6","7","8","9","10","11","12","13","14","15"]},{"name":"waterlogged","values":["true","false"]}]
257	minecraft:acacia_sign	6987	32	7004	[{"name":"rotation","values":["0","1","2","3","4","5","6","7","8","9","10","11","12","13","14","15"]},{"name":"waterlogged","values":["true","false"]}]
258	minecraft:cherry_sign	7019	32	7036	[{"name":"rotation","values":["0","1","2","3","4","5","6","7","8","9","10","11","12","13","14","15"]},{"name":"waterlogged","values":["true","false"]}]
259	minecraft:jungle_sign	7051	32	7068	[{"name":"rotation","values":["0","1","2","3","4","5","6","7","8","9","10","11","12","13","14","15"]},{"name":"waterlogged","values":["true","false"]}]
260	minecraft:dark_oak_sign	7083	32	7100	[{"name":"rotation","values":["0","1","2","3","4","5","6","7","8","9","10","11","12","13","14","15"]},{"name":"waterlogged","values":["true","false"]}]
261	minecraft:pale_oak_sign	7115	32	7132	[{"name":"rotation","values":["0","1","2","3","4","5","6","7","8","9","10","11","12","13","14","15"]},{"name":"waterlogged","values":["true","false"]}]
262	minecraft:mangrove_sign	7147	32	7164	[{"name":"rotation","values":["0","1","2","3","4","5","6","7","8","9","10","11","12","13","14","15"]},{"name":"waterlogged","values":["true","false"]}]
263	minecraft:poplar_sign	7179	32	7196	[{"name":"rotation","values":["0","1","2","3","4","5","6","7","8","9","10","11","12","13","14","15"]},{"name":"waterlogged","values":["true","false"]}]
264	minecraft:bamboo_sign	7211	32	7228	[{"name":"rotation","values":["0","1","2","3","4","5","6","7","8","9","10","11","12","13","14","15"]},{"name":"waterlogged","values":["true","false"]}]
265	minecraft:oak_door	7243	64	7254	[{"name":"facing","values":["north","south","west","east"]},{"name":"half","values":["upper","lower"]},{"name":"hinge","values":["left","right"]},{"name":"open","values":["true","false"]},{"name":"powered","values":["true","false"]}]
266	minecraft:ladder	7307	8	7308	[{"name":"facing","values":["north","south","west","east"]},{"name":"waterlogged","values":["true","false"]}]
267	minecraft:rail	7315	20	7316	[{"name":"shape","values":["north_south","east_west","ascending_east","ascending_west","ascending_north","ascending_south","south_east","south_west","north_west","north_east"]},{"name":"waterlogged","values":["true","false"]}]
268	minecraft:cobblestone_stairs	7335	80	7346	[{"name":"facing","values":["north","south","west","east"]},{"name":"half","values":["top","bottom"]},{"name":"shape","values":["straight","inner_left","inner_right","outer_left","outer_right"]},{"name":"waterlogged","values":["true","false"]}]
269	minecraft:oak_wall_sign	7415	8	7416	[{"name":"facing","values":["north","south","west","east"]},{"name":"waterlogged","values":["true","false"]}]
270	minecraft:spruce_wall_sign	7423	8	7424	[{"name":"facing","values":["north","south","west","east"]},{"name":"waterlogged","values":["true","false"]}]
271	minecraft:birch_wall_sign	7431	8	7432	[{"name":"facing","values":["north","south","west","east"]},{"name":"waterlogged","values":["true","false"]}]
272	minecraft:acacia_wall_sign	7439	8	7440	[{"name":"facing","values":["north","south","west","east"]},{"name":"waterlogged","values":["true","false"]}]
273	minecraft:cherry_wall_sign	7447	8	7448	[{"name":"facing","values":["north","south","west","east"]},{"name":"waterlogged","values":["true","false"]}]
274	minecraft:jungle_wall_sign	7455	8	7456	[{"name":"facing","values":["north","south","west","east"]},{"name":"waterlogged","values":["true","false"]}]
275	minecraft:dark_oak_wall_sign	7463	8	7464	[{"name":"facing","values":["north","south","west","east"]},{"name":"waterlogged","values":["true","false"]}]
276	minecraft:pale_oak_wall_sign	7471	8	7472	[{"name":"facing","values":["north","south","west","east"]},{"name":"waterlogged","values":["true","false"]}]
277	minecraft:mangrove_wall_sign	7479	8	7480	[{"name":"facing","values":["north","south","west","east"]},{"name":"waterlogged","values":["true","false"]}]
278	minecraft:poplar_wall_sign	7487	8	7488	[{"name":"facing","values":["north","south","west","east"]},{"name":"waterlogged","values":["true","false"]}]
279	minecraft:bamboo_wall_sign	7495	8	7496	[{"name":"facing","values":["north","south","west","east"]},{"name":"waterlogged","values":["true","false"]}]
280	minecraft:oak_hanging_sign	7503	64	7552	[{"name":"attached","values":["true","false"]},{"name":"rotation","values":["0","1","2","3","4","5","6","7","8","9","10","11","12","13","14","15"]},{"name":"waterlogged","values":["true","false"]}]
281	minecraft:spruce_hanging_sign	7567	64	7616	[{"name":"attached","values":["true","false"]},{"name":"rotation","values":["0","1","2","3","4","5","6","7","8","9","10","11","12","13","14","15"]},{"name":"waterlogged","values":["true","false"]}]
282	minecraft:birch_hanging_sign	7631	64	7680	[{"name":"attached","values":["true","false"]},{"name":"rotation","values":["0","1","2","3","4","5","6","7","8","9","10","11","12","13","14","15"]},{"name":"waterlogged","values":["true","false"]}]
283	minecraft:acacia_hanging_sign	7695	64	7744	[{"name":"attached","values":["true","false"]},{"name":"rotation","values":["0","1","2","3","4","5","6","7","8","9","10","11","12","13","14","15"]},{"name":"waterlogged","values":["true","false"]}]
284	minecraft:cherry_hanging_sign	7759	64	7808	[{"name":"attached","values":["true","false"]},{"name":"rotation","values":["0","1","2","3","4","5","6","7","8","9","10","11","12","13","14","15"]},{"name":"waterlogged","values":["true","false"]}]
285	minecraft:jungle_hanging_sign	7823	64	7872	[{"name":"attached","values":["true","false"]},{"name":"rotation","values":["0","1","2","3","4","5","6","7","8","9","10","11","12","13","14","15"]},{"name":"waterlogged","values":["true","false"]}]
286	minecraft:dark_oak_hanging_sign	7887	64	7936	[{"name":"attached","values":["true","false"]},{"name":"rotation","values":["0","1","2","3","4","5","6","7","8","9","10","11","12","13","14","15"]},{"name":"waterlogged","values":["true","false"]}]
287	minecraft:pale_oak_hanging_sign	7951	64	8000	[{"name":"attached","values":["true","false"]},{"name":"rotation","values":["0","1","2","3","4","5","6","7","8","9","10","11","12","13","14","15"]},{"name":"waterlogged","values":["true","false"]}]
288	minecraft:crimson_hanging_sign	8015	64	8064	[{"name":"attached","values":["true","false"]},{"name":"rotation","values":["0","1","2","3","4","5","6","7","8","9","10","11","12","13","14","15"]},{"name":"waterlogged","values":["true","false"]}]
289	minecraft:warped_hanging_sign	8079	64	8128	[{"name":"attached","values":["true","false"]},{"name":"rotation","values":["0","1","2","3","4","5","6","7","8","9","10","11","12","13","14","15"]},{"name":"waterlogged","values":["true","false"]}]
290	minecraft:mangrove_hanging_sign	8143	64	8192	[{"name":"attached","values":["true","false"]},{"name":"rotation","values":["0","1","2","3","4","5","6","7","8","9","10","11","12","13","14","15"]},{"name":"waterlogged","values":["true","false"]}]
291	minecraft:poplar_hanging_sign	8207	64	8256	[{"name":"attached","values":["true","false"]},{"name":"rotation","values":["0","1","2","3","4","5","6","7","8","9","10","11","12","13","14","15"]},{"name":"waterlogged","values":["true","false"]}]
292	minecraft:bamboo_hanging_sign	8271	64	8320	[{"name":"attached","values":["true","false"]},{"name":"rotation","values":["0","1","2","3","4","5","6","7","8","9","10","11","12","13","14","15"]},{"name":"waterlogged","values":["true","false"]}]
293	minecraft:oak_wall_hanging_sign	8335	8	8336	[{"name":"facing","values":["north","south","west","east"]},{"name":"waterlogged","values":["true","false"]}]
294	minecraft:spruce_wall_hanging_sign	8343	8	8344	[{"name":"facing","values":["north","south","west","east"]},{"name":"waterlogged","values":["true","false"]}]
295	minecraft:birch_wall_hanging_sign	8351	8	8352	[{"name":"facing","values":["north","south","west","east"]},{"name":"waterlogged","values":["true","false"]}]
296	minecraft:acacia_wall_hanging_sign	8359	8	8360	[{"name":"facing","values":["north","south","west","east"]},{"name":"waterlogged","values":["true","false"]}]
297	minecraft:cherry_wall_hanging_sign	8367	8	8368	[{"name":"facing","values":["north","south","west","east"]},{"name":"waterlogged","values":["true","false"]}]
298	minecraft:jungle_wall_hanging_sign	8375	8	8376	[{"name":"facing","values":["north","south","west","east"]},{"name":"waterlogged","values":["true","false"]}]
299	minecraft:dark_oak_wall_hanging_sign	8383	8	8384	[{"name":"facing","values":["north","south","west","east"]},{"name":"waterlogged","values":["true","false"]}]
300	minecraft:pale_oak_wall_hanging_sign	8391	8	8392	[{"name":"facing","values":["north","south","west","east"]},{"name":"waterlogged","values":["true","false"]}]
301	minecraft:mangrove_wall_hanging_sign	8399	8	8400	[{"name":"facing","values":["north","south","west","east"]},{"name":"waterlogged","values":["true","false"]}]
302	minecraft:poplar_wall_hanging_sign	8407	8	8408	[{"name":"facing","values":["north","south","west","east"]},{"name":"waterlogged","values":["true","false"]}]
303	minecraft:crimson_wall_hanging_sign	8415	8	8416	[{"name":"facing","values":["north","south","west","east"]},{"name":"waterlogged","values":["true","false"]}]
304	minecraft:warped_wall_hanging_sign	8423	8	8424	[{"name":"facing","values":["north","south","west","east"]},{"name":"waterlogged","values":["true","false"]}]
305	minecraft:bamboo_wall_hanging_sign	8431	8	8432	[{"name":"facing","values":["north","south","west","east"]},{"name":"waterlogged","values":["true","false"]}]
306	minecraft:lever	8439	24	8448	[{"name":"face","values":["floor","wall","ceiling"]},{"name":"facing","values":["north","south","west","east"]},{"name":"powered","values":["true","false"]}]
307	minecraft:stone_pressure_plate	8463	2	8464	[{"name":"powered","values":["true","false"]}]
308	minecraft:iron_door	8465	64	8476	[{"name":"facing","values":["north","south","west","east"]},{"name":"half","values":["upper","lower"]},{"name":"hinge","values":["left","right"]},{"name":"open","values":["true","false"]},{"name":"powered","values":["true","false"]}]
309	minecraft:oak_pressure_plate	8529	2	8530	[{"name":"powered","values":["true","false"]}]
310	minecraft:spruce_pressure_plate	8531	2	8532	[{"name":"powered","values":["true","false"]}]
311	minecraft:birch_pressure_plate	8533	2	8534	[{"name":"powered","values":["true","false"]}]
312	minecraft:jungle_pressure_plate	8535	2	8536	[{"name":"powered","values":["true","false"]}]
313	minecraft:acacia_pressure_plate	8537	2	8538	[{"name":"powered","values":["true","false"]}]
314	minecraft:cherry_pressure_plate	8539	2	8540	[{"name":"powered","values":["true","false"]}]
315	minecraft:dark_oak_pressure_plate	8541	2	8542	[{"name":"powered","values":["true","false"]}]
316	minecraft:pale_oak_pressure_plate	8543	2	8544	[{"name":"powered","values":["true","false"]}]
317	minecraft:mangrove_pressure_plate	8545	2	8546	[{"name":"powered","values":["true","false"]}]
318	minecraft:poplar_pressure_plate	8547	2	8548	[{"name":"powered","values":["true","false"]}]
319	minecraft:bamboo_pressure_plate	8549	2	8550	[{"name":"powered","values":["true","false"]}]
320	minecraft:redstone_ore	8551	2	8552	[{"name":"lit","values":["true","false"]}]
321	minecraft:deepslate_redstone_ore	8553	2	8554	[{"name":"lit","values":["true","false"]}]
322	minecraft:redstone_torch	8555	2	8555	[{"name":"lit","values":["true","false"]}]
323	minecraft:redstone_wall_torch	8557	8	8557	[{"name":"facing","values":["north","south","west","east"]},{"name":"lit","values":["true","false"]}]
324	minecraft:stone_button	8565	24	8574	[{"name":"face","values":["floor","wall","ceiling"]},{"name":"facing","values":["north","south","west","east"]},{"name":"powered","values":["true","false"]}]
325	minecraft:snow	8589	8	8589	[{"name":"layers","values":["1","2","3","4","5","6","7","8"]}]
326	minecraft:ice	8597	1	8597	[]
327	minecraft:snow_block	8598	1	8598	[]
328	minecraft:cactus	8599	16	8599	[{"name":"age","values":["0","1","2","3","4","5","6","7","8","9","10","11","12","13","14","15"]}]
329	minecraft:cactus_flower	8615	1	8615	[]
330	minecraft:clay	8616	1	8616	[]
331	minecraft:sugar_cane	8617	16	8617	[{"name":"age","values":["0","1","2","3","4","5","6","7","8","9","10","11","12","13","14","15"]}]
332	minecraft:jukebox	8633	2	8634	[{"name":"has_record","values":["true","false"]}]
333	minecraft:oak_fence	8635	32	8666	[{"name":"east","values":["true","false"]},{"name":"north","values":["true","false"]},{"name":"south","values":["true","false"]},{"name":"waterlogged","values":["true","false"]},{"name":"west","values":["true","false"]}]
334	minecraft:netherrack	8667	1	8667	[]
335	minecraft:soul_sand	8668	1	8668	[]
336	minecraft:soul_soil	8669	1	8669	[]
337	minecraft:basalt	8670	3	8671	[{"name":"axis","values":["x","y","z"]}]
338	minecraft:polished_basalt	8673	3	8674	[{"name":"axis","values":["x","y","z"]}]
339	minecraft:soul_torch	8676	1	8676	[]
340	minecraft:soul_wall_torch	8677	4	8677	[{"name":"facing","values":["north","south","west","east"]}]
341	minecraft:copper_torch	8681	1	8681	[]
342	minecraft:copper_wall_torch	8682	4	8682	[{"name":"facing","values":["north","south","west","east"]}]
343	minecraft:glowstone	8686	1	8686	[]
344	minecraft:nether_portal	8687	2	8687	[{"name":"axis","values":["x","z"]}]
345	minecraft:carved_pumpkin	8689	4	8689	[{"name":"facing","values":["north","south","west","east"]}]
346	minecraft:jack_o_lantern	8693	4	8693	[{"name":"facing","values":["north","south","west","east"]}]
347	minecraft:cake	8697	7	8697	[{"name":"bites","values":["0","1","2","3","4","5","6"]}]
348	minecraft:repeater	8704	64	8707	[{"name":"delay","values":["1","2","3","4"]},{"name":"facing","values":["north","south","west","east"]},{"name":"locked","values":["true","false"]},{"name":"powered","values":["true","false"]}]
349	minecraft:white_stained_glass	8768	1	8768	[]
350	minecraft:orange_stained_glass	8769	1	8769	[]
351	minecraft:magenta_stained_glass	8770	1	8770	[]
352	minecraft:light_blue_stained_glass	8771	1	8771	[]
353	minecraft:yellow_stained_glass	8772	1	8772	[]
354	minecraft:lime_stained_glass	8773	1	8773	[]
355	minecraft:pink_stained_glass	8774	1	8774	[]
356	minecraft:gray_stained_glass	8775	1	8775	[]
357	minecraft:light_gray_stained_glass	8776	1	8776	[]
358	minecraft:cyan_stained_glass	8777	1	8777	[]
359	minecraft:purple_stained_glass	8778	1	8778	[]
360	minecraft:blue_stained_glass	8779	1	8779	[]
361	minecraft:brown_stained_glass	8780	1	8780	[]
362	minecraft:green_stained_glass	8781	1	8781	[]
363	minecraft:red_stained_glass	8782	1	8782	[]
364	minecraft:black_stained_glass	8783	1	8783	[]
365	minecraft:oak_trapdoor	8784	64	8799	[{"name":"facing","values":["north","south","west","east"]},{"name":"half","values":["top","bottom"]},{"name":"open","values":["true","false"]},{"name":"powered","values":["true","false"]},{"name":"waterlogged","values":["true","false"]}]
366	minecraft:spruce_trapdoor	8848	64	8863	[{"name":"facing","values":["north","south","west","east"]},{"name":"half","values":["top","bottom"]},{"name":"open","values":["true","false"]},{"name":"powered","values":["true","false"]},{"name":"waterlogged","values":["true","false"]}]
367	minecraft:birch_trapdoor	8912	64	8927	[{"name":"facing","values":["north","south","west","east"]},{"name":"half","values":["top","bottom"]},{"name":"open","values":["true","false"]},{"name":"powered","values":["true","false"]},{"name":"waterlogged","values":["true","false"]}]
368	minecraft:jungle_trapdoor	8976	64	8991	[{"name":"facing","values":["north","south","west","east"]},{"name":"half","values":["top","bottom"]},{"name":"open","values":["true","false"]},{"name":"powered","values":["true","false"]},{"name":"waterlogged","values":["true","false"]}]
369	minecraft:acacia_trapdoor	9040	64	9055	[{"name":"facing","values":["north","south","west","east"]},{"name":"half","values":["top","bottom"]},{"name":"open","values":["true","false"]},{"name":"powered","values":["true","false"]},{"name":"waterlogged","values":["true","false"]}]
370	minecraft:cherry_trapdoor	9104	64	9119	[{"name":"facing","values":["north","south","west","east"]},{"name":"half","values":["top","bottom"]},{"name":"open","values":["true","false"]},{"name":"powered","values":["true","false"]},{"name":"waterlogged","values":["true","false"]}]
371	minecraft:dark_oak_trapdoor	9168	64	9183	[{"name":"facing","values":["north","south","west","east"]},{"name":"half","values":["top","bottom"]},{"name":"open","values":["true","false"]},{"name":"powered","values":["true","false"]},{"name":"waterlogged","values":["true","false"]}]
372	minecraft:pale_oak_trapdoor	9232	64	9247	[{"name":"facing","values":["north","south","west","east"]},{"name":"half","values":["top","bottom"]},{"name":"open","values":["true","false"]},{"name":"powered","values":["true","false"]},{"name":"waterlogged","values":["true","false"]}]
373	minecraft:mangrove_trapdoor	9296	64	9311	[{"name":"facing","values":["north","south","west","east"]},{"name":"half","values":["top","bottom"]},{"name":"open","values":["true","false"]},{"name":"powered","values":["true","false"]},{"name":"waterlogged","values":["true","false"]}]
374	minecraft:poplar_trapdoor	9360	64	9375	[{"name":"facing","values":["north","south","west","east"]},{"name":"half","values":["top","bottom"]},{"name":"open","values":["true","false"]},{"name":"powered","values":["true","false"]},{"name":"waterlogged","values":["true","false"]}]
375	minecraft:bamboo_trapdoor	9424	64	9439	[{"name":"facing","values":["north","south","west","east"]},{"name":"half","values":["top","bottom"]},{"name":"open","values":["true","false"]},{"name":"powered","values":["true","false"]},{"name":"waterlogged","values":["true","false"]}]
376	minecraft:stone_bricks	9488	1	9488	[]
377	minecraft:mossy_stone_bricks	9489	1	9489	[]
378	minecraft:cracked_stone_bricks	9490	1	9490	[]
379	minecraft:chiseled_stone_bricks	9491	1	9491	[]
380	minecraft:packed_mud	9492	1	9492	[]
381	minecraft:mud_bricks	9493	1	9493	[]
382	minecraft:infested_stone	9494	1	9494	[]
383	minecraft:infested_cobblestone	9495	1	9495	[]
384	minecraft:infested_stone_bricks	9496	1	9496	[]
385	minecraft:infested_mossy_stone_bricks	9497	1	9497	[]
386	minecraft:infested_cracked_stone_bricks	9498	1	9498	[]
387	minecraft:infested_chiseled_stone_bricks	9499	1	9499	[]
388	minecraft:brown_mushroom_block	9500	64	9500	[{"name":"down","values":["true","false"]},{"name":"east","values":["true","false"]},{"name":"north","values":["true","false"]},{"name":"south","values":["true","false"]},{"name":"up","values":["true","false"]},{"name":"west","values":["true","false"]}]
389	minecraft:red_mushroom_block	9564	64	9564	[{"name":"down","values":["true","false"]},{"name":"east","values":["true","false"]},{"name":"north","values":["true","false"]},{"name":"south","values":["true","false"]},{"name":"up","values":["true","false"]},{"name":"west","values":["true","false"]}]
390	minecraft:mushroom_stem	9628	64	9628	[{"name":"down","values":["true","false"]},{"name":"east","values":["true","false"]},{"name":"north","values":["true","false"]},{"name":"south","values":["true","false"]},{"name":"up","values":["true","false"]},{"name":"west","values":["true","false"]}]
391	minecraft:iron_bars	9692	32	9723	[{"name":"east","values":["true","false"]},{"name":"north","values":["true","false"]},{"name":"south","values":["true","false"]},{"name":"waterlogged","values":["true","false"]},{"name":"west","values":["true","false"]}]
392	minecraft:copper_bars	9724	32	9755	[{"name":"east","values":["true","false"]},{"name":"north","values":["true","false"]},{"name":"south","values":["true","false"]},{"name":"waterlogged","values":["true","false"]},{"name":"west","values":["true","false"]}]
393	minecraft:exposed_copper_bars	9756	32	9787	[{"name":"east","values":["true","false"]},{"name":"north","values":["true","false"]},{"name":"south","values":["true","false"]},{"name":"waterlogged","values":["true","false"]},{"name":"west","values":["true","false"]}]
394	minecraft:weathered_copper_bars	9788	32	9819	[{"name":"east","values":["true","false"]},{"name":"north","values":["true","false"]},{"name":"south","values":["true","false"]},{"name":"waterlogged","values":["true","false"]},{"name":"west","values":["true","false"]}]
395	minecraft:oxidized_copper_bars	9820	32	9851	[{"name":"east","values":["true","false"]},{"name":"north","values":["true","false"]},{"name":"south","values":["true","false"]},{"name":"waterlogged","values":["true","false"]},{"name":"west","values":["true","false"]}]
396	minecraft:waxed_copper_bars	9852	32	9883	[{"name":"east","values":["true","false"]},{"name":"north","values":["true","false"]},{"name":"south","values":["true","false"]},{"name":"waterlogged","values":["true","false"]},{"name":"west","values":["true","false"]}]
397	minecraft:waxed_exposed_copper_bars	9884	32	9915	[{"name":"east","values":["true","false"]},{"name":"north","values":["true","false"]},{"name":"south","values":["true","false"]},{"name":"waterlogged","values":["true","false"]},{"name":"west","values":["true","false"]}]
398	minecraft:waxed_weathered_copper_bars	9916	32	9947	[{"name":"east","values":["true","false"]},{"name":"north","values":["true","false"]},{"name":"south","values":["true","false"]},{"name":"waterlogged","values":["true","false"]},{"name":"west","values":["true","false"]}]
399	minecraft:waxed_oxidized_copper_bars	9948	32	9979	[{"name":"east","values":["true","false"]},{"name":"north","values":["true","false"]},{"name":"south","values":["true","false"]},{"name":"waterlogged","values":["true","false"]},{"name":"west","values":["true","false"]}]
400	minecraft:iron_chain	9980	6	9983	[{"name":"axis","values":["x","y","z"]},{"name":"waterlogged","values":["true","false"]}]
401	minecraft:copper_chain	9986	6	9989	[{"name":"axis","values":["x","y","z"]},{"name":"waterlogged","values":["true","false"]}]
402	minecraft:exposed_copper_chain	9992	6	9995	[{"name":"axis","values":["x","y","z"]},{"name":"waterlogged","values":["true","false"]}]
403	minecraft:weathered_copper_chain	9998	6	10001	[{"name":"axis","values":["x","y","z"]},{"name":"waterlogged","values":["true","false"]}]
404	minecraft:oxidized_copper_chain	10004	6	10007	[{"name":"axis","values":["x","y","z"]},{"name":"waterlogged","values":["true","false"]}]
405	minecraft:waxed_copper_chain	10010	6	10013	[{"name":"axis","values":["x","y","z"]},{"name":"waterlogged","values":["true","false"]}]
406	minecraft:waxed_exposed_copper_chain	10016	6	10019	[{"name":"axis","values":["x","y","z"]},{"name":"waterlogged","values":["true","false"]}]
407	minecraft:waxed_weathered_copper_chain	10022	6	10025	[{"name":"axis","values":["x","y","z"]},{"name":"waterlogged","values":["true","false"]}]
408	minecraft:waxed_oxidized_copper_chain	10028	6	10031	[{"name":"axis","values":["x","y","z"]},{"name":"waterlogged","values":["true","false"]}]
409	minecraft:glass_pane	10034	32	10065	[{"name":"east","values":["true","false"]},{"name":"north","values":["true","false"]},{"name":"south","values":["true","false"]},{"name":"waterlogged","values":["true","false"]},{"name":"west","values":["true","false"]}]
410	minecraft:pumpkin	10066	1	10066	[]
411	minecraft:melon	10067	1	10067	[]
412	minecraft:attached_pumpkin_stem	10068	4	10068	[{"name":"facing","values":["north","south","west","east"]}]
413	minecraft:attached_melon_stem	10072	4	10072	[{"name":"facing","values":["north","south","west","east"]}]
414	minecraft:pumpkin_stem	10076	8	10076	[{"name":"age","values":["0","1","2","3","4","5","6","7"]}]
415	minecraft:melon_stem	10084	8	10084	[{"name":"age","values":["0","1","2","3","4","5","6","7"]}]
416	minecraft:vine	10092	32	10123	[{"name":"east","values":["true","false"]},{"name":"north","values":["true","false"]},{"name":"south","values":["true","false"]},{"name":"up","values":["true","false"]},{"name":"west","values":["true","false"]}]
417	minecraft:glow_lichen	10124	128	10251	[{"name":"down","values":["true","false"]},{"name":"east","values":["true","false"]},{"name":"north","values":["true","false"]},{"name":"south","values":["true","false"]},{"name":"up","values":["true","false"]},{"name":"waterlogged","values":["true","false"]},{"name":"west","values":["true","false"]}]
418	minecraft:resin_clump	10252	128	10379	[{"name":"down","values":["true","false"]},{"name":"east","values":["true","false"]},{"name":"north","values":["true","false"]},{"name":"south","values":["true","false"]},{"name":"up","values":["true","false"]},{"name":"waterlogged","values":["true","false"]},{"name":"west","values":["true","false"]}]
419	minecraft:oak_fence_gate	10380	32	10387	[{"name":"facing","values":["north","south","west","east"]},{"name":"in_wall","values":["true","false"]},{"name":"open","values":["true","false"]},{"name":"powered","values":["true","false"]}]
420	minecraft:brick_stairs	10412	80	10423	[{"name":"facing","values":["north","south","west","east"]},{"name":"half","values":["top","bottom"]},{"name":"shape","values":["straight","inner_left","inner_right","outer_left","outer_right"]},{"name":"waterlogged","values":["true","false"]}]
421	minecraft:stone_brick_stairs	10492	80	10503	[{"name":"facing","values":["north","south","west","east"]},{"name":"half","values":["top","bottom"]},{"name":"shape","values":["straight","inner_left","inner_right","outer_left","outer_right"]},{"name":"waterlogged","values":["true","false"]}]
422	minecraft:mud_brick_stairs	10572	80	10583	[{"name":"facing","values":["north","south","west","east"]},{"name":"half","values":["top","bottom"]},{"name":"shape","values":["straight","inner_left","inner_right","outer_left","outer_right"]},{"name":"waterlogged","values":["true","false"]}]
423	minecraft:mycelium	10652	2	10653	[{"name":"snowy","values":["true","false"]}]
424	minecraft:lily_pad	10654	1	10654	[]
425	minecraft:resin_block	10655	1	10655	[]
426	minecraft:resin_bricks	10656	1	10656	[]
427	minecraft:resin_brick_stairs	10657	80	10668	[{"name":"facing","values":["north","south","west","east"]},{"name":"half","values":["top","bottom"]},{"name":"shape","values":["straight","inner_left","inner_right","outer_left","outer_right"]},{"name":"waterlogged","values":["true","false"]}]
428	minecraft:resin_brick_slab	10737	6	10740	[{"name":"type","values":["top","bottom","double"]},{"name":"waterlogged","values":["true","false"]}]
429	minecraft:resin_brick_wall	10743	324	10746	[{"name":"east","values":["none","low","tall"]},{"name":"north","values":["none","low","tall"]},{"name":"south","values":["none","low","tall"]},{"name":"up","values":["true","false"]},{"name":"waterlogged","values":["true","false"]},{"name":"west","values":["none","low","tall"]}]
430	minecraft:chiseled_resin_bricks	11067	1	11067	[]
431	minecraft:nether_bricks	11068	1	11068	[]
432	minecraft:nether_brick_fence	11069	32	11100	[{"name":"east","values":["true","false"]},{"name":"north","values":["true","false"]},{"name":"south","values":["true","false"]},{"name":"waterlogged","values":["true","false"]},{"name":"west","values":["true","false"]}]
433	minecraft:nether_brick_stairs	11101	80	11112	[{"name":"facing","values":["north","south","west","east"]},{"name":"half","values":["top","bottom"]},{"name":"shape","values":["straight","inner_left","inner_right","outer_left","outer_right"]},{"name":"waterlogged","values":["true","false"]}]
434	minecraft:nether_wart	11181	4	11181	[{"name":"age","values":["0","1","2","3"]}]
435	minecraft:enchanting_table	11185	1	11185	[]
436	minecraft:brewing_stand	11186	8	11193	[{"name":"has_bottle_0","values":["true","false"]},{"name":"has_bottle_1","values":["true","false"]},{"name":"has_bottle_2","values":["true","false"]}]
437	minecraft:cauldron	11194	1	11194	[]
438	minecraft:water_cauldron	11195	3	11195	[{"name":"level","values":["1","2","3"]}]
439	minecraft:lava_cauldron	11198	1	11198	[]
440	minecraft:powder_snow_cauldron	11199	3	11199	[{"name":"level","values":["1","2","3"]}]
441	minecraft:end_portal	11202	1	11202	[]
442	minecraft:end_portal_frame	11203	8	11207	[{"name":"eye","values":["true","false"]},{"name":"facing","values":["north","south","west","east"]}]
443	minecraft:end_stone	11211	1	11211	[]
444	minecraft:dragon_egg	11212	1	11212	[]
445	minecraft:redstone_lamp	11213	2	11214	[{"name":"lit","values":["true","false"]}]
446	minecraft:cocoa	11215	12	11215	[{"name":"age","values":["0","1","2"]},{"name":"facing","values":["north","south","west","east"]}]
447	minecraft:shelf_mushroom	11227	8	11227	[{"name":"age","values":["0","1"]},{"name":"facing","values":["north","south","west","east"]}]
448	minecraft:sandstone_stairs	11235	80	11246	[{"name":"facing","values":["north","south","west","east"]},{"name":"half","values":["top","bottom"]},{"name":"shape","values":["straight","inner_left","inner_right","outer_left","outer_right"]},{"name":"waterlogged","values":["true","false"]}]
449	minecraft:emerald_ore	11315	1	11315	[]
450	minecraft:deepslate_emerald_ore	11316	1	11316	[]
451	minecraft:ender_chest	11317	8	11318	[{"name":"facing","values":["north","south","west","east"]},{"name":"waterlogged","values":["true","false"]}]
452	minecraft:tripwire_hook	11325	16	11334	[{"name":"attached","values":["true","false"]},{"name":"facing","values":["north","south","west","east"]},{"name":"powered","values":["true","false"]}]
453	minecraft:tripwire	11341	128	11468	[{"name":"attached","values":["true","false"]},{"name":"disarmed","values":["true","false"]},{"name":"east","values":["true","false"]},{"name":"north","values":["true","false"]},{"name":"powered","values":["true","false"]},{"name":"south","values":["true","false"]},{"name":"west","values":["true","false"]}]
454	minecraft:emerald_block	11469	1	11469	[]
455	minecraft:spruce_stairs	11470	80	11481	[{"name":"facing","values":["north","south","west","east"]},{"name":"half","values":["top","bottom"]},{"name":"shape","values":["straight","inner_left","inner_right","outer_left","outer_right"]},{"name":"waterlogged","values":["true","false"]}]
456	minecraft:birch_stairs	11550	80	11561	[{"name":"facing","values":["north","south","west","east"]},{"name":"half","values":["top","bottom"]},{"name":"shape","values":["straight","inner_left","inner_right","outer_left","outer_right"]},{"name":"waterlogged","values":["true","false"]}]
457	minecraft:jungle_stairs	11630	80	11641	[{"name":"facing","values":["north","south","west","east"]},{"name":"half","values":["top","bottom"]},{"name":"shape","values":["straight","inner_left","inner_right","outer_left","outer_right"]},{"name":"waterlogged","values":["true","false"]}]
458	minecraft:command_block	11710	12	11716	[{"name":"conditional","values":["true","false"]},{"name":"facing","values":["north","east","south","west","up","down"]}]
459	minecraft:beacon	11722	1	11722	[]
460	minecraft:cobblestone_wall	11723	324	11726	[{"name":"east","values":["none","low","tall"]},{"name":"north","values":["none","low","tall"]},{"name":"south","values":["none","low","tall"]},{"name":"up","values":["true","false"]},{"name":"waterlogged","values":["true","false"]},{"name":"west","values":["none","low","tall"]}]
461	minecraft:mossy_cobblestone_wall	12047	324	12050	[{"name":"east","values":["none","low","tall"]},{"name":"north","values":["none","low","tall"]},{"name":"south","values":["none","low","tall"]},{"name":"up","values":["true","false"]},{"name":"waterlogged","values":["true","false"]},{"name":"west","values":["none","low","tall"]}]
462	minecraft:flower_pot	12371	1	12371	[]
463	minecraft:potted_torchflower	12372	1	12372	[]
464	minecraft:potted_oak_sapling	12373	1	12373	[]
465	minecraft:potted_spruce_sapling	12374	1	12374	[]
466	minecraft:potted_birch_sapling	12375	1	12375	[]
467	minecraft:potted_jungle_sapling	12376	1	12376	[]
468	minecraft:potted_acacia_sapling	12377	1	12377	[]
469	minecraft:potted_cherry_sapling	12378	1	12378	[]
470	minecraft:potted_dark_oak_sapling	12379	1	12379	[]
471	minecraft:potted_pale_oak_sapling	12380	1	12380	[]
472	minecraft:potted_poplar_sapling	12381	1	12381	[]
473	minecraft:potted_mangrove_propagule	12382	1	12382	[]
474	minecraft:potted_fern	12383	1	12383	[]
475	minecraft:potted_dandelion	12384	1	12384	[]
476	minecraft:potted_golden_dandelion	12385	1	12385	[]
477	minecraft:potted_poppy	12386	1	12386	[]
478	minecraft:potted_blue_orchid	12387	1	12387	[]
479	minecraft:potted_allium	12388	1	12388	[]
480	minecraft:potted_azure_bluet	12389	1	12389	[]
481	minecraft:potted_red_tulip	12390	1	12390	[]
482	minecraft:potted_orange_tulip	12391	1	12391	[]
483	minecraft:potted_white_tulip	12392	1	12392	[]
484	minecraft:potted_pink_tulip	12393	1	12393	[]
485	minecraft:potted_oxeye_daisy	12394	1	12394	[]
486	minecraft:potted_cornflower	12395	1	12395	[]
487	minecraft:potted_lily_of_the_valley	12396	1	12396	[]
488	minecraft:potted_wither_rose	12397	1	12397	[]
489	minecraft:potted_red_mushroom	12398	1	12398	[]
490	minecraft:potted_brown_mushroom	12399	1	12399	[]
491	minecraft:potted_dead_bush	12400	1	12400	[]
492	minecraft:potted_cactus	12401	1	12401	[]
493	minecraft:carrots	12402	8	12402	[{"name":"age","values":["0","1","2","3","4","5","6","7"]}]
494	minecraft:potatoes	12410	8	12410	[{"name":"age","values":["0","1","2","3","4","5","6","7"]}]
495	minecraft:oak_button	12418	24	12427	[{"name":"face","values":["floor","wall","ceiling"]},{"name":"facing","values":["north","south","west","east"]},{"name":"powered","values":["true","false"]}]
496	minecraft:spruce_button	12442	24	12451	[{"name":"face","values":["floor","wall","ceiling"]},{"name":"facing","values":["north","south","west","east"]},{"name":"powered","values":["true","false"]}]
497	minecraft:birch_button	12466	24	12475	[{"name":"face","values":["floor","wall","ceiling"]},{"name":"facing","values":["north","south","west","east"]},{"name":"powered","values":["true","false"]}]
498	minecraft:jungle_button	12490	24	12499	[{"name":"face","values":["floor","wall","ceiling"]},{"name":"facing","values":["north","south","west","east"]},{"name":"powered","values":["true","false"]}]
499	minecraft:acacia_button	12514	24	12523	[{"name":"face","values":["floor","wall","ceiling"]},{"name":"facing","values":["north","south","west","east"]},{"name":"powered","values":["true","false"]}]
500	minecraft:cherry_button	12538	24	12547	[{"name":"face","values":["floor","wall","ceiling"]},{"name":"facing","values":["north","south","west","east"]},{"name":"powered","values":["true","false"]}]
501	minecraft:dark_oak_button	12562	24	12571	[{"name":"face","values":["floor","wall","ceiling"]},{"name":"facing","values":["north","south","west","east"]},{"name":"powered","values":["true","false"]}]
502	minecraft:pale_oak_button	12586	24	12595	[{"name":"face","values":["floor","wall","ceiling"]},{"name":"facing","values":["north","south","west","east"]},{"name":"powered","values":["true","false"]}]
503	minecraft:mangrove_button	12610	24	12619	[{"name":"face","values":["floor","wall","ceiling"]},{"name":"facing","values":["north","south","west","east"]},{"name":"powered","values":["true","false"]}]
504	minecraft:poplar_button	12634	24	12643	[{"name":"face","values":["floor","wall","ceiling"]},{"name":"facing","values":["north","south","west","east"]},{"name":"powered","values":["true","false"]}]
505	minecraft:bamboo_button	12658	24	12667	[{"name":"face","values":["floor","wall","ceiling"]},{"name":"facing","values":["north","south","west","east"]},{"name":"powered","values":["true","false"]}]
506	minecraft:skeleton_skull	12682	32	12698	[{"name":"powered","values":["true","false"]},{"name":"rotation","values":["0","1","2","3","4","5","6","7","8","9","10","11","12","13","14","15"]}]
507	minecraft:skeleton_wall_skull	12714	8	12715	[{"name":"facing","values":["north","south","west","east"]},{"name":"powered","values":["true","false"]}]
508	minecraft:wither_skeleton_skull	12722	32	12738	[{"name":"powered","values":["true","false"]},{"name":"rotation","values":["0","1","2","3","4","5","6","7","8","9","10","11","12","13","14","15"]}]
509	minecraft:wither_skeleton_wall_skull	12754	8	12755	[{"name":"facing","values":["north","south","west","east"]},{"name":"powered","values":["true","false"]}]
510	minecraft:zombie_head	12762	32	12778	[{"name":"powered","values":["true","false"]},{"name":"rotation","values":["0","1","2","3","4","5","6","7","8","9","10","11","12","13","14","15"]}]
511	minecraft:zombie_wall_head	12794	8	12795	[{"name":"facing","values":["north","south","west","east"]},{"name":"powered","values":["true","false"]}]
512	minecraft:player_head	12802	32	12818	[{"name":"powered","values":["true","false"]},{"name":"rotation","values":["0","1","2","3","4","5","6","7","8","9","10","11","12","13","14","15"]}]
513	minecraft:player_wall_head	12834	8	12835	[{"name":"facing","values":["north","south","west","east"]},{"name":"powered","values":["true","false"]}]
514	minecraft:creeper_head	12842	32	12858	[{"name":"powered","values":["true","false"]},{"name":"rotation","values":["0","1","2","3","4","5","6","7","8","9","10","11","12","13","14","15"]}]
515	minecraft:creeper_wall_head	12874	8	12875	[{"name":"facing","values":["north","south","west","east"]},{"name":"powered","values":["true","false"]}]
516	minecraft:dragon_head	12882	32	12898	[{"name":"powered","values":["true","false"]},{"name":"rotation","values":["0","1","2","3","4","5","6","7","8","9","10","11","12","13","14","15"]}]
517	minecraft:dragon_wall_head	12914	8	12915	[{"name":"facing","values":["north","south","west","east"]},{"name":"powered","values":["true","false"]}]
518	minecraft:piglin_head	12922	32	12938	[{"name":"powered","values":["true","false"]},{"name":"rotation","values":["0","1","2","3","4","5","6","7","8","9","10","11","12","13","14","15"]}]
519	minecraft:piglin_wall_head	12954	8	12955	[{"name":"facing","values":["north","south","west","east"]},{"name":"powered","values":["true","false"]}]
520	minecraft:anvil	12962	4	12962	[{"name":"facing","values":["north","south","west","east"]}]
521	minecraft:chipped_anvil	12966	4	12966	[{"name":"facing","values":["north","south","west","east"]}]
522	minecraft:damaged_anvil	12970	4	12970	[{"name":"facing","values":["north","south","west","east"]}]
523	minecraft:trapped_chest	12974	24	12975	[{"name":"facing","values":["north","south","west","east"]},{"name":"type","values":["single","left","right"]},{"name":"waterlogged","values":["true","false"]}]
524	minecraft:light_weighted_pressure_plate	12998	16	12998	[{"name":"power","values":["0","1","2","3","4","5","6","7","8","9","10","11","12","13","14","15"]}]
525	minecraft:heavy_weighted_pressure_plate	13014	16	13014	[{"name":"power","values":["0","1","2","3","4","5","6","7","8","9","10","11","12","13","14","15"]}]
526	minecraft:comparator	13030	16	13031	[{"name":"facing","values":["north","south","west","east"]},{"name":"mode","values":["compare","subtract"]},{"name":"powered","values":["true","false"]}]
527	minecraft:daylight_detector	13046	32	13062	[{"name":"inverted","values":["true","false"]},{"name":"power","values":["0","1","2","3","4","5","6","7","8","9","10","11","12","13","14","15"]}]
528	minecraft:redstone_block	13078	1	13078	[]
529	minecraft:nether_quartz_ore	13079	1	13079	[]
530	minecraft:hopper	13080	10	13080	[{"name":"enabled","values":["true","false"]},{"name":"facing","values":["down","north","south","west","east"]}]
531	minecraft:quartz_block	13090	1	13090	[]
532	minecraft:chiseled_quartz_block	13091	1	13091	[]
533	minecraft:quartz_pillar	13092	3	13093	[{"name":"axis","values":["x","y","z"]}]
534	minecraft:quartz_stairs	13095	80	13106	[{"name":"facing","values":["north","south","west","east"]},{"name":"half","values":["top","bottom"]},{"name":"shape","values":["straight","inner_left","inner_right","outer_left","outer_right"]},{"name":"waterlogged","values":["true","false"]}]
535	minecraft:activator_rail	13175	24	13188	[{"name":"powered","values":["true","false"]},{"name":"shape","values":["north_south","east_west","ascending_east","ascending_west","ascending_north","ascending_south"]},{"name":"waterlogged","values":["true","false"]}]
536	minecraft:dropper	13199	12	13200	[{"name":"facing","values":["north","east","south","west","up","down"]},{"name":"triggered","values":["true","false"]}]
537	minecraft:white_terracotta	13211	1	13211	[]
538	minecraft:orange_terracotta	13212	1	13212	[]
539	minecraft:magenta_terracotta	13213	1	13213	[]
540	minecraft:light_blue_terracotta	13214	1	13214	[]
541	minecraft:yellow_terracotta	13215	1	13215	[]
542	minecraft:lime_terracotta	13216	1	13216	[]
543	minecraft:pink_terracotta	13217	1	13217	[]
544	minecraft:gray_terracotta	13218	1	13218	[]
545	minecraft:light_gray_terracotta	13219	1	13219	[]
546	minecraft:cyan_terracotta	13220	1	13220	[]
547	minecraft:purple_terracotta	13221	1	13221	[]
548	minecraft:blue_terracotta	13222	1	13222	[]
549	minecraft:brown_terracotta	13223	1	13223	[]
550	minecraft:green_terracotta	13224	1	13224	[]
551	minecraft:red_terracotta	13225	1	13225	[]
552	minecraft:black_terracotta	13226	1	13226	[]
553	minecraft:white_stained_glass_pane	13227	32	13258	[{"name":"east","values":["true","false"]},{"name":"north","values":["true","false"]},{"name":"south","values":["true","false"]},{"name":"waterlogged","values":["true","false"]},{"name":"west","values":["true","false"]}]
554	minecraft:orange_stained_glass_pane	13259	32	13290	[{"name":"east","values":["true","false"]},{"name":"north","values":["true","false"]},{"name":"south","values":["true","false"]},{"name":"waterlogged","values":["true","false"]},{"name":"west","values":["true","false"]}]
555	minecraft:magenta_stained_glass_pane	13291	32	13322	[{"name":"east","values":["true","false"]},{"name":"north","values":["true","false"]},{"name":"south","values":["true","false"]},{"name":"waterlogged","values":["true","false"]},{"name":"west","values":["true","false"]}]
556	minecraft:light_blue_stained_glass_pane	13323	32	13354	[{"name":"east","values":["true","false"]},{"name":"north","values":["true","false"]},{"name":"south","values":["true","false"]},{"name":"waterlogged","values":["true","false"]},{"name":"west","values":["true","false"]}]
557	minecraft:yellow_stained_glass_pane	13355	32	13386	[{"name":"east","values":["true","false"]},{"name":"north","values":["true","false"]},{"name":"south","values":["true","false"]},{"name":"waterlogged","values":["true","false"]},{"name":"west","values":["true","false"]}]
558	minecraft:lime_stained_glass_pane	13387	32	13418	[{"name":"east","values":["true","false"]},{"name":"north","values":["true","false"]},{"name":"south","values":["true","false"]},{"name":"waterlogged","values":["true","false"]},{"name":"west","values":["true","false"]}]
559	minecraft:pink_stained_glass_pane	13419	32	13450	[{"name":"east","values":["true","false"]},{"name":"north","values":["true","false"]},{"name":"south","values":["true","false"]},{"name":"waterlogged","values":["true","false"]},{"name":"west","values":["true","false"]}]
560	minecraft:gray_stained_glass_pane	13451	32	13482	[{"name":"east","values":["true","false"]},{"name":"north","values":["true","false"]},{"name":"south","values":["true","false"]},{"name":"waterlogged","values":["true","false"]},{"name":"west","values":["true","false"]}]
561	minecraft:light_gray_stained_glass_pane	13483	32	13514	[{"name":"east","values":["true","false"]},{"name":"north","values":["true","false"]},{"name":"south","values":["true","false"]},{"name":"waterlogged","values":["true","false"]},{"name":"west","values":["true","false"]}]
562	minecraft:cyan_stained_glass_pane	13515	32	13546	[{"name":"east","values":["true","false"]},{"name":"north","values":["true","false"]},{"name":"south","values":["true","false"]},{"name":"waterlogged","values":["true","false"]},{"name":"west","values":["true","false"]}]
563	minecraft:purple_stained_glass_pane	13547	32	13578	[{"name":"east","values":["true","false"]},{"name":"north","values":["true","false"]},{"name":"south","values":["true","false"]},{"name":"waterlogged","values":["true","false"]},{"name":"west","values":["true","false"]}]
564	minecraft:blue_stained_glass_pane	13579	32	13610	[{"name":"east","values":["true","false"]},{"name":"north","values":["true","false"]},{"name":"south","values":["true","false"]},{"name":"waterlogged","values":["true","false"]},{"name":"west","values":["true","false"]}]
565	minecraft:brown_stained_glass_pane	13611	32	13642	[{"name":"east","values":["true","false"]},{"name":"north","values":["true","false"]},{"name":"south","values":["true","false"]},{"name":"waterlogged","values":["true","false"]},{"name":"west","values":["true","false"]}]
566	minecraft:green_stained_glass_pane	13643	32	13674	[{"name":"east","values":["true","false"]},{"name":"north","values":["true","false"]},{"name":"south","values":["true","false"]},{"name":"waterlogged","values":["true","false"]},{"name":"west","values":["true","false"]}]
567	minecraft:red_stained_glass_pane	13675	32	13706	[{"name":"east","values":["true","false"]},{"name":"north","values":["true","false"]},{"name":"south","values":["true","false"]},{"name":"waterlogged","values":["true","false"]},{"name":"west","values":["true","false"]}]
568	minecraft:black_stained_glass_pane	13707	32	13738	[{"name":"east","values":["true","false"]},{"name":"north","values":["true","false"]},{"name":"south","values":["true","false"]},{"name":"waterlogged","values":["true","false"]},{"name":"west","values":["true","false"]}]
569	minecraft:acacia_stairs	13739	80	13750	[{"name":"facing","values":["north","south","west","east"]},{"name":"half","values":["top","bottom"]},{"name":"shape","values":["straight","inner_left","inner_right","outer_left","outer_right"]},{"name":"waterlogged","values":["true","false"]}]
570	minecraft:cherry_stairs	13819	80	13830	[{"name":"facing","values":["north","south","west","east"]},{"name":"half","values":["top","bottom"]},{"name":"shape","values":["straight","inner_left","inner_right","outer_left","outer_right"]},{"name":"waterlogged","values":["true","false"]}]
571	minecraft:dark_oak_stairs	13899	80	13910	[{"name":"facing","values":["north","south","west","east"]},{"name":"half","values":["top","bottom"]},{"name":"shape","values":["straight","inner_left","inner_right","outer_left","outer_right"]},{"name":"waterlogged","values":["true","false"]}]
572	minecraft:pale_oak_stairs	13979	80	13990	[{"name":"facing","values":["north","south","west","east"]},{"name":"half","values":["top","bottom"]},{"name":"shape","values":["straight","inner_left","inner_right","outer_left","outer_right"]},{"name":"waterlogged","values":["true","false"]}]
573	minecraft:mangrove_stairs	14059	80	14070	[{"name":"facing","values":["north","south","west","east"]},{"name":"half","values":["top","bottom"]},{"name":"shape","values":["straight","inner_left","inner_right","outer_left","outer_right"]},{"name":"waterlogged","values":["true","false"]}]
574	minecraft:poplar_stairs	14139	80	14150	[{"name":"facing","values":["north","south","west","east"]},{"name":"half","values":["top","bottom"]},{"name":"shape","values":["straight","inner_left","inner_right","outer_left","outer_right"]},{"name":"waterlogged","values":["true","false"]}]
575	minecraft:bamboo_stairs	14219	80	14230	[{"name":"facing","values":["north","south","west","east"]},{"name":"half","values":["top","bottom"]},{"name":"shape","values":["straight","inner_left","inner_right","outer_left","outer_right"]},{"name":"waterlogged","values":["true","false"]}]
576	minecraft:bamboo_mosaic_stairs	14299	80	14310	[{"name":"facing","values":["north","south","west","east"]},{"name":"half","values":["top","bottom"]},{"name":"shape","values":["straight","inner_left","inner_right","outer_left","outer_right"]},{"name":"waterlogged","values":["true","false"]}]
577	minecraft:slime_block	14379	1	14379	[]
578	minecraft:barrier	14380	2	14381	[{"name":"waterlogged","values":["true","false"]}]
579	minecraft:light	14382	32	14413	[{"name":"level","values":["0","1","2","3","4","5","6","7","8","9","10","11","12","13","14","15"]},{"name":"waterlogged","values":["true","false"]}]
580	minecraft:iron_trapdoor	14414	64	14429	[{"name":"facing","values":["north","south","west","east"]},{"name":"half","values":["top","bottom"]},{"name":"open","values":["true","false"]},{"name":"powered","values":["true","false"]},{"name":"waterlogged","values":["true","false"]}]
581	minecraft:prismarine	14478	1	14478	[]
582	minecraft:prismarine_bricks	14479	1	14479	[]
583	minecraft:dark_prismarine	14480	1	14480	[]
584	minecraft:prismarine_stairs	14481	80	14492	[{"name":"facing","values":["north","south","west","east"]},{"name":"half","values":["top","bottom"]},{"name":"shape","values":["straight","inner_left","inner_right","outer_left","outer_right"]},{"name":"waterlogged","values":["true","false"]}]
585	minecraft:prismarine_brick_stairs	14561	80	14572	[{"name":"facing","values":["north","south","west","east"]},{"name":"half","values":["top","bottom"]},{"name":"shape","values":["straight","inner_left","inner_right","outer_left","outer_right"]},{"name":"waterlogged","values":["true","false"]}]
586	minecraft:dark_prismarine_stairs	14641	80	14652	[{"name":"facing","values":["north","south","west","east"]},{"name":"half","values":["top","bottom"]},{"name":"shape","values":["straight","inner_left","inner_right","outer_left","outer_right"]},{"name":"waterlogged","values":["true","false"]}]
587	minecraft:prismarine_slab	14721	6	14724	[{"name":"type","values":["top","bottom","double"]},{"name":"waterlogged","values":["true","false"]}]
588	minecraft:prismarine_brick_slab	14727	6	14730	[{"name":"type","values":["top","bottom","double"]},{"name":"waterlogged","values":["true","false"]}]
589	minecraft:dark_prismarine_slab	14733	6	14736	[{"name":"type","values":["top","bottom","double"]},{"name":"waterlogged","values":["true","false"]}]
590	minecraft:sea_lantern	14739	1	14739	[]
591	minecraft:hay_block	14740	3	14741	[{"name":"axis","values":["x","y","z"]}]
592	minecraft:white_carpet	14743	1	14743	[]
593	minecraft:orange_carpet	14744	1	14744	[]
594	minecraft:magenta_carpet	14745	1	14745	[]
595	minecraft:light_blue_carpet	14746	1	14746	[]
596	minecraft:yellow_carpet	14747	1	14747	[]
597	minecraft:lime_carpet	14748	1	14748	[]
598	minecraft:pink_carpet	14749	1	14749	[]
599	minecraft:gray_carpet	14750	1	14750	[]
600	minecraft:light_gray_carpet	14751	1	14751	[]
601	minecraft:cyan_carpet	14752	1	14752	[]
602	minecraft:purple_carpet	14753	1	14753	[]
603	minecraft:blue_carpet	14754	1	14754	[]
604	minecraft:brown_carpet	14755	1	14755	[]
605	minecraft:green_carpet	14756	1	14756	[]
606	minecraft:red_carpet	14757	1	14757	[]
607	minecraft:black_carpet	14758	1	14758	[]
608	minecraft:terracotta	14759	1	14759	[]
609	minecraft:coal_block	14760	1	14760	[]
610	minecraft:packed_ice	14761	1	14761	[]
611	minecraft:sunflower	14762	2	14763	[{"name":"half","values":["upper","lower"]}]
612	minecraft:lilac	14764	2	14765	[{"name":"half","values":["upper","lower"]}]
613	minecraft:rose_bush	14766	2	14767	[{"name":"half","values":["upper","lower"]}]
614	minecraft:peony	14768	2	14769	[{"name":"half","values":["upper","lower"]}]
615	minecraft:tall_grass	14770	2	14771	[{"name":"half","values":["upper","lower"]}]
616	minecraft:large_fern	14772	2	14773	[{"name":"half","values":["upper","lower"]}]
617	minecraft:white_banner	14774	16	14782	[{"name":"rotation","values":["0","1","2","3","4","5","6","7","8","9","10","11","12","13","14","15"]}]
618	minecraft:orange_banner	14790	16	14798	[{"name":"rotation","values":["0","1","2","3","4","5","6","7","8","9","10","11","12","13","14","15"]}]
619	minecraft:magenta_banner	14806	16	14814	[{"name":"rotation","values":["0","1","2","3","4","5","6","7","8","9","10","11","12","13","14","15"]}]
620	minecraft:light_blue_banner	14822	16	14830	[{"name":"rotation","values":["0","1","2","3","4","5","6","7","8","9","10","11","12","13","14","15"]}]
621	minecraft:yellow_banner	14838	16	14846	[{"name":"rotation","values":["0","1","2","3","4","5","6","7","8","9","10","11","12","13","14","15"]}]
622	minecraft:lime_banner	14854	16	14862	[{"name":"rotation","values":["0","1","2","3","4","5","6","7","8","9","10","11","12","13","14","15"]}]
623	minecraft:pink_banner	14870	16	14878	[{"name":"rotation","values":["0","1","2","3","4","5","6","7","8","9","10","11","12","13","14","15"]}]
624	minecraft:gray_banner	14886	16	14894	[{"name":"rotation","values":["0","1","2","3","4","5","6","7","8","9","10","11","12","13","14","15"]}]
625	minecraft:light_gray_banner	14902	16	14910	[{"name":"rotation","values":["0","1","2","3","4","5","6","7","8","9","10","11","12","13","14","15"]}]
626	minecraft:cyan_banner	14918	16	14926	[{"name":"rotation","values":["0","1","2","3","4","5","6","7","8","9","10","11","12","13","14","15"]}]
627	minecraft:purple_banner	14934	16	14942	[{"name":"rotation","values":["0","1","2","3","4","5","6","7","8","9","10","11","12","13","14","15"]}]
628	minecraft:blue_banner	14950	16	14958	[{"name":"rotation","values":["0","1","2","3","4","5","6","7","8","9","10","11","12","13","14","15"]}]
629	minecraft:brown_banner	14966	16	14974	[{"name":"rotation","values":["0","1","2","3","4","5","6","7","8","9","10","11","12","13","14","15"]}]
630	minecraft:green_banner	14982	16	14990	[{"name":"rotation","values":["0","1","2","3","4","5","6","7","8","9","10","11","12","13","14","15"]}]
631	minecraft:red_banner	14998	16	15006	[{"name":"rotation","values":["0","1","2","3","4","5","6","7","8","9","10","11","12","13","14","15"]}]
632	minecraft:black_banner	15014	16	15022	[{"name":"rotation","values":["0","1","2","3","4","5","6","7","8","9","10","11","12","13","14","15"]}]
633	minecraft:white_wall_banner	15030	4	15030	[{"name":"facing","values":["north","south","west","east"]}]
634	minecraft:orange_wall_banner	15034	4	15034	[{"name":"facing","values":["north","south","west","east"]}]
635	minecraft:magenta_wall_banner	15038	4	15038	[{"name":"facing","values":["north","south","west","east"]}]
636	minecraft:light_blue_wall_banner	15042	4	15042	[{"name":"facing","values":["north","south","west","east"]}]
637	minecraft:yellow_wall_banner	15046	4	15046	[{"name":"facing","values":["north","south","west","east"]}]
638	minecraft:lime_wall_banner	15050	4	15050	[{"name":"facing","values":["north","south","west","east"]}]
639	minecraft:pink_wall_banner	15054	4	15054	[{"name":"facing","values":["north","south","west","east"]}]
640	minecraft:gray_wall_banner	15058	4	15058	[{"name":"facing","values":["north","south","west","east"]}]
641	minecraft:light_gray_wall_banner	15062	4	15062	[{"name":"facing","values":["north","south","west","east"]}]
642	minecraft:cyan_wall_banner	15066	4	15066	[{"name":"facing","values":["north","south","west","east"]}]
643	minecraft:purple_wall_banner	15070	4	15070	[{"name":"facing","values":["north","south","west","east"]}]
644	minecraft:blue_wall_banner	15074	4	15074	[{"name":"facing","values":["north","south","west","east"]}]
645	minecraft:brown_wall_banner	15078	4	15078	[{"name":"facing","values":["north","south","west","east"]}]
646	minecraft:green_wall_banner	15082	4	15082	[{"name":"facing","values":["north","south","west","east"]}]
647	minecraft:red_wall_banner	15086	4	15086	[{"name":"facing","values":["north","south","west","east"]}]
648	minecraft:black_wall_banner	15090	4	15090	[{"name":"facing","values":["north","south","west","east"]}]
649	minecraft:red_sandstone	15094	1	15094	[]
650	minecraft:chiseled_red_sandstone	15095	1	15095	[]
651	minecraft:cut_red_sandstone	15096	1	15096	[]
652	minecraft:red_sandstone_stairs	15097	80	15108	[{"name":"facing","values":["north","south","west","east"]},{"name":"half","values":["top","bottom"]},{"name":"shape","values":["straight","inner_left","inner_right","outer_left","outer_right"]},{"name":"waterlogged","values":["true","false"]}]
653	minecraft:oak_slab	15177	6	15180	[{"name":"type","values":["top","bottom","double"]},{"name":"waterlogged","values":["true","false"]}]
654	minecraft:spruce_slab	15183	6	15186	[{"name":"type","values":["top","bottom","double"]},{"name":"waterlogged","values":["true","false"]}]
655	minecraft:birch_slab	15189	6	15192	[{"name":"type","values":["top","bottom","double"]},{"name":"waterlogged","values":["true","false"]}]
656	minecraft:jungle_slab	15195	6	15198	[{"name":"type","values":["top","bottom","double"]},{"name":"waterlogged","values":["true","false"]}]
657	minecraft:acacia_slab	15201	6	15204	[{"name":"type","values":["top","bottom","double"]},{"name":"waterlogged","values":["true","false"]}]
658	minecraft:cherry_slab	15207	6	15210	[{"name":"type","values":["top","bottom","double"]},{"name":"waterlogged","values":["true","false"]}]
659	minecraft:dark_oak_slab	15213	6	15216	[{"name":"type","values":["top","bottom","double"]},{"name":"waterlogged","values":["true","false"]}]
660	minecraft:pale_oak_slab	15219	6	15222	[{"name":"type","values":["top","bottom","double"]},{"name":"waterlogged","values":["true","false"]}]
661	minecraft:mangrove_slab	15225	6	15228	[{"name":"type","values":["top","bottom","double"]},{"name":"waterlogged","values":["true","false"]}]
662	minecraft:poplar_slab	15231	6	15234	[{"name":"type","values":["top","bottom","double"]},{"name":"waterlogged","values":["true","false"]}]
663	minecraft:bamboo_slab	15237	6	15240	[{"name":"type","values":["top","bottom","double"]},{"name":"waterlogged","values":["true","false"]}]
664	minecraft:bamboo_mosaic_slab	15243	6	15246	[{"name":"type","values":["top","bottom","double"]},{"name":"waterlogged","values":["true","false"]}]
665	minecraft:stone_slab	15249	6	15252	[{"name":"type","values":["top","bottom","double"]},{"name":"waterlogged","values":["true","false"]}]
666	minecraft:sandstone_slab	15255	6	15258	[{"name":"type","values":["top","bottom","double"]},{"name":"waterlogged","values":["true","false"]}]
667	minecraft:cut_sandstone_slab	15261	6	15264	[{"name":"type","values":["top","bottom","double"]},{"name":"waterlogged","values":["true","false"]}]
668	minecraft:petrified_oak_slab	15267	6	15270	[{"name":"type","values":["top","bottom","double"]},{"name":"waterlogged","values":["true","false"]}]
669	minecraft:cobblestone_slab	15273	6	15276	[{"name":"type","values":["top","bottom","double"]},{"name":"waterlogged","values":["true","false"]}]
670	minecraft:brick_slab	15279	6	15282	[{"name":"type","values":["top","bottom","double"]},{"name":"waterlogged","values":["true","false"]}]
671	minecraft:stone_brick_slab	15285	6	15288	[{"name":"type","values":["top","bottom","double"]},{"name":"waterlogged","values":["true","false"]}]
672	minecraft:mud_brick_slab	15291	6	15294	[{"name":"type","values":["top","bottom","double"]},{"name":"waterlogged","values":["true","false"]}]
673	minecraft:nether_brick_slab	15297	6	15300	[{"name":"type","values":["top","bottom","double"]},{"name":"waterlogged","values":["true","false"]}]
674	minecraft:quartz_slab	15303	6	15306	[{"name":"type","values":["top","bottom","double"]},{"name":"waterlogged","values":["true","false"]}]
675	minecraft:red_sandstone_slab	15309	6	15312	[{"name":"type","values":["top","bottom","double"]},{"name":"waterlogged","values":["true","false"]}]
676	minecraft:cut_red_sandstone_slab	15315	6	15318	[{"name":"type","values":["top","bottom","double"]},{"name":"waterlogged","values":["true","false"]}]
677	minecraft:smooth_stone	15321	1	15321	[]
678	minecraft:smooth_stone_slab	15322	6	15325	[{"name":"type","values":["top","bottom","double"]},{"name":"waterlogged","values":["true","false"]}]
679	minecraft:smooth_sandstone	15328	1	15328	[]
680	minecraft:smooth_quartz	15329	1	15329	[]
681	minecraft:smooth_red_sandstone	15330	1	15330	[]
682	minecraft:spruce_fence_gate	15331	32	15338	[{"name":"facing","values":["north","south","west","east"]},{"name":"in_wall","values":["true","false"]},{"name":"open","values":["true","false"]},{"name":"powered","values":["true","false"]}]
683	minecraft:birch_fence_gate	15363	32	15370	[{"name":"facing","values":["north","south","west","east"]},{"name":"in_wall","values":["true","false"]},{"name":"open","values":["true","false"]},{"name":"powered","values":["true","false"]}]
684	minecraft:jungle_fence_gate	15395	32	15402	[{"name":"facing","values":["north","south","west","east"]},{"name":"in_wall","values":["true","false"]},{"name":"open","values":["true","false"]},{"name":"powered","values":["true","false"]}]
685	minecraft:acacia_fence_gate	15427	32	15434	[{"name":"facing","values":["north","south","west","east"]},{"name":"in_wall","values":["true","false"]},{"name":"open","values":["true","false"]},{"name":"powered","values":["true","false"]}]
686	minecraft:cherry_fence_gate	15459	32	15466	[{"name":"facing","values":["north","south","west","east"]},{"name":"in_wall","values":["true","false"]},{"name":"open","values":["true","false"]},{"name":"powered","values":["true","false"]}]
687	minecraft:dark_oak_fence_gate	15491	32	15498	[{"name":"facing","values":["north","south","west","east"]},{"name":"in_wall","values":["true","false"]},{"name":"open","values":["true","false"]},{"name":"powered","values":["true","false"]}]
688	minecraft:pale_oak_fence_gate	15523	32	15530	[{"name":"facing","values":["north","south","west","east"]},{"name":"in_wall","values":["true","false"]},{"name":"open","values":["true","false"]},{"name":"powered","values":["true","false"]}]
689	minecraft:mangrove_fence_gate	15555	32	15562	[{"name":"facing","values":["north","south","west","east"]},{"name":"in_wall","values":["true","false"]},{"name":"open","values":["true","false"]},{"name":"powered","values":["true","false"]}]
690	minecraft:poplar_fence_gate	15587	32	15594	[{"name":"facing","values":["north","south","west","east"]},{"name":"in_wall","values":["true","false"]},{"name":"open","values":["true","false"]},{"name":"powered","values":["true","false"]}]
691	minecraft:bamboo_fence_gate	15619	32	15626	[{"name":"facing","values":["north","south","west","east"]},{"name":"in_wall","values":["true","false"]},{"name":"open","values":["true","false"]},{"name":"powered","values":["true","false"]}]
692	minecraft:spruce_fence	15651	32	15682	[{"name":"east","values":["true","false"]},{"name":"north","values":["true","false"]},{"name":"south","values":["true","false"]},{"name":"waterlogged","values":["true","false"]},{"name":"west","values":["true","false"]}]
693	minecraft:birch_fence	15683	32	15714	[{"name":"east","values":["true","false"]},{"name":"north","values":["true","false"]},{"name":"south","values":["true","false"]},{"name":"waterlogged","values":["true","false"]},{"name":"west","values":["true","false"]}]
694	minecraft:jungle_fence	15715	32	15746	[{"name":"east","values":["true","false"]},{"name":"north","values":["true","false"]},{"name":"south","values":["true","false"]},{"name":"waterlogged","values":["true","false"]},{"name":"west","values":["true","false"]}]
695	minecraft:acacia_fence	15747	32	15778	[{"name":"east","values":["true","false"]},{"name":"north","values":["true","false"]},{"name":"south","values":["true","false"]},{"name":"waterlogged","values":["true","false"]},{"name":"west","values":["true","false"]}]
696	minecraft:cherry_fence	15779	32	15810	[{"name":"east","values":["true","false"]},{"name":"north","values":["true","false"]},{"name":"south","values":["true","false"]},{"name":"waterlogged","values":["true","false"]},{"name":"west","values":["true","false"]}]
697	minecraft:dark_oak_fence	15811	32	15842	[{"name":"east","values":["true","false"]},{"name":"north","values":["true","false"]},{"name":"south","values":["true","false"]},{"name":"waterlogged","values":["true","false"]},{"name":"west","values":["true","false"]}]
698	minecraft:pale_oak_fence	15843	32	15874	[{"name":"east","values":["true","false"]},{"name":"north","values":["true","false"]},{"name":"south","values":["true","false"]},{"name":"waterlogged","values":["true","false"]},{"name":"west","values":["true","false"]}]
699	minecraft:mangrove_fence	15875	32	15906	[{"name":"east","values":["true","false"]},{"name":"north","values":["true","false"]},{"name":"south","values":["true","false"]},{"name":"waterlogged","values":["true","false"]},{"name":"west","values":["true","false"]}]
700	minecraft:poplar_fence	15907	32	15938	[{"name":"east","values":["true","false"]},{"name":"north","values":["true","false"]},{"name":"south","values":["true","false"]},{"name":"waterlogged","values":["true","false"]},{"name":"west","values":["true","false"]}]
701	minecraft:bamboo_fence	15939	32	15970	[{"name":"east","values":["true","false"]},{"name":"north","values":["true","false"]},{"name":"south","values":["true","false"]},{"name":"waterlogged","values":["true","false"]},{"name":"west","values":["true","false"]}]
702	minecraft:spruce_door	15971	64	15982	[{"name":"facing","values":["north","south","west","east"]},{"name":"half","values":["upper","lower"]},{"name":"hinge","values":["left","right"]},{"name":"open","values":["true","false"]},{"name":"powered","values":["true","false"]}]
703	minecraft:birch_door	16035	64	16046	[{"name":"facing","values":["north","south","west","east"]},{"name":"half","values":["upper","lower"]},{"name":"hinge","values":["left","right"]},{"name":"open","values":["true","false"]},{"name":"powered","values":["true","false"]}]
704	minecraft:jungle_door	16099	64	16110	[{"name":"facing","values":["north","south","west","east"]},{"name":"half","values":["upper","lower"]},{"name":"hinge","values":["left","right"]},{"name":"open","values":["true","false"]},{"name":"powered","values":["true","false"]}]
705	minecraft:acacia_door	16163	64	16174	[{"name":"facing","values":["north","south","west","east"]},{"name":"half","values":["upper","lower"]},{"name":"hinge","values":["left","right"]},{"name":"open","values":["true","false"]},{"name":"powered","values":["true","false"]}]
706	minecraft:cherry_door	16227	64	16238	[{"name":"facing","values":["north","south","west","east"]},{"name":"half","values":["upper","lower"]},{"name":"hinge","values":["left","right"]},{"name":"open","values":["true","false"]},{"name":"powered","values":["true","false"]}]
707	minecraft:dark_oak_door	16291	64	16302	[{"name":"facing","values":["north","south","west","east"]},{"name":"half","values":["upper","lower"]},{"name":"hinge","values":["left","right"]},{"name":"open","values":["true","false"]},{"name":"powered","values":["true","false"]}]
708	minecraft:pale_oak_door	16355	64	16366	[{"name":"facing","values":["north","south","west","east"]},{"name":"half","values":["upper","lower"]},{"name":"hinge","values":["left","right"]},{"name":"open","values":["true","false"]},{"name":"powered","values":["true","false"]}]
709	minecraft:mangrove_door	16419	64	16430	[{"name":"facing","values":["north","south","west","east"]},{"name":"half","values":["upper","lower"]},{"name":"hinge","values":["left","right"]},{"name":"open","values":["true","false"]},{"name":"powered","values":["true","false"]}]
710	minecraft:poplar_door	16483	64	16494	[{"name":"facing","values":["north","south","west","east"]},{"name":"half","values":["upper","lower"]},{"name":"hinge","values":["left","right"]},{"name":"open","values":["true","false"]},{"name":"powered","values":["true","false"]}]
711	minecraft:bamboo_door	16547	64	16558	[{"name":"facing","values":["north","south","west","east"]},{"name":"half","values":["upper","lower"]},{"name":"hinge","values":["left","right"]},{"name":"open","values":["true","false"]},{"name":"powered","values":["true","false"]}]
712	minecraft:end_rod	16611	6	16615	[{"name":"facing","values":["north","east","south","west","up","down"]}]
713	minecraft:chorus_plant	16617	64	16680	[{"name":"down","values":["true","false"]},{"name":"east","values":["true","false"]},{"name":"north","values":["true","false"]},{"name":"south","values":["true","false"]},{"name":"up","values":["true","false"]},{"name":"west","values":["true","false"]}]
714	minecraft:chorus_flower	16681	6	16681	[{"name":"age","values":["0","1","2","3","4","5"]}]
715	minecraft:purpur_block	16687	1	16687	[]
716	minecraft:purpur_slab	16688	6	16691	[{"name":"type","values":["top","bottom","double"]},{"name":"waterlogged","values":["true","false"]}]
717	minecraft:purpur_pillar	16694	3	16695	[{"name":"axis","values":["x","y","z"]}]
718	minecraft:purpur_stairs	16697	80	16708	[{"name":"facing","values":["north","south","west","east"]},{"name":"half","values":["top","bottom"]},{"name":"shape","values":["straight","inner_left","inner_right","outer_left","outer_right"]},{"name":"waterlogged","values":["true","false"]}]
719	minecraft:end_stone_bricks	16777	1	16777	[]
720	minecraft:torchflower_crop	16778	2	16778	[{"name":"age","values":["0","1"]}]
721	minecraft:pitcher_crop	16780	10	16781	[{"name":"age","values":["0","1","2","3","4"]},{"name":"half","values":["upper","lower"]}]
722	minecraft:pitcher_plant	16790	2	16791	[{"name":"half","values":["upper","lower"]}]
723	minecraft:beetroots	16792	4	16792	[{"name":"age","values":["0","1","2","3"]}]
724	minecraft:dirt_path	16796	1	16796	[]
725	minecraft:end_gateway	16797	1	16797	[]
726	minecraft:repeating_command_block	16798	12	16804	[{"name":"conditional","values":["true","false"]},{"name":"facing","values":["north","east","south","west","up","down"]}]
727	minecraft:chain_command_block	16810	12	16816	[{"name":"conditional","values":["true","false"]},{"name":"facing","values":["north","east","south","west","up","down"]}]
728	minecraft:frosted_ice	16822	4	16822	[{"name":"age","values":["0","1","2","3"]}]
729	minecraft:magma_block	16826	1	16826	[]
730	minecraft:nether_wart_block	16827	1	16827	[]
731	minecraft:red_nether_bricks	16828	1	16828	[]
732	minecraft:bone_block	16829	3	16830	[{"name":"axis","values":["x","y","z"]}]
733	minecraft:structure_void	16832	1	16832	[]
734	minecraft:observer	16833	12	16838	[{"name":"facing","values":["north","east","south","west","up","down"]},{"name":"powered","values":["true","false"]}]
735	minecraft:shulker_box	16845	6	16849	[{"name":"facing","values":["north","east","south","west","up","down"]}]
736	minecraft:white_shulker_box	16851	6	16855	[{"name":"facing","values":["north","east","south","west","up","down"]}]
737	minecraft:orange_shulker_box	16857	6	16861	[{"name":"facing","values":["north","east","south","west","up","down"]}]
738	minecraft:magenta_shulker_box	16863	6	16867	[{"name":"facing","values":["north","east","south","west","up","down"]}]
739	minecraft:light_blue_shulker_box	16869	6	16873	[{"name":"facing","values":["north","east","south","west","up","down"]}]
740	minecraft:yellow_shulker_box	16875	6	16879	[{"name":"facing","values":["north","east","south","west","up","down"]}]
741	minecraft:lime_shulker_box	16881	6	16885	[{"name":"facing","values":["north","east","south","west","up","down"]}]
742	minecraft:pink_shulker_box	16887	6	16891	[{"name":"facing","values":["north","east","south","west","up","down"]}]
743	minecraft:gray_shulker_box	16893	6	16897	[{"name":"facing","values":["north","east","south","west","up","down"]}]
744	minecraft:light_gray_shulker_box	16899	6	16903	[{"name":"facing","values":["north","east","south","west","up","down"]}]
745	minecraft:cyan_shulker_box	16905	6	16909	[{"name":"facing","values":["north","east","south","west","up","down"]}]
746	minecraft:purple_shulker_box	16911	6	16915	[{"name":"facing","values":["north","east","south","west","up","down"]}]
747	minecraft:blue_shulker_box	16917	6	16921	[{"name":"facing","values":["north","east","south","west","up","down"]}]
748	minecraft:brown_shulker_box	16923	6	16927	[{"name":"facing","values":["north","east","south","west","up","down"]}]
749	minecraft:green_shulker_box	16929	6	16933	[{"name":"facing","values":["north","east","south","west","up","down"]}]
750	minecraft:red_shulker_box	16935	6	16939	[{"name":"facing","values":["north","east","south","west","up","down"]}]
751	minecraft:black_shulker_box	16941	6	16945	[{"name":"facing","values":["north","east","south","west","up","down"]}]
752	minecraft:white_glazed_terracotta	16947	4	16947	[{"name":"facing","values":["north","south","west","east"]}]
753	minecraft:orange_glazed_terracotta	16951	4	16951	[{"name":"facing","values":["north","south","west","east"]}]
754	minecraft:magenta_glazed_terracotta	16955	4	16955	[{"name":"facing","values":["north","south","west","east"]}]
755	minecraft:light_blue_glazed_terracotta	16959	4	16959	[{"name":"facing","values":["north","south","west","east"]}]
756	minecraft:yellow_glazed_terracotta	16963	4	16963	[{"name":"facing","values":["north","south","west","east"]}]
757	minecraft:lime_glazed_terracotta	16967	4	16967	[{"name":"facing","values":["north","south","west","east"]}]
758	minecraft:pink_glazed_terracotta	16971	4	16971	[{"name":"facing","values":["north","south","west","east"]}]
759	minecraft:gray_glazed_terracotta	16975	4	16975	[{"name":"facing","values":["north","south","west","east"]}]
760	minecraft:light_gray_glazed_terracotta	16979	4	16979	[{"name":"facing","values":["north","south","west","east"]}]
761	minecraft:cyan_glazed_terracotta	16983	4	16983	[{"name":"facing","values":["north","south","west","east"]}]
762	minecraft:purple_glazed_terracotta	16987	4	16987	[{"name":"facing","values":["north","south","west","east"]}]
763	minecraft:blue_glazed_terracotta	16991	4	16991	[{"name":"facing","values":["north","south","west","east"]}]
764	minecraft:brown_glazed_terracotta	16995	4	16995	[{"name":"facing","values":["north","south","west","east"]}]
765	minecraft:green_glazed_terracotta	16999	4	16999	[{"name":"facing","values":["north","south","west","east"]}]
766	minecraft:red_glazed_terracotta	17003	4	17003	[{"name":"facing","values":["north","south","west","east"]}]
767	minecraft:black_glazed_terracotta	17007	4	17007	[{"name":"facing","values":["north","south","west","east"]}]
768	minecraft:white_concrete	17011	1	17011	[]
769	minecraft:orange_concrete	17012	1	17012	[]
770	minecraft:magenta_concrete	17013	1	17013	[]
771	minecraft:light_blue_concrete	17014	1	17014	[]
772	minecraft:yellow_concrete	17015	1	17015	[]
773	minecraft:lime_concrete	17016	1	17016	[]
774	minecraft:pink_concrete	17017	1	17017	[]
775	minecraft:gray_concrete	17018	1	17018	[]
776	minecraft:light_gray_concrete	17019	1	17019	[]
777	minecraft:cyan_concrete	17020	1	17020	[]
778	minecraft:purple_concrete	17021	1	17021	[]
779	minecraft:blue_concrete	17022	1	17022	[]
780	minecraft:brown_concrete	17023	1	17023	[]
781	minecraft:green_concrete	17024	1	17024	[]
782	minecraft:red_concrete	17025	1	17025	[]
783	minecraft:black_concrete	17026	1	17026	[]
784	minecraft:white_concrete_stairs	17027	80	17038	[{"name":"facing","values":["north","south","west","east"]},{"name":"half","values":["top","bottom"]},{"name":"shape","values":["straight","inner_left","inner_right","outer_left","outer_right"]},{"name":"waterlogged","values":["true","false"]}]
785	minecraft:orange_concrete_stairs	17107	80	17118	[{"name":"facing","values":["north","south","west","east"]},{"name":"half","values":["top","bottom"]},{"name":"shape","values":["straight","inner_left","inner_right","outer_left","outer_right"]},{"name":"waterlogged","values":["true","false"]}]
786	minecraft:magenta_concrete_stairs	17187	80	17198	[{"name":"facing","values":["north","south","west","east"]},{"name":"half","values":["top","bottom"]},{"name":"shape","values":["straight","inner_left","inner_right","outer_left","outer_right"]},{"name":"waterlogged","values":["true","false"]}]
787	minecraft:light_blue_concrete_stairs	17267	80	17278	[{"name":"facing","values":["north","south","west","east"]},{"name":"half","values":["top","bottom"]},{"name":"shape","values":["straight","inner_left","inner_right","outer_left","outer_right"]},{"name":"waterlogged","values":["true","false"]}]
788	minecraft:yellow_concrete_stairs	17347	80	17358	[{"name":"facing","values":["north","south","west","east"]},{"name":"half","values":["top","bottom"]},{"name":"shape","values":["straight","inner_left","inner_right","outer_left","outer_right"]},{"name":"waterlogged","values":["true","false"]}]
789	minecraft:lime_concrete_stairs	17427	80	17438	[{"name":"facing","values":["north","south","west","east"]},{"name":"half","values":["top","bottom"]},{"name":"shape","values":["straight","inner_left","inner_right","outer_left","outer_right"]},{"name":"waterlogged","values":["true","false"]}]
790	minecraft:pink_concrete_stairs	17507	80	17518	[{"name":"facing","values":["north","south","west","east"]},{"name":"half","values":["top","bottom"]},{"name":"shape","values":["straight","inner_left","inner_right","outer_left","outer_right"]},{"name":"waterlogged","values":["true","false"]}]
791	minecraft:gray_concrete_stairs	17587	80	17598	[{"name":"facing","values":["north","south","west","east"]},{"name":"half","values":["top","bottom"]},{"name":"shape","values":["straight","inner_left","inner_right","outer_left","outer_right"]},{"name":"waterlogged","values":["true","false"]}]
792	minecraft:light_gray_concrete_stairs	17667	80	17678	[{"name":"facing","values":["north","south","west","east"]},{"name":"half","values":["top","bottom"]},{"name":"shape","values":["straight","inner_left","inner_right","outer_left","outer_right"]},{"name":"waterlogged","values":["true","false"]}]
793	minecraft:cyan_concrete_stairs	17747	80	17758	[{"name":"facing","values":["north","south","west","east"]},{"name":"half","values":["top","bottom"]},{"name":"shape","values":["straight","inner_left","inner_right","outer_left","outer_right"]},{"name":"waterlogged","values":["true","false"]}]
794	minecraft:purple_concrete_stairs	17827	80	17838	[{"name":"facing","values":["north","south","west","east"]},{"name":"half","values":["top","bottom"]},{"name":"shape","values":["straight","inner_left","inner_right","outer_left","outer_right"]},{"name":"waterlogged","values":["true","false"]}]
795	minecraft:blue_concrete_stairs	17907	80	17918	[{"name":"facing","values":["north","south","west","east"]},{"name":"half","values":["top","bottom"]},{"name":"shape","values":["straight","inner_left","inner_right","outer_left","outer_right"]},{"name":"waterlogged","values":["true","false"]}]
796	minecraft:brown_concrete_stairs	17987	80	17998	[{"name":"facing","values":["north","south","west","east"]},{"name":"half","values":["top","bottom"]},{"name":"shape","values":["straight","inner_left","inner_right","outer_left","outer_right"]},{"name":"waterlogged","values":["true","false"]}]
797	minecraft:green_concrete_stairs	18067	80	18078	[{"name":"facing","values":["north","south","west","east"]},{"name":"half","values":["top","bottom"]},{"name":"shape","values":["straight","inner_left","inner_right","outer_left","outer_right"]},{"name":"waterlogged","values":["true","false"]}]
798	minecraft:red_concrete_stairs	18147	80	18158	[{"name":"facing","values":["north","south","west","east"]},{"name":"half","values":["top","bottom"]},{"name":"shape","values":["straight","inner_left","inner_right","outer_left","outer_right"]},{"name":"waterlogged","values":["true","false"]}]
799	minecraft:black_concrete_stairs	18227	80	18238	[{"name":"facing","values":["north","south","west","east"]},{"name":"half","values":["top","bottom"]},{"name":"shape","values":["straight","inner_left","inner_right","outer_left","outer_right"]},{"name":"waterlogged","values":["true","false"]}]
800	minecraft:white_concrete_slab	18307	6	18310	[{"name":"type","values":["top","bottom","double"]},{"name":"waterlogged","values":["true","false"]}]
801	minecraft:orange_concrete_slab	18313	6	18316	[{"name":"type","values":["top","bottom","double"]},{"name":"waterlogged","values":["true","false"]}]
802	minecraft:magenta_concrete_slab	18319	6	18322	[{"name":"type","values":["top","bottom","double"]},{"name":"waterlogged","values":["true","false"]}]
803	minecraft:light_blue_concrete_slab	18325	6	18328	[{"name":"type","values":["top","bottom","double"]},{"name":"waterlogged","values":["true","false"]}]
804	minecraft:yellow_concrete_slab	18331	6	18334	[{"name":"type","values":["top","bottom","double"]},{"name":"waterlogged","values":["true","false"]}]
805	minecraft:lime_concrete_slab	18337	6	18340	[{"name":"type","values":["top","bottom","double"]},{"name":"waterlogged","values":["true","false"]}]
806	minecraft:pink_concrete_slab	18343	6	18346	[{"name":"type","values":["top","bottom","double"]},{"name":"waterlogged","values":["true","false"]}]
807	minecraft:gray_concrete_slab	18349	6	18352	[{"name":"type","values":["top","bottom","double"]},{"name":"waterlogged","values":["true","false"]}]
808	minecraft:light_gray_concrete_slab	18355	6	18358	[{"name":"type","values":["top","bottom","double"]},{"name":"waterlogged","values":["true","false"]}]
809	minecraft:cyan_concrete_slab	18361	6	18364	[{"name":"type","values":["top","bottom","double"]},{"name":"waterlogged","values":["true","false"]}]
810	minecraft:purple_concrete_slab	18367	6	18370	[{"name":"type","values":["top","bottom","double"]},{"name":"waterlogged","values":["true","false"]}]
811	minecraft:blue_concrete_slab	18373	6	18376	[{"name":"type","values":["top","bottom","double"]},{"name":"waterlogged","values":["true","false"]}]
812	minecraft:brown_concrete_slab	18379	6	18382	[{"name":"type","values":["top","bottom","double"]},{"name":"waterlogged","values":["true","false"]}]
813	minecraft:green_concrete_slab	18385	6	18388	[{"name":"type","values":["top","bottom","double"]},{"name":"waterlogged","values":["true","false"]}]
814	minecraft:red_concrete_slab	18391	6	18394	[{"name":"type","values":["top","bottom","double"]},{"name":"waterlogged","values":["true","false"]}]
815	minecraft:black_concrete_slab	18397	6	18400	[{"name":"type","values":["top","bottom","double"]},{"name":"waterlogged","values":["true","false"]}]
816	minecraft:white_concrete_powder	18403	1	18403	[]
817	minecraft:orange_concrete_powder	18404	1	18404	[]
818	minecraft:magenta_concrete_powder	18405	1	18405	[]
819	minecraft:light_blue_concrete_powder	18406	1	18406	[]
820	minecraft:yellow_concrete_powder	18407	1	18407	[]
821	minecraft:lime_concrete_powder	18408	1	18408	[]
822	minecraft:pink_concrete_powder	18409	1	18409	[]
823	minecraft:gray_concrete_powder	18410	1	18410	[]
824	minecraft:light_gray_concrete_powder	18411	1	18411	[]
825	minecraft:cyan_concrete_powder	18412	1	18412	[]
826	minecraft:purple_concrete_powder	18413	1	18413	[]
827	minecraft:blue_concrete_powder	18414	1	18414	[]
828	minecraft:brown_concrete_powder	18415	1	18415	[]
829	minecraft:green_concrete_powder	18416	1	18416	[]
830	minecraft:red_concrete_powder	18417	1	18417	[]
831	minecraft:black_concrete_powder	18418	1	18418	[]
832	minecraft:kelp	18419	26	18419	[{"name":"age","values":["0","1","2","3","4","5","6","7","8","9","10","11","12","13","14","15","16","17","18","19","20","21","22","23","24","25"]}]
833	minecraft:kelp_plant	18445	1	18445	[]
834	minecraft:dried_kelp_block	18446	1	18446	[]
835	minecraft:turtle_egg	18447	12	18447	[{"name":"eggs","values":["1","2","3","4"]},{"name":"hatch","values":["0","1","2"]}]
836	minecraft:sniffer_egg	18459	3	18459	[{"name":"hatch","values":["0","1","2"]}]
837	minecraft:dried_ghast	18462	32	18463	[{"name":"facing","values":["north","south","west","east"]},{"name":"hydration","values":["0","1","2","3"]},{"name":"waterlogged","values":["true","false"]}]
838	minecraft:dead_tube_coral_block	18494	1	18494	[]
839	minecraft:dead_brain_coral_block	18495	1	18495	[]
840	minecraft:dead_bubble_coral_block	18496	1	18496	[]
841	minecraft:dead_fire_coral_block	18497	1	18497	[]
842	minecraft:dead_horn_coral_block	18498	1	18498	[]
843	minecraft:tube_coral_block	18499	1	18499	[]
844	minecraft:brain_coral_block	18500	1	18500	[]
845	minecraft:bubble_coral_block	18501	1	18501	[]
846	minecraft:fire_coral_block	18502	1	18502	[]
847	minecraft:horn_coral_block	18503	1	18503	[]
848	minecraft:dead_tube_coral	18504	2	18504	[{"name":"waterlogged","values":["true","false"]}]
849	minecraft:dead_brain_coral	18506	2	18506	[{"name":"waterlogged","values":["true","false"]}]
850	minecraft:dead_bubble_coral	18508	2	18508	[{"name":"waterlogged","values":["true","false"]}]
851	minecraft:dead_fire_coral	18510	2	18510	[{"name":"waterlogged","values":["true","false"]}]
852	minecraft:dead_horn_coral	18512	2	18512	[{"name":"waterlogged","values":["true","false"]}]
853	minecraft:tube_coral	18514	2	18514	[{"name":"waterlogged","values":["true","false"]}]
854	minecraft:brain_coral	18516	2	18516	[{"name":"waterlogged","values":["true","false"]}]
855	minecraft:bubble_coral	18518	2	18518	[{"name":"waterlogged","values":["true","false"]}]
856	minecraft:fire_coral	18520	2	18520	[{"name":"waterlogged","values":["true","false"]}]
857	minecraft:horn_coral	18522	2	18522	[{"name":"waterlogged","values":["true","false"]}]
858	minecraft:dead_tube_coral_fan	18524	2	18524	[{"name":"waterlogged","values":["true","false"]}]
859	minecraft:dead_brain_coral_fan	18526	2	18526	[{"name":"waterlogged","values":["true","false"]}]
860	minecraft:dead_bubble_coral_fan	18528	2	18528	[{"name":"waterlogged","values":["true","false"]}]
861	minecraft:dead_fire_coral_fan	18530	2	18530	[{"name":"waterlogged","values":["true","false"]}]
862	minecraft:dead_horn_coral_fan	18532	2	18532	[{"name":"waterlogged","values":["true","false"]}]
863	minecraft:tube_coral_fan	18534	2	18534	[{"name":"waterlogged","values":["true","false"]}]
864	minecraft:brain_coral_fan	18536	2	18536	[{"name":"waterlogged","values":["true","false"]}]
865	minecraft:bubble_coral_fan	18538	2	18538	[{"name":"waterlogged","values":["true","false"]}]
866	minecraft:fire_coral_fan	18540	2	18540	[{"name":"waterlogged","values":["true","false"]}]
867	minecraft:horn_coral_fan	18542	2	18542	[{"name":"waterlogged","values":["true","false"]}]
868	minecraft:dead_tube_coral_wall_fan	18544	8	18544	[{"name":"facing","values":["north","south","west","east"]},{"name":"waterlogged","values":["true","false"]}]
869	minecraft:dead_brain_coral_wall_fan	18552	8	18552	[{"name":"facing","values":["north","south","west","east"]},{"name":"waterlogged","values":["true","false"]}]
870	minecraft:dead_bubble_coral_wall_fan	18560	8	18560	[{"name":"facing","values":["north","south","west","east"]},{"name":"waterlogged","values":["true","false"]}]
871	minecraft:dead_fire_coral_wall_fan	18568	8	18568	[{"name":"facing","values":["north","south","west","east"]},{"name":"waterlogged","values":["true","false"]}]
872	minecraft:dead_horn_coral_wall_fan	18576	8	18576	[{"name":"facing","values":["north","south","west","east"]},{"name":"waterlogged","values":["true","false"]}]
873	minecraft:tube_coral_wall_fan	18584	8	18584	[{"name":"facing","values":["north","south","west","east"]},{"name":"waterlogged","values":["true","false"]}]
874	minecraft:brain_coral_wall_fan	18592	8	18592	[{"name":"facing","values":["north","south","west","east"]},{"name":"waterlogged","values":["true","false"]}]
875	minecraft:bubble_coral_wall_fan	18600	8	18600	[{"name":"facing","values":["north","south","west","east"]},{"name":"waterlogged","values":["true","false"]}]
876	minecraft:fire_coral_wall_fan	18608	8	18608	[{"name":"facing","values":["north","south","west","east"]},{"name":"waterlogged","values":["true","false"]}]
877	minecraft:horn_coral_wall_fan	18616	8	18616	[{"name":"facing","values":["north","south","west","east"]},{"name":"waterlogged","values":["true","false"]}]
878	minecraft:sea_pickle	18624	8	18624	[{"name":"pickles","values":["1","2","3","4"]},{"name":"waterlogged","values":["true","false"]}]
879	minecraft:blue_ice	18632	1	18632	[]
880	minecraft:conduit	18633	2	18633	[{"name":"waterlogged","values":["true","false"]}]
881	minecraft:bamboo_sapling	18635	1	18635	[]
882	minecraft:bamboo	18636	12	18636	[{"name":"age","values":["0","1"]},{"name":"leaves","values":["none","small","large"]},{"name":"stage","values":["0","1"]}]
883	minecraft:potted_bamboo	18648	1	18648	[]
884	minecraft:void_air	18649	1	18649	[]
885	minecraft:cave_air	18650	1	18650	[]
886	minecraft:bubble_column	18651	2	18651	[{"name":"drag","values":["true","false"]}]
887	minecraft:polished_granite_stairs	18653	80	18664	[{"name":"facing","values":["north","south","west","east"]},{"name":"half","values":["top","bottom"]},{"name":"shape","values":["straight","inner_left","inner_right","outer_left","outer_right"]},{"name":"waterlogged","values":["true","false"]}]
888	minecraft:smooth_red_sandstone_stairs	18733	80	18744	[{"name":"facing","values":["north","south","west","east"]},{"name":"half","values":["top","bottom"]},{"name":"shape","values":["straight","inner_left","inner_right","outer_left","outer_right"]},{"name":"waterlogged","values":["true","false"]}]
889	minecraft:mossy_stone_brick_stairs	18813	80	18824	[{"name":"facing","values":["north","south","west","east"]},{"name":"half","values":["top","bottom"]},{"name":"shape","values":["straight","inner_left","inner_right","outer_left","outer_right"]},{"name":"waterlogged","values":["true","false"]}]
890	minecraft:polished_diorite_stairs	18893	80	18904	[{"name":"facing","values":["north","south","west","east"]},{"name":"half","values":["top","bottom"]},{"name":"shape","values":["straight","inner_left","inner_right","outer_left","outer_right"]},{"name":"waterlogged","values":["true","false"]}]
891	minecraft:mossy_cobblestone_stairs	18973	80	18984	[{"name":"facing","values":["north","south","west","east"]},{"name":"half","values":["top","bottom"]},{"name":"shape","values":["straight","inner_left","inner_right","outer_left","outer_right"]},{"name":"waterlogged","values":["true","false"]}]
892	minecraft:end_stone_brick_stairs	19053	80	19064	[{"name":"facing","values":["north","south","west","east"]},{"name":"half","values":["top","bottom"]},{"name":"shape","values":["straight","inner_left","inner_right","outer_left","outer_right"]},{"name":"waterlogged","values":["true","false"]}]
893	minecraft:stone_stairs	19133	80	19144	[{"name":"facing","values":["north","south","west","east"]},{"name":"half","values":["top","bottom"]},{"name":"shape","values":["straight","inner_left","inner_right","outer_left","outer_right"]},{"name":"waterlogged","values":["true","false"]}]
894	minecraft:smooth_sandstone_stairs	19213	80	19224	[{"name":"facing","values":["north","south","west","east"]},{"name":"half","values":["top","bottom"]},{"name":"shape","values":["straight","inner_left","inner_right","outer_left","outer_right"]},{"name":"waterlogged","values":["true","false"]}]
895	minecraft:smooth_quartz_stairs	19293	80	19304	[{"name":"facing","values":["north","south","west","east"]},{"name":"half","values":["top","bottom"]},{"name":"shape","values":["straight","inner_left","inner_right","outer_left","outer_right"]},{"name":"waterlogged","values":["true","false"]}]
896	minecraft:granite_stairs	19373	80	19384	[{"name":"facing","values":["north","south","west","east"]},{"name":"half","values":["top","bottom"]},{"name":"shape","values":["straight","inner_left","inner_right","outer_left","outer_right"]},{"name":"waterlogged","values":["true","false"]}]
897	minecraft:andesite_stairs	19453	80	19464	[{"name":"facing","values":["north","south","west","east"]},{"name":"half","values":["top","bottom"]},{"name":"shape","values":["straight","inner_left","inner_right","outer_left","outer_right"]},{"name":"waterlogged","values":["true","false"]}]
898	minecraft:red_nether_brick_stairs	19533	80	19544	[{"name":"facing","values":["north","south","west","east"]},{"name":"half","values":["top","bottom"]},{"name":"shape","values":["straight","inner_left","inner_right","outer_left","outer_right"]},{"name":"waterlogged","values":["true","false"]}]
899	minecraft:polished_andesite_stairs	19613	80	19624	[{"name":"facing","values":["north","south","west","east"]},{"name":"half","values":["top","bottom"]},{"name":"shape","values":["straight","inner_left","inner_right","outer_left","outer_right"]},{"name":"waterlogged","values":["true","false"]}]
900	minecraft:diorite_stairs	19693	80	19704	[{"name":"facing","values":["north","south","west","east"]},{"name":"half","values":["top","bottom"]},{"name":"shape","values":["straight","inner_left","inner_right","outer_left","outer_right"]},{"name":"waterlogged","values":["true","false"]}]
901	minecraft:polished_granite_slab	19773	6	19776	[{"name":"type","values":["top","bottom","double"]},{"name":"waterlogged","values":["true","false"]}]
902	minecraft:smooth_red_sandstone_slab	19779	6	19782	[{"name":"type","values":["top","bottom","double"]},{"name":"waterlogged","values":["true","false"]}]
903	minecraft:mossy_stone_brick_slab	19785	6	19788	[{"name":"type","values":["top","bottom","double"]},{"name":"waterlogged","values":["true","false"]}]
904	minecraft:polished_diorite_slab	19791	6	19794	[{"name":"type","values":["top","bottom","double"]},{"name":"waterlogged","values":["true","false"]}]
905	minecraft:mossy_cobblestone_slab	19797	6	19800	[{"name":"type","values":["top","bottom","double"]},{"name":"waterlogged","values":["true","false"]}]
906	minecraft:end_stone_brick_slab	19803	6	19806	[{"name":"type","values":["top","bottom","double"]},{"name":"waterlogged","values":["true","false"]}]
907	minecraft:smooth_sandstone_slab	19809	6	19812	[{"name":"type","values":["top","bottom","double"]},{"name":"waterlogged","values":["true","false"]}]
908	minecraft:smooth_quartz_slab	19815	6	19818	[{"name":"type","values":["top","bottom","double"]},{"name":"waterlogged","values":["true","false"]}]
909	minecraft:granite_slab	19821	6	19824	[{"name":"type","values":["top","bottom","double"]},{"name":"waterlogged","values":["true","false"]}]
910	minecraft:andesite_slab	19827	6	19830	[{"name":"type","values":["top","bottom","double"]},{"name":"waterlogged","values":["true","false"]}]
911	minecraft:red_nether_brick_slab	19833	6	19836	[{"name":"type","values":["top","bottom","double"]},{"name":"waterlogged","values":["true","false"]}]
912	minecraft:polished_andesite_slab	19839	6	19842	[{"name":"type","values":["top","bottom","double"]},{"name":"waterlogged","values":["true","false"]}]
913	minecraft:diorite_slab	19845	6	19848	[{"name":"type","values":["top","bottom","double"]},{"name":"waterlogged","values":["true","false"]}]
914	minecraft:brick_wall	19851	324	19854	[{"name":"east","values":["none","low","tall"]},{"name":"north","values":["none","low","tall"]},{"name":"south","values":["none","low","tall"]},{"name":"up","values":["true","false"]},{"name":"waterlogged","values":["true","false"]},{"name":"west","values":["none","low","tall"]}]
915	minecraft:prismarine_wall	20175	324	20178	[{"name":"east","values":["none","low","tall"]},{"name":"north","values":["none","low","tall"]},{"name":"south","values":["none","low","tall"]},{"name":"up","values":["true","false"]},{"name":"waterlogged","values":["true","false"]},{"name":"west","values":["none","low","tall"]}]
916	minecraft:red_sandstone_wall	20499	324	20502	[{"name":"east","values":["none","low","tall"]},{"name":"north","values":["none","low","tall"]},{"name":"south","values":["none","low","tall"]},{"name":"up","values":["true","false"]},{"name":"waterlogged","values":["true","false"]},{"name":"west","values":["none","low","tall"]}]
917	minecraft:mossy_stone_brick_wall	20823	324	20826	[{"name":"east","values":["none","low","tall"]},{"name":"north","values":["none","low","tall"]},{"name":"south","values":["none","low","tall"]},{"name":"up","values":["true","false"]},{"name":"waterlogged","values":["true","false"]},{"name":"west","values":["none","low","tall"]}]
918	minecraft:granite_wall	21147	324	21150	[{"name":"east","values":["none","low","tall"]},{"name":"north","values":["none","low","tall"]},{"name":"south","values":["none","low","tall"]},{"name":"up","values":["true","false"]},{"name":"waterlogged","values":["true","false"]},{"name":"west","values":["none","low","tall"]}]
919	minecraft:stone_brick_wall	21471	324	21474	[{"name":"east","values":["none","low","tall"]},{"name":"north","values":["none","low","tall"]},{"name":"south","values":["none","low","tall"]},{"name":"up","values":["true","false"]},{"name":"waterlogged","values":["true","false"]},{"name":"west","values":["none","low","tall"]}]
920	minecraft:mud_brick_wall	21795	324	21798	[{"name":"east","values":["none","low","tall"]},{"name":"north","values":["none","low","tall"]},{"name":"south","values":["none","low","tall"]},{"name":"up","values":["true","false"]},{"name":"waterlogged","values":["true","false"]},{"name":"west","values":["none","low","tall"]}]
921	minecraft:nether_brick_wall	22119	324	22122	[{"name":"east","values":["none","low","tall"]},{"name":"north","values":["none","low","tall"]},{"name":"south","values":["none","low","tall"]},{"name":"up","values":["true","false"]},{"name":"waterlogged","values":["true","false"]},{"name":"west","values":["none","low","tall"]}]
922	minecraft:andesite_wall	22443	324	22446	[{"name":"east","values":["none","low","tall"]},{"name":"north","values":["none","low","tall"]},{"name":"south","values":["none","low","tall"]},{"name":"up","values":["true","false"]},{"name":"waterlogged","values":["true","false"]},{"name":"west","values":["none","low","tall"]}]
923	minecraft:red_nether_brick_wall	22767	324	22770	[{"name":"east","values":["none","low","tall"]},{"name":"north","values":["none","low","tall"]},{"name":"south","values":["none","low","tall"]},{"name":"up","values":["true","false"]},{"name":"waterlogged","values":["true","false"]},{"name":"west","values":["none","low","tall"]}]
924	minecraft:sandstone_wall	23091	324	23094	[{"name":"east","values":["none","low","tall"]},{"name":"north","values":["none","low","tall"]},{"name":"south","values":["none","low","tall"]},{"name":"up","values":["true","false"]},{"name":"waterlogged","values":["true","false"]},{"name":"west","values":["none","low","tall"]}]
925	minecraft:end_stone_brick_wall	23415	324	23418	[{"name":"east","values":["none","low","tall"]},{"name":"north","values":["none","low","tall"]},{"name":"south","values":["none","low","tall"]},{"name":"up","values":["true","false"]},{"name":"waterlogged","values":["true","false"]},{"name":"west","values":["none","low","tall"]}]
926	minecraft:diorite_wall	23739	324	23742	[{"name":"east","values":["none","low","tall"]},{"name":"north","values":["none","low","tall"]},{"name":"south","values":["none","low","tall"]},{"name":"up","values":["true","false"]},{"name":"waterlogged","values":["true","false"]},{"name":"west","values":["none","low","tall"]}]
927	minecraft:scaffolding	24063	32	24094	[{"name":"bottom","values":["true","false"]},{"name":"distance","values":["0","1","2","3","4","5","6","7"]},{"name":"waterlogged","values":["true","false"]}]
928	minecraft:loom	24095	4	24095	[{"name":"facing","values":["north","south","west","east"]}]
929	minecraft:barrel	24099	12	24100	[{"name":"facing","values":["north","east","south","west","up","down"]},{"name":"open","values":["true","false"]}]
930	minecraft:smoker	24111	8	24112	[{"name":"facing","values":["north","south","west","east"]},{"name":"lit","values":["true","false"]}]
931	minecraft:blast_furnace	24119	8	24120	[{"name":"facing","values":["north","south","west","east"]},{"name":"lit","values":["true","false"]}]
932	minecraft:cartography_table	24127	1	24127	[]
933	minecraft:fletching_table	24128	1	24128	[]
934	minecraft:grindstone	24129	12	24133	[{"name":"face","values":["floor","wall","ceiling"]},{"name":"facing","values":["north","south","west","east"]}]
935	minecraft:lectern	24141	16	24144	[{"name":"facing","values":["north","south","west","east"]},{"name":"has_book","values":["true","false"]},{"name":"powered","values":["true","false"]}]
936	minecraft:smithing_table	24157	1	24157	[]
937	minecraft:stonecutter	24158	4	24158	[{"name":"facing","values":["north","south","west","east"]}]
938	minecraft:bell	24162	32	24163	[{"name":"attachment","values":["floor","ceiling","single_wall","double_wall"]},{"name":"facing","values":["north","south","west","east"]},{"name":"powered","values":["true","false"]}]
939	minecraft:lantern	24194	4	24197	[{"name":"hanging","values":["true","false"]},{"name":"waterlogged","values":["true","false"]}]
940	minecraft:soul_lantern	24198	4	24201	[{"name":"hanging","values":["true","false"]},{"name":"waterlogged","values":["true","false"]}]
941	minecraft:copper_lantern	24202	4	24205	[{"name":"hanging","values":["true","false"]},{"name":"waterlogged","values":["true","false"]}]
942	minecraft:exposed_copper_lantern	24206	4	24209	[{"name":"hanging","values":["true","false"]},{"name":"waterlogged","values":["true","false"]}]
943	minecraft:weathered_copper_lantern	24210	4	24213	[{"name":"hanging","values":["true","false"]},{"name":"waterlogged","values":["true","false"]}]
944	minecraft:oxidized_copper_lantern	24214	4	24217	[{"name":"hanging","values":["true","false"]},{"name":"waterlogged","values":["true","false"]}]
945	minecraft:waxed_copper_lantern	24218	4	24221	[{"name":"hanging","values":["true","false"]},{"name":"waterlogged","values":["true","false"]}]
946	minecraft:waxed_exposed_copper_lantern	24222	4	24225	[{"name":"hanging","values":["true","false"]},{"name":"waterlogged","values":["true","false"]}]
947	minecraft:waxed_weathered_copper_lantern	24226	4	24229	[{"name":"hanging","values":["true","false"]},{"name":"waterlogged","values":["true","false"]}]
948	minecraft:waxed_oxidized_copper_lantern	24230	4	24233	[{"name":"hanging","values":["true","false"]},{"name":"waterlogged","values":["true","false"]}]
949	minecraft:campfire	24234	32	24237	[{"name":"facing","values":["north","south","west","east"]},{"name":"lit","values":["true","false"]},{"name":"signal_fire","values":["true","false"]},{"name":"waterlogged","values":["true","false"]}]
950	minecraft:soul_campfire	24266	32	24269	[{"name":"facing","values":["north","south","west","east"]},{"name":"lit","values":["true","false"]},{"name":"signal_fire","values":["true","false"]},{"name":"waterlogged","values":["true","false"]}]
951	minecraft:sweet_berry_bush	24298	4	24298	[{"name":"age","values":["0","1","2","3"]}]
952	minecraft:warped_stem	24302	3	24303	[{"name":"axis","values":["x","y","z"]}]
953	minecraft:stripped_warped_stem	24305	3	24306	[{"name":"axis","values":["x","y","z"]}]
954	minecraft:warped_hyphae	24308	3	24309	[{"name":"axis","values":["x","y","z"]}]
955	minecraft:stripped_warped_hyphae	24311	3	24312	[{"name":"axis","values":["x","y","z"]}]
956	minecraft:warped_nylium	24314	1	24314	[]
957	minecraft:warped_fungus	24315	1	24315	[]
958	minecraft:warped_wart_block	24316	1	24316	[]
959	minecraft:warped_roots	24317	1	24317	[]
960	minecraft:nether_sprouts	24318	1	24318	[]
961	minecraft:crimson_stem	24319	3	24320	[{"name":"axis","values":["x","y","z"]}]
962	minecraft:stripped_crimson_stem	24322	3	24323	[{"name":"axis","values":["x","y","z"]}]
963	minecraft:crimson_hyphae	24325	3	24326	[{"name":"axis","values":["x","y","z"]}]
964	minecraft:stripped_crimson_hyphae	24328	3	24329	[{"name":"axis","values":["x","y","z"]}]
965	minecraft:crimson_nylium	24331	1	24331	[]
966	minecraft:crimson_fungus	24332	1	24332	[]
967	minecraft:shroomlight	24333	1	24333	[]
968	minecraft:weeping_vines	24334	26	24334	[{"name":"age","values":["0","1","2","3","4","5","6","7","8","9","10","11","12","13","14","15","16","17","18","19","20","21","22","23","24","25"]}]
969	minecraft:weeping_vines_plant	24360	1	24360	[]
970	minecraft:twisting_vines	24361	26	24361	[{"name":"age","values":["0","1","2","3","4","5","6","7","8","9","10","11","12","13","14","15","16","17","18","19","20","21","22","23","24","25"]}]
971	minecraft:twisting_vines_plant	24387	1	24387	[]
972	minecraft:crimson_roots	24388	1	24388	[]
973	minecraft:crimson_planks	24389	1	24389	[]
974	minecraft:warped_planks	24390	1	24390	[]
975	minecraft:crimson_slab	24391	6	24394	[{"name":"type","values":["top","bottom","double"]},{"name":"waterlogged","values":["true","false"]}]
976	minecraft:warped_slab	24397	6	24400	[{"name":"type","values":["top","bottom","double"]},{"name":"waterlogged","values":["true","false"]}]
977	minecraft:crimson_pressure_plate	24403	2	24404	[{"name":"powered","values":["true","false"]}]
978	minecraft:warped_pressure_plate	24405	2	24406	[{"name":"powered","values":["true","false"]}]
979	minecraft:crimson_fence	24407	32	24438	[{"name":"east","values":["true","false"]},{"name":"north","values":["true","false"]},{"name":"south","values":["true","false"]},{"name":"waterlogged","values":["true","false"]},{"name":"west","values":["true","false"]}]
980	minecraft:warped_fence	24439	32	24470	[{"name":"east","values":["true","false"]},{"name":"north","values":["true","false"]},{"name":"south","values":["true","false"]},{"name":"waterlogged","values":["true","false"]},{"name":"west","values":["true","false"]}]
981	minecraft:crimson_trapdoor	24471	64	24486	[{"name":"facing","values":["north","south","west","east"]},{"name":"half","values":["top","bottom"]},{"name":"open","values":["true","false"]},{"name":"powered","values":["true","false"]},{"name":"waterlogged","values":["true","false"]}]
982	minecraft:warped_trapdoor	24535	64	24550	[{"name":"facing","values":["north","south","west","east"]},{"name":"half","values":["top","bottom"]},{"name":"open","values":["true","false"]},{"name":"powered","values":["true","false"]},{"name":"waterlogged","values":["true","false"]}]
983	minecraft:crimson_fence_gate	24599	32	24606	[{"name":"facing","values":["north","south","west","east"]},{"name":"in_wall","values":["true","false"]},{"name":"open","values":["true","false"]},{"name":"powered","values":["true","false"]}]
984	minecraft:warped_fence_gate	24631	32	24638	[{"name":"facing","values":["north","south","west","east"]},{"name":"in_wall","values":["true","false"]},{"name":"open","values":["true","false"]},{"name":"powered","values":["true","false"]}]
985	minecraft:crimson_stairs	24663	80	24674	[{"name":"facing","values":["north","south","west","east"]},{"name":"half","values":["top","bottom"]},{"name":"shape","values":["straight","inner_left","inner_right","outer_left","outer_right"]},{"name":"waterlogged","values":["true","false"]}]
986	minecraft:warped_stairs	24743	80	24754	[{"name":"facing","values":["north","south","west","east"]},{"name":"half","values":["top","bottom"]},{"name":"shape","values":["straight","inner_left","inner_right","outer_left","outer_right"]},{"name":"waterlogged","values":["true","false"]}]
987	minecraft:crimson_button	24823	24	24832	[{"name":"face","values":["floor","wall","ceiling"]},{"name":"facing","values":["north","south","west","east"]},{"name":"powered","values":["true","false"]}]
988	minecraft:warped_button	24847	24	24856	[{"name":"face","values":["floor","wall","ceiling"]},{"name":"facing","values":["north","south","west","east"]},{"name":"powered","values":["true","false"]}]
989	minecraft:crimson_door	24871	64	24882	[{"name":"facing","values":["north","south","west","east"]},{"name":"half","values":["upper","lower"]},{"name":"hinge","values":["left","right"]},{"name":"open","values":["true","false"]},{"name":"powered","values":["true","false"]}]
990	minecraft:warped_door	24935	64	24946	[{"name":"facing","values":["north","south","west","east"]},{"name":"half","values":["upper","lower"]},{"name":"hinge","values":["left","right"]},{"name":"open","values":["true","false"]},{"name":"powered","values":["true","false"]}]
991	minecraft:crimson_sign	24999	32	25016	[{"name":"rotation","values":["0","1","2","3","4","5","6","7","8","9","10","11","12","13","14","15"]},{"name":"waterlogged","values":["true","false"]}]
992	minecraft:warped_sign	25031	32	25048	[{"name":"rotation","values":["0","1","2","3","4","5","6","7","8","9","10","11","12","13","14","15"]},{"name":"waterlogged","values":["true","false"]}]
993	minecraft:crimson_wall_sign	25063	8	25064	[{"name":"facing","values":["north","south","west","east"]},{"name":"waterlogged","values":["true","false"]}]
994	minecraft:warped_wall_sign	25071	8	25072	[{"name":"facing","values":["north","south","west","east"]},{"name":"waterlogged","values":["true","false"]}]
995	minecraft:structure_block	25079	4	25080	[{"name":"mode","values":["save","load","corner","data"]}]
996	minecraft:jigsaw	25083	12	25093	[{"name":"orientation","values":["down_east","down_north","down_south","down_west","up_east","up_north","up_south","up_west","west_up","east_up","north_up","south_up"]}]
997	minecraft:test_block	25095	4	25095	[{"name":"mode","values":["start","log","fail","accept"]}]
998	minecraft:test_instance_block	25099	1	25099	[]
999	minecraft:composter	25100	9	25100	[{"name":"level","values":["0","1","2","3","4","5","6","7","8"]}]
1000	minecraft:target	25109	16	25109	[{"name":"power","values":["0","1","2","3","4","5","6","7","8","9","10","11","12","13","14","15"]}]
1001	minecraft:bee_nest	25125	24	25125	[{"name":"facing","values":["north","south","west","east"]},{"name":"honey_level","values":["0","1","2","3","4","5"]}]
1002	minecraft:beehive	25149	24	25149	[{"name":"facing","values":["north","south","west","east"]},{"name":"honey_level","values":["0","1","2","3","4","5"]}]
1003	minecraft:honey_block	25173	1	25173	[]
1004	minecraft:honeycomb_block	25174	1	25174	[]
1005	minecraft:netherite_block	25175	1	25175	[]
1006	minecraft:ancient_debris	25176	1	25176	[]
1007	minecraft:crying_obsidian	25177	1	25177	[]
1008	minecraft:respawn_anchor	25178	5	25178	[{"name":"charges","values":["0","1","2","3","4"]}]
1009	minecraft:potted_crimson_fungus	25183	1	25183	[]
1010	minecraft:potted_warped_fungus	25184	1	25184	[]
1011	minecraft:potted_crimson_roots	25185	1	25185	[]
1012	minecraft:potted_warped_roots	25186	1	25186	[]
1013	minecraft:lodestone	25187	1	25187	[]
1014	minecraft:blackstone	25188	1	25188	[]
1015	minecraft:blackstone_stairs	25189	80	25200	[{"name":"facing","values":["north","south","west","east"]},{"name":"half","values":["top","bottom"]},{"name":"shape","values":["straight","inner_left","inner_right","outer_left","outer_right"]},{"name":"waterlogged","values":["true","false"]}]
1016	minecraft:blackstone_wall	25269	324	25272	[{"name":"east","values":["none","low","tall"]},{"name":"north","values":["none","low","tall"]},{"name":"south","values":["none","low","tall"]},{"name":"up","values":["true","false"]},{"name":"waterlogged","values":["true","false"]},{"name":"west","values":["none","low","tall"]}]
1017	minecraft:blackstone_slab	25593	6	25596	[{"name":"type","values":["top","bottom","double"]},{"name":"waterlogged","values":["true","false"]}]
1018	minecraft:polished_blackstone	25599	1	25599	[]
1019	minecraft:polished_blackstone_bricks	25600	1	25600	[]
1020	minecraft:cracked_polished_blackstone_bricks	25601	1	25601	[]
1021	minecraft:chiseled_polished_blackstone	25602	1	25602	[]
1022	minecraft:polished_blackstone_brick_slab	25603	6	25606	[{"name":"type","values":["top","bottom","double"]},{"name":"waterlogged","values":["true","false"]}]
1023	minecraft:polished_blackstone_brick_stairs	25609	80	25620	[{"name":"facing","values":["north","south","west","east"]},{"name":"half","values":["top","bottom"]},{"name":"shape","values":["straight","inner_left","inner_right","outer_left","outer_right"]},{"name":"waterlogged","values":["true","false"]}]
1024	minecraft:polished_blackstone_brick_wall	25689	324	25692	[{"name":"east","values":["none","low","tall"]},{"name":"north","values":["none","low","tall"]},{"name":"south","values":["none","low","tall"]},{"name":"up","values":["true","false"]},{"name":"waterlogged","values":["true","false"]},{"name":"west","values":["none","low","tall"]}]
1025	minecraft:gilded_blackstone	26013	1	26013	[]
1026	minecraft:polished_blackstone_stairs	26014	80	26025	[{"name":"facing","values":["north","south","west","east"]},{"name":"half","values":["top","bottom"]},{"name":"shape","values":["straight","inner_left","inner_right","outer_left","outer_right"]},{"name":"waterlogged","values":["true","false"]}]
1027	minecraft:polished_blackstone_slab	26094	6	26097	[{"name":"type","values":["top","bottom","double"]},{"name":"waterlogged","values":["true","false"]}]
1028	minecraft:polished_blackstone_pressure_plate	26100	2	26101	[{"name":"powered","values":["true","false"]}]
1029	minecraft:polished_blackstone_button	26102	24	26111	[{"name":"face","values":["floor","wall","ceiling"]},{"name":"facing","values":["north","south","west","east"]},{"name":"powered","values":["true","false"]}]
1030	minecraft:polished_blackstone_wall	26126	324	26129	[{"name":"east","values":["none","low","tall"]},{"name":"north","values":["none","low","tall"]},{"name":"south","values":["none","low","tall"]},{"name":"up","values":["true","false"]},{"name":"waterlogged","values":["true","false"]},{"name":"west","values":["none","low","tall"]}]
1031	minecraft:chiseled_nether_bricks	26450	1	26450	[]
1032	minecraft:cracked_nether_bricks	26451	1	26451	[]
1033	minecraft:quartz_bricks	26452	1	26452	[]
1034	minecraft:candle	26453	16	26456	[{"name":"candles","values":["1","2","3","4"]},{"name":"lit","values":["true","false"]},{"name":"waterlogged","values":["true","false"]}]
1035	minecraft:white_candle	26469	16	26472	[{"name":"candles","values":["1","2","3","4"]},{"name":"lit","values":["true","false"]},{"name":"waterlogged","values":["true","false"]}]
1036	minecraft:orange_candle	26485	16	26488	[{"name":"candles","values":["1","2","3","4"]},{"name":"lit","values":["true","false"]},{"name":"waterlogged","values":["true","false"]}]
1037	minecraft:magenta_candle	26501	16	26504	[{"name":"candles","values":["1","2","3","4"]},{"name":"lit","values":["true","false"]},{"name":"waterlogged","values":["true","false"]}]
1038	minecraft:light_blue_candle	26517	16	26520	[{"name":"candles","values":["1","2","3","4"]},{"name":"lit","values":["true","false"]},{"name":"waterlogged","values":["true","false"]}]
1039	minecraft:yellow_candle	26533	16	26536	[{"name":"candles","values":["1","2","3","4"]},{"name":"lit","values":["true","false"]},{"name":"waterlogged","values":["true","false"]}]
1040	minecraft:lime_candle	26549	16	26552	[{"name":"candles","values":["1","2","3","4"]},{"name":"lit","values":["true","false"]},{"name":"waterlogged","values":["true","false"]}]
1041	minecraft:pink_candle	26565	16	26568	[{"name":"candles","values":["1","2","3","4"]},{"name":"lit","values":["true","false"]},{"name":"waterlogged","values":["true","false"]}]
1042	minecraft:gray_candle	26581	16	26584	[{"name":"candles","values":["1","2","3","4"]},{"name":"lit","values":["true","false"]},{"name":"waterlogged","values":["true","false"]}]
1043	minecraft:light_gray_candle	26597	16	26600	[{"name":"candles","values":["1","2","3","4"]},{"name":"lit","values":["true","false"]},{"name":"waterlogged","values":["true","false"]}]
1044	minecraft:cyan_candle	26613	16	26616	[{"name":"candles","values":["1","2","3","4"]},{"name":"lit","values":["true","false"]},{"name":"waterlogged","values":["true","false"]}]
1045	minecraft:purple_candle	26629	16	26632	[{"name":"candles","values":["1","2","3","4"]},{"name":"lit","values":["true","false"]},{"name":"waterlogged","values":["true","false"]}]
1046	minecraft:blue_candle	26645	16	26648	[{"name":"candles","values":["1","2","3","4"]},{"name":"lit","values":["true","false"]},{"name":"waterlogged","values":["true","false"]}]
1047	minecraft:brown_candle	26661	16	26664	[{"name":"candles","values":["1","2","3","4"]},{"name":"lit","values":["true","false"]},{"name":"waterlogged","values":["true","false"]}]
1048	minecraft:green_candle	26677	16	26680	[{"name":"candles","values":["1","2","3","4"]},{"name":"lit","values":["true","false"]},{"name":"waterlogged","values":["true","false"]}]
1049	minecraft:red_candle	26693	16	26696	[{"name":"candles","values":["1","2","3","4"]},{"name":"lit","values":["true","false"]},{"name":"waterlogged","values":["true","false"]}]
1050	minecraft:black_candle	26709	16	26712	[{"name":"candles","values":["1","2","3","4"]},{"name":"lit","values":["true","false"]},{"name":"waterlogged","values":["true","false"]}]
1051	minecraft:candle_cake	26725	2	26726	[{"name":"lit","values":["true","false"]}]
1052	minecraft:white_candle_cake	26727	2	26728	[{"name":"lit","values":["true","false"]}]
1053	minecraft:orange_candle_cake	26729	2	26730	[{"name":"lit","values":["true","false"]}]
1054	minecraft:magenta_candle_cake	26731	2	26732	[{"name":"lit","values":["true","false"]}]
1055	minecraft:light_blue_candle_cake	26733	2	26734	[{"name":"lit","values":["true","false"]}]
1056	minecraft:yellow_candle_cake	26735	2	26736	[{"name":"lit","values":["true","false"]}]
1057	minecraft:lime_candle_cake	26737	2	26738	[{"name":"lit","values":["true","false"]}]
1058	minecraft:pink_candle_cake	26739	2	26740	[{"name":"lit","values":["true","false"]}]
1059	minecraft:gray_candle_cake	26741	2	26742	[{"name":"lit","values":["true","false"]}]
1060	minecraft:light_gray_candle_cake	26743	2	26744	[{"name":"lit","values":["true","false"]}]
1061	minecraft:cyan_candle_cake	26745	2	26746	[{"name":"lit","values":["true","false"]}]
1062	minecraft:purple_candle_cake	26747	2	26748	[{"name":"lit","values":["true","false"]}]
1063	minecraft:blue_candle_cake	26749	2	26750	[{"name":"lit","values":["true","false"]}]
1064	minecraft:brown_candle_cake	26751	2	26752	[{"name":"lit","values":["true","false"]}]
1065	minecraft:green_candle_cake	26753	2	26754	[{"name":"lit","values":["true","false"]}]
1066	minecraft:red_candle_cake	26755	2	26756	[{"name":"lit","values":["true","false"]}]
1067	minecraft:black_candle_cake	26757	2	26758	[{"name":"lit","values":["true","false"]}]
1068	minecraft:amethyst_block	26759	1	26759	[]
1069	minecraft:budding_amethyst	26760	1	26760	[]
1070	minecraft:amethyst_cluster	26761	12	26770	[{"name":"facing","values":["north","east","south","west","up","down"]},{"name":"waterlogged","values":["true","false"]}]
1071	minecraft:large_amethyst_bud	26773	12	26782	[{"name":"facing","values":["north","east","south","west","up","down"]},{"name":"waterlogged","values":["true","false"]}]
1072	minecraft:medium_amethyst_bud	26785	12	26794	[{"name":"facing","values":["north","east","south","west","up","down"]},{"name":"waterlogged","values":["true","false"]}]
1073	minecraft:small_amethyst_bud	26797	12	26806	[{"name":"facing","values":["north","east","south","west","up","down"]},{"name":"waterlogged","values":["true","false"]}]
1074	minecraft:tuff	26809	1	26809	[]
1075	minecraft:tuff_slab	26810	6	26813	[{"name":"type","values":["top","bottom","double"]},{"name":"waterlogged","values":["true","false"]}]
1076	minecraft:tuff_stairs	26816	80	26827	[{"name":"facing","values":["north","south","west","east"]},{"name":"half","values":["top","bottom"]},{"name":"shape","values":["straight","inner_left","inner_right","outer_left","outer_right"]},{"name":"waterlogged","values":["true","false"]}]
1077	minecraft:tuff_wall	26896	324	26899	[{"name":"east","values":["none","low","tall"]},{"name":"north","values":["none","low","tall"]},{"name":"south","values":["none","low","tall"]},{"name":"up","values":["true","false"]},{"name":"waterlogged","values":["true","false"]},{"name":"west","values":["none","low","tall"]}]
1078	minecraft:polished_tuff	27220	1	27220	[]
1079	minecraft:polished_tuff_slab	27221	6	27224	[{"name":"type","values":["top","bottom","double"]},{"name":"waterlogged","values":["true","false"]}]
1080	minecraft:polished_tuff_stairs	27227	80	27238	[{"name":"facing","values":["north","south","west","east"]},{"name":"half","values":["top","bottom"]},{"name":"shape","values":["straight","inner_left","inner_right","outer_left","outer_right"]},{"name":"waterlogged","values":["true","false"]}]
1081	minecraft:polished_tuff_wall	27307	324	27310	[{"name":"east","values":["none","low","tall"]},{"name":"north","values":["none","low","tall"]},{"name":"south","values":["none","low","tall"]},{"name":"up","values":["true","false"]},{"name":"waterlogged","values":["true","false"]},{"name":"west","values":["none","low","tall"]}]
1082	minecraft:chiseled_tuff	27631	1	27631	[]
1083	minecraft:tuff_bricks	27632	1	27632	[]
1084	minecraft:tuff_brick_slab	27633	6	27636	[{"name":"type","values":["top","bottom","double"]},{"name":"waterlogged","values":["true","false"]}]
1085	minecraft:tuff_brick_stairs	27639	80	27650	[{"name":"facing","values":["north","south","west","east"]},{"name":"half","values":["top","bottom"]},{"name":"shape","values":["straight","inner_left","inner_right","outer_left","outer_right"]},{"name":"waterlogged","values":["true","false"]}]
1086	minecraft:tuff_brick_wall	27719	324	27722	[{"name":"east","values":["none","low","tall"]},{"name":"north","values":["none","low","tall"]},{"name":"south","values":["none","low","tall"]},{"name":"up","values":["true","false"]},{"name":"waterlogged","values":["true","false"]},{"name":"west","values":["none","low","tall"]}]
1087	minecraft:chiseled_tuff_bricks	28043	1	28043	[]
1088	minecraft:sulfur	28044	1	28044	[]
1089	minecraft:potent_sulfur	28045	5	28045	[{"name":"potent_sulfur_state","values":["dry","wet","dormant","erupting","continuous"]}]
1090	minecraft:sulfur_slab	28050	6	28053	[{"name":"type","values":["top","bottom","double"]},{"name":"waterlogged","values":["true","false"]}]
1091	minecraft:sulfur_stairs	28056	80	28067	[{"name":"facing","values":["north","south","west","east"]},{"name":"half","values":["top","bottom"]},{"name":"shape","values":["straight","inner_left","inner_right","outer_left","outer_right"]},{"name":"waterlogged","values":["true","false"]}]
1092	minecraft:sulfur_wall	28136	324	28139	[{"name":"east","values":["none","low","tall"]},{"name":"north","values":["none","low","tall"]},{"name":"south","values":["none","low","tall"]},{"name":"up","values":["true","false"]},{"name":"waterlogged","values":["true","false"]},{"name":"west","values":["none","low","tall"]}]
1093	minecraft:polished_sulfur	28460	1	28460	[]
1094	minecraft:polished_sulfur_slab	28461	6	28464	[{"name":"type","values":["top","bottom","double"]},{"name":"waterlogged","values":["true","false"]}]
1095	minecraft:polished_sulfur_stairs	28467	80	28478	[{"name":"facing","values":["north","south","west","east"]},{"name":"half","values":["top","bottom"]},{"name":"shape","values":["straight","inner_left","inner_right","outer_left","outer_right"]},{"name":"waterlogged","values":["true","false"]}]
1096	minecraft:polished_sulfur_wall	28547	324	28550	[{"name":"east","values":["none","low","tall"]},{"name":"north","values":["none","low","tall"]},{"name":"south","values":["none","low","tall"]},{"name":"up","values":["true","false"]},{"name":"waterlogged","values":["true","false"]},{"name":"west","values":["none","low","tall"]}]
1097	minecraft:sulfur_bricks	28871	1	28871	[]
1098	minecraft:sulfur_brick_slab	28872	6	28875	[{"name":"type","values":["top","bottom","double"]},{"name":"waterlogged","values":["true","false"]}]
1099	minecraft:sulfur_brick_stairs	28878	80	28889	[{"name":"facing","values":["north","south","west","east"]},{"name":"half","values":["top","bottom"]},{"name":"shape","values":["straight","inner_left","inner_right","outer_left","outer_right"]},{"name":"waterlogged","values":["true","false"]}]
1100	minecraft:sulfur_brick_wall	28958	324	28961	[{"name":"east","values":["none","low","tall"]},{"name":"north","values":["none","low","tall"]},{"name":"south","values":["none","low","tall"]},{"name":"up","values":["true","false"]},{"name":"waterlogged","values":["true","false"]},{"name":"west","values":["none","low","tall"]}]
1101	minecraft:chiseled_sulfur	29282	1	29282	[]
1102	minecraft:cinnabar	29283	1	29283	[]
1103	minecraft:cinnabar_slab	29284	6	29287	[{"name":"type","values":["top","bottom","double"]},{"name":"waterlogged","values":["true","false"]}]
1104	minecraft:cinnabar_stairs	29290	80	29301	[{"name":"facing","values":["north","south","west","east"]},{"name":"half","values":["top","bottom"]},{"name":"shape","values":["straight","inner_left","inner_right","outer_left","outer_right"]},{"name":"waterlogged","values":["true","false"]}]
1105	minecraft:cinnabar_wall	29370	324	29373	[{"name":"east","values":["none","low","tall"]},{"name":"north","values":["none","low","tall"]},{"name":"south","values":["none","low","tall"]},{"name":"up","values":["true","false"]},{"name":"waterlogged","values":["true","false"]},{"name":"west","values":["none","low","tall"]}]
1106	minecraft:polished_cinnabar	29694	1	29694	[]
1107	minecraft:polished_cinnabar_slab	29695	6	29698	[{"name":"type","values":["top","bottom","double"]},{"name":"waterlogged","values":["true","false"]}]
1108	minecraft:polished_cinnabar_stairs	29701	80	29712	[{"name":"facing","values":["north","south","west","east"]},{"name":"half","values":["top","bottom"]},{"name":"shape","values":["straight","inner_left","inner_right","outer_left","outer_right"]},{"name":"waterlogged","values":["true","false"]}]
1109	minecraft:polished_cinnabar_wall	29781	324	29784	[{"name":"east","values":["none","low","tall"]},{"name":"north","values":["none","low","tall"]},{"name":"south","values":["none","low","tall"]},{"name":"up","values":["true","false"]},{"name":"waterlogged","values":["true","false"]},{"name":"west","values":["none","low","tall"]}]
1110	minecraft:cinnabar_bricks	30105	1	30105	[]
1111	minecraft:cinnabar_brick_slab	30106	6	30109	[{"name":"type","values":["top","bottom","double"]},{"name":"waterlogged","values":["true","false"]}]
1112	minecraft:cinnabar_brick_stairs	30112	80	30123	[{"name":"facing","values":["north","south","west","east"]},{"name":"half","values":["top","bottom"]},{"name":"shape","values":["straight","inner_left","inner_right","outer_left","outer_right"]},{"name":"waterlogged","values":["true","false"]}]
1113	minecraft:cinnabar_brick_wall	30192	324	30195	[{"name":"east","values":["none","low","tall"]},{"name":"north","values":["none","low","tall"]},{"name":"south","values":["none","low","tall"]},{"name":"up","values":["true","false"]},{"name":"waterlogged","values":["true","false"]},{"name":"west","values":["none","low","tall"]}]
1114	minecraft:chiseled_cinnabar	30516	1	30516	[]
1115	minecraft:calcite	30517	1	30517	[]
1116	minecraft:tinted_glass	30518	1	30518	[]
1117	minecraft:powder_snow	30519	1	30519	[]
1118	minecraft:sculk_sensor	30520	96	30521	[{"name":"power","values":["0","1","2","3","4","5","6","7","8","9","10","11","12","13","14","15"]},{"name":"sculk_sensor_phase","values":["inactive","active","cooldown"]},{"name":"waterlogged","values":["true","false"]}]
1119	minecraft:calibrated_sculk_sensor	30616	384	30617	[{"name":"facing","values":["north","south","west","east"]},{"name":"power","values":["0","1","2","3","4","5","6","7","8","9","10","11","12","13","14","15"]},{"name":"sculk_sensor_phase","values":["inactive","active","cooldown"]},{"name":"waterlogged","values":["true","false"]}]
1120	minecraft:sculk	31000	1	31000	[]
1121	minecraft:sculk_vein	31001	128	31128	[{"name":"down","values":["true","false"]},{"name":"east","values":["true","false"]},{"name":"north","values":["true","false"]},{"name":"south","values":["true","false"]},{"name":"up","values":["true","false"]},{"name":"waterlogged","values":["true","false"]},{"name":"west","values":["true","false"]}]
1122	minecraft:sculk_catalyst	31129	2	31130	[{"name":"bloom","values":["true","false"]}]
1123	minecraft:sculk_shrieker	31131	8	31138	[{"name":"can_summon","values":["true","false"]},{"name":"shrieking","values":["true","false"]},{"name":"waterlogged","values":["true","false"]}]
1124	minecraft:copper_block	31139	1	31139	[]
1125	minecraft:exposed_copper	31140	1	31140	[]
1126	minecraft:weathered_copper	31141	1	31141	[]
1127	minecraft:oxidized_copper	31142	1	31142	[]
1128	minecraft:waxed_copper_block	31143	1	31143	[]
1129	minecraft:waxed_exposed_copper	31144	1	31144	[]
1130	minecraft:waxed_weathered_copper	31145	1	31145	[]
1131	minecraft:waxed_oxidized_copper	31146	1	31146	[]
1132	minecraft:copper_ore	31147	1	31147	[]
1133	minecraft:deepslate_copper_ore	31148	1	31148	[]
1134	minecraft:cut_copper	31149	1	31149	[]
1135	minecraft:exposed_cut_copper	31150	1	31150	[]
1136	minecraft:weathered_cut_copper	31151	1	31151	[]
1137	minecraft:oxidized_cut_copper	31152	1	31152	[]
1138	minecraft:waxed_cut_copper	31153	1	31153	[]
1139	minecraft:waxed_exposed_cut_copper	31154	1	31154	[]
1140	minecraft:waxed_weathered_cut_copper	31155	1	31155	[]
1141	minecraft:waxed_oxidized_cut_copper	31156	1	31156	[]
1142	minecraft:chiseled_copper	31157	1	31157	[]
1143	minecraft:exposed_chiseled_copper	31158	1	31158	[]
1144	minecraft:weathered_chiseled_copper	31159	1	31159	[]
1145	minecraft:oxidized_chiseled_copper	31160	1	31160	[]
1146	minecraft:waxed_chiseled_copper	31161	1	31161	[]
1147	minecraft:waxed_exposed_chiseled_copper	31162	1	31162	[]
1148	minecraft:waxed_weathered_chiseled_copper	31163	1	31163	[]
1149	minecraft:waxed_oxidized_chiseled_copper	31164	1	31164	[]
1150	minecraft:cut_copper_stairs	31165	80	31176	[{"name":"facing","values":["north","south","west","east"]},{"name":"half","values":["top","bottom"]},{"name":"shape","values":["straight","inner_left","inner_right","outer_left","outer_right"]},{"name":"waterlogged","values":["true","false"]}]
1151	minecraft:exposed_cut_copper_stairs	31245	80	31256	[{"name":"facing","values":["north","south","west","east"]},{"name":"half","values":["top","bottom"]},{"name":"shape","values":["straight","inner_left","inner_right","outer_left","outer_right"]},{"name":"waterlogged","values":["true","false"]}]
1152	minecraft:weathered_cut_copper_stairs	31325	80	31336	[{"name":"facing","values":["north","south","west","east"]},{"name":"half","values":["top","bottom"]},{"name":"shape","values":["straight","inner_left","inner_right","outer_left","outer_right"]},{"name":"waterlogged","values":["true","false"]}]
1153	minecraft:oxidized_cut_copper_stairs	31405	80	31416	[{"name":"facing","values":["north","south","west","east"]},{"name":"half","values":["top","bottom"]},{"name":"shape","values":["straight","inner_left","inner_right","outer_left","outer_right"]},{"name":"waterlogged","values":["true","false"]}]
1154	minecraft:waxed_cut_copper_stairs	31485	80	31496	[{"name":"facing","values":["north","south","west","east"]},{"name":"half","values":["top","bottom"]},{"name":"shape","values":["straight","inner_left","inner_right","outer_left","outer_right"]},{"name":"waterlogged","values":["true","false"]}]
1155	minecraft:waxed_exposed_cut_copper_stairs	31565	80	31576	[{"name":"facing","values":["north","south","west","east"]},{"name":"half","values":["top","bottom"]},{"name":"shape","values":["straight","inner_left","inner_right","outer_left","outer_right"]},{"name":"waterlogged","values":["true","false"]}]
1156	minecraft:waxed_weathered_cut_copper_stairs	31645	80	31656	[{"name":"facing","values":["north","south","west","east"]},{"name":"half","values":["top","bottom"]},{"name":"shape","values":["straight","inner_left","inner_right","outer_left","outer_right"]},{"name":"waterlogged","values":["true","false"]}]
1157	minecraft:waxed_oxidized_cut_copper_stairs	31725	80	31736	[{"name":"facing","values":["north","south","west","east"]},{"name":"half","values":["top","bottom"]},{"name":"shape","values":["straight","inner_left","inner_right","outer_left","outer_right"]},{"name":"waterlogged","values":["true","false"]}]
1158	minecraft:cut_copper_slab	31805	6	31808	[{"name":"type","values":["top","bottom","double"]},{"name":"waterlogged","values":["true","false"]}]
1159	minecraft:exposed_cut_copper_slab	31811	6	31814	[{"name":"type","values":["top","bottom","double"]},{"name":"waterlogged","values":["true","false"]}]
1160	minecraft:weathered_cut_copper_slab	31817	6	31820	[{"name":"type","values":["top","bottom","double"]},{"name":"waterlogged","values":["true","false"]}]
1161	minecraft:oxidized_cut_copper_slab	31823	6	31826	[{"name":"type","values":["top","bottom","double"]},{"name":"waterlogged","values":["true","false"]}]
1162	minecraft:waxed_cut_copper_slab	31829	6	31832	[{"name":"type","values":["top","bottom","double"]},{"name":"waterlogged","values":["true","false"]}]
1163	minecraft:waxed_exposed_cut_copper_slab	31835	6	31838	[{"name":"type","values":["top","bottom","double"]},{"name":"waterlogged","values":["true","false"]}]
1164	minecraft:waxed_weathered_cut_copper_slab	31841	6	31844	[{"name":"type","values":["top","bottom","double"]},{"name":"waterlogged","values":["true","false"]}]
1165	minecraft:waxed_oxidized_cut_copper_slab	31847	6	31850	[{"name":"type","values":["top","bottom","double"]},{"name":"waterlogged","values":["true","false"]}]
1166	minecraft:copper_door	31853	64	31864	[{"name":"facing","values":["north","south","west","east"]},{"name":"half","values":["upper","lower"]},{"name":"hinge","values":["left","right"]},{"name":"open","values":["true","false"]},{"name":"powered","values":["true","false"]}]
1167	minecraft:exposed_copper_door	31917	64	31928	[{"name":"facing","values":["north","south","west","east"]},{"name":"half","values":["upper","lower"]},{"name":"hinge","values":["left","right"]},{"name":"open","values":["true","false"]},{"name":"powered","values":["true","false"]}]
1168	minecraft:weathered_copper_door	31981	64	31992	[{"name":"facing","values":["north","south","west","east"]},{"name":"half","values":["upper","lower"]},{"name":"hinge","values":["left","right"]},{"name":"open","values":["true","false"]},{"name":"powered","values":["true","false"]}]
1169	minecraft:oxidized_copper_door	32045	64	32056	[{"name":"facing","values":["north","south","west","east"]},{"name":"half","values":["upper","lower"]},{"name":"hinge","values":["left","right"]},{"name":"open","values":["true","false"]},{"name":"powered","values":["true","false"]}]
1170	minecraft:waxed_copper_door	32109	64	32120	[{"name":"facing","values":["north","south","west","east"]},{"name":"half","values":["upper","lower"]},{"name":"hinge","values":["left","right"]},{"name":"open","values":["true","false"]},{"name":"powered","values":["true","false"]}]
1171	minecraft:waxed_exposed_copper_door	32173	64	32184	[{"name":"facing","values":["north","south","west","east"]},{"name":"half","values":["upper","lower"]},{"name":"hinge","values":["left","right"]},{"name":"open","values":["true","false"]},{"name":"powered","values":["true","false"]}]
1172	minecraft:waxed_weathered_copper_door	32237	64	32248	[{"name":"facing","values":["north","south","west","east"]},{"name":"half","values":["upper","lower"]},{"name":"hinge","values":["left","right"]},{"name":"open","values":["true","false"]},{"name":"powered","values":["true","false"]}]
1173	minecraft:waxed_oxidized_copper_door	32301	64	32312	[{"name":"facing","values":["north","south","west","east"]},{"name":"half","values":["upper","lower"]},{"name":"hinge","values":["left","right"]},{"name":"open","values":["true","false"]},{"name":"powered","values":["true","false"]}]
1174	minecraft:copper_trapdoor	32365	64	32380	[{"name":"facing","values":["north","south","west","east"]},{"name":"half","values":["top","bottom"]},{"name":"open","values":["true","false"]},{"name":"powered","values":["true","false"]},{"name":"waterlogged","values":["true","false"]}]
1175	minecraft:exposed_copper_trapdoor	32429	64	32444	[{"name":"facing","values":["north","south","west","east"]},{"name":"half","values":["top","bottom"]},{"name":"open","values":["true","false"]},{"name":"powered","values":["true","false"]},{"name":"waterlogged","values":["true","false"]}]
1176	minecraft:weathered_copper_trapdoor	32493	64	32508	[{"name":"facing","values":["north","south","west","east"]},{"name":"half","values":["top","bottom"]},{"name":"open","values":["true","false"]},{"name":"powered","values":["true","false"]},{"name":"waterlogged","values":["true","false"]}]
1177	minecraft:oxidized_copper_trapdoor	32557	64	32572	[{"name":"facing","values":["north","south","west","east"]},{"name":"half","values":["top","bottom"]},{"name":"open","values":["true","false"]},{"name":"powered","values":["true","false"]},{"name":"waterlogged","values":["true","false"]}]
1178	minecraft:waxed_copper_trapdoor	32621	64	32636	[{"name":"facing","values":["north","south","west","east"]},{"name":"half","values":["top","bottom"]},{"name":"open","values":["true","false"]},{"name":"powered","values":["true","false"]},{"name":"waterlogged","values":["true","false"]}]
1179	minecraft:waxed_exposed_copper_trapdoor	32685	64	32700	[{"name":"facing","values":["north","south","west","east"]},{"name":"half","values":["top","bottom"]},{"name":"open","values":["true","false"]},{"name":"powered","values":["true","false"]},{"name":"waterlogged","values":["true","false"]}]
1180	minecraft:waxed_weathered_copper_trapdoor	32749	64	32764	[{"name":"facing","values":["north","south","west","east"]},{"name":"half","values":["top","bottom"]},{"name":"open","values":["true","false"]},{"name":"powered","values":["true","false"]},{"name":"waterlogged","values":["true","false"]}]
1181	minecraft:waxed_oxidized_copper_trapdoor	32813	64	32828	[{"name":"facing","values":["north","south","west","east"]},{"name":"half","values":["top","bottom"]},{"name":"open","values":["true","false"]},{"name":"powered","values":["true","false"]},{"name":"waterlogged","values":["true","false"]}]
1182	minecraft:copper_grate	32877	2	32878	[{"name":"waterlogged","values":["true","false"]}]
1183	minecraft:exposed_copper_grate	32879	2	32880	[{"name":"waterlogged","values":["true","false"]}]
1184	minecraft:weathered_copper_grate	32881	2	32882	[{"name":"waterlogged","values":["true","false"]}]
1185	minecraft:oxidized_copper_grate	32883	2	32884	[{"name":"waterlogged","values":["true","false"]}]
1186	minecraft:waxed_copper_grate	32885	2	32886	[{"name":"waterlogged","values":["true","false"]}]
1187	minecraft:waxed_exposed_copper_grate	32887	2	32888	[{"name":"waterlogged","values":["true","false"]}]
1188	minecraft:waxed_weathered_copper_grate	32889	2	32890	[{"name":"waterlogged","values":["true","false"]}]
1189	minecraft:waxed_oxidized_copper_grate	32891	2	32892	[{"name":"waterlogged","values":["true","false"]}]
1190	minecraft:copper_bulb	32893	4	32896	[{"name":"lit","values":["true","false"]},{"name":"powered","values":["true","false"]}]
1191	minecraft:exposed_copper_bulb	32897	4	32900	[{"name":"lit","values":["true","false"]},{"name":"powered","values":["true","false"]}]
1192	minecraft:weathered_copper_bulb	32901	4	32904	[{"name":"lit","values":["true","false"]},{"name":"powered","values":["true","false"]}]
1193	minecraft:oxidized_copper_bulb	32905	4	32908	[{"name":"lit","values":["true","false"]},{"name":"powered","values":["true","false"]}]
1194	minecraft:waxed_copper_bulb	32909	4	32912	[{"name":"lit","values":["true","false"]},{"name":"powered","values":["true","false"]}]
1195	minecraft:waxed_exposed_copper_bulb	32913	4	32916	[{"name":"lit","values":["true","false"]},{"name":"powered","values":["true","false"]}]
1196	minecraft:waxed_weathered_copper_bulb	32917	4	32920	[{"name":"lit","values":["true","false"]},{"name":"powered","values":["true","false"]}]
1197	minecraft:waxed_oxidized_copper_bulb	32921	4	32924	[{"name":"lit","values":["true","false"]},{"name":"powered","values":["true","false"]}]
1198	minecraft:copper_chest	32925	24	32926	[{"name":"facing","values":["north","south","west","east"]},{"name":"type","values":["single","left","right"]},{"name":"waterlogged","values":["true","false"]}]
1199	minecraft:exposed_copper_chest	32949	24	32950	[{"name":"facing","values":["north","south","west","east"]},{"name":"type","values":["single","left","right"]},{"name":"waterlogged","values":["true","false"]}]
1200	minecraft:weathered_copper_chest	32973	24	32974	[{"name":"facing","values":["north","south","west","east"]},{"name":"type","values":["single","left","right"]},{"name":"waterlogged","values":["true","false"]}]
1201	minecraft:oxidized_copper_chest	32997	24	32998	[{"name":"facing","values":["north","south","west","east"]},{"name":"type","values":["single","left","right"]},{"name":"waterlogged","values":["true","false"]}]
1202	minecraft:waxed_copper_chest	33021	24	33022	[{"name":"facing","values":["north","south","west","east"]},{"name":"type","values":["single","left","right"]},{"name":"waterlogged","values":["true","false"]}]
1203	minecraft:waxed_exposed_copper_chest	33045	24	33046	[{"name":"facing","values":["north","south","west","east"]},{"name":"type","values":["single","left","right"]},{"name":"waterlogged","values":["true","false"]}]
1204	minecraft:waxed_weathered_copper_chest	33069	24	33070	[{"name":"facing","values":["north","south","west","east"]},{"name":"type","values":["single","left","right"]},{"name":"waterlogged","values":["true","false"]}]
1205	minecraft:waxed_oxidized_copper_chest	33093	24	33094	[{"name":"facing","values":["north","south","west","east"]},{"name":"type","values":["single","left","right"]},{"name":"waterlogged","values":["true","false"]}]
1206	minecraft:copper_golem_statue	33117	32	33118	[{"name":"copper_golem_pose","values":["standing","sitting","running","star"]},{"name":"facing","values":["north","south","west","east"]},{"name":"waterlogged","values":["true","false"]}]
1207	minecraft:exposed_copper_golem_statue	33149	32	33150	[{"name":"copper_golem_pose","values":["standing","sitting","running","star"]},{"name":"facing","values":["north","south","west","east"]},{"name":"waterlogged","values":["true","false"]}]
1208	minecraft:weathered_copper_golem_statue	33181	32	33182	[{"name":"copper_golem_pose","values":["standing","sitting","running","star"]},{"name":"facing","values":["north","south","west","east"]},{"name":"waterlogged","values":["true","false"]}]
1209	minecraft:oxidized_copper_golem_statue	33213	32	33214	[{"name":"copper_golem_pose","values":["standing","sitting","running","star"]},{"name":"facing","values":["north","south","west","east"]},{"name":"waterlogged","values":["true","false"]}]
1210	minecraft:waxed_copper_golem_statue	33245	32	33246	[{"name":"copper_golem_pose","values":["standing","sitting","running","star"]},{"name":"facing","values":["north","south","west","east"]},{"name":"waterlogged","values":["true","false"]}]
1211	minecraft:waxed_exposed_copper_golem_statue	33277	32	33278	[{"name":"copper_golem_pose","values":["standing","sitting","running","star"]},{"name":"facing","values":["north","south","west","east"]},{"name":"waterlogged","values":["true","false"]}]
1212	minecraft:waxed_weathered_copper_golem_statue	33309	32	33310	[{"name":"copper_golem_pose","values":["standing","sitting","running","star"]},{"name":"facing","values":["north","south","west","east"]},{"name":"waterlogged","values":["true","false"]}]
1213	minecraft:waxed_oxidized_copper_golem_statue	33341	32	33342	[{"name":"copper_golem_pose","values":["standing","sitting","running","star"]},{"name":"facing","values":["north","south","west","east"]},{"name":"waterlogged","values":["true","false"]}]
1214	minecraft:lightning_rod	33373	24	33392	[{"name":"facing","values":["north","east","south","west","up","down"]},{"name":"powered","values":["true","false"]},{"name":"waterlogged","values":["true","false"]}]
1215	minecraft:exposed_lightning_rod	33397	24	33416	[{"name":"facing","values":["north","east","south","west","up","down"]},{"name":"powered","values":["true","false"]},{"name":"waterlogged","values":["true","false"]}]
1216	minecraft:weathered_lightning_rod	33421	24	33440	[{"name":"facing","values":["north","east","south","west","up","down"]},{"name":"powered","values":["true","false"]},{"name":"waterlogged","values":["true","false"]}]
1217	minecraft:oxidized_lightning_rod	33445	24	33464	[{"name":"facing","values":["north","east","south","west","up","down"]},{"name":"powered","values":["true","false"]},{"name":"waterlogged","values":["true","false"]}]
1218	minecraft:waxed_lightning_rod	33469	24	33488	[{"name":"facing","values":["north","east","south","west","up","down"]},{"name":"powered","values":["true","false"]},{"name":"waterlogged","values":["true","false"]}]
1219	minecraft:waxed_exposed_lightning_rod	33493	24	33512	[{"name":"facing","values":["north","east","south","west","up","down"]},{"name":"powered","values":["true","false"]},{"name":"waterlogged","values":["true","false"]}]
1220	minecraft:waxed_weathered_lightning_rod	33517	24	33536	[{"name":"facing","values":["north","east","south","west","up","down"]},{"name":"powered","values":["true","false"]},{"name":"waterlogged","values":["true","false"]}]
1221	minecraft:waxed_oxidized_lightning_rod	33541	24	33560	[{"name":"facing","values":["north","east","south","west","up","down"]},{"name":"powered","values":["true","false"]},{"name":"waterlogged","values":["true","false"]}]
1222	minecraft:dripstone_block	33565	1	33565	[]
1223	minecraft:pointed_dripstone	33566	20	33571	[{"name":"thickness","values":["tip_merge","tip","frustum","middle","base"]},{"name":"vertical_direction","values":["up","down"]},{"name":"waterlogged","values":["true","false"]}]
1224	minecraft:sulfur_spike	33586	20	33591	[{"name":"thickness","values":["tip_merge","tip","frustum","middle","base"]},{"name":"vertical_direction","values":["up","down"]},{"name":"waterlogged","values":["true","false"]}]
1225	minecraft:cave_vines	33606	52	33607	[{"name":"age","values":["0","1","2","3","4","5","6","7","8","9","10","11","12","13","14","15","16","17","18","19","20","21","22","23","24","25"]},{"name":"berries","values":["true","false"]}]
1226	minecraft:cave_vines_plant	33658	2	33659	[{"name":"berries","values":["true","false"]}]
1227	minecraft:spore_blossom	33660	1	33660	[]
1228	minecraft:azalea	33661	1	33661	[]
1229	minecraft:flowering_azalea	33662	1	33662	[]
1230	minecraft:moss_carpet	33663	1	33663	[]
1231	minecraft:pink_petals	33664	16	33664	[{"name":"facing","values":["north","south","west","east"]},{"name":"flower_amount","values":["1","2","3","4"]}]
1232	minecraft:wildflowers	33680	16	33680	[{"name":"facing","values":["north","south","west","east"]},{"name":"flower_amount","values":["1","2","3","4"]}]
1233	minecraft:leaf_litter	33696	16	33696	[{"name":"facing","values":["north","south","west","east"]},{"name":"segment_amount","values":["1","2","3","4"]}]
1234	minecraft:moss_block	33712	1	33712	[]
1235	minecraft:big_dripleaf	33713	32	33714	[{"name":"facing","values":["north","south","west","east"]},{"name":"tilt","values":["none","unstable","partial","full"]},{"name":"waterlogged","values":["true","false"]}]
1236	minecraft:big_dripleaf_stem	33745	8	33746	[{"name":"facing","values":["north","south","west","east"]},{"name":"waterlogged","values":["true","false"]}]
1237	minecraft:small_dripleaf	33753	16	33756	[{"name":"facing","values":["north","south","west","east"]},{"name":"half","values":["upper","lower"]},{"name":"waterlogged","values":["true","false"]}]
1238	minecraft:hanging_roots	33769	2	33770	[{"name":"waterlogged","values":["true","false"]}]
1239	minecraft:rooted_dirt	33771	1	33771	[]
1240	minecraft:mud	33772	1	33772	[]
1241	minecraft:deepslate	33773	3	33774	[{"name":"axis","values":["x","y","z"]}]
1242	minecraft:cobbled_deepslate	33776	1	33776	[]
1243	minecraft:cobbled_deepslate_stairs	33777	80	33788	[{"name":"facing","values":["north","south","west","east"]},{"name":"half","values":["top","bottom"]},{"name":"shape","values":["straight","inner_left","inner_right","outer_left","outer_right"]},{"name":"waterlogged","values":["true","false"]}]
1244	minecraft:cobbled_deepslate_slab	33857	6	33860	[{"name":"type","values":["top","bottom","double"]},{"name":"waterlogged","values":["true","false"]}]
1245	minecraft:cobbled_deepslate_wall	33863	324	33866	[{"name":"east","values":["none","low","tall"]},{"name":"north","values":["none","low","tall"]},{"name":"south","values":["none","low","tall"]},{"name":"up","values":["true","false"]},{"name":"waterlogged","values":["true","false"]},{"name":"west","values":["none","low","tall"]}]
1246	minecraft:polished_deepslate	34187	1	34187	[]
1247	minecraft:polished_deepslate_stairs	34188	80	34199	[{"name":"facing","values":["north","south","west","east"]},{"name":"half","values":["top","bottom"]},{"name":"shape","values":["straight","inner_left","inner_right","outer_left","outer_right"]},{"name":"waterlogged","values":["true","false"]}]
1248	minecraft:polished_deepslate_slab	34268	6	34271	[{"name":"type","values":["top","bottom","double"]},{"name":"waterlogged","values":["true","false"]}]
1249	minecraft:polished_deepslate_wall	34274	324	34277	[{"name":"east","values":["none","low","tall"]},{"name":"north","values":["none","low","tall"]},{"name":"south","values":["none","low","tall"]},{"name":"up","values":["true","false"]},{"name":"waterlogged","values":["true","false"]},{"name":"west","values":["none","low","tall"]}]
1250	minecraft:deepslate_tiles	34598	1	34598	[]
1251	minecraft:deepslate_tile_stairs	34599	80	34610	[{"name":"facing","values":["north","south","west","east"]},{"name":"half","values":["top","bottom"]},{"name":"shape","values":["straight","inner_left","inner_right","outer_left","outer_right"]},{"name":"waterlogged","values":["true","false"]}]
1252	minecraft:deepslate_tile_slab	34679	6	34682	[{"name":"type","values":["top","bottom","double"]},{"name":"waterlogged","values":["true","false"]}]
1253	minecraft:deepslate_tile_wall	34685	324	34688	[{"name":"east","values":["none","low","tall"]},{"name":"north","values":["none","low","tall"]},{"name":"south","values":["none","low","tall"]},{"name":"up","values":["true","false"]},{"name":"waterlogged","values":["true","false"]},{"name":"west","values":["none","low","tall"]}]
1254	minecraft:deepslate_bricks	35009	1	35009	[]
1255	minecraft:deepslate_brick_stairs	35010	80	35021	[{"name":"facing","values":["north","south","west","east"]},{"name":"half","values":["top","bottom"]},{"name":"shape","values":["straight","inner_left","inner_right","outer_left","outer_right"]},{"name":"waterlogged","values":["true","false"]}]
1256	minecraft:deepslate_brick_slab	35090	6	35093	[{"name":"type","values":["top","bottom","double"]},{"name":"waterlogged","values":["true","false"]}]
1257	minecraft:deepslate_brick_wall	35096	324	35099	[{"name":"east","values":["none","low","tall"]},{"name":"north","values":["none","low","tall"]},{"name":"south","values":["none","low","tall"]},{"name":"up","values":["true","false"]},{"name":"waterlogged","values":["true","false"]},{"name":"west","values":["none","low","tall"]}]
1258	minecraft:chiseled_deepslate	35420	1	35420	[]
1259	minecraft:cracked_deepslate_bricks	35421	1	35421	[]
1260	minecraft:cracked_deepslate_tiles	35422	1	35422	[]
1261	minecraft:infested_deepslate	35423	3	35424	[{"name":"axis","values":["x","y","z"]}]
1262	minecraft:smooth_basalt	35426	1	35426	[]
1263	minecraft:raw_iron_block	35427	1	35427	[]
1264	minecraft:raw_copper_block	35428	1	35428	[]
1265	minecraft:raw_gold_block	35429	1	35429	[]
1266	minecraft:potted_azalea_bush	35430	1	35430	[]
1267	minecraft:potted_flowering_azalea_bush	35431	1	35431	[]
1268	minecraft:ochre_froglight	35432	3	35433	[{"name":"axis","values":["x","y","z"]}]
1269	minecraft:verdant_froglight	35435	3	35436	[{"name":"axis","values":["x","y","z"]}]
1270	minecraft:pearlescent_froglight	35438	3	35439	[{"name":"axis","values":["x","y","z"]}]
1271	minecraft:frogspawn	35441	1	35441	[]
1272	minecraft:reinforced_deepslate	35442	1	35442	[]
1273	minecraft:decorated_pot	35443	16	35452	[{"name":"cracked","values":["true","false"]},{"name":"facing","values":["north","south","west","east"]},{"name":"waterlogged","values":["true","false"]}]
1274	minecraft:crafter	35459	48	35504	[{"name":"crafting","values":["true","false"]},{"name":"orientation","values":["down_east","down_north","down_south","down_west","up_east","up_north","up_south","up_west","west_up","east_up","north_up","south_up"]},{"name":"triggered","values":["true","false"]}]
1275	minecraft:trial_spawner	35507	12	35513	[{"name":"ominous","values":["true","false"]},{"name":"trial_spawner_state","values":["inactive","waiting_for_players","active","waiting_for_reward_ejection","ejecting_reward","cooldown"]}]
1276	minecraft:vault	35519	32	35523	[{"name":"facing","values":["north","south","west","east"]},{"name":"ominous","values":["true","false"]},{"name":"vault_state","values":["inactive","active","unlocking","ejecting"]}]
1277	minecraft:heavy_core	35551	2	35552	[{"name":"waterlogged","values":["true","false"]}]
1278	minecraft:pale_moss_block	35553	1	35553	[]
1279	minecraft:pale_moss_carpet	35554	162	35554	[{"name":"bottom","values":["true","false"]},{"name":"east","values":["none","low","tall"]},{"name":"north","values":["none","low","tall"]},{"name":"south","values":["none","low","tall"]},{"name":"west","values":["none","low","tall"]}]
1280	minecraft:pale_hanging_moss	35716	2	35716	[{"name":"tip","values":["true","false"]}]
1281	minecraft:open_eyeblossom	35718	1	35718	[]
1282	minecraft:closed_eyeblossom	35719	1	35719	[]
1283	minecraft:potted_open_eyeblossom	35720	1	35720	[]
1284	minecraft:potted_closed_eyeblossom	35721	1	35721	[]
1285	minecraft:firefly_bush	35722	1	35722	[]
