registry	protocol_id	identifier
minecraft:activity	0	minecraft:core
minecraft:activity	1	minecraft:idle
minecraft:activity	2	minecraft:work
minecraft:activity	3	minecraft:play
minecraft:activity	4	minecraft:rest
minecraft:activity	5	minecraft:meet
minecraft:activity	6	minecraft:panic
minecraft:activity	7	minecraft:raid
minecraft:activity	8	minecraft:pre_raid
minecraft:activity	9	minecraft:hide
minecraft:activity	10	minecraft:fight
minecraft:activity	11	minecraft:celebrate
minecraft:activity	12	minecraft:admire_item
minecraft:activity	13	minecraft:avoid
minecraft:activity	14	minecraft:ride
minecraft:activity	15	minecraft:play_dead
minecraft:activity	16	minecraft:long_jump
minecraft:activity	17	minecraft:ram
minecraft:activity	18	minecraft:tongue
minecraft:activity	19	minecraft:swim
minecraft:activity	20	minecraft:lay_spawn
minecraft:activity	21	minecraft:sniff
minecraft:activity	22	minecraft:investigate
minecraft:activity	23	minecraft:roar
minecraft:activity	24	minecraft:emerge
minecraft:activity	25	minecraft:dig
minecraft:attribute	0	minecraft:air_drag_modifier
minecraft:attribute	1	minecraft:armor
minecraft:attribute	2	minecraft:armor_toughness
minecraft:attribute	3	minecraft:attack_damage
minecraft:attribute	4	minecraft:attack_knockback
minecraft:attribute	5	minecraft:attack_speed
minecraft:attribute	6	minecraft:below_name_distance
minecraft:attribute	7	minecraft:block_break_speed
minecraft:attribute	8	minecraft:block_interaction_range
minecraft:attribute	9	minecraft:bounciness
minecraft:attribute	10	minecraft:burning_time
minecraft:attribute	11	minecraft:camera_distance
minecraft:attribute	12	minecraft:explosion_knockback_resistance
minecraft:attribute	13	minecraft:entity_interaction_range
minecraft:attribute	14	minecraft:fall_damage_multiplier
minecraft:attribute	15	minecraft:flying_speed
minecraft:attribute	16	minecraft:follow_range
minecraft:attribute	17	minecraft:friction_modifier
minecraft:attribute	18	minecraft:gravity
minecraft:attribute	19	minecraft:jump_strength
minecraft:attribute	20	minecraft:knockback_resistance
minecraft:attribute	21	minecraft:luck
minecraft:attribute	22	minecraft:max_absorption
minecraft:attribute	23	minecraft:max_health
minecraft:attribute	24	minecraft:mining_efficiency
minecraft:attribute	25	minecraft:movement_efficiency
minecraft:attribute	26	minecraft:movement_speed
minecraft:attribute	27	minecraft:name_tag_distance
minecraft:attribute	28	minecraft:oxygen_bonus
minecraft:attribute	29	minecraft:safe_fall_distance
minecraft:attribute	30	minecraft:scale
minecraft:attribute	31	minecraft:sneaking_speed
minecraft:attribute	32	minecraft:spawn_reinforcements
minecraft:attribute	33	minecraft:step_height
minecraft:attribute	34	minecraft:submerged_mining_speed
minecraft:attribute	35	minecraft:sweeping_damage_ratio
minecraft:attribute	36	minecraft:tempt_range
minecraft:attribute	37	minecraft:water_movement_efficiency
minecraft:attribute	38	minecraft:waypoint_transmit_range
minecraft:attribute	39	minecraft:waypoint_receive_range
minecraft:attribute_type	0	minecraft:boolean
minecraft:attribute_type	1	minecraft:tri_state
minecraft:attribute_type	2	minecraft:float
minecraft:attribute_type	3	minecraft:angle_degrees
minecraft:attribute_type	4	minecraft:rgb_color
minecraft:attribute_type	5	minecraft:argb_color
minecraft:attribute_type	6	minecraft:integer
minecraft:attribute_type	7	minecraft:moon_phase
minecraft:attribute_type	8	minecraft:activity
minecraft:attribute_type	9	minecraft:bed_rule
minecraft:attribute_type	10	minecraft:particle
minecraft:attribute_type	11	minecraft:ambient_particles
minecraft:attribute_type	12	minecraft:background_music
minecraft:attribute_type	13	minecraft:ambient_sounds
minecraft:attribute_type	14	minecraft:mob_spawn_settings
minecraft:block	0	minecraft:air
minecraft:block	1	minecraft:stone
minecraft:block	2	minecraft:granite
minecraft:block	3	minecraft:polished_granite
minecraft:block	4	minecraft:diorite
minecraft:block	5	minecraft:polished_diorite
minecraft:block	6	minecraft:andesite
minecraft:block	7	minecraft:polished_andesite
minecraft:block	8	minecraft:grass_block
minecraft:block	9	minecraft:dirt
minecraft:block	10	minecraft:coarse_dirt
minecraft:block	11	minecraft:podzol
minecraft:block	12	minecraft:cobblestone
minecraft:block	13	minecraft:oak_planks
minecraft:block	14	minecraft:spruce_planks
minecraft:block	15	minecraft:birch_planks
minecraft:block	16	minecraft:jungle_planks
minecraft:block	17	minecraft:acacia_planks
minecraft:block	18	minecraft:cherry_planks
minecraft:block	19	minecraft:dark_oak_planks
minecraft:block	20	minecraft:pale_oak_wood
minecraft:block	21	minecraft:pale_oak_planks
minecraft:block	22	minecraft:mangrove_planks
minecraft:block	23	minecraft:poplar_planks
minecraft:block	24	minecraft:bamboo_planks
minecraft:block	25	minecraft:bamboo_mosaic
minecraft:block	26	minecraft:oak_sapling
minecraft:block	27	minecraft:spruce_sapling
minecraft:block	28	minecraft:birch_sapling
minecraft:block	29	minecraft:jungle_sapling
minecraft:block	30	minecraft:acacia_sapling
minecraft:block	31	minecraft:cherry_sapling
minecraft:block	32	minecraft:dark_oak_sapling
minecraft:block	33	minecraft:pale_oak_sapling
minecraft:block	34	minecraft:mangrove_propagule
minecraft:block	35	minecraft:poplar_sapling
minecraft:block	36	minecraft:bedrock
minecraft:block	37	minecraft:water
minecraft:block	38	minecraft:lava
minecraft:block	39	minecraft:sand
minecraft:block	40	minecraft:suspicious_sand
minecraft:block	41	minecraft:red_sand
minecraft:block	42	minecraft:gravel
minecraft:block	43	minecraft:suspicious_gravel
minecraft:block	44	minecraft:gold_ore
minecraft:block	45	minecraft:deepslate_gold_ore
minecraft:block	46	minecraft:iron_ore
minecraft:block	47	minecraft:deepslate_iron_ore
minecraft:block	48	minecraft:coal_ore
minecraft:block	49	minecraft:deepslate_coal_ore
minecraft:block	50	minecraft:nether_gold_ore
minecraft:block	51	minecraft:oak_log
minecraft:block	52	minecraft:spruce_log
minecraft:block	53	minecraft:birch_log
minecraft:block	54	minecraft:jungle_log
minecraft:block	55	minecraft:acacia_log
minecraft:block	56	minecraft:cherry_log
minecraft:block	57	minecraft:dark_oak_log
minecraft:block	58	minecraft:pale_oak_log
minecraft:block	59	minecraft:mangrove_log
minecraft:block	60	minecraft:poplar_log
minecraft:block	61	minecraft:mangrove_roots
minecraft:block	62	minecraft:muddy_mangrove_roots
minecraft:block	63	minecraft:bamboo_block
minecraft:block	64	minecraft:stripped_spruce_log
minecraft:block	65	minecraft:stripped_birch_log
minecraft:block	66	minecraft:stripped_jungle_log
minecraft:block	67	minecraft:stripped_acacia_log
minecraft:block	68	minecraft:stripped_cherry_log
minecraft:block	69	minecraft:stripped_dark_oak_log
minecraft:block	70	minecraft:stripped_pale_oak_log
minecraft:block	71	minecraft:stripped_oak_log
minecraft:block	72	minecraft:stripped_mangrove_log
minecraft:block	73	minecraft:stripped_poplar_log
minecraft:block	74	minecraft:stripped_bamboo_block
minecraft:block	75	minecraft:oak_wood
minecraft:block	76	minecraft:spruce_wood
minecraft:block	77	minecraft:birch_wood
minecraft:block	78	minecraft:jungle_wood
minecraft:block	79	minecraft:acacia_wood
minecraft:block	80	minecraft:cherry_wood
minecraft:block	81	minecraft:dark_oak_wood
minecraft:block	82	minecraft:mangrove_wood
minecraft:block	83	minecraft:poplar_wood
minecraft:block	84	minecraft:stripped_oak_wood
minecraft:block	85	minecraft:stripped_spruce_wood
minecraft:block	86	minecraft:stripped_birch_wood
minecraft:block	87	minecraft:stripped_jungle_wood
minecraft:block	88	minecraft:stripped_acacia_wood
minecraft:block	89	minecraft:stripped_cherry_wood
minecraft:block	90	minecraft:stripped_dark_oak_wood
minecraft:block	91	minecraft:stripped_pale_oak_wood
minecraft:block	92	minecraft:stripped_mangrove_wood
minecraft:block	93	minecraft:stripped_poplar_wood
minecraft:block	94	minecraft:oak_leaves
minecraft:block	95	minecraft:spruce_leaves
minecraft:block	96	minecraft:birch_leaves
minecraft:block	97	minecraft:jungle_leaves
minecraft:block	98	minecraft:acacia_leaves
minecraft:block	99	minecraft:cherry_leaves
minecraft:block	100	minecraft:dark_oak_leaves
minecraft:block	101	minecraft:pale_oak_leaves
minecraft:block	102	minecraft:mangrove_leaves
minecraft:block	103	minecraft:red_poplar_leaves
minecraft:block	104	minecraft:orange_poplar_leaves
minecraft:block	105	minecraft:yellow_poplar_leaves
minecraft:block	106	minecraft:azalea_leaves
minecraft:block	107	minecraft:flowering_azalea_leaves
minecraft:block	108	minecraft:sponge
minecraft:block	109	minecraft:wet_sponge
minecraft:block	110	minecraft:glass
minecraft:block	111	minecraft:lapis_ore
minecraft:block	112	minecraft:deepslate_lapis_ore
minecraft:block	113	minecraft:lapis_block
minecraft:block	114	minecraft:dispenser
minecraft:block	115	minecraft:sandstone
minecraft:block	116	minecraft:chiseled_sandstone
minecraft:block	117	minecraft:cut_sandstone
minecraft:block	118	minecraft:note_block
minecraft:block	119	minecraft:white_bed
minecraft:block	120	minecraft:orange_bed
minecraft:block	121	minecraft:magenta_bed
minecraft:block	122	minecraft:light_blue_bed
minecraft:block	123	minecraft:yellow_bed
minecraft:block	124	minecraft:lime_bed
minecraft:block	125	minecraft:pink_bed
minecraft:block	126	minecraft:gray_bed
minecraft:block	127	minecraft:light_gray_bed
minecraft:block	128	minecraft:cyan_bed
minecraft:block	129	minecraft:purple_bed
minecraft:block	130	minecraft:blue_bed
minecraft:block	131	minecraft:brown_bed
minecraft:block	132	minecraft:green_bed
minecraft:block	133	minecraft:red_bed
minecraft:block	134	minecraft:black_bed
minecraft:block	135	minecraft:straw_bed
minecraft:block	136	minecraft:powered_rail
minecraft:block	137	minecraft:detector_rail
minecraft:block	138	minecraft:sticky_piston
minecraft:block	139	minecraft:cobweb
minecraft:block	140	minecraft:short_grass
minecraft:block	141	minecraft:fern
minecraft:block	142	minecraft:dead_bush
minecraft:block	143	minecraft:bush
minecraft:block	144	minecraft:red_shrub
minecraft:block	145	minecraft:short_dry_grass
minecraft:block	146	minecraft:tall_dry_grass
minecraft:block	147	minecraft:seagrass
minecraft:block	148	minecraft:tall_seagrass
minecraft:block	149	minecraft:piston
minecraft:block	150	minecraft:piston_head
minecraft:block	151	minecraft:white_wool
minecraft:block	152	minecraft:orange_wool
minecraft:block	153	minecraft:magenta_wool
minecraft:block	154	minecraft:light_blue_wool
minecraft:block	155	minecraft:yellow_wool
minecraft:block	156	minecraft:lime_wool
minecraft:block	157	minecraft:pink_wool
minecraft:block	158	minecraft:gray_wool
minecraft:block	159	minecraft:light_gray_wool
minecraft:block	160	minecraft:cyan_wool
minecraft:block	161	minecraft:purple_wool
minecraft:block	162	minecraft:blue_wool
minecraft:block	163	minecraft:brown_wool
minecraft:block	164	minecraft:green_wool
minecraft:block	165	minecraft:red_wool
minecraft:block	166	minecraft:black_wool
minecraft:block	167	minecraft:white_wool_stairs
minecraft:block	168	minecraft:orange_wool_stairs
minecraft:block	169	minecraft:magenta_wool_stairs
minecraft:block	170	minecraft:light_blue_wool_stairs
minecraft:block	171	minecraft:yellow_wool_stairs
minecraft:block	172	minecraft:lime_wool_stairs
minecraft:block	173	minecraft:pink_wool_stairs
minecraft:block	174	minecraft:gray_wool_stairs
minecraft:block	175	minecraft:light_gray_wool_stairs
minecraft:block	176	minecraft:cyan_wool_stairs
minecraft:block	177	minecraft:purple_wool_stairs
minecraft:block	178	minecraft:blue_wool_stairs
minecraft:block	179	minecraft:brown_wool_stairs
minecraft:block	180	minecraft:green_wool_stairs
minecraft:block	181	minecraft:red_wool_stairs
minecraft:block	182	minecraft:black_wool_stairs
minecraft:block	183	minecraft:white_wool_slab
minecraft:block	184	minecraft:orange_wool_slab
minecraft:block	185	minecraft:magenta_wool_slab
minecraft:block	186	minecraft:light_blue_wool_slab
minecraft:block	187	minecraft:yellow_wool_slab
minecraft:block	188	minecraft:lime_wool_slab
minecraft:block	189	minecraft:pink_wool_slab
minecraft:block	190	minecraft:gray_wool_slab
minecraft:block	191	minecraft:light_gray_wool_slab
minecraft:block	192	minecraft:cyan_wool_slab
minecraft:block	193	minecraft:purple_wool_slab
minecraft:block	194	minecraft:blue_wool_slab
minecraft:block	195	minecraft:brown_wool_slab
minecraft:block	196	minecraft:green_wool_slab
minecraft:block	197	minecraft:red_wool_slab
minecraft:block	198	minecraft:black_wool_slab
minecraft:block	199	minecraft:moving_piston
minecraft:block	200	minecraft:dandelion
minecraft:block	201	minecraft:golden_dandelion
minecraft:block	202	minecraft:torchflower
minecraft:block	203	minecraft:poppy
minecraft:block	204	minecraft:blue_orchid
minecraft:block	205	minecraft:allium
minecraft:block	206	minecraft:azure_bluet
minecraft:block	207	minecraft:red_tulip
minecraft:block	208	minecraft:orange_tulip
minecraft:block	209	minecraft:white_tulip
minecraft:block	210	minecraft:pink_tulip
minecraft:block	211	minecraft:oxeye_daisy
minecraft:block	212	minecraft:cornflower
minecraft:block	213	minecraft:wither_rose
minecraft:block	214	minecraft:lily_of_the_valley
minecraft:block	215	minecraft:brown_mushroom
minecraft:block	216	minecraft:red_mushroom
minecraft:block	217	minecraft:gold_block
minecraft:block	218	minecraft:iron_block
minecraft:block	219	minecraft:bricks
minecraft:block	220	minecraft:tnt
minecraft:block	221	minecraft:bookshelf
minecraft:block	222	minecraft:chiseled_bookshelf
minecraft:block	223	minecraft:acacia_shelf
minecraft:block	224	minecraft:bamboo_shelf
minecraft:block	225	minecraft:birch_shelf
minecraft:block	226	minecraft:cherry_shelf
minecraft:block	227	minecraft:crimson_shelf
minecraft:block	228	minecraft:dark_oak_shelf
minecraft:block	229	minecraft:jungle_shelf
minecraft:block	230	minecraft:mangrove_shelf
minecraft:block	231	minecraft:oak_shelf
minecraft:block	232	minecraft:pale_oak_shelf
minecraft:block	233	minecraft:poplar_shelf
minecraft:block	234	minecraft:spruce_shelf
minecraft:block	235	minecraft:warped_shelf
minecraft:block	236	minecraft:mossy_cobblestone
minecraft:block	237	minecraft:obsidian
minecraft:block	238	minecraft:torch
minecraft:block	239	minecraft:wall_torch
minecraft:block	240	minecraft:fire
minecraft:block	241	minecraft:soul_fire
minecraft:block	242	minecraft:spawner
minecraft:block	243	minecraft:creaking_heart
minecraft:block	244	minecraft:oak_stairs
minecraft:block	245	minecraft:chest
minecraft:block	246	minecraft:redstone_wire
minecraft:block	247	minecraft:diamond_ore
minecraft:block	248	minecraft:deepslate_diamond_ore
minecraft:block	249	minecraft:diamond_block
minecraft:block	250	minecraft:crafting_table
minecraft:block	251	minecraft:wheat
minecraft:block	252	minecraft:farmland
minecraft:block	253	minecraft:furnace
minecraft:block	254	minecraft:oak_sign
minecraft:block	255	minecraft:spruce_sign
minecraft:block	256	minecraft:birch_sign
minecraft:block	257	minecraft:acacia_sign
minecraft:block	258	minecraft:cherry_sign
minecraft:block	259	minecraft:jungle_sign
minecraft:block	260	minecraft:dark_oak_sign
minecraft:block	261	minecraft:pale_oak_sign
minecraft:block	262	minecraft:mangrove_sign
minecraft:block	263	minecraft:poplar_sign
minecraft:block	264	minecraft:bamboo_sign
minecraft:block	265	minecraft:oak_door
minecraft:block	266	minecraft:ladder
minecraft:block	267	minecraft:rail
minecraft:block	268	minecraft:cobblestone_stairs
minecraft:block	269	minecraft:oak_wall_sign
minecraft:block	270	minecraft:spruce_wall_sign
minecraft:block	271	minecraft:birch_wall_sign
minecraft:block	272	minecraft:acacia_wall_sign
minecraft:block	273	minecraft:cherry_wall_sign
minecraft:block	274	minecraft:jungle_wall_sign
minecraft:block	275	minecraft:dark_oak_wall_sign
minecraft:block	276	minecraft:pale_oak_wall_sign
minecraft:block	277	minecraft:mangrove_wall_sign
minecraft:block	278	minecraft:poplar_wall_sign
minecraft:block	279	minecraft:bamboo_wall_sign
minecraft:block	280	minecraft:oak_hanging_sign
minecraft:block	281	minecraft:spruce_hanging_sign
minecraft:block	282	minecraft:birch_hanging_sign
minecraft:block	283	minecraft:acacia_hanging_sign
minecraft:block	284	minecraft:cherry_hanging_sign
minecraft:block	285	minecraft:jungle_hanging_sign
minecraft:block	286	minecraft:dark_oak_hanging_sign
minecraft:block	287	minecraft:pale_oak_hanging_sign
minecraft:block	288	minecraft:crimson_hanging_sign
minecraft:block	289	minecraft:warped_hanging_sign
minecraft:block	290	minecraft:mangrove_hanging_sign
minecraft:block	291	minecraft:poplar_hanging_sign
minecraft:block	292	minecraft:bamboo_hanging_sign
minecraft:block	293	minecraft:oak_wall_hanging_sign
minecraft:block	294	minecraft:spruce_wall_hanging_sign
minecraft:block	295	minecraft:birch_wall_hanging_sign
minecraft:block	296	minecraft:acacia_wall_hanging_sign
minecraft:block	297	minecraft:cherry_wall_hanging_sign
minecraft:block	298	minecraft:jungle_wall_hanging_sign
minecraft:block	299	minecraft:dark_oak_wall_hanging_sign
minecraft:block	300	minecraft:pale_oak_wall_hanging_sign
minecraft:block	301	minecraft:mangrove_wall_hanging_sign
minecraft:block	302	minecraft:poplar_wall_hanging_sign
minecraft:block	303	minecraft:crimson_wall_hanging_sign
minecraft:block	304	minecraft:warped_wall_hanging_sign
minecraft:block	305	minecraft:bamboo_wall_hanging_sign
minecraft:block	306	minecraft:lever
minecraft:block	307	minecraft:stone_pressure_plate
minecraft:block	308	minecraft:iron_door
minecraft:block	309	minecraft:oak_pressure_plate
minecraft:block	310	minecraft:spruce_pressure_plate
minecraft:block	311	minecraft:birch_pressure_plate
minecraft:block	312	minecraft:jungle_pressure_plate
minecraft:block	313	minecraft:acacia_pressure_plate
minecraft:block	314	minecraft:cherry_pressure_plate
minecraft:block	315	minecraft:dark_oak_pressure_plate
minecraft:block	316	minecraft:pale_oak_pressure_plate
minecraft:block	317	minecraft:mangrove_pressure_plate
minecraft:block	318	minecraft:poplar_pressure_plate
minecraft:block	319	minecraft:bamboo_pressure_plate
minecraft:block	320	minecraft:redstone_ore
minecraft:block	321	minecraft:deepslate_redstone_ore
minecraft:block	322	minecraft:redstone_torch
minecraft:block	323	minecraft:redstone_wall_torch
minecraft:block	324	minecraft:stone_button
minecraft:block	325	minecraft:snow
minecraft:block	326	minecraft:ice
minecraft:block	327	minecraft:snow_block
minecraft:block	328	minecraft:cactus
minecraft:block	329	minecraft:cactus_flower
minecraft:block	330	minecraft:clay
minecraft:block	331	minecraft:sugar_cane
minecraft:block	332	minecraft:jukebox
minecraft:block	333	minecraft:oak_fence
minecraft:block	334	minecraft:netherrack
minecraft:block	335	minecraft:soul_sand
minecraft:block	336	minecraft:soul_soil
minecraft:block	337	minecraft:basalt
minecraft:block	338	minecraft:polished_basalt
minecraft:block	339	minecraft:soul_torch
minecraft:block	340	minecraft:soul_wall_torch
minecraft:block	341	minecraft:copper_torch
minecraft:block	342	minecraft:copper_wall_torch
minecraft:block	343	minecraft:glowstone
minecraft:block	344	minecraft:nether_portal
minecraft:block	345	minecraft:carved_pumpkin
minecraft:block	346	minecraft:jack_o_lantern
minecraft:block	347	minecraft:cake
minecraft:block	348	minecraft:repeater
minecraft:block	349	minecraft:white_stained_glass
minecraft:block	350	minecraft:orange_stained_glass
minecraft:block	351	minecraft:magenta_stained_glass
minecraft:block	352	minecraft:light_blue_stained_glass
minecraft:block	353	minecraft:yellow_stained_glass
minecraft:block	354	minecraft:lime_stained_glass
minecraft:block	355	minecraft:pink_stained_glass
minecraft:block	356	minecraft:gray_stained_glass
minecraft:block	357	minecraft:light_gray_stained_glass
minecraft:block	358	minecraft:cyan_stained_glass
minecraft:block	359	minecraft:purple_stained_glass
minecraft:block	360	minecraft:blue_stained_glass
minecraft:block	361	minecraft:brown_stained_glass
minecraft:block	362	minecraft:green_stained_glass
minecraft:block	363	minecraft:red_stained_glass
minecraft:block	364	minecraft:black_stained_glass
minecraft:block	365	minecraft:oak_trapdoor
minecraft:block	366	minecraft:spruce_trapdoor
minecraft:block	367	minecraft:birch_trapdoor
minecraft:block	368	minecraft:jungle_trapdoor
minecraft:block	369	minecraft:acacia_trapdoor
minecraft:block	370	minecraft:cherry_trapdoor
minecraft:block	371	minecraft:dark_oak_trapdoor
minecraft:block	372	minecraft:pale_oak_trapdoor
minecraft:block	373	minecraft:mangrove_trapdoor
minecraft:block	374	minecraft:poplar_trapdoor
minecraft:block	375	minecraft:bamboo_trapdoor
minecraft:block	376	minecraft:stone_bricks
minecraft:block	377	minecraft:mossy_stone_bricks
minecraft:block	378	minecraft:cracked_stone_bricks
minecraft:block	379	minecraft:chiseled_stone_bricks
minecraft:block	380	minecraft:packed_mud
minecraft:block	381	minecraft:mud_bricks
minecraft:block	382	minecraft:infested_stone
minecraft:block	383	minecraft:infested_cobblestone
minecraft:block	384	minecraft:infested_stone_bricks
minecraft:block	385	minecraft:infested_mossy_stone_bricks
minecraft:block	386	minecraft:infested_cracked_stone_bricks
minecraft:block	387	minecraft:infested_chiseled_stone_bricks
minecraft:block	388	minecraft:brown_mushroom_block
minecraft:block	389	minecraft:red_mushroom_block
minecraft:block	390	minecraft:mushroom_stem
minecraft:block	391	minecraft:iron_bars
minecraft:block	392	minecraft:copper_bars
minecraft:block	393	minecraft:exposed_copper_bars
minecraft:block	394	minecraft:weathered_copper_bars
minecraft:block	395	minecraft:oxidized_copper_bars
minecraft:block	396	minecraft:waxed_copper_bars
minecraft:block	397	minecraft:waxed_exposed_copper_bars
minecraft:block	398	minecraft:waxed_weathered_copper_bars
minecraft:block	399	minecraft:waxed_oxidized_copper_bars
minecraft:block	400	minecraft:iron_chain
minecraft:block	401	minecraft:copper_chain
minecraft:block	402	minecraft:exposed_copper_chain
minecraft:block	403	minecraft:weathered_copper_chain
minecraft:block	404	minecraft:oxidized_copper_chain
minecraft:block	405	minecraft:waxed_copper_chain
minecraft:block	406	minecraft:waxed_exposed_copper_chain
minecraft:block	407	minecraft:waxed_weathered_copper_chain
minecraft:block	408	minecraft:waxed_oxidized_copper_chain
minecraft:block	409	minecraft:glass_pane
minecraft:block	410	minecraft:pumpkin
minecraft:block	411	minecraft:melon
minecraft:block	412	minecraft:attached_pumpkin_stem
minecraft:block	413	minecraft:attached_melon_stem
minecraft:block	414	minecraft:pumpkin_stem
minecraft:block	415	minecraft:melon_stem
minecraft:block	416	minecraft:vine
minecraft:block	417	minecraft:glow_lichen
minecraft:block	418	minecraft:resin_clump
minecraft:block	419	minecraft:oak_fence_gate
minecraft:block	420	minecraft:brick_stairs
minecraft:block	421	minecraft:stone_brick_stairs
minecraft:block	422	minecraft:mud_brick_stairs
minecraft:block	423	minecraft:mycelium
minecraft:block	424	minecraft:lily_pad
minecraft:block	425	minecraft:resin_block
minecraft:block	426	minecraft:resin_bricks
minecraft:block	427	minecraft:resin_brick_stairs
minecraft:block	428	minecraft:resin_brick_slab
minecraft:block	429	minecraft:resin_brick_wall
minecraft:block	430	minecraft:chiseled_resin_bricks
minecraft:block	431	minecraft:nether_bricks
minecraft:block	432	minecraft:nether_brick_fence
minecraft:block	433	minecraft:nether_brick_stairs
minecraft:block	434	minecraft:nether_wart
minecraft:block	435	minecraft:enchanting_table
minecraft:block	436	minecraft:brewing_stand
minecraft:block	437	minecraft:cauldron
minecraft:block	438	minecraft:water_cauldron
minecraft:block	439	minecraft:lava_cauldron
minecraft:block	440	minecraft:powder_snow_cauldron
minecraft:block	441	minecraft:end_portal
minecraft:block	442	minecraft:end_portal_frame
minecraft:block	443	minecraft:end_stone
minecraft:block	444	minecraft:dragon_egg
minecraft:block	445	minecraft:redstone_lamp
minecraft:block	446	minecraft:cocoa
minecraft:block	447	minecraft:shelf_mushroom
minecraft:block	448	minecraft:sandstone_stairs
minecraft:block	449	minecraft:emerald_ore
minecraft:block	450	minecraft:deepslate_emerald_ore
minecraft:block	451	minecraft:ender_chest
minecraft:block	452	minecraft:tripwire_hook
minecraft:block	453	minecraft:tripwire
minecraft:block	454	minecraft:emerald_block
minecraft:block	455	minecraft:spruce_stairs
minecraft:block	456	minecraft:birch_stairs
minecraft:block	457	minecraft:jungle_stairs
minecraft:block	458	minecraft:command_block
minecraft:block	459	minecraft:beacon
minecraft:block	460	minecraft:cobblestone_wall
minecraft:block	461	minecraft:mossy_cobblestone_wall
minecraft:block	462	minecraft:flower_pot
minecraft:block	463	minecraft:potted_torchflower
minecraft:block	464	minecraft:potted_oak_sapling
minecraft:block	465	minecraft:potted_spruce_sapling
minecraft:block	466	minecraft:potted_birch_sapling
minecraft:block	467	minecraft:potted_jungle_sapling
minecraft:block	468	minecraft:potted_acacia_sapling
minecraft:block	469	minecraft:potted_cherry_sapling
minecraft:block	470	minecraft:potted_dark_oak_sapling
minecraft:block	471	minecraft:potted_pale_oak_sapling
minecraft:block	472	minecraft:potted_poplar_sapling
minecraft:block	473	minecraft:potted_mangrove_propagule
minecraft:block	474	minecraft:potted_fern
minecraft:block	475	minecraft:potted_dandelion
minecraft:block	476	minecraft:potted_golden_dandelion
minecraft:block	477	minecraft:potted_poppy
minecraft:block	478	minecraft:potted_blue_orchid
minecraft:block	479	minecraft:potted_allium
minecraft:block	480	minecraft:potted_azure_bluet
minecraft:block	481	minecraft:potted_red_tulip
minecraft:block	482	minecraft:potted_orange_tulip
minecraft:block	483	minecraft:potted_white_tulip
minecraft:block	484	minecraft:potted_pink_tulip
minecraft:block	485	minecraft:potted_oxeye_daisy
minecraft:block	486	minecraft:potted_cornflower
minecraft:block	487	minecraft:potted_lily_of_the_valley
minecraft:block	488	minecraft:potted_wither_rose
minecraft:block	489	minecraft:potted_red_mushroom
minecraft:block	490	minecraft:potted_brown_mushroom
minecraft:block	491	minecraft:potted_dead_bush
minecraft:block	492	minecraft:potted_cactus
minecraft:block	493	minecraft:carrots
minecraft:block	494	minecraft:potatoes
minecraft:block	495	minecraft:oak_button
minecraft:block	496	minecraft:spruce_button
minecraft:block	497	minecraft:birch_button
minecraft:block	498	minecraft:jungle_button
minecraft:block	499	minecraft:acacia_button
minecraft:block	500	minecraft:cherry_button
minecraft:block	501	minecraft:dark_oak_button
minecraft:block	502	minecraft:pale_oak_button
minecraft:block	503	minecraft:mangrove_button
minecraft:block	504	minecraft:poplar_button
minecraft:block	505	minecraft:bamboo_button
minecraft:block	506	minecraft:skeleton_skull
minecraft:block	507	minecraft:skeleton_wall_skull
minecraft:block	508	minecraft:wither_skeleton_skull
minecraft:block	509	minecraft:wither_skeleton_wall_skull
minecraft:block	510	minecraft:zombie_head
minecraft:block	511	minecraft:zombie_wall_head
minecraft:block	512	minecraft:player_head
minecraft:block	513	minecraft:player_wall_head
minecraft:block	514	minecraft:creeper_head
minecraft:block	515	minecraft:creeper_wall_head
minecraft:block	516	minecraft:dragon_head
minecraft:block	517	minecraft:dragon_wall_head
minecraft:block	518	minecraft:piglin_head
minecraft:block	519	minecraft:piglin_wall_head
minecraft:block	520	minecraft:anvil
minecraft:block	521	minecraft:chipped_anvil
minecraft:block	522	minecraft:damaged_anvil
minecraft:block	523	minecraft:trapped_chest
minecraft:block	524	minecraft:light_weighted_pressure_plate
minecraft:block	525	minecraft:heavy_weighted_pressure_plate
minecraft:block	526	minecraft:comparator
minecraft:block	527	minecraft:daylight_detector
minecraft:block	528	minecraft:redstone_block
minecraft:block	529	minecraft:nether_quartz_ore
minecraft:block	530	minecraft:hopper
minecraft:block	531	minecraft:quartz_block
minecraft:block	532	minecraft:chiseled_quartz_block
minecraft:block	533	minecraft:quartz_pillar
minecraft:block	534	minecraft:quartz_stairs
minecraft:block	535	minecraft:activator_rail
minecraft:block	536	minecraft:dropper
minecraft:block	537	minecraft:white_terracotta
minecraft:block	538	minecraft:orange_terracotta
minecraft:block	539	minecraft:magenta_terracotta
minecraft:block	540	minecraft:light_blue_terracotta
minecraft:block	541	minecraft:yellow_terracotta
minecraft:block	542	minecraft:lime_terracotta
minecraft:block	543	minecraft:pink_terracotta
minecraft:block	544	minecraft:gray_terracotta
minecraft:block	545	minecraft:light_gray_terracotta
minecraft:block	546	minecraft:cyan_terracotta
minecraft:block	547	minecraft:purple_terracotta
minecraft:block	548	minecraft:blue_terracotta
minecraft:block	549	minecraft:brown_terracotta
minecraft:block	550	minecraft:green_terracotta
minecraft:block	551	minecraft:red_terracotta
minecraft:block	552	minecraft:black_terracotta
minecraft:block	553	minecraft:white_stained_glass_pane
minecraft:block	554	minecraft:orange_stained_glass_pane
minecraft:block	555	minecraft:magenta_stained_glass_pane
minecraft:block	556	minecraft:light_blue_stained_glass_pane
minecraft:block	557	minecraft:yellow_stained_glass_pane
minecraft:block	558	minecraft:lime_stained_glass_pane
minecraft:block	559	minecraft:pink_stained_glass_pane
minecraft:block	560	minecraft:gray_stained_glass_pane
minecraft:block	561	minecraft:light_gray_stained_glass_pane
minecraft:block	562	minecraft:cyan_stained_glass_pane
minecraft:block	563	minecraft:purple_stained_glass_pane
minecraft:block	564	minecraft:blue_stained_glass_pane
minecraft:block	565	minecraft:brown_stained_glass_pane
minecraft:block	566	minecraft:green_stained_glass_pane
minecraft:block	567	minecraft:red_stained_glass_pane
minecraft:block	568	minecraft:black_stained_glass_pane
minecraft:block	569	minecraft:acacia_stairs
minecraft:block	570	minecraft:cherry_stairs
minecraft:block	571	minecraft:dark_oak_stairs
minecraft:block	572	minecraft:pale_oak_stairs
minecraft:block	573	minecraft:mangrove_stairs
minecraft:block	574	minecraft:poplar_stairs
minecraft:block	575	minecraft:bamboo_stairs
minecraft:block	576	minecraft:bamboo_mosaic_stairs
minecraft:block	577	minecraft:slime_block
minecraft:block	578	minecraft:barrier
minecraft:block	579	minecraft:light
minecraft:block	580	minecraft:iron_trapdoor
minecraft:block	581	minecraft:prismarine
minecraft:block	582	minecraft:prismarine_bricks
minecraft:block	583	minecraft:dark_prismarine
minecraft:block	584	minecraft:prismarine_stairs
minecraft:block	585	minecraft:prismarine_brick_stairs
minecraft:block	586	minecraft:dark_prismarine_stairs
minecraft:block	587	minecraft:prismarine_slab
minecraft:block	588	minecraft:prismarine_brick_slab
minecraft:block	589	minecraft:dark_prismarine_slab
minecraft:block	590	minecraft:sea_lantern
minecraft:block	591	minecraft:hay_block
minecraft:block	592	minecraft:white_carpet
minecraft:block	593	minecraft:orange_carpet
minecraft:block	594	minecraft:magenta_carpet
minecraft:block	595	minecraft:light_blue_carpet
minecraft:block	596	minecraft:yellow_carpet
minecraft:block	597	minecraft:lime_carpet
minecraft:block	598	minecraft:pink_carpet
minecraft:block	599	minecraft:gray_carpet
minecraft:block	600	minecraft:light_gray_carpet
minecraft:block	601	minecraft:cyan_carpet
minecraft:block	602	minecraft:purple_carpet
minecraft:block	603	minecraft:blue_carpet
minecraft:block	604	minecraft:brown_carpet
minecraft:block	605	minecraft:green_carpet
minecraft:block	606	minecraft:red_carpet
minecraft:block	607	minecraft:black_carpet
minecraft:block	608	minecraft:terracotta
minecraft:block	609	minecraft:coal_block
minecraft:block	610	minecraft:packed_ice
minecraft:block	611	minecraft:sunflower
minecraft:block	612	minecraft:lilac
minecraft:block	613	minecraft:rose_bush
minecraft:block	614	minecraft:peony
minecraft:block	615	minecraft:tall_grass
minecraft:block	616	minecraft:large_fern
minecraft:block	617	minecraft:white_banner
minecraft:block	618	minecraft:orange_banner
minecraft:block	619	minecraft:magenta_banner
minecraft:block	620	minecraft:light_blue_banner
minecraft:block	621	minecraft:yellow_banner
minecraft:block	622	minecraft:lime_banner
minecraft:block	623	minecraft:pink_banner
minecraft:block	624	minecraft:gray_banner
minecraft:block	625	minecraft:light_gray_banner
minecraft:block	626	minecraft:cyan_banner
minecraft:block	627	minecraft:purple_banner
minecraft:block	628	minecraft:blue_banner
minecraft:block	629	minecraft:brown_banner
minecraft:block	630	minecraft:green_banner
minecraft:block	631	minecraft:red_banner
minecraft:block	632	minecraft:black_banner
minecraft:block	633	minecraft:white_wall_banner
minecraft:block	634	minecraft:orange_wall_banner
minecraft:block	635	minecraft:magenta_wall_banner
minecraft:block	636	minecraft:light_blue_wall_banner
minecraft:block	637	minecraft:yellow_wall_banner
minecraft:block	638	minecraft:lime_wall_banner
minecraft:block	639	minecraft:pink_wall_banner
minecraft:block	640	minecraft:gray_wall_banner
minecraft:block	641	minecraft:light_gray_wall_banner
minecraft:block	642	minecraft:cyan_wall_banner
minecraft:block	643	minecraft:purple_wall_banner
minecraft:block	644	minecraft:blue_wall_banner
minecraft:block	645	minecraft:brown_wall_banner
minecraft:block	646	minecraft:green_wall_banner
minecraft:block	647	minecraft:red_wall_banner
minecraft:block	648	minecraft:black_wall_banner
minecraft:block	649	minecraft:red_sandstone
minecraft:block	650	minecraft:chiseled_red_sandstone
minecraft:block	651	minecraft:cut_red_sandstone
minecraft:block	652	minecraft:red_sandstone_stairs
minecraft:block	653	minecraft:oak_slab
minecraft:block	654	minecraft:spruce_slab
minecraft:block	655	minecraft:birch_slab
minecraft:block	656	minecraft:jungle_slab
minecraft:block	657	minecraft:acacia_slab
minecraft:block	658	minecraft:cherry_slab
minecraft:block	659	minecraft:dark_oak_slab
minecraft:block	660	minecraft:pale_oak_slab
minecraft:block	661	minecraft:mangrove_slab
minecraft:block	662	minecraft:poplar_slab
minecraft:block	663	minecraft:bamboo_slab
minecraft:block	664	minecraft:bamboo_mosaic_slab
minecraft:block	665	minecraft:stone_slab
minecraft:block	666	minecraft:sandstone_slab
minecraft:block	667	minecraft:cut_sandstone_slab
minecraft:block	668	minecraft:petrified_oak_slab
minecraft:block	669	minecraft:cobblestone_slab
minecraft:block	670	minecraft:brick_slab
minecraft:block	671	minecraft:stone_brick_slab
minecraft:block	672	minecraft:mud_brick_slab
minecraft:block	673	minecraft:nether_brick_slab
minecraft:block	674	minecraft:quartz_slab
minecraft:block	675	minecraft:red_sandstone_slab
minecraft:block	676	minecraft:cut_red_sandstone_slab
minecraft:block	677	minecraft:smooth_stone
minecraft:block	678	minecraft:smooth_stone_slab
minecraft:block	679	minecraft:smooth_sandstone
minecraft:block	680	minecraft:smooth_quartz
minecraft:block	681	minecraft:smooth_red_sandstone
minecraft:block	682	minecraft:spruce_fence_gate
minecraft:block	683	minecraft:birch_fence_gate
minecraft:block	684	minecraft:jungle_fence_gate
minecraft:block	685	minecraft:acacia_fence_gate
minecraft:block	686	minecraft:cherry_fence_gate
minecraft:block	687	minecraft:dark_oak_fence_gate
minecraft:block	688	minecraft:pale_oak_fence_gate
minecraft:block	689	minecraft:mangrove_fence_gate
minecraft:block	690	minecraft:poplar_fence_gate
minecraft:block	691	minecraft:bamboo_fence_gate
minecraft:block	692	minecraft:spruce_fence
minecraft:block	693	minecraft:birch_fence
minecraft:block	694	minecraft:jungle_fence
minecraft:block	695	minecraft:acacia_fence
minecraft:block	696	minecraft:cherry_fence
minecraft:block	697	minecraft:dark_oak_fence
minecraft:block	698	minecraft:pale_oak_fence
minecraft:block	699	minecraft:mangrove_fence
minecraft:block	700	minecraft:poplar_fence
minecraft:block	701	minecraft:bamboo_fence
minecraft:block	702	minecraft:spruce_door
minecraft:block	703	minecraft:birch_door
minecraft:block	704	minecraft:jungle_door
minecraft:block	705	minecraft:acacia_door
minecraft:block	706	minecraft:cherry_door
minecraft:block	707	minecraft:dark_oak_door
minecraft:block	708	minecraft:pale_oak_door
minecraft:block	709	minecraft:mangrove_door
minecraft:block	710	minecraft:poplar_door
minecraft:block	711	minecraft:bamboo_door
minecraft:block	712	minecraft:end_rod
minecraft:block	713	minecraft:chorus_plant
minecraft:block	714	minecraft:chorus_flower
minecraft:block	715	minecraft:purpur_block
minecraft:block	716	minecraft:purpur_slab
minecraft:block	717	minecraft:purpur_pillar
minecraft:block	718	minecraft:purpur_stairs
minecraft:block	719	minecraft:end_stone_bricks
minecraft:block	720	minecraft:torchflower_crop
minecraft:block	721	minecraft:pitcher_crop
minecraft:block	722	minecraft:pitcher_plant
minecraft:block	723	minecraft:beetroots
minecraft:block	724	minecraft:dirt_path
minecraft:block	725	minecraft:end_gateway
minecraft:block	726	minecraft:repeating_command_block
minecraft:block	727	minecraft:chain_command_block
minecraft:block	728	minecraft:frosted_ice
minecraft:block	729	minecraft:magma_block
minecraft:block	730	minecraft:nether_wart_block
minecraft:block	731	minecraft:red_nether_bricks
minecraft:block	732	minecraft:bone_block
minecraft:block	733	minecraft:structure_void
minecraft:block	734	minecraft:observer
minecraft:block	735	minecraft:shulker_box
minecraft:block	736	minecraft:white_shulker_box
minecraft:block	737	minecraft:orange_shulker_box
minecraft:block	738	minecraft:magenta_shulker_box
minecraft:block	739	minecraft:light_blue_shulker_box
minecraft:block	740	minecraft:yellow_shulker_box
minecraft:block	741	minecraft:lime_shulker_box
minecraft:block	742	minecraft:pink_shulker_box
minecraft:block	743	minecraft:gray_shulker_box
minecraft:block	744	minecraft:light_gray_shulker_box
minecraft:block	745	minecraft:cyan_shulker_box
minecraft:block	746	minecraft:purple_shulker_box
minecraft:block	747	minecraft:blue_shulker_box
minecraft:block	748	minecraft:brown_shulker_box
minecraft:block	749	minecraft:green_shulker_box
minecraft:block	750	minecraft:red_shulker_box
minecraft:block	751	minecraft:black_shulker_box
minecraft:block	752	minecraft:white_glazed_terracotta
minecraft:block	753	minecraft:orange_glazed_terracotta
minecraft:block	754	minecraft:magenta_glazed_terracotta
minecraft:block	755	minecraft:light_blue_glazed_terracotta
minecraft:block	756	minecraft:yellow_glazed_terracotta
minecraft:block	757	minecraft:lime_glazed_terracotta
minecraft:block	758	minecraft:pink_glazed_terracotta
minecraft:block	759	minecraft:gray_glazed_terracotta
minecraft:block	760	minecraft:light_gray_glazed_terracotta
minecraft:block	761	minecraft:cyan_glazed_terracotta
minecraft:block	762	minecraft:purple_glazed_terracotta
minecraft:block	763	minecraft:blue_glazed_terracotta
minecraft:block	764	minecraft:brown_glazed_terracotta
minecraft:block	765	minecraft:green_glazed_terracotta
minecraft:block	766	minecraft:red_glazed_terracotta
minecraft:block	767	minecraft:black_glazed_terracotta
minecraft:block	768	minecraft:white_concrete
minecraft:block	769	minecraft:orange_concrete
minecraft:block	770	minecraft:magenta_concrete
minecraft:block	771	minecraft:light_blue_concrete
minecraft:block	772	minecraft:yellow_concrete
minecraft:block	773	minecraft:lime_concrete
minecraft:block	774	minecraft:pink_concrete
minecraft:block	775	minecraft:gray_concrete
minecraft:block	776	minecraft:light_gray_concrete
minecraft:block	777	minecraft:cyan_concrete
minecraft:block	778	minecraft:purple_concrete
minecraft:block	779	minecraft:blue_concrete
minecraft:block	780	minecraft:brown_concrete
minecraft:block	781	minecraft:green_concrete
minecraft:block	782	minecraft:red_concrete
minecraft:block	783	minecraft:black_concrete
minecraft:block	784	minecraft:white_concrete_stairs
minecraft:block	785	minecraft:orange_concrete_stairs
minecraft:block	786	minecraft:magenta_concrete_stairs
minecraft:block	787	minecraft:light_blue_concrete_stairs
minecraft:block	788	minecraft:yellow_concrete_stairs
minecraft:block	789	minecraft:lime_concrete_stairs
minecraft:block	790	minecraft:pink_concrete_stairs
minecraft:block	791	minecraft:gray_concrete_stairs
minecraft:block	792	minecraft:light_gray_concrete_stairs
minecraft:block	793	minecraft:cyan_concrete_stairs
minecraft:block	794	minecraft:purple_concrete_stairs
minecraft:block	795	minecraft:blue_concrete_stairs
minecraft:block	796	minecraft:brown_concrete_stairs
minecraft:block	797	minecraft:green_concrete_stairs
minecraft:block	798	minecraft:red_concrete_stairs
minecraft:block	799	minecraft:black_concrete_stairs
minecraft:block	800	minecraft:white_concrete_slab
minecraft:block	801	minecraft:orange_concrete_slab
minecraft:block	802	minecraft:magenta_concrete_slab
minecraft:block	803	minecraft:light_blue_concrete_slab
minecraft:block	804	minecraft:yellow_concrete_slab
minecraft:block	805	minecraft:lime_concrete_slab
minecraft:block	806	minecraft:pink_concrete_slab
minecraft:block	807	minecraft:gray_concrete_slab
minecraft:block	808	minecraft:light_gray_concrete_slab
minecraft:block	809	minecraft:cyan_concrete_slab
minecraft:block	810	minecraft:purple_concrete_slab
minecraft:block	811	minecraft:blue_concrete_slab
minecraft:block	812	minecraft:brown_concrete_slab
minecraft:block	813	minecraft:green_concrete_slab
minecraft:block	814	minecraft:red_concrete_slab
minecraft:block	815	minecraft:black_concrete_slab
minecraft:block	816	minecraft:white_concrete_powder
minecraft:block	817	minecraft:orange_concrete_powder
minecraft:block	818	minecraft:magenta_concrete_powder
minecraft:block	819	minecraft:light_blue_concrete_powder
minecraft:block	820	minecraft:yellow_concrete_powder
minecraft:block	821	minecraft:lime_concrete_powder
minecraft:block	822	minecraft:pink_concrete_powder
minecraft:block	823	minecraft:gray_concrete_powder
minecraft:block	824	minecraft:light_gray_concrete_powder
minecraft:block	825	minecraft:cyan_concrete_powder
minecraft:block	826	minecraft:purple_concrete_powder
minecraft:block	827	minecraft:blue_concrete_powder
minecraft:block	828	minecraft:brown_concrete_powder
minecraft:block	829	minecraft:green_concrete_powder
minecraft:block	830	minecraft:red_concrete_powder
minecraft:block	831	minecraft:black_concrete_powder
minecraft:block	832	minecraft:kelp
minecraft:block	833	minecraft:kelp_plant
minecraft:block	834	minecraft:dried_kelp_block
minecraft:block	835	minecraft:turtle_egg
minecraft:block	836	minecraft:sniffer_egg
minecraft:block	837	minecraft:dried_ghast
minecraft:block	838	minecraft:dead_tube_coral_block
minecraft:block	839	minecraft:dead_brain_coral_block
minecraft:block	840	minecraft:dead_bubble_coral_block
minecraft:block	841	minecraft:dead_fire_coral_block
minecraft:block	842	minecraft:dead_horn_coral_block
minecraft:block	843	minecraft:tube_coral_block
minecraft:block	844	minecraft:brain_coral_block
minecraft:block	845	minecraft:bubble_coral_block
minecraft:block	846	minecraft:fire_coral_block
minecraft:block	847	minecraft:horn_coral_block
minecraft:block	848	minecraft:dead_tube_coral
minecraft:block	849	minecraft:dead_brain_coral
minecraft:block	850	minecraft:dead_bubble_coral
minecraft:block	851	minecraft:dead_fire_coral
minecraft:block	852	minecraft:dead_horn_coral
minecraft:block	853	minecraft:tube_coral
minecraft:block	854	minecraft:brain_coral
minecraft:block	855	minecraft:bubble_coral
minecraft:block	856	minecraft:fire_coral
minecraft:block	857	minecraft:horn_coral
minecraft:block	858	minecraft:dead_tube_coral_fan
minecraft:block	859	minecraft:dead_brain_coral_fan
minecraft:block	860	minecraft:dead_bubble_coral_fan
minecraft:block	861	minecraft:dead_fire_coral_fan
minecraft:block	862	minecraft:dead_horn_coral_fan
minecraft:block	863	minecraft:tube_coral_fan
minecraft:block	864	minecraft:brain_coral_fan
minecraft:block	865	minecraft:bubble_coral_fan
minecraft:block	866	minecraft:fire_coral_fan
minecraft:block	867	minecraft:horn_coral_fan
minecraft:block	868	minecraft:dead_tube_coral_wall_fan
minecraft:block	869	minecraft:dead_brain_coral_wall_fan
minecraft:block	870	minecraft:dead_bubble_coral_wall_fan
minecraft:block	871	minecraft:dead_fire_coral_wall_fan
minecraft:block	872	minecraft:dead_horn_coral_wall_fan
minecraft:block	873	minecraft:tube_coral_wall_fan
minecraft:block	874	minecraft:brain_coral_wall_fan
minecraft:block	875	minecraft:bubble_coral_wall_fan
minecraft:block	876	minecraft:fire_coral_wall_fan
minecraft:block	877	minecraft:horn_coral_wall_fan
minecraft:block	878	minecraft:sea_pickle
minecraft:block	879	minecraft:blue_ice
minecraft:block	880	minecraft:conduit
minecraft:block	881	minecraft:bamboo_sapling
minecraft:block	882	minecraft:bamboo
minecraft:block	883	minecraft:potted_bamboo
minecraft:block	884	minecraft:void_air
minecraft:block	885	minecraft:cave_air
minecraft:block	886	minecraft:bubble_column
minecraft:block	887	minecraft:polished_granite_stairs
minecraft:block	888	minecraft:smooth_red_sandstone_stairs
minecraft:block	889	minecraft:mossy_stone_brick_stairs
minecraft:block	890	minecraft:polished_diorite_stairs
minecraft:block	891	minecraft:mossy_cobblestone_stairs
minecraft:block	892	minecraft:end_stone_brick_stairs
minecraft:block	893	minecraft:stone_stairs
minecraft:block	894	minecraft:smooth_sandstone_stairs
minecraft:block	895	minecraft:smooth_quartz_stairs
minecraft:block	896	minecraft:granite_stairs
minecraft:block	897	minecraft:andesite_stairs
minecraft:block	898	minecraft:red_nether_brick_stairs
minecraft:block	899	minecraft:polished_andesite_stairs
minecraft:block	900	minecraft:diorite_stairs
minecraft:block	901	minecraft:polished_granite_slab
minecraft:block	902	minecraft:smooth_red_sandstone_slab
minecraft:block	903	minecraft:mossy_stone_brick_slab
minecraft:block	904	minecraft:polished_diorite_slab
minecraft:block	905	minecraft:mossy_cobblestone_slab
minecraft:block	906	minecraft:end_stone_brick_slab
minecraft:block	907	minecraft:smooth_sandstone_slab
minecraft:block	908	minecraft:smooth_quartz_slab
minecraft:block	909	minecraft:granite_slab
minecraft:block	910	minecraft:andesite_slab
minecraft:block	911	minecraft:red_nether_brick_slab
minecraft:block	912	minecraft:polished_andesite_slab
minecraft:block	913	minecraft:diorite_slab
minecraft:block	914	minecraft:brick_wall
minecraft:block	915	minecraft:prismarine_wall
minecraft:block	916	minecraft:red_sandstone_wall
minecraft:block	917	minecraft:mossy_stone_brick_wall
minecraft:block	918	minecraft:granite_wall
minecraft:block	919	minecraft:stone_brick_wall
minecraft:block	920	minecraft:mud_brick_wall
minecraft:block	921	minecraft:nether_brick_wall
minecraft:block	922	minecraft:andesite_wall
minecraft:block	923	minecraft:red_nether_brick_wall
minecraft:block	924	minecraft:sandstone_wall
minecraft:block	925	minecraft:end_stone_brick_wall
minecraft:block	926	minecraft:diorite_wall
minecraft:block	927	minecraft:scaffolding
minecraft:block	928	minecraft:loom
minecraft:block	929	minecraft:barrel
minecraft:block	930	minecraft:smoker
minecraft:block	931	minecraft:blast_furnace
minecraft:block	932	minecraft:cartography_table
minecraft:block	933	minecraft:fletching_table
minecraft:block	934	minecraft:grindstone
minecraft:block	935	minecraft:lectern
minecraft:block	936	minecraft:smithing_table
minecraft:block	937	minecraft:stonecutter
minecraft:block	938	minecraft:bell
minecraft:block	939	minecraft:lantern
minecraft:block	940	minecraft:soul_lantern
minecraft:block	941	minecraft:copper_lantern
minecraft:block	942	minecraft:exposed_copper_lantern
minecraft:block	943	minecraft:weathered_copper_lantern
minecraft:block	944	minecraft:oxidized_copper_lantern
minecraft:block	945	minecraft:waxed_copper_lantern
minecraft:block	946	minecraft:waxed_exposed_copper_lantern
minecraft:block	947	minecraft:waxed_weathered_copper_lantern
minecraft:block	948	minecraft:waxed_oxidized_copper_lantern
minecraft:block	949	minecraft:campfire
minecraft:block	950	minecraft:soul_campfire
minecraft:block	951	minecraft:sweet_berry_bush
minecraft:block	952	minecraft:warped_stem
minecraft:block	953	minecraft:stripped_warped_stem
minecraft:block	954	minecraft:warped_hyphae
minecraft:block	955	minecraft:stripped_warped_hyphae
minecraft:block	956	minecraft:warped_nylium
minecraft:block	957	minecraft:warped_fungus
minecraft:block	958	minecraft:warped_wart_block
minecraft:block	959	minecraft:warped_roots
minecraft:block	960	minecraft:nether_sprouts
minecraft:block	961	minecraft:crimson_stem
minecraft:block	962	minecraft:stripped_crimson_stem
minecraft:block	963	minecraft:crimson_hyphae
minecraft:block	964	minecraft:stripped_crimson_hyphae
minecraft:block	965	minecraft:crimson_nylium
minecraft:block	966	minecraft:crimson_fungus
minecraft:block	967	minecraft:shroomlight
minecraft:block	968	minecraft:weeping_vines
minecraft:block	969	minecraft:weeping_vines_plant
minecraft:block	970	minecraft:twisting_vines
minecraft:block	971	minecraft:twisting_vines_plant
minecraft:block	972	minecraft:crimson_roots
minecraft:block	973	minecraft:crimson_planks
minecraft:block	974	minecraft:warped_planks
minecraft:block	975	minecraft:crimson_slab
minecraft:block	976	minecraft:warped_slab
minecraft:block	977	minecraft:crimson_pressure_plate
minecraft:block	978	minecraft:warped_pressure_plate
minecraft:block	979	minecraft:crimson_fence
minecraft:block	980	minecraft:warped_fence
minecraft:block	981	minecraft:crimson_trapdoor
minecraft:block	982	minecraft:warped_trapdoor
minecraft:block	983	minecraft:crimson_fence_gate
minecraft:block	984	minecraft:warped_fence_gate
minecraft:block	985	minecraft:crimson_stairs
minecraft:block	986	minecraft:warped_stairs
minecraft:block	987	minecraft:crimson_button
minecraft:block	988	minecraft:warped_button
minecraft:block	989	minecraft:crimson_door
minecraft:block	990	minecraft:warped_door
minecraft:block	991	minecraft:crimson_sign
minecraft:block	992	minecraft:warped_sign
minecraft:block	993	minecraft:crimson_wall_sign
minecraft:block	994	minecraft:warped_wall_sign
minecraft:block	995	minecraft:structure_block
minecraft:block	996	minecraft:jigsaw
minecraft:block	997	minecraft:test_block
minecraft:block	998	minecraft:test_instance_block
minecraft:block	999	minecraft:composter
minecraft:block	1000	minecraft:target
minecraft:block	1001	minecraft:bee_nest
minecraft:block	1002	minecraft:beehive
minecraft:block	1003	minecraft:honey_block
minecraft:block	1004	minecraft:honeycomb_block
minecraft:block	1005	minecraft:netherite_block
minecraft:block	1006	minecraft:ancient_debris
minecraft:block	1007	minecraft:crying_obsidian
minecraft:block	1008	minecraft:respawn_anchor
minecraft:block	1009	minecraft:potted_crimson_fungus
minecraft:block	1010	minecraft:potted_warped_fungus
minecraft:block	1011	minecraft:potted_crimson_roots
minecraft:block	1012	minecraft:potted_warped_roots
minecraft:block	1013	minecraft:lodestone
minecraft:block	1014	minecraft:blackstone
minecraft:block	1015	minecraft:blackstone_stairs
minecraft:block	1016	minecraft:blackstone_wall
minecraft:block	1017	minecraft:blackstone_slab
minecraft:block	1018	minecraft:polished_blackstone
minecraft:block	1019	minecraft:polished_blackstone_bricks
minecraft:block	1020	minecraft:cracked_polished_blackstone_bricks
minecraft:block	1021	minecraft:chiseled_polished_blackstone
minecraft:block	1022	minecraft:polished_blackstone_brick_slab
minecraft:block	1023	minecraft:polished_blackstone_brick_stairs
minecraft:block	1024	minecraft:polished_blackstone_brick_wall
minecraft:block	1025	minecraft:gilded_blackstone
minecraft:block	1026	minecraft:polished_blackstone_stairs
minecraft:block	1027	minecraft:polished_blackstone_slab
minecraft:block	1028	minecraft:polished_blackstone_pressure_plate
minecraft:block	1029	minecraft:polished_blackstone_button
minecraft:block	1030	minecraft:polished_blackstone_wall
minecraft:block	1031	minecraft:chiseled_nether_bricks
minecraft:block	1032	minecraft:cracked_nether_bricks
minecraft:block	1033	minecraft:quartz_bricks
minecraft:block	1034	minecraft:candle
minecraft:block	1035	minecraft:white_candle
minecraft:block	1036	minecraft:orange_candle
minecraft:block	1037	minecraft:magenta_candle
minecraft:block	1038	minecraft:light_blue_candle
minecraft:block	1039	minecraft:yellow_candle
minecraft:block	1040	minecraft:lime_candle
minecraft:block	1041	minecraft:pink_candle
minecraft:block	1042	minecraft:gray_candle
minecraft:block	1043	minecraft:light_gray_candle
minecraft:block	1044	minecraft:cyan_candle
minecraft:block	1045	minecraft:purple_candle
minecraft:block	1046	minecraft:blue_candle
minecraft:block	1047	minecraft:brown_candle
minecraft:block	1048	minecraft:green_candle
minecraft:block	1049	minecraft:red_candle
minecraft:block	1050	minecraft:black_candle
minecraft:block	1051	minecraft:candle_cake
minecraft:block	1052	minecraft:white_candle_cake
minecraft:block	1053	minecraft:orange_candle_cake
minecraft:block	1054	minecraft:magenta_candle_cake
minecraft:block	1055	minecraft:light_blue_candle_cake
minecraft:block	1056	minecraft:yellow_candle_cake
minecraft:block	1057	minecraft:lime_candle_cake
minecraft:block	1058	minecraft:pink_candle_cake
minecraft:block	1059	minecraft:gray_candle_cake
minecraft:block	1060	minecraft:light_gray_candle_cake
minecraft:block	1061	minecraft:cyan_candle_cake
minecraft:block	1062	minecraft:purple_candle_cake
minecraft:block	1063	minecraft:blue_candle_cake
minecraft:block	1064	minecraft:brown_candle_cake
minecraft:block	1065	minecraft:green_candle_cake
minecraft:block	1066	minecraft:red_candle_cake
minecraft:block	1067	minecraft:black_candle_cake
minecraft:block	1068	minecraft:amethyst_block
minecraft:block	1069	minecraft:budding_amethyst
minecraft:block	1070	minecraft:amethyst_cluster
minecraft:block	1071	minecraft:large_amethyst_bud
minecraft:block	1072	minecraft:medium_amethyst_bud
minecraft:block	1073	minecraft:small_amethyst_bud
minecraft:block	1074	minecraft:tuff
minecraft:block	1075	minecraft:tuff_slab
minecraft:block	1076	minecraft:tuff_stairs
minecraft:block	1077	minecraft:tuff_wall
minecraft:block	1078	minecraft:polished_tuff
minecraft:block	1079	minecraft:polished_tuff_slab
minecraft:block	1080	minecraft:polished_tuff_stairs
minecraft:block	1081	minecraft:polished_tuff_wall
minecraft:block	1082	minecraft:chiseled_tuff
minecraft:block	1083	minecraft:tuff_bricks
minecraft:block	1084	minecraft:tuff_brick_slab
minecraft:block	1085	minecraft:tuff_brick_stairs
minecraft:block	1086	minecraft:tuff_brick_wall
minecraft:block	1087	minecraft:chiseled_tuff_bricks
minecraft:block	1088	minecraft:sulfur
minecraft:block	1089	minecraft:potent_sulfur
minecraft:block	1090	minecraft:sulfur_slab
minecraft:block	1091	minecraft:sulfur_stairs
minecraft:block	1092	minecraft:sulfur_wall
minecraft:block	1093	minecraft:polished_sulfur
minecraft:block	1094	minecraft:polished_sulfur_slab
minecraft:block	1095	minecraft:polished_sulfur_stairs
minecraft:block	1096	minecraft:polished_sulfur_wall
minecraft:block	1097	minecraft:sulfur_bricks
minecraft:block	1098	minecraft:sulfur_brick_slab
minecraft:block	1099	minecraft:sulfur_brick_stairs
minecraft:block	1100	minecraft:sulfur_brick_wall
minecraft:block	1101	minecraft:chiseled_sulfur
minecraft:block	1102	minecraft:cinnabar
minecraft:block	1103	minecraft:cinnabar_slab
minecraft:block	1104	minecraft:cinnabar_stairs
minecraft:block	1105	minecraft:cinnabar_wall
minecraft:block	1106	minecraft:polished_cinnabar
minecraft:block	1107	minecraft:polished_cinnabar_slab
minecraft:block	1108	minecraft:polished_cinnabar_stairs
minecraft:block	1109	minecraft:polished_cinnabar_wall
minecraft:block	1110	minecraft:cinnabar_bricks
minecraft:block	1111	minecraft:cinnabar_brick_slab
minecraft:block	1112	minecraft:cinnabar_brick_stairs
minecraft:block	1113	minecraft:cinnabar_brick_wall
minecraft:block	1114	minecraft:chiseled_cinnabar
minecraft:block	1115	minecraft:calcite
minecraft:block	1116	minecraft:tinted_glass
minecraft:block	1117	minecraft:powder_snow
minecraft:block	1118	minecraft:sculk_sensor
minecraft:block	1119	minecraft:calibrated_sculk_sensor
minecraft:block	1120	minecraft:sculk
minecraft:block	1121	minecraft:sculk_vein
minecraft:block	1122	minecraft:sculk_catalyst
minecraft:block	1123	minecraft:sculk_shrieker
minecraft:block	1124	minecraft:copper_block
minecraft:block	1125	minecraft:exposed_copper
minecraft:block	1126	minecraft:weathered_copper
minecraft:block	1127	minecraft:oxidized_copper
minecraft:block	1128	minecraft:waxed_copper_block
minecraft:block	1129	minecraft:waxed_exposed_copper
minecraft:block	1130	minecraft:waxed_weathered_copper
minecraft:block	1131	minecraft:waxed_oxidized_copper
minecraft:block	1132	minecraft:copper_ore
minecraft:block	1133	minecraft:deepslate_copper_ore
minecraft:block	1134	minecraft:cut_copper
minecraft:block	1135	minecraft:exposed_cut_copper
minecraft:block	1136	minecraft:weathered_cut_copper
minecraft:block	1137	minecraft:oxidized_cut_copper
minecraft:block	1138	minecraft:waxed_cut_copper
minecraft:block	1139	minecraft:waxed_exposed_cut_copper
minecraft:block	1140	minecraft:waxed_weathered_cut_copper
minecraft:block	1141	minecraft:waxed_oxidized_cut_copper
minecraft:block	1142	minecraft:chiseled_copper
minecraft:block	1143	minecraft:exposed_chiseled_copper
minecraft:block	1144	minecraft:weathered_chiseled_copper
minecraft:block	1145	minecraft:oxidized_chiseled_copper
minecraft:block	1146	minecraft:waxed_chiseled_copper
minecraft:block	1147	minecraft:waxed_exposed_chiseled_copper
minecraft:block	1148	minecraft:waxed_weathered_chiseled_copper
minecraft:block	1149	minecraft:waxed_oxidized_chiseled_copper
minecraft:block	1150	minecraft:cut_copper_stairs
minecraft:block	1151	minecraft:exposed_cut_copper_stairs
minecraft:block	1152	minecraft:weathered_cut_copper_stairs
minecraft:block	1153	minecraft:oxidized_cut_copper_stairs
minecraft:block	1154	minecraft:waxed_cut_copper_stairs
minecraft:block	1155	minecraft:waxed_exposed_cut_copper_stairs
minecraft:block	1156	minecraft:waxed_weathered_cut_copper_stairs
minecraft:block	1157	minecraft:waxed_oxidized_cut_copper_stairs
minecraft:block	1158	minecraft:cut_copper_slab
minecraft:block	1159	minecraft:exposed_cut_copper_slab
minecraft:block	1160	minecraft:weathered_cut_copper_slab
minecraft:block	1161	minecraft:oxidized_cut_copper_slab
minecraft:block	1162	minecraft:waxed_cut_copper_slab
minecraft:block	1163	minecraft:waxed_exposed_cut_copper_slab
minecraft:block	1164	minecraft:waxed_weathered_cut_copper_slab
minecraft:block	1165	minecraft:waxed_oxidized_cut_copper_slab
minecraft:block	1166	minecraft:copper_door
minecraft:block	1167	minecraft:exposed_copper_door
minecraft:block	1168	minecraft:weathered_copper_door
minecraft:block	1169	minecraft:oxidized_copper_door
minecraft:block	1170	minecraft:waxed_copper_door
minecraft:block	1171	minecraft:waxed_exposed_copper_door
minecraft:block	1172	minecraft:waxed_weathered_copper_door
minecraft:block	1173	minecraft:waxed_oxidized_copper_door
minecraft:block	1174	minecraft:copper_trapdoor
minecraft:block	1175	minecraft:exposed_copper_trapdoor
minecraft:block	1176	minecraft:weathered_copper_trapdoor
minecraft:block	1177	minecraft:oxidized_copper_trapdoor
minecraft:block	1178	minecraft:waxed_copper_trapdoor
minecraft:block	1179	minecraft:waxed_exposed_copper_trapdoor
minecraft:block	1180	minecraft:waxed_weathered_copper_trapdoor
minecraft:block	1181	minecraft:waxed_oxidized_copper_trapdoor
minecraft:block	1182	minecraft:copper_grate
minecraft:block	1183	minecraft:exposed_copper_grate
minecraft:block	1184	minecraft:weathered_copper_grate
minecraft:block	1185	minecraft:oxidized_copper_grate
minecraft:block	1186	minecraft:waxed_copper_grate
minecraft:block	1187	minecraft:waxed_exposed_copper_grate
minecraft:block	1188	minecraft:waxed_weathered_copper_grate
minecraft:block	1189	minecraft:waxed_oxidized_copper_grate
minecraft:block	1190	minecraft:copper_bulb
minecraft:block	1191	minecraft:exposed_copper_bulb
minecraft:block	1192	minecraft:weathered_copper_bulb
minecraft:block	1193	minecraft:oxidized_copper_bulb
minecraft:block	1194	minecraft:waxed_copper_bulb
minecraft:block	1195	minecraft:waxed_exposed_copper_bulb
minecraft:block	1196	minecraft:waxed_weathered_copper_bulb
minecraft:block	1197	minecraft:waxed_oxidized_copper_bulb
minecraft:block	1198	minecraft:copper_chest
minecraft:block	1199	minecraft:exposed_copper_chest
minecraft:block	1200	minecraft:weathered_copper_chest
minecraft:block	1201	minecraft:oxidized_copper_chest
minecraft:block	1202	minecraft:waxed_copper_chest
minecraft:block	1203	minecraft:waxed_exposed_copper_chest
minecraft:block	1204	minecraft:waxed_weathered_copper_chest
minecraft:block	1205	minecraft:waxed_oxidized_copper_chest
minecraft:block	1206	minecraft:copper_golem_statue
minecraft:block	1207	minecraft:exposed_copper_golem_statue
minecraft:block	1208	minecraft:weathered_copper_golem_statue
minecraft:block	1209	minecraft:oxidized_copper_golem_statue
minecraft:block	1210	minecraft:waxed_copper_golem_statue
minecraft:block	1211	minecraft:waxed_exposed_copper_golem_statue
minecraft:block	1212	minecraft:waxed_weathered_copper_golem_statue
minecraft:block	1213	minecraft:waxed_oxidized_copper_golem_statue
minecraft:block	1214	minecraft:lightning_rod
minecraft:block	1215	minecraft:exposed_lightning_rod
minecraft:block	1216	minecraft:weathered_lightning_rod
minecraft:block	1217	minecraft:oxidized_lightning_rod
minecraft:block	1218	minecraft:waxed_lightning_rod
minecraft:block	1219	minecraft:waxed_exposed_lightning_rod
minecraft:block	1220	minecraft:waxed_weathered_lightning_rod
minecraft:block	1221	minecraft:waxed_oxidized_lightning_rod
minecraft:block	1222	minecraft:dripstone_block
minecraft:block	1223	minecraft:pointed_dripstone
minecraft:block	1224	minecraft:sulfur_spike
minecraft:block	1225	minecraft:cave_vines
minecraft:block	1226	minecraft:cave_vines_plant
minecraft:block	1227	minecraft:spore_blossom
minecraft:block	1228	minecraft:azalea
minecraft:block	1229	minecraft:flowering_azalea
minecraft:block	1230	minecraft:moss_carpet
minecraft:block	1231	minecraft:pink_petals
minecraft:block	1232	minecraft:wildflowers
minecraft:block	1233	minecraft:leaf_litter
minecraft:block	1234	minecraft:moss_block
minecraft:block	1235	minecraft:big_dripleaf
minecraft:block	1236	minecraft:big_dripleaf_stem
minecraft:block	1237	minecraft:small_dripleaf
minecraft:block	1238	minecraft:hanging_roots
minecraft:block	1239	minecraft:rooted_dirt
minecraft:block	1240	minecraft:mud
minecraft:block	1241	minecraft:deepslate
minecraft:block	1242	minecraft:cobbled_deepslate
minecraft:block	1243	minecraft:cobbled_deepslate_stairs
minecraft:block	1244	minecraft:cobbled_deepslate_slab
minecraft:block	1245	minecraft:cobbled_deepslate_wall
minecraft:block	1246	minecraft:polished_deepslate
minecraft:block	1247	minecraft:polished_deepslate_stairs
minecraft:block	1248	minecraft:polished_deepslate_slab
minecraft:block	1249	minecraft:polished_deepslate_wall
minecraft:block	1250	minecraft:deepslate_tiles
minecraft:block	1251	minecraft:deepslate_tile_stairs
minecraft:block	1252	minecraft:deepslate_tile_slab
minecraft:block	1253	minecraft:deepslate_tile_wall
minecraft:block	1254	minecraft:deepslate_bricks
minecraft:block	1255	minecraft:deepslate_brick_stairs
minecraft:block	1256	minecraft:deepslate_brick_slab
minecraft:block	1257	minecraft:deepslate_brick_wall
minecraft:block	1258	minecraft:chiseled_deepslate
minecraft:block	1259	minecraft:cracked_deepslate_bricks
minecraft:block	1260	minecraft:cracked_deepslate_tiles
minecraft:block	1261	minecraft:infested_deepslate
minecraft:block	1262	minecraft:smooth_basalt
minecraft:block	1263	minecraft:raw_iron_block
minecraft:block	1264	minecraft:raw_copper_block
minecraft:block	1265	minecraft:raw_gold_block
minecraft:block	1266	minecraft:potted_azalea_bush
minecraft:block	1267	minecraft:potted_flowering_azalea_bush
minecraft:block	1268	minecraft:ochre_froglight
minecraft:block	1269	minecraft:verdant_froglight
minecraft:block	1270	minecraft:pearlescent_froglight
minecraft:block	1271	minecraft:frogspawn
minecraft:block	1272	minecraft:reinforced_deepslate
minecraft:block	1273	minecraft:decorated_pot
minecraft:block	1274	minecraft:crafter
minecraft:block	1275	minecraft:trial_spawner
minecraft:block	1276	minecraft:vault
minecraft:block	1277	minecraft:heavy_core
minecraft:block	1278	minecraft:pale_moss_block
minecraft:block	1279	minecraft:pale_moss_carpet
minecraft:block	1280	minecraft:pale_hanging_moss
minecraft:block	1281	minecraft:open_eyeblossom
minecraft:block	1282	minecraft:closed_eyeblossom
minecraft:block	1283	minecraft:potted_open_eyeblossom
minecraft:block	1284	minecraft:potted_closed_eyeblossom
minecraft:block	1285	minecraft:firefly_bush
minecraft:block_entity_type	0	minecraft:furnace
minecraft:block_entity_type	1	minecraft:chest
minecraft:block_entity_type	2	minecraft:trapped_chest
minecraft:block_entity_type	3	minecraft:ender_chest
minecraft:block_entity_type	4	minecraft:jukebox
minecraft:block_entity_type	5	minecraft:dispenser
minecraft:block_entity_type	6	minecraft:dropper
minecraft:block_entity_type	7	minecraft:sign
minecraft:block_entity_type	8	minecraft:hanging_sign
minecraft:block_entity_type	9	minecraft:mob_spawner
minecraft:block_entity_type	10	minecraft:creaking_heart
minecraft:block_entity_type	11	minecraft:piston
minecraft:block_entity_type	12	minecraft:brewing_stand
minecraft:block_entity_type	13	minecraft:enchanting_table
minecraft:block_entity_type	14	minecraft:end_portal
minecraft:block_entity_type	15	minecraft:beacon
minecraft:block_entity_type	16	minecraft:skull
minecraft:block_entity_type	17	minecraft:daylight_detector
minecraft:block_entity_type	18	minecraft:hopper
minecraft:block_entity_type	19	minecraft:comparator
minecraft:block_entity_type	20	minecraft:banner
minecraft:block_entity_type	21	minecraft:structure_block
minecraft:block_entity_type	22	minecraft:end_gateway
minecraft:block_entity_type	23	minecraft:command_block
minecraft:block_entity_type	24	minecraft:shulker_box
minecraft:block_entity_type	25	minecraft:conduit
minecraft:block_entity_type	26	minecraft:barrel
minecraft:block_entity_type	27	minecraft:smoker
minecraft:block_entity_type	28	minecraft:blast_furnace
minecraft:block_entity_type	29	minecraft:lectern
minecraft:block_entity_type	30	minecraft:bell
minecraft:block_entity_type	31	minecraft:jigsaw
minecraft:block_entity_type	32	minecraft:campfire
minecraft:block_entity_type	33	minecraft:beehive
minecraft:block_entity_type	34	minecraft:sculk_sensor
minecraft:block_entity_type	35	minecraft:calibrated_sculk_sensor
minecraft:block_entity_type	36	minecraft:sculk_catalyst
minecraft:block_entity_type	37	minecraft:sculk_shrieker
minecraft:block_entity_type	38	minecraft:chiseled_bookshelf
minecraft:block_entity_type	39	minecraft:shelf
minecraft:block_entity_type	40	minecraft:brushable_block
minecraft:block_entity_type	41	minecraft:decorated_pot
minecraft:block_entity_type	42	minecraft:crafter
minecraft:block_entity_type	43	minecraft:trial_spawner
minecraft:block_entity_type	44	minecraft:vault
minecraft:block_entity_type	45	minecraft:test_block
minecraft:block_entity_type	46	minecraft:test_instance_block
minecraft:block_entity_type	47	minecraft:copper_golem_statue
minecraft:block_entity_type	48	minecraft:potent_sulfur
minecraft:block_predicate_type	0	minecraft:matching_blocks
minecraft:block_predicate_type	1	minecraft:matching_block_tag
minecraft:block_predicate_type	2	minecraft:matching_fluids
minecraft:block_predicate_type	3	minecraft:matching_biomes
minecraft:block_predicate_type	4	minecraft:has_sturdy_face
minecraft:block_predicate_type	5	minecraft:solid
minecraft:block_predicate_type	6	minecraft:replaceable
minecraft:block_predicate_type	7	minecraft:would_survive
minecraft:block_predicate_type	8	minecraft:inside_world_bounds
minecraft:block_predicate_type	9	minecraft:any_of
minecraft:block_predicate_type	10	minecraft:all_of
minecraft:block_predicate_type	11	minecraft:not
minecraft:block_predicate_type	12	minecraft:true
minecraft:block_predicate_type	13	minecraft:unobstructed
minecraft:block_predicate_type	14	minecraft:height_range
minecraft:block_predicate_type	15	minecraft:volume_match
minecraft:chunk_status	0	minecraft:empty
minecraft:chunk_status	1	minecraft:structure_starts
minecraft:chunk_status	2	minecraft:structure_references
minecraft:chunk_status	3	minecraft:biomes
minecraft:chunk_status	4	minecraft:terrain
minecraft:chunk_status	5	minecraft:features
minecraft:chunk_status	6	minecraft:initialize_light
minecraft:chunk_status	7	minecraft:light
minecraft:chunk_status	8	minecraft:spawn
minecraft:chunk_status	9	minecraft:full
minecraft:command_argument_type	0	brigadier:bool
minecraft:command_argument_type	1	brigadier:float
minecraft:command_argument_type	2	brigadier:double
minecraft:command_argument_type	3	brigadier:integer
minecraft:command_argument_type	4	brigadier:long
minecraft:command_argument_type	5	brigadier:string
minecraft:command_argument_type	6	minecraft:entity
minecraft:command_argument_type	7	minecraft:game_profile
minecraft:command_argument_type	8	minecraft:block_pos
minecraft:command_argument_type	9	minecraft:column_pos
minecraft:command_argument_type	10	minecraft:vec3
minecraft:command_argument_type	11	minecraft:vec2
minecraft:command_argument_type	12	minecraft:block_state
minecraft:command_argument_type	13	minecraft:block_predicate
minecraft:command_argument_type	14	minecraft:item_stack
minecraft:command_argument_type	15	minecraft:item_predicate
minecraft:command_argument_type	16	minecraft:team_color
minecraft:command_argument_type	17	minecraft:hex_color
minecraft:command_argument_type	18	minecraft:component
minecraft:command_argument_type	19	minecraft:style
minecraft:command_argument_type	20	minecraft:message
minecraft:command_argument_type	21	minecraft:nbt_compound_tag
minecraft:command_argument_type	22	minecraft:nbt_tag
minecraft:command_argument_type	23	minecraft:nbt_path
minecraft:command_argument_type	24	minecraft:objective
minecraft:command_argument_type	25	minecraft:objective_criteria
minecraft:command_argument_type	26	minecraft:operation
minecraft:command_argument_type	27	minecraft:particle
minecraft:command_argument_type	28	minecraft:angle
minecraft:command_argument_type	29	minecraft:rotation
minecraft:command_argument_type	30	minecraft:scoreboard_slot
minecraft:command_argument_type	31	minecraft:score_holder
minecraft:command_argument_type	32	minecraft:swizzle
minecraft:command_argument_type	33	minecraft:team
minecraft:command_argument_type	34	minecraft:item_slot
minecraft:command_argument_type	35	minecraft:item_slots
minecraft:command_argument_type	36	minecraft:resource_location
minecraft:command_argument_type	37	minecraft:function
minecraft:command_argument_type	38	minecraft:entity_anchor
minecraft:command_argument_type	39	minecraft:int_range
minecraft:command_argument_type	40	minecraft:float_range
minecraft:command_argument_type	41	minecraft:dimension
minecraft:command_argument_type	42	minecraft:gamemode
minecraft:command_argument_type	43	minecraft:time
minecraft:command_argument_type	44	minecraft:resource_or_tag
minecraft:command_argument_type	45	minecraft:resource_or_tag_key
minecraft:command_argument_type	46	minecraft:resource
minecraft:command_argument_type	47	minecraft:resource_key
minecraft:command_argument_type	48	minecraft:resource_selector
minecraft:command_argument_type	49	minecraft:template_mirror
minecraft:command_argument_type	50	minecraft:template_rotation
minecraft:command_argument_type	51	minecraft:heightmap
minecraft:command_argument_type	52	minecraft:loot_table
minecraft:command_argument_type	53	minecraft:loot_predicate
minecraft:command_argument_type	54	minecraft:loot_modifier
minecraft:command_argument_type	55	minecraft:context_float_provider
minecraft:command_argument_type	56	minecraft:context_int_provider
minecraft:command_argument_type	57	minecraft:slot_source
minecraft:command_argument_type	58	minecraft:dialog
minecraft:command_argument_type	59	minecraft:feature
minecraft:command_argument_type	60	minecraft:swing_animation
minecraft:command_argument_type	61	minecraft:uuid
minecraft:consume_effect_type	0	minecraft:apply_effects
minecraft:consume_effect_type	1	minecraft:remove_effects
minecraft:consume_effect_type	2	minecraft:clear_all_effects
minecraft:consume_effect_type	3	minecraft:teleport_randomly
minecraft:consume_effect_type	4	minecraft:play_sound
minecraft:context_float_provider_type	0	minecraft:abs
minecraft:context_float_provider_type	1	minecraft:avg
minecraft:context_float_provider_type	2	minecraft:ceil
minecraft:context_float_provider_type	3	minecraft:conditional
minecraft:context_float_provider_type	4	minecraft:constant
minecraft:context_float_provider_type	5	minecraft:cos
minecraft:context_float_provider_type	6	minecraft:sub
minecraft:context_float_provider_type	7	minecraft:enchantment_level
minecraft:context_float_provider_type	8	minecraft:environment_attribute
minecraft:context_float_provider_type	9	minecraft:floor
minecraft:context_float_provider_type	10	minecraft:from_int
minecraft:context_float_provider_type	11	minecraft:length
minecraft:context_float_provider_type	12	minecraft:max
minecraft:context_float_provider_type	13	minecraft:min
minecraft:context_float_provider_type	14	minecraft:mod
minecraft:context_float_provider_type	15	minecraft:negate
minecraft:context_float_provider_type	16	minecraft:number_dispatcher
minecraft:context_float_provider_type	17	minecraft:pow
minecraft:context_float_provider_type	18	minecraft:mul
minecraft:context_float_provider_type	19	minecraft:div
minecraft:context_float_provider_type	20	minecraft:round
minecraft:context_float_provider_type	21	minecraft:sin
minecraft:context_float_provider_type	22	minecraft:sqrt
minecraft:context_float_provider_type	23	minecraft:storage
minecraft:context_float_provider_type	24	minecraft:add
minecraft:context_float_provider_type	25	minecraft:truncate
minecraft:context_float_provider_type	26	minecraft:uniform
minecraft:context_float_provider_type	27	minecraft:weighted_list
minecraft:context_int_provider_type	0	minecraft:abs
minecraft:context_int_provider_type	1	minecraft:avg
minecraft:context_int_provider_type	2	minecraft:binomial
minecraft:context_int_provider_type	3	minecraft:conditional
minecraft:context_int_provider_type	4	minecraft:constant
minecraft:context_int_provider_type	5	minecraft:sub
minecraft:context_int_provider_type	6	minecraft:environment_attribute
minecraft:context_int_provider_type	7	minecraft:from_float
minecraft:context_int_provider_type	8	minecraft:max
minecraft:context_int_provider_type	9	minecraft:min
minecraft:context_int_provider_type	10	minecraft:floor_mod
minecraft:context_int_provider_type	11	minecraft:floor_div
minecraft:context_int_provider_type	12	minecraft:mod
minecraft:context_int_provider_type	13	minecraft:div
minecraft:context_int_provider_type	14	minecraft:negate
minecraft:context_int_provider_type	15	minecraft:number_dispatcher
minecraft:context_int_provider_type	16	minecraft:pow
minecraft:context_int_provider_type	17	minecraft:mul
minecraft:context_int_provider_type	18	minecraft:score
minecraft:context_int_provider_type	19	minecraft:storage
minecraft:context_int_provider_type	20	minecraft:add
minecraft:context_int_provider_type	21	minecraft:uniform
minecraft:context_int_provider_type	22	minecraft:weighted_list
minecraft:context_key_set	0	minecraft:empty
minecraft:context_key_set	1	minecraft:generic
minecraft:context_key_set	2	minecraft:chest
minecraft:context_key_set	3	minecraft:command
minecraft:context_key_set	4	minecraft:command_slot_source
minecraft:context_key_set	5	minecraft:command_compute_default
minecraft:context_key_set	6	minecraft:command_compute_position
minecraft:context_key_set	7	minecraft:command_compute_entity
minecraft:context_key_set	8	minecraft:selector
minecraft:context_key_set	9	minecraft:villager_trade
minecraft:context_key_set	10	minecraft:fishing
minecraft:context_key_set	11	minecraft:entity
minecraft:context_key_set	12	minecraft:equipment
minecraft:context_key_set	13	minecraft:archaeology
minecraft:context_key_set	14	minecraft:gift
minecraft:context_key_set	15	minecraft:barter
minecraft:context_key_set	16	minecraft:vault
minecraft:context_key_set	17	minecraft:advancement_reward
minecraft:context_key_set	18	minecraft:advancement_entity
minecraft:context_key_set	19	minecraft:advancement_location
minecraft:context_key_set	20	minecraft:block_use
minecraft:context_key_set	21	minecraft:block
minecraft:context_key_set	22	minecraft:shearing
minecraft:context_key_set	23	minecraft:entity_interact
minecraft:context_key_set	24	minecraft:block_interact
minecraft:context_key_set	25	minecraft:container_process
minecraft:context_key_set	26	minecraft:enchanted_damage
minecraft:context_key_set	27	minecraft:enchanted_item
minecraft:context_key_set	28	minecraft:enchanted_location
minecraft:context_key_set	29	minecraft:enchanted_entity
minecraft:context_key_set	30	minecraft:hit_block
minecraft:creative_mode_tab	0	minecraft:building_blocks
minecraft:creative_mode_tab	1	minecraft:colored_blocks
minecraft:creative_mode_tab	2	minecraft:natural_blocks
minecraft:creative_mode_tab	3	minecraft:functional_blocks
minecraft:creative_mode_tab	4	minecraft:redstone_blocks
minecraft:creative_mode_tab	5	minecraft:hotbar
minecraft:creative_mode_tab	6	minecraft:search
minecraft:creative_mode_tab	7	minecraft:tools_and_utilities
minecraft:creative_mode_tab	8	minecraft:combat
minecraft:creative_mode_tab	9	minecraft:food_and_drinks
minecraft:creative_mode_tab	10	minecraft:ingredients
minecraft:creative_mode_tab	11	minecraft:spawn_eggs
minecraft:creative_mode_tab	12	minecraft:op_blocks
minecraft:creative_mode_tab	13	minecraft:inventory
minecraft:custom_stat	0	minecraft:leave_game
minecraft:custom_stat	1	minecraft:play_time
minecraft:custom_stat	2	minecraft:total_world_time
minecraft:custom_stat	3	minecraft:time_since_death
minecraft:custom_stat	4	minecraft:time_since_rest
minecraft:custom_stat	5	minecraft:sneak_time
minecraft:custom_stat	6	minecraft:walk_one_cm
minecraft:custom_stat	7	minecraft:crouch_one_cm
minecraft:custom_stat	8	minecraft:sprint_one_cm
minecraft:custom_stat	9	minecraft:walk_on_water_one_cm
minecraft:custom_stat	10	minecraft:fall_one_cm
minecraft:custom_stat	11	minecraft:climb_one_cm
minecraft:custom_stat	12	minecraft:fly_one_cm
minecraft:custom_stat	13	minecraft:walk_under_water_one_cm
minecraft:custom_stat	14	minecraft:minecart_one_cm
minecraft:custom_stat	15	minecraft:boat_one_cm
minecraft:custom_stat	16	minecraft:pig_one_cm
minecraft:custom_stat	17	minecraft:happy_ghast_one_cm
minecraft:custom_stat	18	minecraft:horse_one_cm
minecraft:custom_stat	19	minecraft:aviate_one_cm
minecraft:custom_stat	20	minecraft:swim_one_cm
minecraft:custom_stat	21	minecraft:strider_one_cm
minecraft:custom_stat	22	minecraft:nautilus_one_cm
minecraft:custom_stat	23	minecraft:jump
minecraft:custom_stat	24	minecraft:drop
minecraft:custom_stat	25	minecraft:damage_dealt
minecraft:custom_stat	26	minecraft:damage_dealt_absorbed
minecraft:custom_stat	27	minecraft:damage_dealt_resisted
minecraft:custom_stat	28	minecraft:damage_taken
minecraft:custom_stat	29	minecraft:damage_blocked_by_shield
minecraft:custom_stat	30	minecraft:damage_absorbed
minecraft:custom_stat	31	minecraft:damage_resisted
minecraft:custom_stat	32	minecraft:deaths
minecraft:custom_stat	33	minecraft:mob_kills
minecraft:custom_stat	34	minecraft:animals_bred
minecraft:custom_stat	35	minecraft:player_kills
minecraft:custom_stat	36	minecraft:fish_caught
minecraft:custom_stat	37	minecraft:talked_to_villager
minecraft:custom_stat	38	minecraft:traded_with_villager
minecraft:custom_stat	39	minecraft:eat_cake_slice
minecraft:custom_stat	40	minecraft:fill_cauldron
minecraft:custom_stat	41	minecraft:use_cauldron
minecraft:custom_stat	42	minecraft:clean_armor
minecraft:custom_stat	43	minecraft:clean_banner
minecraft:custom_stat	44	minecraft:clean_shulker_box
minecraft:custom_stat	45	minecraft:interact_with_brewingstand
minecraft:custom_stat	46	minecraft:interact_with_beacon
minecraft:custom_stat	47	minecraft:inspect_dropper
minecraft:custom_stat	48	minecraft:inspect_hopper
minecraft:custom_stat	49	minecraft:inspect_dispenser
minecraft:custom_stat	50	minecraft:play_noteblock
minecraft:custom_stat	51	minecraft:tune_noteblock
minecraft:custom_stat	52	minecraft:pot_flower
minecraft:custom_stat	53	minecraft:trigger_trapped_chest
minecraft:custom_stat	54	minecraft:open_enderchest
minecraft:custom_stat	55	minecraft:enchant_item
minecraft:custom_stat	56	minecraft:play_record
minecraft:custom_stat	57	minecraft:interact_with_furnace
minecraft:custom_stat	58	minecraft:interact_with_crafting_table
minecraft:custom_stat	59	minecraft:open_chest
minecraft:custom_stat	60	minecraft:sleep_in_bed
minecraft:custom_stat	61	minecraft:sleep_in_straw_bed
minecraft:custom_stat	62	minecraft:open_shulker_box
minecraft:custom_stat	63	minecraft:open_barrel
minecraft:custom_stat	64	minecraft:interact_with_blast_furnace
minecraft:custom_stat	65	minecraft:interact_with_smoker
minecraft:custom_stat	66	minecraft:interact_with_lectern
minecraft:custom_stat	67	minecraft:interact_with_campfire
minecraft:custom_stat	68	minecraft:interact_with_cartography_table
minecraft:custom_stat	69	minecraft:interact_with_loom
minecraft:custom_stat	70	minecraft:interact_with_stonecutter
minecraft:custom_stat	71	minecraft:bell_ring
minecraft:custom_stat	72	minecraft:raid_trigger
minecraft:custom_stat	73	minecraft:raid_win
minecraft:custom_stat	74	minecraft:interact_with_anvil
minecraft:custom_stat	75	minecraft:interact_with_grindstone
minecraft:custom_stat	76	minecraft:target_hit
minecraft:custom_stat	77	minecraft:interact_with_smithing_table
minecraft:data_component_predicate_type	0	minecraft:damage
minecraft:data_component_predicate_type	1	minecraft:enchantments
minecraft:data_component_predicate_type	2	minecraft:stored_enchantments
minecraft:data_component_predicate_type	3	minecraft:potion_contents
minecraft:data_component_predicate_type	4	minecraft:custom_data
minecraft:data_component_predicate_type	5	minecraft:container
minecraft:data_component_predicate_type	6	minecraft:bundle_contents
minecraft:data_component_predicate_type	7	minecraft:firework_explosion
minecraft:data_component_predicate_type	8	minecraft:fireworks
minecraft:data_component_predicate_type	9	minecraft:writable_book_content
minecraft:data_component_predicate_type	10	minecraft:written_book_content
minecraft:data_component_predicate_type	11	minecraft:attribute_modifiers
minecraft:data_component_predicate_type	12	minecraft:trim
minecraft:data_component_predicate_type	13	minecraft:jukebox_playable
minecraft:data_component_predicate_type	14	minecraft:villager/variant
minecraft:data_component_type	0	minecraft:custom_data
minecraft:data_component_type	1	minecraft:max_stack_size
minecraft:data_component_type	2	minecraft:max_damage
minecraft:data_component_type	3	minecraft:damage
minecraft:data_component_type	4	minecraft:unbreakable
minecraft:data_component_type	5	minecraft:use_effects
minecraft:data_component_type	6	minecraft:custom_name
minecraft:data_component_type	7	minecraft:minimum_attack_charge
minecraft:data_component_type	8	minecraft:damage_type
minecraft:data_component_type	9	minecraft:item_name
minecraft:data_component_type	10	minecraft:item_model
minecraft:data_component_type	11	minecraft:lore
minecraft:data_component_type	12	minecraft:rarity
minecraft:data_component_type	13	minecraft:enchantments
minecraft:data_component_type	14	minecraft:can_place_on
minecraft:data_component_type	15	minecraft:can_break
minecraft:data_component_type	16	minecraft:attribute_modifiers
minecraft:data_component_type	17	minecraft:custom_model_data
minecraft:data_component_type	18	minecraft:tooltip_display
minecraft:data_component_type	19	minecraft:repair_cost
minecraft:data_component_type	20	minecraft:creative_slot_lock
minecraft:data_component_type	21	minecraft:enchantment_glint_override
minecraft:data_component_type	22	minecraft:intangible_projectile
minecraft:data_component_type	23	minecraft:food
minecraft:data_component_type	24	minecraft:consumable
minecraft:data_component_type	25	minecraft:use_remainder
minecraft:data_component_type	26	minecraft:use_cooldown
minecraft:data_component_type	27	minecraft:damage_resistant
minecraft:data_component_type	28	minecraft:tool
minecraft:data_component_type	29	minecraft:weapon
minecraft:data_component_type	30	minecraft:attack_range
minecraft:data_component_type	31	minecraft:enchantable
minecraft:data_component_type	32	minecraft:equippable
minecraft:data_component_type	33	minecraft:repairable
minecraft:data_component_type	34	minecraft:glider
minecraft:data_component_type	35	minecraft:tooltip_style
minecraft:data_component_type	36	minecraft:death_protection
minecraft:data_component_type	37	minecraft:blocks_attacks
minecraft:data_component_type	38	minecraft:piercing_weapon
minecraft:data_component_type	39	minecraft:kinetic_weapon
minecraft:data_component_type	40	minecraft:attack_animation
minecraft:data_component_type	41	minecraft:interact_animation
minecraft:data_component_type	42	minecraft:additional_trade_cost
minecraft:data_component_type	43	minecraft:block_transformer
minecraft:data_component_type	44	minecraft:villager_food
minecraft:data_component_type	45	minecraft:stored_enchantments
minecraft:data_component_type	46	minecraft:dye
minecraft:data_component_type	47	minecraft:dyed_color
minecraft:data_component_type	48	minecraft:map_id
minecraft:data_component_type	49	minecraft:map_decorations
minecraft:data_component_type	50	minecraft:map_post_processing
minecraft:data_component_type	51	minecraft:charged_projectiles
minecraft:data_component_type	52	minecraft:bundle_contents
minecraft:data_component_type	53	minecraft:potion_contents
minecraft:data_component_type	54	minecraft:potion_duration_scale
minecraft:data_component_type	55	minecraft:suspicious_stew_effects
minecraft:data_component_type	56	minecraft:writable_book_content
minecraft:data_component_type	57	minecraft:written_book_content
minecraft:data_component_type	58	minecraft:trim
minecraft:data_component_type	59	minecraft:debug_stick_state
minecraft:data_component_type	60	minecraft:entity_data
minecraft:data_component_type	61	minecraft:bucket_entity_data
minecraft:data_component_type	62	minecraft:block_entity_data
minecraft:data_component_type	63	minecraft:instrument
minecraft:data_component_type	64	minecraft:provides_trim_material
minecraft:data_component_type	65	minecraft:ominous_bottle_amplifier
minecraft:data_component_type	66	minecraft:jukebox_playable
minecraft:data_component_type	67	minecraft:provides_banner_patterns
minecraft:data_component_type	68	minecraft:recipes
minecraft:data_component_type	69	minecraft:lodestone_tracker
minecraft:data_component_type	70	minecraft:firework_explosion
minecraft:data_component_type	71	minecraft:fireworks
minecraft:data_component_type	72	minecraft:profile
minecraft:data_component_type	73	minecraft:note_block_sound
minecraft:data_component_type	74	minecraft:banner_patterns
minecraft:data_component_type	75	minecraft:base_color
minecraft:data_component_type	76	minecraft:pot_decorations
minecraft:data_component_type	77	minecraft:container
minecraft:data_component_type	78	minecraft:block_state
minecraft:data_component_type	79	minecraft:bees
minecraft:data_component_type	80	minecraft:sulfur_cube_content
minecraft:data_component_type	81	minecraft:lock
minecraft:data_component_type	82	minecraft:container_loot
minecraft:data_component_type	83	minecraft:break_sound
minecraft:data_component_type	84	minecraft:compostable
minecraft:data_component_type	85	minecraft:cooking_fuel
minecraft:data_component_type	86	minecraft:brewing_fuel
minecraft:data_component_type	87	minecraft:mob_visibility
minecraft:data_component_type	88	minecraft:villager/variant
minecraft:data_component_type	89	minecraft:wolf/variant
minecraft:data_component_type	90	minecraft:wolf/sound_variant
minecraft:data_component_type	91	minecraft:wolf/collar
minecraft:data_component_type	92	minecraft:fox/variant
minecraft:data_component_type	93	minecraft:salmon/size
minecraft:data_component_type	94	minecraft:parrot/variant
minecraft:data_component_type	95	minecraft:tropical_fish/pattern
minecraft:data_component_type	96	minecraft:tropical_fish/base_color
minecraft:data_component_type	97	minecraft:tropical_fish/pattern_color
minecraft:data_component_type	98	minecraft:mooshroom/variant
minecraft:data_component_type	99	minecraft:rabbit/variant
minecraft:data_component_type	100	minecraft:pig/variant
minecraft:data_component_type	101	minecraft:pig/sound_variant
minecraft:data_component_type	102	minecraft:cow/variant
minecraft:data_component_type	103	minecraft:cow/sound_variant
minecraft:data_component_type	104	minecraft:chicken/variant
minecraft:data_component_type	105	minecraft:chicken/sound_variant
minecraft:data_component_type	106	minecraft:zombie_nautilus/variant
minecraft:data_component_type	107	minecraft:frog/variant
minecraft:data_component_type	108	minecraft:horse/variant
minecraft:data_component_type	109	minecraft:painting/variant
minecraft:data_component_type	110	minecraft:llama/variant
minecraft:data_component_type	111	minecraft:axolotl/variant
minecraft:data_component_type	112	minecraft:cat/variant
minecraft:data_component_type	113	minecraft:cat/sound_variant
minecraft:data_component_type	114	minecraft:cat/collar
minecraft:data_component_type	115	minecraft:sheep/color
minecraft:data_component_type	116	minecraft:shulker/color
minecraft:data_component_type	117	minecraft:provides_pottery_pattern
minecraft:data_component_type	118	minecraft:sign_text_front
minecraft:data_component_type	119	minecraft:sign_text_back
minecraft:data_component_type	120	minecraft:waxed
minecraft:data_component_type	121	minecraft:cushion/color
minecraft:debug_subscription	0	minecraft:dedicated_server_tick_time
minecraft:debug_subscription	1	minecraft:bees
minecraft:debug_subscription	2	minecraft:brains
minecraft:debug_subscription	3	minecraft:breezes
minecraft:debug_subscription	4	minecraft:goal_selectors
minecraft:debug_subscription	5	minecraft:entity_paths
minecraft:debug_subscription	6	minecraft:entity_block_intersections
minecraft:debug_subscription	7	minecraft:bee_hives
minecraft:debug_subscription	8	minecraft:pois
minecraft:debug_subscription	9	minecraft:redstone_wire_orientations
minecraft:debug_subscription	10	minecraft:village_sections
minecraft:debug_subscription	11	minecraft:raids
minecraft:debug_subscription	12	minecraft:structures
minecraft:debug_subscription	13	minecraft:game_event_listeners
minecraft:debug_subscription	14	minecraft:neighbor_updates
minecraft:debug_subscription	15	minecraft:game_events
minecraft:dialog_action_type	0	minecraft:open_url
minecraft:dialog_action_type	1	minecraft:run_command
minecraft:dialog_action_type	2	minecraft:suggest_command
minecraft:dialog_action_type	3	minecraft:show_dialog
minecraft:dialog_action_type	4	minecraft:change_page
minecraft:dialog_action_type	5	minecraft:copy_to_clipboard
minecraft:dialog_action_type	6	minecraft:custom
minecraft:dialog_action_type	7	minecraft:dynamic/run_command
minecraft:dialog_action_type	8	minecraft:dynamic/custom
minecraft:dialog_body_type	0	minecraft:item
minecraft:dialog_body_type	1	minecraft:plain_message
minecraft:dialog_type	0	minecraft:notice
minecraft:dialog_type	1	minecraft:server_links
minecraft:dialog_type	2	minecraft:dialog_list
minecraft:dialog_type	3	minecraft:multi_action
minecraft:dialog_type	4	minecraft:confirmation
minecraft:enchantment_effect_component_type	0	minecraft:damage_protection
minecraft:enchantment_effect_component_type	1	minecraft:damage_immunity
minecraft:enchantment_effect_component_type	2	minecraft:damage
minecraft:enchantment_effect_component_type	3	minecraft:smash_damage_per_fallen_block
minecraft:enchantment_effect_component_type	4	minecraft:knockback
minecraft:enchantment_effect_component_type	5	minecraft:armor_effectiveness
minecraft:enchantment_effect_component_type	6	minecraft:post_attack
minecraft:enchantment_effect_component_type	7	minecraft:post_piercing_attack
minecraft:enchantment_effect_component_type	8	minecraft:hit_block
minecraft:enchantment_effect_component_type	9	minecraft:item_damage
minecraft:enchantment_effect_component_type	10	minecraft:equipment_drops
minecraft:enchantment_effect_component_type	11	minecraft:location_changed
minecraft:enchantment_effect_component_type	12	minecraft:tick
minecraft:enchantment_effect_component_type	13	minecraft:ammo_use
minecraft:enchantment_effect_component_type	14	minecraft:projectile_piercing
minecraft:enchantment_effect_component_type	15	minecraft:projectile_spawned
minecraft:enchantment_effect_component_type	16	minecraft:projectile_spread
minecraft:enchantment_effect_component_type	17	minecraft:projectile_count
minecraft:enchantment_effect_component_type	18	minecraft:trident_return_acceleration
minecraft:enchantment_effect_component_type	19	minecraft:fishing_time_reduction
minecraft:enchantment_effect_component_type	20	minecraft:fishing_luck_bonus
minecraft:enchantment_effect_component_type	21	minecraft:block_experience
minecraft:enchantment_effect_component_type	22	minecraft:mob_experience
minecraft:enchantment_effect_component_type	23	minecraft:repair_with_xp
minecraft:enchantment_effect_component_type	24	minecraft:attributes
minecraft:enchantment_effect_component_type	25	minecraft:crossbow_charge_time
minecraft:enchantment_effect_component_type	26	minecraft:crossbow_charging_sounds
minecraft:enchantment_effect_component_type	27	minecraft:trident_sound
minecraft:enchantment_effect_component_type	28	minecraft:prevent_equipment_drop
minecraft:enchantment_effect_component_type	29	minecraft:prevent_armor_change
minecraft:enchantment_effect_component_type	30	minecraft:trident_spin_attack_strength
minecraft:enchantment_entity_effect_type	0	minecraft:all_of
minecraft:enchantment_entity_effect_type	1	minecraft:apply_mob_effect
minecraft:enchantment_entity_effect_type	2	minecraft:change_item_damage
minecraft:enchantment_entity_effect_type	3	minecraft:damage_entity
minecraft:enchantment_entity_effect_type	4	minecraft:explode
minecraft:enchantment_entity_effect_type	5	minecraft:ignite
minecraft:enchantment_entity_effect_type	6	minecraft:apply_impulse
minecraft:enchantment_entity_effect_type	7	minecraft:apply_exhaustion
minecraft:enchantment_entity_effect_type	8	minecraft:play_sound
minecraft:enchantment_entity_effect_type	9	minecraft:replace_block
minecraft:enchantment_entity_effect_type	10	minecraft:replace_disk
minecraft:enchantment_entity_effect_type	11	minecraft:run_function
minecraft:enchantment_entity_effect_type	12	minecraft:set_block_properties
minecraft:enchantment_entity_effect_type	13	minecraft:spawn_particles
minecraft:enchantment_entity_effect_type	14	minecraft:summon_entity
minecraft:enchantment_level_based_value_type	0	minecraft:clamped
minecraft:enchantment_level_based_value_type	1	minecraft:fraction
minecraft:enchantment_level_based_value_type	2	minecraft:levels_squared
minecraft:enchantment_level_based_value_type	3	minecraft:linear
minecraft:enchantment_level_based_value_type	4	minecraft:exponent
minecraft:enchantment_level_based_value_type	5	minecraft:lookup
minecraft:enchantment_location_based_effect_type	0	minecraft:all_of
minecraft:enchantment_location_based_effect_type	1	minecraft:apply_mob_effect
minecraft:enchantment_location_based_effect_type	2	minecraft:attribute
minecraft:enchantment_location_based_effect_type	3	minecraft:change_item_damage
minecraft:enchantment_location_based_effect_type	4	minecraft:damage_entity
minecraft:enchantment_location_based_effect_type	5	minecraft:explode
minecraft:enchantment_location_based_effect_type	6	minecraft:ignite
minecraft:enchantment_location_based_effect_type	7	minecraft:apply_impulse
minecraft:enchantment_location_based_effect_type	8	minecraft:apply_exhaustion
minecraft:enchantment_location_based_effect_type	9	minecraft:play_sound
minecraft:enchantment_location_based_effect_type	10	minecraft:replace_block
minecraft:enchantment_location_based_effect_type	11	minecraft:replace_disk
minecraft:enchantment_location_based_effect_type	12	minecraft:run_function
minecraft:enchantment_location_based_effect_type	13	minecraft:set_block_properties
minecraft:enchantment_location_based_effect_type	14	minecraft:spawn_particles
minecraft:enchantment_location_based_effect_type	15	minecraft:summon_entity
minecraft:enchantment_provider_type	0	minecraft:by_cost
minecraft:enchantment_provider_type	1	minecraft:by_cost_with_difficulty
minecraft:enchantment_provider_type	2	minecraft:single
minecraft:enchantment_value_effect_type	0	minecraft:add
minecraft:enchantment_value_effect_type	1	minecraft:all_of
minecraft:enchantment_value_effect_type	2	minecraft:multiply
minecraft:enchantment_value_effect_type	3	minecraft:remove_binomial
minecraft:enchantment_value_effect_type	4	minecraft:exponential
minecraft:enchantment_value_effect_type	5	minecraft:set
minecraft:entity_sub_predicate_type	0	minecraft:entity_type
minecraft:entity_sub_predicate_type	1	minecraft:location
minecraft:entity_sub_predicate_type	2	minecraft:stepping_on
minecraft:entity_sub_predicate_type	3	minecraft:movement_affected_by
minecraft:entity_sub_predicate_type	4	minecraft:distance
minecraft:entity_sub_predicate_type	5	minecraft:movement
minecraft:entity_sub_predicate_type	6	minecraft:effects
minecraft:entity_sub_predicate_type	7	minecraft:nbt
minecraft:entity_sub_predicate_type	8	minecraft:flags
minecraft:entity_sub_predicate_type	9	minecraft:equipment
minecraft:entity_sub_predicate_type	10	minecraft:periodic_tick
minecraft:entity_sub_predicate_type	11	minecraft:vehicle
minecraft:entity_sub_predicate_type	12	minecraft:passenger
minecraft:entity_sub_predicate_type	13	minecraft:targeted_entity
minecraft:entity_sub_predicate_type	14	minecraft:team
minecraft:entity_sub_predicate_type	15	minecraft:slots
minecraft:entity_sub_predicate_type	16	minecraft:components
minecraft:entity_sub_predicate_type	17	minecraft:predicates
minecraft:entity_sub_predicate_type	18	minecraft:entity_tags
minecraft:entity_sub_predicate_type	19	minecraft:type_specific/lightning
minecraft:entity_sub_predicate_type	20	minecraft:type_specific/fishing_hook
minecraft:entity_sub_predicate_type	21	minecraft:type_specific/player
minecraft:entity_sub_predicate_type	22	minecraft:type_specific/cube_mob
minecraft:entity_sub_predicate_type	23	minecraft:type_specific/raider
minecraft:entity_sub_predicate_type	24	minecraft:type_specific/sheep
minecraft:entity_type	0	minecraft:acacia_boat
minecraft:entity_type	1	minecraft:acacia_chest_boat
minecraft:entity_type	2	minecraft:allay
minecraft:entity_type	3	minecraft:area_effect_cloud
minecraft:entity_type	4	minecraft:armadillo
minecraft:entity_type	5	minecraft:armor_stand
minecraft:entity_type	6	minecraft:arrow
minecraft:entity_type	7	minecraft:axolotl
minecraft:entity_type	8	minecraft:bamboo_chest_raft
minecraft:entity_type	9	minecraft:bamboo_raft
minecraft:entity_type	10	minecraft:bat
minecraft:entity_type	11	minecraft:bee
minecraft:entity_type	12	minecraft:birch_boat
minecraft:entity_type	13	minecraft:birch_chest_boat
minecraft:entity_type	14	minecraft:blaze
minecraft:entity_type	15	minecraft:block_display
minecraft:entity_type	16	minecraft:bogged
minecraft:entity_type	17	minecraft:breeze
minecraft:entity_type	18	minecraft:breeze_wind_charge
minecraft:entity_type	19	minecraft:camel
minecraft:entity_type	20	minecraft:camel_husk
minecraft:entity_type	21	minecraft:cat
minecraft:entity_type	22	minecraft:cave_spider
minecraft:entity_type	23	minecraft:cherry_boat
minecraft:entity_type	24	minecraft:cherry_chest_boat
minecraft:entity_type	25	minecraft:chest_minecart
minecraft:entity_type	26	minecraft:chicken
minecraft:entity_type	27	minecraft:cod
minecraft:entity_type	28	minecraft:copper_golem
minecraft:entity_type	29	minecraft:command_block_minecart
minecraft:entity_type	30	minecraft:cow
minecraft:entity_type	31	minecraft:creaking
minecraft:entity_type	32	minecraft:creeper
minecraft:entity_type	33	minecraft:cushion
minecraft:entity_type	34	minecraft:dark_oak_boat
minecraft:entity_type	35	minecraft:dark_oak_chest_boat
minecraft:entity_type	36	minecraft:dolphin
minecraft:entity_type	37	minecraft:donkey
minecraft:entity_type	38	minecraft:dragon_fireball
minecraft:entity_type	39	minecraft:drowned
minecraft:entity_type	40	minecraft:egg
minecraft:entity_type	41	minecraft:elder_guardian
minecraft:entity_type	42	minecraft:enderman
minecraft:entity_type	43	minecraft:endermite
minecraft:entity_type	44	minecraft:ender_dragon
minecraft:entity_type	45	minecraft:ender_pearl
minecraft:entity_type	46	minecraft:end_crystal
minecraft:entity_type	47	minecraft:evoker
minecraft:entity_type	48	minecraft:evoker_fangs
minecraft:entity_type	49	minecraft:experience_bottle
minecraft:entity_type	50	minecraft:experience_orb
minecraft:entity_type	51	minecraft:eye_of_ender
minecraft:entity_type	52	minecraft:falling_block
minecraft:entity_type	53	minecraft:fireball
minecraft:entity_type	54	minecraft:firework_rocket
minecraft:entity_type	55	minecraft:fox
minecraft:entity_type	56	minecraft:frog
minecraft:entity_type	57	minecraft:furnace_minecart
minecraft:entity_type	58	minecraft:ghast
minecraft:entity_type	59	minecraft:happy_ghast
minecraft:entity_type	60	minecraft:giant
minecraft:entity_type	61	minecraft:glow_item_frame
minecraft:entity_type	62	minecraft:glow_squid
minecraft:entity_type	63	minecraft:goat
minecraft:entity_type	64	minecraft:guardian
minecraft:entity_type	65	minecraft:hoglin
minecraft:entity_type	66	minecraft:hopper_minecart
minecraft:entity_type	67	minecraft:horse
minecraft:entity_type	68	minecraft:husk
minecraft:entity_type	69	minecraft:illusioner
minecraft:entity_type	70	minecraft:interaction
minecraft:entity_type	71	minecraft:iron_golem
minecraft:entity_type	72	minecraft:item
minecraft:entity_type	73	minecraft:item_display
minecraft:entity_type	74	minecraft:item_frame
minecraft:entity_type	75	minecraft:jungle_boat
minecraft:entity_type	76	minecraft:jungle_chest_boat
minecraft:entity_type	77	minecraft:leash_knot
minecraft:entity_type	78	minecraft:lightning_bolt
minecraft:entity_type	79	minecraft:llama
minecraft:entity_type	80	minecraft:llama_spit
minecraft:entity_type	81	minecraft:magma_cube
minecraft:entity_type	82	minecraft:mangrove_boat
minecraft:entity_type	83	minecraft:mangrove_chest_boat
minecraft:entity_type	84	minecraft:mannequin
minecraft:entity_type	85	minecraft:marker
minecraft:entity_type	86	minecraft:minecart
minecraft:entity_type	87	minecraft:mooshroom
minecraft:entity_type	88	minecraft:mule
minecraft:entity_type	89	minecraft:nautilus
minecraft:entity_type	90	minecraft:oak_boat
minecraft:entity_type	91	minecraft:oak_chest_boat
minecraft:entity_type	92	minecraft:ocelot
minecraft:entity_type	93	minecraft:ominous_item_spawner
minecraft:entity_type	94	minecraft:painting
minecraft:entity_type	95	minecraft:pale_oak_boat
minecraft:entity_type	96	minecraft:pale_oak_chest_boat
minecraft:entity_type	97	minecraft:panda
minecraft:entity_type	98	minecraft:parched
minecraft:entity_type	99	minecraft:parrot
minecraft:entity_type	100	minecraft:phantom
minecraft:entity_type	101	minecraft:pig
minecraft:entity_type	102	minecraft:piglin
minecraft:entity_type	103	minecraft:piglin_brute
minecraft:entity_type	104	minecraft:pillager
minecraft:entity_type	105	minecraft:polar_bear
minecraft:entity_type	106	minecraft:poplar_boat
minecraft:entity_type	107	minecraft:poplar_chest_boat
minecraft:entity_type	108	minecraft:splash_potion
minecraft:entity_type	109	minecraft:lingering_potion
minecraft:entity_type	110	minecraft:pufferfish
minecraft:entity_type	111	minecraft:rabbit
minecraft:entity_type	112	minecraft:ravager
minecraft:entity_type	113	minecraft:salmon
minecraft:entity_type	114	minecraft:sheep
minecraft:entity_type	115	minecraft:shulker
minecraft:entity_type	116	minecraft:shulker_bullet
minecraft:entity_type	117	minecraft:silverfish
minecraft:entity_type	118	minecraft:skeleton
minecraft:entity_type	119	minecraft:skeleton_horse
minecraft:entity_type	120	minecraft:slime
minecraft:entity_type	121	minecraft:small_fireball
minecraft:entity_type	122	minecraft:sniffer
minecraft:entity_type	123	minecraft:snowball
minecraft:entity_type	124	minecraft:snow_golem
minecraft:entity_type	125	minecraft:spawner_minecart
minecraft:entity_type	126	minecraft:spectral_arrow
minecraft:entity_type	127	minecraft:spider
minecraft:entity_type	128	minecraft:spruce_boat
minecraft:entity_type	129	minecraft:spruce_chest_boat
minecraft:entity_type	130	minecraft:squid
minecraft:entity_type	131	minecraft:stray
minecraft:entity_type	132	minecraft:strider
minecraft:entity_type	133	minecraft:sulfur_cube
minecraft:entity_type	134	minecraft:tadpole
minecraft:entity_type	135	minecraft:text_display
minecraft:entity_type	136	minecraft:tnt
minecraft:entity_type	137	minecraft:tnt_minecart
minecraft:entity_type	138	minecraft:trader_llama
minecraft:entity_type	139	minecraft:trident
minecraft:entity_type	140	minecraft:tropical_fish
minecraft:entity_type	141	minecraft:turtle
minecraft:entity_type	142	minecraft:vex
minecraft:entity_type	143	minecraft:villager
minecraft:entity_type	144	minecraft:vindicator
minecraft:entity_type	145	minecraft:wandering_trader
minecraft:entity_type	146	minecraft:warden
minecraft:entity_type	147	minecraft:wind_charge
minecraft:entity_type	148	minecraft:witch
minecraft:entity_type	149	minecraft:wither
minecraft:entity_type	150	minecraft:wither_skeleton
minecraft:entity_type	151	minecraft:wither_skull
minecraft:entity_type	152	minecraft:wolf
minecraft:entity_type	153	minecraft:zoglin
minecraft:entity_type	154	minecraft:zombie
minecraft:entity_type	155	minecraft:zombie_horse
minecraft:entity_type	156	minecraft:zombie_nautilus
minecraft:entity_type	157	minecraft:zombie_villager
minecraft:entity_type	158	minecraft:zombified_piglin
minecraft:entity_type	159	minecraft:player
minecraft:entity_type	160	minecraft:fishing_bobber
minecraft:environment_attribute	0	minecraft:visual/fog_color
minecraft:environment_attribute	1	minecraft:visual/fog_start_distance
minecraft:environment_attribute	2	minecraft:visual/fog_end_distance
minecraft:environment_attribute	3	minecraft:visual/sky_fog_end_distance
minecraft:environment_attribute	4	minecraft:visual/cloud_fog_end_distance
minecraft:environment_attribute	5	minecraft:visual/water_fog_color
minecraft:environment_attribute	6	minecraft:visual/water_fog_start_distance
minecraft:environment_attribute	7	minecraft:visual/water_fog_end_distance
minecraft:environment_attribute	8	minecraft:visual/sky_color
minecraft:environment_attribute	9	minecraft:visual/sunrise_sunset_color
minecraft:environment_attribute	10	minecraft:visual/cloud_color
minecraft:environment_attribute	11	minecraft:visual/cloud_height
minecraft:environment_attribute	12	minecraft:visual/sun_angle
minecraft:environment_attribute	13	minecraft:visual/moon_angle
minecraft:environment_attribute	14	minecraft:visual/star_angle
minecraft:environment_attribute	15	minecraft:visual/moon_phase
minecraft:environment_attribute	16	minecraft:visual/star_brightness
minecraft:environment_attribute	17	minecraft:visual/block_light_tint
minecraft:environment_attribute	18	minecraft:visual/sky_light_color
minecraft:environment_attribute	19	minecraft:visual/sky_light_factor
minecraft:environment_attribute	20	minecraft:visual/night_vision_color
minecraft:environment_attribute	21	minecraft:visual/ambient_light_color
minecraft:environment_attribute	22	minecraft:visual/default_dripstone_particle
minecraft:environment_attribute	23	minecraft:visual/ambient_particles
minecraft:environment_attribute	24	minecraft:audio/background_music
minecraft:environment_attribute	25	minecraft:audio/music_volume
minecraft:environment_attribute	26	minecraft:audio/ambient_sounds
minecraft:environment_attribute	27	minecraft:audio/firefly_bush_sounds
minecraft:environment_attribute	28	minecraft:gameplay/sky_light_level
minecraft:environment_attribute	29	minecraft:gameplay/can_start_raid
minecraft:environment_attribute	30	minecraft:gameplay/water_evaporates
minecraft:environment_attribute	31	minecraft:gameplay/bed_rule
minecraft:environment_attribute	32	minecraft:gameplay/straw_bed_rule
minecraft:environment_attribute	33	minecraft:gameplay/respawn_anchor_works
minecraft:environment_attribute	34	minecraft:gameplay/nether_portal_spawns_piglin
minecraft:environment_attribute	35	minecraft:gameplay/fast_lava
minecraft:environment_attribute	36	minecraft:gameplay/increased_fire_burnout
minecraft:environment_attribute	37	minecraft:gameplay/eyeblossom_open
minecraft:environment_attribute	38	minecraft:gameplay/turtle_egg_hatch_chance
minecraft:environment_attribute	39	minecraft:gameplay/piglins_zombify
minecraft:environment_attribute	40	minecraft:gameplay/snow_golem_melts
minecraft:environment_attribute	41	minecraft:gameplay/creaking_active
minecraft:environment_attribute	42	minecraft:gameplay/surface_slime_spawn_chance
minecraft:environment_attribute	43	minecraft:gameplay/cat_waking_up_gift_chance
minecraft:environment_attribute	44	minecraft:gameplay/bees_stay_in_hive
minecraft:environment_attribute	45	minecraft:gameplay/monsters_burn
minecraft:environment_attribute	46	minecraft:gameplay/can_pillager_patrol_spawn
minecraft:environment_attribute	47	minecraft:gameplay/natural_mob_spawns
minecraft:environment_attribute	48	minecraft:gameplay/creature_world_gen_spawn_probability
minecraft:environment_attribute	49	minecraft:gameplay/villager_activity
minecraft:environment_attribute	50	minecraft:gameplay/baby_villager_activity
minecraft:float_provider_type	0	minecraft:constant
minecraft:float_provider_type	1	minecraft:uniform
minecraft:float_provider_type	2	minecraft:clamped_normal
minecraft:float_provider_type	3	minecraft:trapezoid
minecraft:fluid	0	minecraft:empty
minecraft:fluid	1	minecraft:flowing_water
minecraft:fluid	2	minecraft:water
minecraft:fluid	3	minecraft:flowing_lava
minecraft:fluid	4	minecraft:lava
minecraft:game_event	0	minecraft:block_activate
minecraft:game_event	1	minecraft:block_attach
minecraft:game_event	2	minecraft:block_change
minecraft:game_event	3	minecraft:block_close
minecraft:game_event	4	minecraft:block_deactivate
minecraft:game_event	5	minecraft:block_destroy
minecraft:game_event	6	minecraft:block_detach
minecraft:game_event	7	minecraft:block_open
minecraft:game_event	8	minecraft:block_place
minecraft:game_event	9	minecraft:bounce
minecraft:game_event	10	minecraft:container_close
minecraft:game_event	11	minecraft:container_open
minecraft:game_event	12	minecraft:drink
minecraft:game_event	13	minecraft:eat
minecraft:game_event	14	minecraft:elytra_glide
minecraft:game_event	15	minecraft:entity_damage
minecraft:game_event	16	minecraft:entity_die
minecraft:game_event	17	minecraft:entity_dismount
minecraft:game_event	18	minecraft:entity_interact
minecraft:game_event	19	minecraft:entity_mount
minecraft:game_event	20	minecraft:entity_place
minecraft:game_event	21	minecraft:entity_action
minecraft:game_event	22	minecraft:equip
minecraft:game_event	23	minecraft:explode
minecraft:game_event	24	minecraft:flap
minecraft:game_event	25	minecraft:fluid_pickup
minecraft:game_event	26	minecraft:fluid_place
minecraft:game_event	27	minecraft:hit_ground
minecraft:game_event	28	minecraft:instrument_play
minecraft:game_event	29	minecraft:item_interact_finish
minecraft:game_event	30	minecraft:item_interact_start
minecraft:game_event	31	minecraft:jukebox_play
minecraft:game_event	32	minecraft:jukebox_stop_play
minecraft:game_event	33	minecraft:lightning_strike
minecraft:game_event	34	minecraft:note_block_play
minecraft:game_event	35	minecraft:prime_fuse
minecraft:game_event	36	minecraft:projectile_land
minecraft:game_event	37	minecraft:projectile_shoot
minecraft:game_event	38	minecraft:sculk_sensor_tendrils_clicking
minecraft:game_event	39	minecraft:shear
minecraft:game_event	40	minecraft:shriek
minecraft:game_event	41	minecraft:splash
minecraft:game_event	42	minecraft:step
minecraft:game_event	43	minecraft:swim
minecraft:game_event	44	minecraft:teleport
minecraft:game_event	45	minecraft:unequip
minecraft:game_event	46	minecraft:resonate_1
minecraft:game_event	47	minecraft:resonate_2
minecraft:game_event	48	minecraft:resonate_3
minecraft:game_event	49	minecraft:resonate_4
minecraft:game_event	50	minecraft:resonate_5
minecraft:game_event	51	minecraft:resonate_6
minecraft:game_event	52	minecraft:resonate_7
minecraft:game_event	53	minecraft:resonate_8
minecraft:game_event	54	minecraft:resonate_9
minecraft:game_event	55	minecraft:resonate_10
minecraft:game_event	56	minecraft:resonate_11
minecraft:game_event	57	minecraft:resonate_12
minecraft:game_event	58	minecraft:resonate_13
minecraft:game_event	59	minecraft:resonate_14
minecraft:game_event	60	minecraft:resonate_15
minecraft:game_rule	0	minecraft:advance_time
minecraft:game_rule	1	minecraft:advance_weather
minecraft:game_rule	2	minecraft:allow_entering_nether_using_portals
minecraft:game_rule	3	minecraft:block_drops
minecraft:game_rule	4	minecraft:block_explosion_drop_decay
minecraft:game_rule	5	minecraft:command_blocks_work
minecraft:game_rule	6	minecraft:command_block_output
minecraft:game_rule	7	minecraft:drowning_damage
minecraft:game_rule	8	minecraft:elytra_movement_check
minecraft:game_rule	9	minecraft:ender_pearls_vanish_on_death
minecraft:game_rule	10	minecraft:entity_drops
minecraft:game_rule	11	minecraft:fall_damage
minecraft:game_rule	12	minecraft:fire_damage
minecraft:game_rule	13	minecraft:fire_spread_radius_around_player
minecraft:game_rule	14	minecraft:forgive_dead_players
minecraft:game_rule	15	minecraft:freeze_damage
minecraft:game_rule	16	minecraft:global_sound_events
minecraft:game_rule	17	minecraft:immediate_respawn
minecraft:game_rule	18	minecraft:keep_inventory
minecraft:game_rule	19	minecraft:lava_source_conversion
minecraft:game_rule	20	minecraft:limited_crafting
minecraft:game_rule	21	minecraft:locator_bar
minecraft:game_rule	22	minecraft:log_admin_commands
minecraft:game_rule	23	minecraft:max_block_modifications
minecraft:game_rule	24	minecraft:max_command_forks
minecraft:game_rule	25	minecraft:max_command_sequence_length
minecraft:game_rule	26	minecraft:max_entity_cramming
minecraft:game_rule	27	minecraft:max_minecart_speed
minecraft:game_rule	28	minecraft:max_snow_accumulation_height
minecraft:game_rule	29	minecraft:mob_drops
minecraft:game_rule	30	minecraft:mob_explosion_drop_decay
minecraft:game_rule	31	minecraft:mob_griefing
minecraft:game_rule	32	minecraft:natural_health_regeneration
minecraft:game_rule	33	minecraft:player_movement_check
minecraft:game_rule	34	minecraft:players_nether_portal_creative_delay
minecraft:game_rule	35	minecraft:players_nether_portal_default_delay
minecraft:game_rule	36	minecraft:players_sleeping_percentage
minecraft:game_rule	37	minecraft:projectiles_can_break_blocks
minecraft:game_rule	38	minecraft:pvp
minecraft:game_rule	39	minecraft:raids
minecraft:game_rule	40	minecraft:random_tick_speed
minecraft:game_rule	41	minecraft:reduced_debug_info
minecraft:game_rule	42	minecraft:respawn_radius
minecraft:game_rule	43	minecraft:send_command_feedback
minecraft:game_rule	44	minecraft:show_advancement_messages
minecraft:game_rule	45	minecraft:show_death_messages
minecraft:game_rule	46	minecraft:spawner_blocks_work
minecraft:game_rule	47	minecraft:spawn_mobs
minecraft:game_rule	48	minecraft:spawn_monsters
minecraft:game_rule	49	minecraft:spawn_patrols
minecraft:game_rule	50	minecraft:spawn_phantoms
minecraft:game_rule	51	minecraft:spawn_wandering_traders
minecraft:game_rule	52	minecraft:spawn_wardens
minecraft:game_rule	53	minecraft:spectators_generate_chunks
minecraft:game_rule	54	minecraft:spread_vines
minecraft:game_rule	55	minecraft:tnt_explodes
minecraft:game_rule	56	minecraft:tnt_explosion_drop_decay
minecraft:game_rule	57	minecraft:universal_anger
minecraft:game_rule	58	minecraft:water_source_conversion
minecraft:height_provider_type	0	minecraft:constant
minecraft:height_provider_type	1	minecraft:uniform
minecraft:height_provider_type	2	minecraft:biased_to_bottom
minecraft:height_provider_type	3	minecraft:very_biased_to_bottom
minecraft:height_provider_type	4	minecraft:trapezoid
minecraft:height_provider_type	5	minecraft:weighted_list
minecraft:incoming_rpc_methods	0	minecraft:allowlist
minecraft:incoming_rpc_methods	1	minecraft:allowlist/set
minecraft:incoming_rpc_methods	2	minecraft:allowlist/add
minecraft:incoming_rpc_methods	3	minecraft:allowlist/remove
minecraft:incoming_rpc_methods	4	minecraft:allowlist/clear
minecraft:incoming_rpc_methods	5	minecraft:bans
minecraft:incoming_rpc_methods	6	minecraft:bans/set
minecraft:incoming_rpc_methods	7	minecraft:bans/add
minecraft:incoming_rpc_methods	8	minecraft:bans/remove
minecraft:incoming_rpc_methods	9	minecraft:bans/clear
minecraft:incoming_rpc_methods	10	minecraft:ip_bans
minecraft:incoming_rpc_methods	11	minecraft:ip_bans/set
minecraft:incoming_rpc_methods	12	minecraft:ip_bans/add
minecraft:incoming_rpc_methods	13	minecraft:ip_bans/remove
minecraft:incoming_rpc_methods	14	minecraft:ip_bans/clear
minecraft:incoming_rpc_methods	15	minecraft:players
minecraft:incoming_rpc_methods	16	minecraft:players/kick
minecraft:incoming_rpc_methods	17	minecraft:operators
minecraft:incoming_rpc_methods	18	minecraft:operators/set
minecraft:incoming_rpc_methods	19	minecraft:operators/add
minecraft:incoming_rpc_methods	20	minecraft:operators/remove
minecraft:incoming_rpc_methods	21	minecraft:operators/clear
minecraft:incoming_rpc_methods	22	minecraft:server/status
minecraft:incoming_rpc_methods	23	minecraft:server/save
minecraft:incoming_rpc_methods	24	minecraft:server/stop
minecraft:incoming_rpc_methods	25	minecraft:server/system_message
minecraft:incoming_rpc_methods	26	minecraft:serversettings/autosave
minecraft:incoming_rpc_methods	27	minecraft:serversettings/autosave/set
minecraft:incoming_rpc_methods	28	minecraft:serversettings/difficulty
minecraft:incoming_rpc_methods	29	minecraft:serversettings/difficulty/set
minecraft:incoming_rpc_methods	30	minecraft:serversettings/enforce_allowlist
minecraft:incoming_rpc_methods	31	minecraft:serversettings/enforce_allowlist/set
minecraft:incoming_rpc_methods	32	minecraft:serversettings/use_allowlist
minecraft:incoming_rpc_methods	33	minecraft:serversettings/use_allowlist/set
minecraft:incoming_rpc_methods	34	minecraft:serversettings/max_players
minecraft:incoming_rpc_methods	35	minecraft:serversettings/max_players/set
minecraft:incoming_rpc_methods	36	minecraft:serversettings/pause_when_empty_seconds
minecraft:incoming_rpc_methods	37	minecraft:serversettings/pause_when_empty_seconds/set
minecraft:incoming_rpc_methods	38	minecraft:serversettings/player_idle_timeout
minecraft:incoming_rpc_methods	39	minecraft:serversettings/player_idle_timeout/set
minecraft:incoming_rpc_methods	40	minecraft:serversettings/allow_flight
minecraft:incoming_rpc_methods	41	minecraft:serversettings/allow_flight/set
minecraft:incoming_rpc_methods	42	minecraft:serversettings/motd
minecraft:incoming_rpc_methods	43	minecraft:serversettings/motd/set
minecraft:incoming_rpc_methods	44	minecraft:serversettings/spawn_protection_radius
minecraft:incoming_rpc_methods	45	minecraft:serversettings/spawn_protection_radius/set
minecraft:incoming_rpc_methods	46	minecraft:serversettings/force_game_mode
minecraft:incoming_rpc_methods	47	minecraft:serversettings/force_game_mode/set
minecraft:incoming_rpc_methods	48	minecraft:serversettings/game_mode
minecraft:incoming_rpc_methods	49	minecraft:serversettings/game_mode/set
minecraft:incoming_rpc_methods	50	minecraft:serversettings/view_distance
minecraft:incoming_rpc_methods	51	minecraft:serversettings/view_distance/set
minecraft:incoming_rpc_methods	52	minecraft:serversettings/simulation_distance
minecraft:incoming_rpc_methods	53	minecraft:serversettings/simulation_distance/set
minecraft:incoming_rpc_methods	54	minecraft:serversettings/accept_transfers
minecraft:incoming_rpc_methods	55	minecraft:serversettings/accept_transfers/set
minecraft:incoming_rpc_methods	56	minecraft:serversettings/status_heartbeat_interval
minecraft:incoming_rpc_methods	57	minecraft:serversettings/status_heartbeat_interval/set
minecraft:incoming_rpc_methods	58	minecraft:serversettings/operator_user_permission_level
minecraft:incoming_rpc_methods	59	minecraft:serversettings/operator_user_permission_level/set
minecraft:incoming_rpc_methods	60	minecraft:serversettings/hide_online_players
minecraft:incoming_rpc_methods	61	minecraft:serversettings/hide_online_players/set
minecraft:incoming_rpc_methods	62	minecraft:serversettings/status_replies
minecraft:incoming_rpc_methods	63	minecraft:serversettings/status_replies/set
minecraft:incoming_rpc_methods	64	minecraft:serversettings/entity_broadcast_range
minecraft:incoming_rpc_methods	65	minecraft:serversettings/entity_broadcast_range/set
minecraft:incoming_rpc_methods	66	minecraft:gamerules
minecraft:incoming_rpc_methods	67	minecraft:gamerules/update
minecraft:incoming_rpc_methods	68	minecraft:rpc.discover
minecraft:input_control_type	0	minecraft:boolean
minecraft:input_control_type	1	minecraft:number_range
minecraft:input_control_type	2	minecraft:single_option
minecraft:input_control_type	3	minecraft:text
minecraft:int_provider_type	0	minecraft:constant
minecraft:int_provider_type	1	minecraft:uniform
minecraft:int_provider_type	2	minecraft:biased_to_bottom
minecraft:int_provider_type	3	minecraft:very_biased_to_bottom
minecraft:int_provider_type	4	minecraft:clamped
minecraft:int_provider_type	5	minecraft:weighted_list
minecraft:int_provider_type	6	minecraft:clamped_normal
minecraft:int_provider_type	7	minecraft:trapezoid
minecraft:item	0	minecraft:air
minecraft:item	1	minecraft:stone
minecraft:item	2	minecraft:granite
minecraft:item	3	minecraft:polished_granite
minecraft:item	4	minecraft:diorite
minecraft:item	5	minecraft:polished_diorite
minecraft:item	6	minecraft:andesite
minecraft:item	7	minecraft:polished_andesite
minecraft:item	8	minecraft:deepslate
minecraft:item	9	minecraft:cobbled_deepslate
minecraft:item	10	minecraft:polished_deepslate
minecraft:item	11	minecraft:calcite
minecraft:item	12	minecraft:tuff
minecraft:item	13	minecraft:tuff_slab
minecraft:item	14	minecraft:tuff_stairs
minecraft:item	15	minecraft:tuff_wall
minecraft:item	16	minecraft:chiseled_tuff
minecraft:item	17	minecraft:polished_tuff
minecraft:item	18	minecraft:polished_tuff_slab
minecraft:item	19	minecraft:polished_tuff_stairs
minecraft:item	20	minecraft:polished_tuff_wall
minecraft:item	21	minecraft:tuff_bricks
minecraft:item	22	minecraft:tuff_brick_slab
minecraft:item	23	minecraft:tuff_brick_stairs
minecraft:item	24	minecraft:tuff_brick_wall
minecraft:item	25	minecraft:chiseled_tuff_bricks
minecraft:item	26	minecraft:sulfur
minecraft:item	27	minecraft:potent_sulfur
minecraft:item	28	minecraft:sulfur_slab
minecraft:item	29	minecraft:sulfur_stairs
minecraft:item	30	minecraft:sulfur_wall
minecraft:item	31	minecraft:polished_sulfur
minecraft:item	32	minecraft:polished_sulfur_slab
minecraft:item	33	minecraft:polished_sulfur_stairs
minecraft:item	34	minecraft:polished_sulfur_wall
minecraft:item	35	minecraft:sulfur_bricks
minecraft:item	36	minecraft:sulfur_brick_slab
minecraft:item	37	minecraft:sulfur_brick_stairs
minecraft:item	38	minecraft:sulfur_brick_wall
minecraft:item	39	minecraft:chiseled_sulfur
minecraft:item	40	minecraft:cinnabar
minecraft:item	41	minecraft:cinnabar_slab
minecraft:item	42	minecraft:cinnabar_stairs
minecraft:item	43	minecraft:cinnabar_wall
minecraft:item	44	minecraft:polished_cinnabar
minecraft:item	45	minecraft:polished_cinnabar_slab
minecraft:item	46	minecraft:polished_cinnabar_stairs
minecraft:item	47	minecraft:polished_cinnabar_wall
minecraft:item	48	minecraft:cinnabar_bricks
minecraft:item	49	minecraft:cinnabar_brick_slab
minecraft:item	50	minecraft:cinnabar_brick_stairs
minecraft:item	51	minecraft:cinnabar_brick_wall
minecraft:item	52	minecraft:chiseled_cinnabar
minecraft:item	53	minecraft:dripstone_block
minecraft:item	54	minecraft:grass_block
minecraft:item	55	minecraft:dirt
minecraft:item	56	minecraft:coarse_dirt
minecraft:item	57	minecraft:podzol
minecraft:item	58	minecraft:rooted_dirt
minecraft:item	59	minecraft:mud
minecraft:item	60	minecraft:crimson_nylium
minecraft:item	61	minecraft:warped_nylium
minecraft:item	62	minecraft:cobblestone
minecraft:item	63	minecraft:oak_planks
minecraft:item	64	minecraft:spruce_planks
minecraft:item	65	minecraft:birch_planks
minecraft:item	66	minecraft:jungle_planks
minecraft:item	67	minecraft:acacia_planks
minecraft:item	68	minecraft:cherry_planks
minecraft:item	69	minecraft:dark_oak_planks
minecraft:item	70	minecraft:pale_oak_planks
minecraft:item	71	minecraft:mangrove_planks
minecraft:item	72	minecraft:poplar_planks
minecraft:item	73	minecraft:bamboo_planks
minecraft:item	74	minecraft:crimson_planks
minecraft:item	75	minecraft:warped_planks
minecraft:item	76	minecraft:bamboo_mosaic
minecraft:item	77	minecraft:oak_sapling
minecraft:item	78	minecraft:spruce_sapling
minecraft:item	79	minecraft:birch_sapling
minecraft:item	80	minecraft:jungle_sapling
minecraft:item	81	minecraft:acacia_sapling
minecraft:item	82	minecraft:cherry_sapling
minecraft:item	83	minecraft:dark_oak_sapling
minecraft:item	84	minecraft:pale_oak_sapling
minecraft:item	85	minecraft:mangrove_propagule
minecraft:item	86	minecraft:poplar_sapling
minecraft:item	87	minecraft:bedrock
minecraft:item	88	minecraft:sand
minecraft:item	89	minecraft:suspicious_sand
minecraft:item	90	minecraft:suspicious_gravel
minecraft:item	91	minecraft:red_sand
minecraft:item	92	minecraft:gravel
minecraft:item	93	minecraft:coal_ore
minecraft:item	94	minecraft:deepslate_coal_ore
minecraft:item	95	minecraft:iron_ore
minecraft:item	96	minecraft:deepslate_iron_ore
minecraft:item	97	minecraft:copper_ore
minecraft:item	98	minecraft:deepslate_copper_ore
minecraft:item	99	minecraft:gold_ore
minecraft:item	100	minecraft:deepslate_gold_ore
minecraft:item	101	minecraft:redstone_ore
minecraft:item	102	minecraft:deepslate_redstone_ore
minecraft:item	103	minecraft:emerald_ore
minecraft:item	104	minecraft:deepslate_emerald_ore
minecraft:item	105	minecraft:lapis_ore
minecraft:item	106	minecraft:deepslate_lapis_ore
minecraft:item	107	minecraft:diamond_ore
minecraft:item	108	minecraft:deepslate_diamond_ore
minecraft:item	109	minecraft:nether_gold_ore
minecraft:item	110	minecraft:nether_quartz_ore
minecraft:item	111	minecraft:ancient_debris
minecraft:item	112	minecraft:coal_block
minecraft:item	113	minecraft:raw_iron_block
minecraft:item	114	minecraft:raw_copper_block
minecraft:item	115	minecraft:raw_gold_block
minecraft:item	116	minecraft:heavy_core
minecraft:item	117	minecraft:amethyst_block
minecraft:item	118	minecraft:budding_amethyst
minecraft:item	119	minecraft:iron_block
minecraft:item	120	minecraft:copper_block
minecraft:item	121	minecraft:exposed_copper
minecraft:item	122	minecraft:weathered_copper
minecraft:item	123	minecraft:oxidized_copper
minecraft:item	124	minecraft:waxed_copper_block
minecraft:item	125	minecraft:waxed_exposed_copper
minecraft:item	126	minecraft:waxed_weathered_copper
minecraft:item	127	minecraft:waxed_oxidized_copper
minecraft:item	128	minecraft:gold_block
minecraft:item	129	minecraft:diamond_block
minecraft:item	130	minecraft:netherite_block
minecraft:item	131	minecraft:chiseled_copper
minecraft:item	132	minecraft:exposed_chiseled_copper
minecraft:item	133	minecraft:weathered_chiseled_copper
minecraft:item	134	minecraft:oxidized_chiseled_copper
minecraft:item	135	minecraft:waxed_chiseled_copper
minecraft:item	136	minecraft:waxed_exposed_chiseled_copper
minecraft:item	137	minecraft:waxed_weathered_chiseled_copper
minecraft:item	138	minecraft:waxed_oxidized_chiseled_copper
minecraft:item	139	minecraft:cut_copper
minecraft:item	140	minecraft:exposed_cut_copper
minecraft:item	141	minecraft:weathered_cut_copper
minecraft:item	142	minecraft:oxidized_cut_copper
minecraft:item	143	minecraft:waxed_cut_copper
minecraft:item	144	minecraft:waxed_exposed_cut_copper
minecraft:item	145	minecraft:waxed_weathered_cut_copper
minecraft:item	146	minecraft:waxed_oxidized_cut_copper
minecraft:item	147	minecraft:cut_copper_stairs
minecraft:item	148	minecraft:exposed_cut_copper_stairs
minecraft:item	149	minecraft:weathered_cut_copper_stairs
minecraft:item	150	minecraft:oxidized_cut_copper_stairs
minecraft:item	151	minecraft:waxed_cut_copper_stairs
minecraft:item	152	minecraft:waxed_exposed_cut_copper_stairs
minecraft:item	153	minecraft:waxed_weathered_cut_copper_stairs
minecraft:item	154	minecraft:waxed_oxidized_cut_copper_stairs
minecraft:item	155	minecraft:cut_copper_slab
minecraft:item	156	minecraft:exposed_cut_copper_slab
minecraft:item	157	minecraft:weathered_cut_copper_slab
minecraft:item	158	minecraft:oxidized_cut_copper_slab
minecraft:item	159	minecraft:waxed_cut_copper_slab
minecraft:item	160	minecraft:waxed_exposed_cut_copper_slab
minecraft:item	161	minecraft:waxed_weathered_cut_copper_slab
minecraft:item	162	minecraft:waxed_oxidized_cut_copper_slab
minecraft:item	163	minecraft:oak_log
minecraft:item	164	minecraft:spruce_log
minecraft:item	165	minecraft:birch_log
minecraft:item	166	minecraft:jungle_log
minecraft:item	167	minecraft:acacia_log
minecraft:item	168	minecraft:cherry_log
minecraft:item	169	minecraft:pale_oak_log
minecraft:item	170	minecraft:dark_oak_log
minecraft:item	171	minecraft:mangrove_log
minecraft:item	172	minecraft:poplar_log
minecraft:item	173	minecraft:mangrove_roots
minecraft:item	174	minecraft:muddy_mangrove_roots
minecraft:item	175	minecraft:crimson_stem
minecraft:item	176	minecraft:warped_stem
minecraft:item	177	minecraft:bamboo_block
minecraft:item	178	minecraft:stripped_oak_log
minecraft:item	179	minecraft:stripped_spruce_log
minecraft:item	180	minecraft:stripped_birch_log
minecraft:item	181	minecraft:stripped_jungle_log
minecraft:item	182	minecraft:stripped_acacia_log
minecraft:item	183	minecraft:stripped_cherry_log
minecraft:item	184	minecraft:stripped_dark_oak_log
minecraft:item	185	minecraft:stripped_pale_oak_log
minecraft:item	186	minecraft:stripped_mangrove_log
minecraft:item	187	minecraft:stripped_poplar_log
minecraft:item	188	minecraft:stripped_crimson_stem
minecraft:item	189	minecraft:stripped_warped_stem
minecraft:item	190	minecraft:stripped_oak_wood
minecraft:item	191	minecraft:stripped_spruce_wood
minecraft:item	192	minecraft:stripped_birch_wood
minecraft:item	193	minecraft:stripped_jungle_wood
minecraft:item	194	minecraft:stripped_acacia_wood
minecraft:item	195	minecraft:stripped_cherry_wood
minecraft:item	196	minecraft:stripped_dark_oak_wood
minecraft:item	197	minecraft:stripped_pale_oak_wood
minecraft:item	198	minecraft:stripped_mangrove_wood
minecraft:item	199	minecraft:stripped_poplar_wood
minecraft:item	200	minecraft:stripped_crimson_hyphae
minecraft:item	201	minecraft:stripped_warped_hyphae
minecraft:item	202	minecraft:stripped_bamboo_block
minecraft:item	203	minecraft:oak_wood
minecraft:item	204	minecraft:spruce_wood
minecraft:item	205	minecraft:birch_wood
minecraft:item	206	minecraft:jungle_wood
minecraft:item	207	minecraft:acacia_wood
minecraft:item	208	minecraft:cherry_wood
minecraft:item	209	minecraft:pale_oak_wood
minecraft:item	210	minecraft:dark_oak_wood
minecraft:item	211	minecraft:mangrove_wood
minecraft:item	212	minecraft:poplar_wood
minecraft:item	213	minecraft:crimson_hyphae
minecraft:item	214	minecraft:warped_hyphae
minecraft:item	215	minecraft:oak_leaves
minecraft:item	216	minecraft:spruce_leaves
minecraft:item	217	minecraft:birch_leaves
minecraft:item	218	minecraft:jungle_leaves
minecraft:item	219	minecraft:acacia_leaves
minecraft:item	220	minecraft:cherry_leaves
minecraft:item	221	minecraft:dark_oak_leaves
minecraft:item	222	minecraft:pale_oak_leaves
minecraft:item	223	minecraft:mangrove_leaves
minecraft:item	224	minecraft:red_poplar_leaves
minecraft:item	225	minecraft:orange_poplar_leaves
minecraft:item	226	minecraft:yellow_poplar_leaves
minecraft:item	227	minecraft:azalea_leaves
minecraft:item	228	minecraft:flowering_azalea_leaves
minecraft:item	229	minecraft:sponge
minecraft:item	230	minecraft:wet_sponge
minecraft:item	231	minecraft:glass
minecraft:item	232	minecraft:tinted_glass
minecraft:item	233	minecraft:lapis_block
minecraft:item	234	minecraft:sandstone
minecraft:item	235	minecraft:chiseled_sandstone
minecraft:item	236	minecraft:cut_sandstone
minecraft:item	237	minecraft:cobweb
minecraft:item	238	minecraft:short_grass
minecraft:item	239	minecraft:fern
minecraft:item	240	minecraft:bush
minecraft:item	241	minecraft:red_shrub
minecraft:item	242	minecraft:azalea
minecraft:item	243	minecraft:flowering_azalea
minecraft:item	244	minecraft:dead_bush
minecraft:item	245	minecraft:firefly_bush
minecraft:item	246	minecraft:short_dry_grass
minecraft:item	247	minecraft:tall_dry_grass
minecraft:item	248	minecraft:seagrass
minecraft:item	249	minecraft:sea_pickle
minecraft:item	250	minecraft:white_wool
minecraft:item	251	minecraft:orange_wool
minecraft:item	252	minecraft:magenta_wool
minecraft:item	253	minecraft:light_blue_wool
minecraft:item	254	minecraft:yellow_wool
minecraft:item	255	minecraft:lime_wool
minecraft:item	256	minecraft:pink_wool
minecraft:item	257	minecraft:gray_wool
minecraft:item	258	minecraft:light_gray_wool
minecraft:item	259	minecraft:cyan_wool
minecraft:item	260	minecraft:purple_wool
minecraft:item	261	minecraft:blue_wool
minecraft:item	262	minecraft:brown_wool
minecraft:item	263	minecraft:green_wool
minecraft:item	264	minecraft:red_wool
minecraft:item	265	minecraft:black_wool
minecraft:item	266	minecraft:white_wool_stairs
minecraft:item	267	minecraft:orange_wool_stairs
minecraft:item	268	minecraft:magenta_wool_stairs
minecraft:item	269	minecraft:light_blue_wool_stairs
minecraft:item	270	minecraft:yellow_wool_stairs
minecraft:item	271	minecraft:lime_wool_stairs
minecraft:item	272	minecraft:pink_wool_stairs
minecraft:item	273	minecraft:gray_wool_stairs
minecraft:item	274	minecraft:light_gray_wool_stairs
minecraft:item	275	minecraft:cyan_wool_stairs
minecraft:item	276	minecraft:purple_wool_stairs
minecraft:item	277	minecraft:blue_wool_stairs
minecraft:item	278	minecraft:brown_wool_stairs
minecraft:item	279	minecraft:green_wool_stairs
minecraft:item	280	minecraft:red_wool_stairs
minecraft:item	281	minecraft:black_wool_stairs
minecraft:item	282	minecraft:white_wool_slab
minecraft:item	283	minecraft:orange_wool_slab
minecraft:item	284	minecraft:magenta_wool_slab
minecraft:item	285	minecraft:light_blue_wool_slab
minecraft:item	286	minecraft:yellow_wool_slab
minecraft:item	287	minecraft:lime_wool_slab
minecraft:item	288	minecraft:pink_wool_slab
minecraft:item	289	minecraft:gray_wool_slab
minecraft:item	290	minecraft:light_gray_wool_slab
minecraft:item	291	minecraft:cyan_wool_slab
minecraft:item	292	minecraft:purple_wool_slab
minecraft:item	293	minecraft:blue_wool_slab
minecraft:item	294	minecraft:brown_wool_slab
minecraft:item	295	minecraft:green_wool_slab
minecraft:item	296	minecraft:red_wool_slab
minecraft:item	297	minecraft:black_wool_slab
minecraft:item	298	minecraft:dandelion
minecraft:item	299	minecraft:golden_dandelion
minecraft:item	300	minecraft:open_eyeblossom
minecraft:item	301	minecraft:closed_eyeblossom
minecraft:item	302	minecraft:poppy
minecraft:item	303	minecraft:blue_orchid
minecraft:item	304	minecraft:allium
minecraft:item	305	minecraft:azure_bluet
minecraft:item	306	minecraft:red_tulip
minecraft:item	307	minecraft:orange_tulip
minecraft:item	308	minecraft:white_tulip
minecraft:item	309	minecraft:pink_tulip
minecraft:item	310	minecraft:oxeye_daisy
minecraft:item	311	minecraft:cornflower
minecraft:item	312	minecraft:lily_of_the_valley
minecraft:item	313	minecraft:wither_rose
minecraft:item	314	minecraft:torchflower
minecraft:item	315	minecraft:pitcher_plant
minecraft:item	316	minecraft:spore_blossom
minecraft:item	317	minecraft:brown_mushroom
minecraft:item	318	minecraft:red_mushroom
minecraft:item	319	minecraft:shelf_mushroom
minecraft:item	320	minecraft:crimson_fungus
minecraft:item	321	minecraft:warped_fungus
minecraft:item	322	minecraft:crimson_roots
minecraft:item	323	minecraft:warped_roots
minecraft:item	324	minecraft:nether_sprouts
minecraft:item	325	minecraft:weeping_vines
minecraft:item	326	minecraft:twisting_vines
minecraft:item	327	minecraft:sugar_cane
minecraft:item	328	minecraft:kelp
minecraft:item	329	minecraft:pink_petals
minecraft:item	330	minecraft:wildflowers
minecraft:item	331	minecraft:leaf_litter
minecraft:item	332	minecraft:moss_carpet
minecraft:item	333	minecraft:moss_block
minecraft:item	334	minecraft:pale_moss_carpet
minecraft:item	335	minecraft:pale_hanging_moss
minecraft:item	336	minecraft:pale_moss_block
minecraft:item	337	minecraft:hanging_roots
minecraft:item	338	minecraft:big_dripleaf
minecraft:item	339	minecraft:small_dripleaf
minecraft:item	340	minecraft:bamboo
minecraft:item	341	minecraft:oak_slab
minecraft:item	342	minecraft:spruce_slab
minecraft:item	343	minecraft:birch_slab
minecraft:item	344	minecraft:jungle_slab
minecraft:item	345	minecraft:acacia_slab
minecraft:item	346	minecraft:cherry_slab
minecraft:item	347	minecraft:dark_oak_slab
minecraft:item	348	minecraft:pale_oak_slab
minecraft:item	349	minecraft:mangrove_slab
minecraft:item	350	minecraft:poplar_slab
minecraft:item	351	minecraft:bamboo_slab
minecraft:item	352	minecraft:bamboo_mosaic_slab
minecraft:item	353	minecraft:crimson_slab
minecraft:item	354	minecraft:warped_slab
minecraft:item	355	minecraft:stone_slab
minecraft:item	356	minecraft:smooth_stone_slab
minecraft:item	357	minecraft:sandstone_slab
minecraft:item	358	minecraft:cut_sandstone_slab
minecraft:item	359	minecraft:petrified_oak_slab
minecraft:item	360	minecraft:cobblestone_slab
minecraft:item	361	minecraft:brick_slab
minecraft:item	362	minecraft:stone_brick_slab
minecraft:item	363	minecraft:mud_brick_slab
minecraft:item	364	minecraft:nether_brick_slab
minecraft:item	365	minecraft:quartz_slab
minecraft:item	366	minecraft:red_sandstone_slab
minecraft:item	367	minecraft:cut_red_sandstone_slab
minecraft:item	368	minecraft:purpur_slab
minecraft:item	369	minecraft:prismarine_slab
minecraft:item	370	minecraft:prismarine_brick_slab
minecraft:item	371	minecraft:dark_prismarine_slab
minecraft:item	372	minecraft:smooth_quartz
minecraft:item	373	minecraft:smooth_red_sandstone
minecraft:item	374	minecraft:smooth_sandstone
minecraft:item	375	minecraft:smooth_stone
minecraft:item	376	minecraft:bricks
minecraft:item	377	minecraft:acacia_shelf
minecraft:item	378	minecraft:bamboo_shelf
minecraft:item	379	minecraft:birch_shelf
minecraft:item	380	minecraft:cherry_shelf
minecraft:item	381	minecraft:crimson_shelf
minecraft:item	382	minecraft:dark_oak_shelf
minecraft:item	383	minecraft:jungle_shelf
minecraft:item	384	minecraft:mangrove_shelf
minecraft:item	385	minecraft:poplar_shelf
minecraft:item	386	minecraft:oak_shelf
minecraft:item	387	minecraft:pale_oak_shelf
minecraft:item	388	minecraft:spruce_shelf
minecraft:item	389	minecraft:warped_shelf
minecraft:item	390	minecraft:bookshelf
minecraft:item	391	minecraft:chiseled_bookshelf
minecraft:item	392	minecraft:decorated_pot
minecraft:item	393	minecraft:mossy_cobblestone
minecraft:item	394	minecraft:obsidian
minecraft:item	395	minecraft:torch
minecraft:item	396	minecraft:end_rod
minecraft:item	397	minecraft:chorus_plant
minecraft:item	398	minecraft:chorus_flower
minecraft:item	399	minecraft:purpur_block
minecraft:item	400	minecraft:purpur_pillar
minecraft:item	401	minecraft:purpur_stairs
minecraft:item	402	minecraft:spawner
minecraft:item	403	minecraft:creaking_heart
minecraft:item	404	minecraft:chest
minecraft:item	405	minecraft:crafting_table
minecraft:item	406	minecraft:farmland
minecraft:item	407	minecraft:furnace
minecraft:item	408	minecraft:ladder
minecraft:item	409	minecraft:cobblestone_stairs
minecraft:item	410	minecraft:snow
minecraft:item	411	minecraft:ice
minecraft:item	412	minecraft:snow_block
minecraft:item	413	minecraft:cactus
minecraft:item	414	minecraft:cactus_flower
minecraft:item	415	minecraft:clay
minecraft:item	416	minecraft:jukebox
minecraft:item	417	minecraft:oak_fence
minecraft:item	418	minecraft:spruce_fence
minecraft:item	419	minecraft:birch_fence
minecraft:item	420	minecraft:jungle_fence
minecraft:item	421	minecraft:acacia_fence
minecraft:item	422	minecraft:cherry_fence
minecraft:item	423	minecraft:dark_oak_fence
minecraft:item	424	minecraft:pale_oak_fence
minecraft:item	425	minecraft:mangrove_fence
minecraft:item	426	minecraft:poplar_fence
minecraft:item	427	minecraft:bamboo_fence
minecraft:item	428	minecraft:crimson_fence
minecraft:item	429	minecraft:warped_fence
minecraft:item	430	minecraft:pumpkin
minecraft:item	431	minecraft:carved_pumpkin
minecraft:item	432	minecraft:jack_o_lantern
minecraft:item	433	minecraft:netherrack
minecraft:item	434	minecraft:soul_sand
minecraft:item	435	minecraft:soul_soil
minecraft:item	436	minecraft:basalt
minecraft:item	437	minecraft:polished_basalt
minecraft:item	438	minecraft:smooth_basalt
minecraft:item	439	minecraft:soul_torch
minecraft:item	440	minecraft:copper_torch
minecraft:item	441	minecraft:glowstone
minecraft:item	442	minecraft:infested_stone
minecraft:item	443	minecraft:infested_cobblestone
minecraft:item	444	minecraft:infested_stone_bricks
minecraft:item	445	minecraft:infested_mossy_stone_bricks
minecraft:item	446	minecraft:infested_cracked_stone_bricks
minecraft:item	447	minecraft:infested_chiseled_stone_bricks
minecraft:item	448	minecraft:infested_deepslate
minecraft:item	449	minecraft:stone_bricks
minecraft:item	450	minecraft:mossy_stone_bricks
minecraft:item	451	minecraft:cracked_stone_bricks
minecraft:item	452	minecraft:chiseled_stone_bricks
minecraft:item	453	minecraft:packed_mud
minecraft:item	454	minecraft:mud_bricks
minecraft:item	455	minecraft:deepslate_bricks
minecraft:item	456	minecraft:cracked_deepslate_bricks
minecraft:item	457	minecraft:deepslate_tiles
minecraft:item	458	minecraft:cracked_deepslate_tiles
minecraft:item	459	minecraft:chiseled_deepslate
minecraft:item	460	minecraft:reinforced_deepslate
minecraft:item	461	minecraft:brown_mushroom_block
minecraft:item	462	minecraft:red_mushroom_block
minecraft:item	463	minecraft:mushroom_stem
minecraft:item	464	minecraft:iron_bars
minecraft:item	465	minecraft:copper_bars
minecraft:item	466	minecraft:exposed_copper_bars
minecraft:item	467	minecraft:weathered_copper_bars
minecraft:item	468	minecraft:oxidized_copper_bars
minecraft:item	469	minecraft:waxed_copper_bars
minecraft:item	470	minecraft:waxed_exposed_copper_bars
minecraft:item	471	minecraft:waxed_weathered_copper_bars
minecraft:item	472	minecraft:waxed_oxidized_copper_bars
minecraft:item	473	minecraft:iron_chain
minecraft:item	474	minecraft:copper_chain
minecraft:item	475	minecraft:exposed_copper_chain
minecraft:item	476	minecraft:weathered_copper_chain
minecraft:item	477	minecraft:oxidized_copper_chain
minecraft:item	478	minecraft:waxed_copper_chain
minecraft:item	479	minecraft:waxed_exposed_copper_chain
minecraft:item	480	minecraft:waxed_weathered_copper_chain
minecraft:item	481	minecraft:waxed_oxidized_copper_chain
minecraft:item	482	minecraft:glass_pane
minecraft:item	483	minecraft:melon
minecraft:item	484	minecraft:vine
minecraft:item	485	minecraft:glow_lichen
minecraft:item	486	minecraft:resin_clump
minecraft:item	487	minecraft:resin_block
minecraft:item	488	minecraft:resin_bricks
minecraft:item	489	minecraft:resin_brick_stairs
minecraft:item	490	minecraft:resin_brick_slab
minecraft:item	491	minecraft:resin_brick_wall
minecraft:item	492	minecraft:chiseled_resin_bricks
minecraft:item	493	minecraft:brick_stairs
minecraft:item	494	minecraft:stone_brick_stairs
minecraft:item	495	minecraft:mud_brick_stairs
minecraft:item	496	minecraft:mycelium
minecraft:item	497	minecraft:lily_pad
minecraft:item	498	minecraft:nether_bricks
minecraft:item	499	minecraft:cracked_nether_bricks
minecraft:item	500	minecraft:chiseled_nether_bricks
minecraft:item	501	minecraft:nether_brick_fence
minecraft:item	502	minecraft:nether_brick_stairs
minecraft:item	503	minecraft:sculk
minecraft:item	504	minecraft:sculk_vein
minecraft:item	505	minecraft:sculk_catalyst
minecraft:item	506	minecraft:sculk_shrieker
minecraft:item	507	minecraft:enchanting_table
minecraft:item	508	minecraft:end_portal_frame
minecraft:item	509	minecraft:end_stone
minecraft:item	510	minecraft:end_stone_bricks
minecraft:item	511	minecraft:dragon_egg
minecraft:item	512	minecraft:sandstone_stairs
minecraft:item	513	minecraft:ender_chest
minecraft:item	514	minecraft:emerald_block
minecraft:item	515	minecraft:oak_stairs
minecraft:item	516	minecraft:spruce_stairs
minecraft:item	517	minecraft:birch_stairs
minecraft:item	518	minecraft:jungle_stairs
minecraft:item	519	minecraft:acacia_stairs
minecraft:item	520	minecraft:cherry_stairs
minecraft:item	521	minecraft:dark_oak_stairs
minecraft:item	522	minecraft:pale_oak_stairs
minecraft:item	523	minecraft:mangrove_stairs
minecraft:item	524	minecraft:poplar_stairs
minecraft:item	525	minecraft:bamboo_stairs
minecraft:item	526	minecraft:bamboo_mosaic_stairs
minecraft:item	527	minecraft:crimson_stairs
minecraft:item	528	minecraft:warped_stairs
minecraft:item	529	minecraft:command_block
minecraft:item	530	minecraft:beacon
minecraft:item	531	minecraft:cobblestone_wall
minecraft:item	532	minecraft:mossy_cobblestone_wall
minecraft:item	533	minecraft:brick_wall
minecraft:item	534	minecraft:prismarine_wall
minecraft:item	535	minecraft:red_sandstone_wall
minecraft:item	536	minecraft:mossy_stone_brick_wall
minecraft:item	537	minecraft:granite_wall
minecraft:item	538	minecraft:stone_brick_wall
minecraft:item	539	minecraft:mud_brick_wall
minecraft:item	540	minecraft:nether_brick_wall
minecraft:item	541	minecraft:andesite_wall
minecraft:item	542	minecraft:red_nether_brick_wall
minecraft:item	543	minecraft:sandstone_wall
minecraft:item	544	minecraft:end_stone_brick_wall
minecraft:item	545	minecraft:diorite_wall
minecraft:item	546	minecraft:blackstone_wall
minecraft:item	547	minecraft:polished_blackstone_wall
minecraft:item	548	minecraft:polished_blackstone_brick_wall
minecraft:item	549	minecraft:cobbled_deepslate_wall
minecraft:item	550	minecraft:polished_deepslate_wall
minecraft:item	551	minecraft:deepslate_brick_wall
minecraft:item	552	minecraft:deepslate_tile_wall
minecraft:item	553	minecraft:anvil
minecraft:item	554	minecraft:chipped_anvil
minecraft:item	555	minecraft:damaged_anvil
minecraft:item	556	minecraft:chiseled_quartz_block
minecraft:item	557	minecraft:quartz_block
minecraft:item	558	minecraft:quartz_bricks
minecraft:item	559	minecraft:quartz_pillar
minecraft:item	560	minecraft:quartz_stairs
minecraft:item	561	minecraft:white_terracotta
minecraft:item	562	minecraft:orange_terracotta
minecraft:item	563	minecraft:magenta_terracotta
minecraft:item	564	minecraft:light_blue_terracotta
minecraft:item	565	minecraft:yellow_terracotta
minecraft:item	566	minecraft:lime_terracotta
minecraft:item	567	minecraft:pink_terracotta
minecraft:item	568	minecraft:gray_terracotta
minecraft:item	569	minecraft:light_gray_terracotta
minecraft:item	570	minecraft:cyan_terracotta
minecraft:item	571	minecraft:purple_terracotta
minecraft:item	572	minecraft:blue_terracotta
minecraft:item	573	minecraft:brown_terracotta
minecraft:item	574	minecraft:green_terracotta
minecraft:item	575	minecraft:red_terracotta
minecraft:item	576	minecraft:black_terracotta
minecraft:item	577	minecraft:barrier
minecraft:item	578	minecraft:light
minecraft:item	579	minecraft:hay_block
minecraft:item	580	minecraft:white_carpet
minecraft:item	581	minecraft:orange_carpet
minecraft:item	582	minecraft:magenta_carpet
minecraft:item	583	minecraft:light_blue_carpet
minecraft:item	584	minecraft:yellow_carpet
minecraft:item	585	minecraft:lime_carpet
minecraft:item	586	minecraft:pink_carpet
minecraft:item	587	minecraft:gray_carpet
minecraft:item	588	minecraft:light_gray_carpet
minecraft:item	589	minecraft:cyan_carpet
minecraft:item	590	minecraft:purple_carpet
minecraft:item	591	minecraft:blue_carpet
minecraft:item	592	minecraft:brown_carpet
minecraft:item	593	minecraft:green_carpet
minecraft:item	594	minecraft:red_carpet
minecraft:item	595	minecraft:black_carpet
minecraft:item	596	minecraft:terracotta
minecraft:item	597	minecraft:packed_ice
minecraft:item	598	minecraft:dirt_path
minecraft:item	599	minecraft:sunflower
minecraft:item	600	minecraft:lilac
minecraft:item	601	minecraft:rose_bush
minecraft:item	602	minecraft:peony
minecraft:item	603	minecraft:tall_grass
minecraft:item	604	minecraft:large_fern
minecraft:item	605	minecraft:white_stained_glass
minecraft:item	606	minecraft:orange_stained_glass
minecraft:item	607	minecraft:magenta_stained_glass
minecraft:item	608	minecraft:light_blue_stained_glass
minecraft:item	609	minecraft:yellow_stained_glass
minecraft:item	610	minecraft:lime_stained_glass
minecraft:item	611	minecraft:pink_stained_glass
minecraft:item	612	minecraft:gray_stained_glass
minecraft:item	613	minecraft:light_gray_stained_glass
minecraft:item	614	minecraft:cyan_stained_glass
minecraft:item	615	minecraft:purple_stained_glass
minecraft:item	616	minecraft:blue_stained_glass
minecraft:item	617	minecraft:brown_stained_glass
minecraft:item	618	minecraft:green_stained_glass
minecraft:item	619	minecraft:red_stained_glass
minecraft:item	620	minecraft:black_stained_glass
minecraft:item	621	minecraft:white_stained_glass_pane
minecraft:item	622	minecraft:orange_stained_glass_pane
minecraft:item	623	minecraft:magenta_stained_glass_pane
minecraft:item	624	minecraft:light_blue_stained_glass_pane
minecraft:item	625	minecraft:yellow_stained_glass_pane
minecraft:item	626	minecraft:lime_stained_glass_pane
minecraft:item	627	minecraft:pink_stained_glass_pane
minecraft:item	628	minecraft:gray_stained_glass_pane
minecraft:item	629	minecraft:light_gray_stained_glass_pane
minecraft:item	630	minecraft:cyan_stained_glass_pane
minecraft:item	631	minecraft:purple_stained_glass_pane
minecraft:item	632	minecraft:blue_stained_glass_pane
minecraft:item	633	minecraft:brown_stained_glass_pane
minecraft:item	634	minecraft:green_stained_glass_pane
minecraft:item	635	minecraft:red_stained_glass_pane
minecraft:item	636	minecraft:black_stained_glass_pane
minecraft:item	637	minecraft:prismarine
minecraft:item	638	minecraft:prismarine_bricks
minecraft:item	639	minecraft:dark_prismarine
minecraft:item	640	minecraft:prismarine_stairs
minecraft:item	641	minecraft:prismarine_brick_stairs
minecraft:item	642	minecraft:dark_prismarine_stairs
minecraft:item	643	minecraft:sea_lantern
minecraft:item	644	minecraft:red_sandstone
minecraft:item	645	minecraft:chiseled_red_sandstone
minecraft:item	646	minecraft:cut_red_sandstone
minecraft:item	647	minecraft:red_sandstone_stairs
minecraft:item	648	minecraft:repeating_command_block
minecraft:item	649	minecraft:chain_command_block
minecraft:item	650	minecraft:magma_block
minecraft:item	651	minecraft:nether_wart_block
minecraft:item	652	minecraft:warped_wart_block
minecraft:item	653	minecraft:red_nether_bricks
minecraft:item	654	minecraft:bone_block
minecraft:item	655	minecraft:structure_void
minecraft:item	656	minecraft:shulker_box
minecraft:item	657	minecraft:white_shulker_box
minecraft:item	658	minecraft:orange_shulker_box
minecraft:item	659	minecraft:magenta_shulker_box
minecraft:item	660	minecraft:light_blue_shulker_box
minecraft:item	661	minecraft:yellow_shulker_box
minecraft:item	662	minecraft:lime_shulker_box
minecraft:item	663	minecraft:pink_shulker_box
minecraft:item	664	minecraft:gray_shulker_box
minecraft:item	665	minecraft:light_gray_shulker_box
minecraft:item	666	minecraft:cyan_shulker_box
minecraft:item	667	minecraft:purple_shulker_box
minecraft:item	668	minecraft:blue_shulker_box
minecraft:item	669	minecraft:brown_shulker_box
minecraft:item	670	minecraft:green_shulker_box
minecraft:item	671	minecraft:red_shulker_box
minecraft:item	672	minecraft:black_shulker_box
minecraft:item	673	minecraft:white_glazed_terracotta
minecraft:item	674	minecraft:orange_glazed_terracotta
minecraft:item	675	minecraft:magenta_glazed_terracotta
minecraft:item	676	minecraft:light_blue_glazed_terracotta
minecraft:item	677	minecraft:yellow_glazed_terracotta
minecraft:item	678	minecraft:lime_glazed_terracotta
minecraft:item	679	minecraft:pink_glazed_terracotta
minecraft:item	680	minecraft:gray_glazed_terracotta
minecraft:item	681	minecraft:light_gray_glazed_terracotta
minecraft:item	682	minecraft:cyan_glazed_terracotta
minecraft:item	683	minecraft:purple_glazed_terracotta
minecraft:item	684	minecraft:blue_glazed_terracotta
minecraft:item	685	minecraft:brown_glazed_terracotta
minecraft:item	686	minecraft:green_glazed_terracotta
minecraft:item	687	minecraft:red_glazed_terracotta
minecraft:item	688	minecraft:black_glazed_terracotta
minecraft:item	689	minecraft:white_concrete
minecraft:item	690	minecraft:orange_concrete
minecraft:item	691	minecraft:magenta_concrete
minecraft:item	692	minecraft:light_blue_concrete
minecraft:item	693	minecraft:yellow_concrete
minecraft:item	694	minecraft:lime_concrete
minecraft:item	695	minecraft:pink_concrete
minecraft:item	696	minecraft:gray_concrete
minecraft:item	697	minecraft:light_gray_concrete
minecraft:item	698	minecraft:cyan_concrete
minecraft:item	699	minecraft:purple_concrete
minecraft:item	700	minecraft:blue_concrete
minecraft:item	701	minecraft:brown_concrete
minecraft:item	702	minecraft:green_concrete
minecraft:item	703	minecraft:red_concrete
minecraft:item	704	minecraft:black_concrete
minecraft:item	705	minecraft:white_concrete_stairs
minecraft:item	706	minecraft:orange_concrete_stairs
minecraft:item	707	minecraft:magenta_concrete_stairs
minecraft:item	708	minecraft:light_blue_concrete_stairs
minecraft:item	709	minecraft:yellow_concrete_stairs
minecraft:item	710	minecraft:lime_concrete_stairs
minecraft:item	711	minecraft:pink_concrete_stairs
minecraft:item	712	minecraft:gray_concrete_stairs
minecraft:item	713	minecraft:light_gray_concrete_stairs
minecraft:item	714	minecraft:cyan_concrete_stairs
minecraft:item	715	minecraft:purple_concrete_stairs
minecraft:item	716	minecraft:blue_concrete_stairs
minecraft:item	717	minecraft:brown_concrete_stairs
minecraft:item	718	minecraft:green_concrete_stairs
minecraft:item	719	minecraft:red_concrete_stairs
minecraft:item	720	minecraft:black_concrete_stairs
minecraft:item	721	minecraft:white_concrete_slab
minecraft:item	722	minecraft:orange_concrete_slab
minecraft:item	723	minecraft:magenta_concrete_slab
minecraft:item	724	minecraft:light_blue_concrete_slab
minecraft:item	725	minecraft:yellow_concrete_slab
minecraft:item	726	minecraft:lime_concrete_slab
minecraft:item	727	minecraft:pink_concrete_slab
minecraft:item	728	minecraft:gray_concrete_slab
minecraft:item	729	minecraft:light_gray_concrete_slab
minecraft:item	730	minecraft:cyan_concrete_slab
minecraft:item	731	minecraft:purple_concrete_slab
minecraft:item	732	minecraft:blue_concrete_slab
minecraft:item	733	minecraft:brown_concrete_slab
minecraft:item	734	minecraft:green_concrete_slab
minecraft:item	735	minecraft:red_concrete_slab
minecraft:item	736	minecraft:black_concrete_slab
minecraft:item	737	minecraft:white_concrete_powder
minecraft:item	738	minecraft:orange_concrete_powder
minecraft:item	739	minecraft:magenta_concrete_powder
minecraft:item	740	minecraft:light_blue_concrete_powder
minecraft:item	741	minecraft:yellow_concrete_powder
minecraft:item	742	minecraft:lime_concrete_powder
minecraft:item	743	minecraft:pink_concrete_powder
minecraft:item	744	minecraft:gray_concrete_powder
minecraft:item	745	minecraft:light_gray_concrete_powder
minecraft:item	746	minecraft:cyan_concrete_powder
minecraft:item	747	minecraft:purple_concrete_powder
minecraft:item	748	minecraft:blue_concrete_powder
minecraft:item	749	minecraft:brown_concrete_powder
minecraft:item	750	minecraft:green_concrete_powder
minecraft:item	751	minecraft:red_concrete_powder
minecraft:item	752	minecraft:black_concrete_powder
minecraft:item	753	minecraft:turtle_egg
minecraft:item	754	minecraft:sniffer_egg
minecraft:item	755	minecraft:dried_ghast
minecraft:item	756	minecraft:dead_tube_coral_block
minecraft:item	757	minecraft:dead_brain_coral_block
minecraft:item	758	minecraft:dead_bubble_coral_block
minecraft:item	759	minecraft:dead_fire_coral_block
minecraft:item	760	minecraft:dead_horn_coral_block
minecraft:item	761	minecraft:tube_coral_block
minecraft:item	762	minecraft:brain_coral_block
minecraft:item	763	minecraft:bubble_coral_block
minecraft:item	764	minecraft:fire_coral_block
minecraft:item	765	minecraft:horn_coral_block
minecraft:item	766	minecraft:tube_coral
minecraft:item	767	minecraft:brain_coral
minecraft:item	768	minecraft:bubble_coral
minecraft:item	769	minecraft:fire_coral
minecraft:item	770	minecraft:horn_coral
minecraft:item	771	minecraft:dead_brain_coral
minecraft:item	772	minecraft:dead_bubble_coral
minecraft:item	773	minecraft:dead_fire_coral
minecraft:item	774	minecraft:dead_horn_coral
minecraft:item	775	minecraft:dead_tube_coral
minecraft:item	776	minecraft:tube_coral_fan
minecraft:item	777	minecraft:brain_coral_fan
minecraft:item	778	minecraft:bubble_coral_fan
minecraft:item	779	minecraft:fire_coral_fan
minecraft:item	780	minecraft:horn_coral_fan
minecraft:item	781	minecraft:dead_tube_coral_fan
minecraft:item	782	minecraft:dead_brain_coral_fan
minecraft:item	783	minecraft:dead_bubble_coral_fan
minecraft:item	784	minecraft:dead_fire_coral_fan
minecraft:item	785	minecraft:dead_horn_coral_fan
minecraft:item	786	minecraft:blue_ice
minecraft:item	787	minecraft:conduit
minecraft:item	788	minecraft:polished_granite_stairs
minecraft:item	789	minecraft:smooth_red_sandstone_stairs
minecraft:item	790	minecraft:mossy_stone_brick_stairs
minecraft:item	791	minecraft:polished_diorite_stairs
minecraft:item	792	minecraft:mossy_cobblestone_stairs
minecraft:item	793	minecraft:end_stone_brick_stairs
minecraft:item	794	minecraft:stone_stairs
minecraft:item	795	minecraft:smooth_sandstone_stairs
minecraft:item	796	minecraft:smooth_quartz_stairs
minecraft:item	797	minecraft:granite_stairs
minecraft:item	798	minecraft:andesite_stairs
minecraft:item	799	minecraft:red_nether_brick_stairs
minecraft:item	800	minecraft:polished_andesite_stairs
minecraft:item	801	minecraft:diorite_stairs
minecraft:item	802	minecraft:cobbled_deepslate_stairs
minecraft:item	803	minecraft:polished_deepslate_stairs
minecraft:item	804	minecraft:deepslate_brick_stairs
minecraft:item	805	minecraft:deepslate_tile_stairs
minecraft:item	806	minecraft:polished_granite_slab
minecraft:item	807	minecraft:smooth_red_sandstone_slab
minecraft:item	808	minecraft:mossy_stone_brick_slab
minecraft:item	809	minecraft:polished_diorite_slab
minecraft:item	810	minecraft:mossy_cobblestone_slab
minecraft:item	811	minecraft:end_stone_brick_slab
minecraft:item	812	minecraft:smooth_sandstone_slab
minecraft:item	813	minecraft:smooth_quartz_slab
minecraft:item	814	minecraft:granite_slab
minecraft:item	815	minecraft:andesite_slab
minecraft:item	816	minecraft:red_nether_brick_slab
minecraft:item	817	minecraft:polished_andesite_slab
minecraft:item	818	minecraft:diorite_slab
minecraft:item	819	minecraft:cobbled_deepslate_slab
minecraft:item	820	minecraft:polished_deepslate_slab
minecraft:item	821	minecraft:deepslate_brick_slab
minecraft:item	822	minecraft:deepslate_tile_slab
minecraft:item	823	minecraft:scaffolding
minecraft:item	824	minecraft:redstone
minecraft:item	825	minecraft:redstone_torch
minecraft:item	826	minecraft:redstone_block
minecraft:item	827	minecraft:repeater
minecraft:item	828	minecraft:comparator
minecraft:item	829	minecraft:piston
minecraft:item	830	minecraft:sticky_piston
minecraft:item	831	minecraft:slime_block
minecraft:item	832	minecraft:honey_block
minecraft:item	833	minecraft:observer
minecraft:item	834	minecraft:hopper
minecraft:item	835	minecraft:dispenser
minecraft:item	836	minecraft:dropper
minecraft:item	837	minecraft:lectern
minecraft:item	838	minecraft:target
minecraft:item	839	minecraft:lever
minecraft:item	840	minecraft:lightning_rod
minecraft:item	841	minecraft:exposed_lightning_rod
minecraft:item	842	minecraft:weathered_lightning_rod
minecraft:item	843	minecraft:oxidized_lightning_rod
minecraft:item	844	minecraft:waxed_lightning_rod
minecraft:item	845	minecraft:waxed_exposed_lightning_rod
minecraft:item	846	minecraft:waxed_weathered_lightning_rod
minecraft:item	847	minecraft:waxed_oxidized_lightning_rod
minecraft:item	848	minecraft:daylight_detector
minecraft:item	849	minecraft:sculk_sensor
minecraft:item	850	minecraft:calibrated_sculk_sensor
minecraft:item	851	minecraft:tripwire_hook
minecraft:item	852	minecraft:trapped_chest
minecraft:item	853	minecraft:tnt
minecraft:item	854	minecraft:redstone_lamp
minecraft:item	855	minecraft:note_block
minecraft:item	856	minecraft:stone_button
minecraft:item	857	minecraft:polished_blackstone_button
minecraft:item	858	minecraft:oak_button
minecraft:item	859	minecraft:spruce_button
minecraft:item	860	minecraft:birch_button
minecraft:item	861	minecraft:jungle_button
minecraft:item	862	minecraft:acacia_button
minecraft:item	863	minecraft:cherry_button
minecraft:item	864	minecraft:dark_oak_button
minecraft:item	865	minecraft:pale_oak_button
minecraft:item	866	minecraft:mangrove_button
minecraft:item	867	minecraft:poplar_button
minecraft:item	868	minecraft:bamboo_button
minecraft:item	869	minecraft:crimson_button
minecraft:item	870	minecraft:warped_button
minecraft:item	871	minecraft:stone_pressure_plate
minecraft:item	872	minecraft:polished_blackstone_pressure_plate
minecraft:item	873	minecraft:light_weighted_pressure_plate
minecraft:item	874	minecraft:heavy_weighted_pressure_plate
minecraft:item	875	minecraft:oak_pressure_plate
minecraft:item	876	minecraft:spruce_pressure_plate
minecraft:item	877	minecraft:birch_pressure_plate
minecraft:item	878	minecraft:jungle_pressure_plate
minecraft:item	879	minecraft:acacia_pressure_plate
minecraft:item	880	minecraft:cherry_pressure_plate
minecraft:item	881	minecraft:dark_oak_pressure_plate
minecraft:item	882	minecraft:pale_oak_pressure_plate
minecraft:item	883	minecraft:mangrove_pressure_plate
minecraft:item	884	minecraft:poplar_pressure_plate
minecraft:item	885	minecraft:bamboo_pressure_plate
minecraft:item	886	minecraft:crimson_pressure_plate
minecraft:item	887	minecraft:warped_pressure_plate
minecraft:item	888	minecraft:iron_door
minecraft:item	889	minecraft:oak_door
minecraft:item	890	minecraft:spruce_door
minecraft:item	891	minecraft:birch_door
minecraft:item	892	minecraft:jungle_door
minecraft:item	893	minecraft:acacia_door
minecraft:item	894	minecraft:cherry_door
minecraft:item	895	minecraft:dark_oak_door
minecraft:item	896	minecraft:pale_oak_door
minecraft:item	897	minecraft:mangrove_door
minecraft:item	898	minecraft:poplar_door
minecraft:item	899	minecraft:bamboo_door
minecraft:item	900	minecraft:crimson_door
minecraft:item	901	minecraft:warped_door
minecraft:item	902	minecraft:copper_door
minecraft:item	903	minecraft:exposed_copper_door
minecraft:item	904	minecraft:weathered_copper_door
minecraft:item	905	minecraft:oxidized_copper_door
minecraft:item	906	minecraft:waxed_copper_door
minecraft:item	907	minecraft:waxed_exposed_copper_door
minecraft:item	908	minecraft:waxed_weathered_copper_door
minecraft:item	909	minecraft:waxed_oxidized_copper_door
minecraft:item	910	minecraft:iron_trapdoor
minecraft:item	911	minecraft:oak_trapdoor
minecraft:item	912	minecraft:spruce_trapdoor
minecraft:item	913	minecraft:birch_trapdoor
minecraft:item	914	minecraft:jungle_trapdoor
minecraft:item	915	minecraft:acacia_trapdoor
minecraft:item	916	minecraft:cherry_trapdoor
minecraft:item	917	minecraft:dark_oak_trapdoor
minecraft:item	918	minecraft:pale_oak_trapdoor
minecraft:item	919	minecraft:mangrove_trapdoor
minecraft:item	920	minecraft:poplar_trapdoor
minecraft:item	921	minecraft:bamboo_trapdoor
minecraft:item	922	minecraft:crimson_trapdoor
minecraft:item	923	minecraft:warped_trapdoor
minecraft:item	924	minecraft:copper_trapdoor
minecraft:item	925	minecraft:exposed_copper_trapdoor
minecraft:item	926	minecraft:weathered_copper_trapdoor
minecraft:item	927	minecraft:oxidized_copper_trapdoor
minecraft:item	928	minecraft:waxed_copper_trapdoor
minecraft:item	929	minecraft:waxed_exposed_copper_trapdoor
minecraft:item	930	minecraft:waxed_weathered_copper_trapdoor
minecraft:item	931	minecraft:waxed_oxidized_copper_trapdoor
minecraft:item	932	minecraft:oak_fence_gate
minecraft:item	933	minecraft:spruce_fence_gate
minecraft:item	934	minecraft:birch_fence_gate
minecraft:item	935	minecraft:jungle_fence_gate
minecraft:item	936	minecraft:acacia_fence_gate
minecraft:item	937	minecraft:cherry_fence_gate
minecraft:item	938	minecraft:dark_oak_fence_gate
minecraft:item	939	minecraft:pale_oak_fence_gate
minecraft:item	940	minecraft:mangrove_fence_gate
minecraft:item	941	minecraft:poplar_fence_gate
minecraft:item	942	minecraft:bamboo_fence_gate
minecraft:item	943	minecraft:crimson_fence_gate
minecraft:item	944	minecraft:warped_fence_gate
minecraft:item	945	minecraft:powered_rail
minecraft:item	946	minecraft:detector_rail
minecraft:item	947	minecraft:rail
minecraft:item	948	minecraft:activator_rail
minecraft:item	949	minecraft:saddle
minecraft:item	950	minecraft:white_harness
minecraft:item	951	minecraft:orange_harness
minecraft:item	952	minecraft:magenta_harness
minecraft:item	953	minecraft:light_blue_harness
minecraft:item	954	minecraft:yellow_harness
minecraft:item	955	minecraft:lime_harness
minecraft:item	956	minecraft:pink_harness
minecraft:item	957	minecraft:gray_harness
minecraft:item	958	minecraft:light_gray_harness
minecraft:item	959	minecraft:cyan_harness
minecraft:item	960	minecraft:purple_harness
minecraft:item	961	minecraft:blue_harness
minecraft:item	962	minecraft:brown_harness
minecraft:item	963	minecraft:green_harness
minecraft:item	964	minecraft:red_harness
minecraft:item	965	minecraft:black_harness
minecraft:item	966	minecraft:minecart
minecraft:item	967	minecraft:chest_minecart
minecraft:item	968	minecraft:furnace_minecart
minecraft:item	969	minecraft:tnt_minecart
minecraft:item	970	minecraft:hopper_minecart
minecraft:item	971	minecraft:carrot_on_a_stick
minecraft:item	972	minecraft:warped_fungus_on_a_stick
minecraft:item	973	minecraft:phantom_membrane
minecraft:item	974	minecraft:elytra
minecraft:item	975	minecraft:oak_boat
minecraft:item	976	minecraft:oak_chest_boat
minecraft:item	977	minecraft:spruce_boat
minecraft:item	978	minecraft:spruce_chest_boat
minecraft:item	979	minecraft:birch_boat
minecraft:item	980	minecraft:birch_chest_boat
minecraft:item	981	minecraft:jungle_boat
minecraft:item	982	minecraft:jungle_chest_boat
minecraft:item	983	minecraft:acacia_boat
minecraft:item	984	minecraft:acacia_chest_boat
minecraft:item	985	minecraft:cherry_boat
minecraft:item	986	minecraft:cherry_chest_boat
minecraft:item	987	minecraft:dark_oak_boat
minecraft:item	988	minecraft:dark_oak_chest_boat
minecraft:item	989	minecraft:pale_oak_boat
minecraft:item	990	minecraft:pale_oak_chest_boat
minecraft:item	991	minecraft:mangrove_boat
minecraft:item	992	minecraft:mangrove_chest_boat
minecraft:item	993	minecraft:poplar_boat
minecraft:item	994	minecraft:poplar_chest_boat
minecraft:item	995	minecraft:bamboo_raft
minecraft:item	996	minecraft:bamboo_chest_raft
minecraft:item	997	minecraft:structure_block
minecraft:item	998	minecraft:jigsaw
minecraft:item	999	minecraft:test_block
minecraft:item	1000	minecraft:test_instance_block
minecraft:item	1001	minecraft:turtle_helmet
minecraft:item	1002	minecraft:turtle_scute
minecraft:item	1003	minecraft:armadillo_scute
minecraft:item	1004	minecraft:wolf_armor
minecraft:item	1005	minecraft:flint_and_steel
minecraft:item	1006	minecraft:bowl
minecraft:item	1007	minecraft:apple
minecraft:item	1008	minecraft:bow
minecraft:item	1009	minecraft:arrow
minecraft:item	1010	minecraft:coal
minecraft:item	1011	minecraft:charcoal
minecraft:item	1012	minecraft:diamond
minecraft:item	1013	minecraft:emerald
minecraft:item	1014	minecraft:lapis_lazuli
minecraft:item	1015	minecraft:quartz
minecraft:item	1016	minecraft:amethyst_shard
minecraft:item	1017	minecraft:raw_iron
minecraft:item	1018	minecraft:iron_ingot
minecraft:item	1019	minecraft:raw_copper
minecraft:item	1020	minecraft:copper_ingot
minecraft:item	1021	minecraft:raw_gold
minecraft:item	1022	minecraft:gold_ingot
minecraft:item	1023	minecraft:netherite_ingot
minecraft:item	1024	minecraft:netherite_scrap
minecraft:item	1025	minecraft:wooden_sword
minecraft:item	1026	minecraft:wooden_shovel
minecraft:item	1027	minecraft:wooden_pickaxe
minecraft:item	1028	minecraft:wooden_axe
minecraft:item	1029	minecraft:wooden_hoe
minecraft:item	1030	minecraft:copper_sword
minecraft:item	1031	minecraft:copper_shovel
minecraft:item	1032	minecraft:copper_pickaxe
minecraft:item	1033	minecraft:copper_axe
minecraft:item	1034	minecraft:copper_hoe
minecraft:item	1035	minecraft:stone_sword
minecraft:item	1036	minecraft:stone_shovel
minecraft:item	1037	minecraft:stone_pickaxe
minecraft:item	1038	minecraft:stone_axe
minecraft:item	1039	minecraft:stone_hoe
minecraft:item	1040	minecraft:golden_sword
minecraft:item	1041	minecraft:golden_shovel
minecraft:item	1042	minecraft:golden_pickaxe
minecraft:item	1043	minecraft:golden_axe
minecraft:item	1044	minecraft:golden_hoe
minecraft:item	1045	minecraft:iron_sword
minecraft:item	1046	minecraft:iron_shovel
minecraft:item	1047	minecraft:iron_pickaxe
minecraft:item	1048	minecraft:iron_axe
minecraft:item	1049	minecraft:iron_hoe
minecraft:item	1050	minecraft:diamond_sword
minecraft:item	1051	minecraft:diamond_shovel
minecraft:item	1052	minecraft:diamond_pickaxe
minecraft:item	1053	minecraft:diamond_axe
minecraft:item	1054	minecraft:diamond_hoe
minecraft:item	1055	minecraft:netherite_sword
minecraft:item	1056	minecraft:netherite_shovel
minecraft:item	1057	minecraft:netherite_pickaxe
minecraft:item	1058	minecraft:netherite_axe
minecraft:item	1059	minecraft:netherite_hoe
minecraft:item	1060	minecraft:stick
minecraft:item	1061	minecraft:mushroom_stew
minecraft:item	1062	minecraft:string
minecraft:item	1063	minecraft:feather
minecraft:item	1064	minecraft:gunpowder
minecraft:item	1065	minecraft:wheat_seeds
minecraft:item	1066	minecraft:wheat
minecraft:item	1067	minecraft:bread
minecraft:item	1068	minecraft:leather_helmet
minecraft:item	1069	minecraft:leather_chestplate
minecraft:item	1070	minecraft:leather_leggings
minecraft:item	1071	minecraft:leather_boots
minecraft:item	1072	minecraft:copper_helmet
minecraft:item	1073	minecraft:copper_chestplate
minecraft:item	1074	minecraft:copper_leggings
minecraft:item	1075	minecraft:copper_boots
minecraft:item	1076	minecraft:chainmail_helmet
minecraft:item	1077	minecraft:chainmail_chestplate
minecraft:item	1078	minecraft:chainmail_leggings
minecraft:item	1079	minecraft:chainmail_boots
minecraft:item	1080	minecraft:iron_helmet
minecraft:item	1081	minecraft:iron_chestplate
minecraft:item	1082	minecraft:iron_leggings
minecraft:item	1083	minecraft:iron_boots
minecraft:item	1084	minecraft:diamond_helmet
minecraft:item	1085	minecraft:diamond_chestplate
minecraft:item	1086	minecraft:diamond_leggings
minecraft:item	1087	minecraft:diamond_boots
minecraft:item	1088	minecraft:golden_helmet
minecraft:item	1089	minecraft:golden_chestplate
minecraft:item	1090	minecraft:golden_leggings
minecraft:item	1091	minecraft:golden_boots
minecraft:item	1092	minecraft:netherite_helmet
minecraft:item	1093	minecraft:netherite_chestplate
minecraft:item	1094	minecraft:netherite_leggings
minecraft:item	1095	minecraft:netherite_boots
minecraft:item	1096	minecraft:flint
minecraft:item	1097	minecraft:porkchop
minecraft:item	1098	minecraft:cooked_porkchop
minecraft:item	1099	minecraft:painting
minecraft:item	1100	minecraft:golden_apple
minecraft:item	1101	minecraft:enchanted_golden_apple
minecraft:item	1102	minecraft:oak_sign
minecraft:item	1103	minecraft:spruce_sign
minecraft:item	1104	minecraft:birch_sign
minecraft:item	1105	minecraft:jungle_sign
minecraft:item	1106	minecraft:acacia_sign
minecraft:item	1107	minecraft:cherry_sign
minecraft:item	1108	minecraft:dark_oak_sign
minecraft:item	1109	minecraft:pale_oak_sign
minecraft:item	1110	minecraft:mangrove_sign
minecraft:item	1111	minecraft:poplar_sign
minecraft:item	1112	minecraft:bamboo_sign
minecraft:item	1113	minecraft:crimson_sign
minecraft:item	1114	minecraft:warped_sign
minecraft:item	1115	minecraft:oak_hanging_sign
minecraft:item	1116	minecraft:spruce_hanging_sign
minecraft:item	1117	minecraft:birch_hanging_sign
minecraft:item	1118	minecraft:jungle_hanging_sign
minecraft:item	1119	minecraft:acacia_hanging_sign
minecraft:item	1120	minecraft:cherry_hanging_sign
minecraft:item	1121	minecraft:dark_oak_hanging_sign
minecraft:item	1122	minecraft:pale_oak_hanging_sign
minecraft:item	1123	minecraft:mangrove_hanging_sign
minecraft:item	1124	minecraft:poplar_hanging_sign
minecraft:item	1125	minecraft:bamboo_hanging_sign
minecraft:item	1126	minecraft:crimson_hanging_sign
minecraft:item	1127	minecraft:warped_hanging_sign
minecraft:item	1128	minecraft:bucket
minecraft:item	1129	minecraft:water_bucket
minecraft:item	1130	minecraft:lava_bucket
minecraft:item	1131	minecraft:powder_snow_bucket
minecraft:item	1132	minecraft:snowball
minecraft:item	1133	minecraft:leather
minecraft:item	1134	minecraft:milk_bucket
minecraft:item	1135	minecraft:pufferfish_bucket
minecraft:item	1136	minecraft:salmon_bucket
minecraft:item	1137	minecraft:cod_bucket
minecraft:item	1138	minecraft:tropical_fish_bucket
minecraft:item	1139	minecraft:axolotl_bucket
minecraft:item	1140	minecraft:sulfur_cube_bucket
minecraft:item	1141	minecraft:tadpole_bucket
minecraft:item	1142	minecraft:brick
minecraft:item	1143	minecraft:clay_ball
minecraft:item	1144	minecraft:dried_kelp_block
minecraft:item	1145	minecraft:paper
minecraft:item	1146	minecraft:book
minecraft:item	1147	minecraft:slime_ball
minecraft:item	1148	minecraft:egg
minecraft:item	1149	minecraft:blue_egg
minecraft:item	1150	minecraft:brown_egg
minecraft:item	1151	minecraft:compass
minecraft:item	1152	minecraft:recovery_compass
minecraft:item	1153	minecraft:bundle
minecraft:item	1154	minecraft:white_bundle
minecraft:item	1155	minecraft:orange_bundle
minecraft:item	1156	minecraft:magenta_bundle
minecraft:item	1157	minecraft:light_blue_bundle
minecraft:item	1158	minecraft:yellow_bundle
minecraft:item	1159	minecraft:lime_bundle
minecraft:item	1160	minecraft:pink_bundle
minecraft:item	1161	minecraft:gray_bundle
minecraft:item	1162	minecraft:light_gray_bundle
minecraft:item	1163	minecraft:cyan_bundle
minecraft:item	1164	minecraft:purple_bundle
minecraft:item	1165	minecraft:blue_bundle
minecraft:item	1166	minecraft:brown_bundle
minecraft:item	1167	minecraft:green_bundle
minecraft:item	1168	minecraft:red_bundle
minecraft:item	1169	minecraft:black_bundle
minecraft:item	1170	minecraft:white_cushion
minecraft:item	1171	minecraft:orange_cushion
minecraft:item	1172	minecraft:magenta_cushion
minecraft:item	1173	minecraft:light_blue_cushion
minecraft:item	1174	minecraft:yellow_cushion
minecraft:item	1175	minecraft:lime_cushion
minecraft:item	1176	minecraft:pink_cushion
minecraft:item	1177	minecraft:gray_cushion
minecraft:item	1178	minecraft:light_gray_cushion
minecraft:item	1179	minecraft:cyan_cushion
minecraft:item	1180	minecraft:purple_cushion
minecraft:item	1181	minecraft:blue_cushion
minecraft:item	1182	minecraft:brown_cushion
minecraft:item	1183	minecraft:green_cushion
minecraft:item	1184	minecraft:red_cushion
minecraft:item	1185	minecraft:black_cushion
minecraft:item	1186	minecraft:fishing_rod
minecraft:item	1187	minecraft:clock
minecraft:item	1188	minecraft:spyglass
minecraft:item	1189	minecraft:glowstone_dust
minecraft:item	1190	minecraft:cod
minecraft:item	1191	minecraft:salmon
minecraft:item	1192	minecraft:tropical_fish
minecraft:item	1193	minecraft:pufferfish
minecraft:item	1194	minecraft:cooked_cod
minecraft:item	1195	minecraft:cooked_salmon
minecraft:item	1196	minecraft:ink_sac
minecraft:item	1197	minecraft:glow_ink_sac
minecraft:item	1198	minecraft:cocoa_beans
minecraft:item	1199	minecraft:white_dye
minecraft:item	1200	minecraft:orange_dye
minecraft:item	1201	minecraft:magenta_dye
minecraft:item	1202	minecraft:light_blue_dye
minecraft:item	1203	minecraft:yellow_dye
minecraft:item	1204	minecraft:lime_dye
minecraft:item	1205	minecraft:pink_dye
minecraft:item	1206	minecraft:gray_dye
minecraft:item	1207	minecraft:light_gray_dye
minecraft:item	1208	minecraft:cyan_dye
minecraft:item	1209	minecraft:purple_dye
minecraft:item	1210	minecraft:blue_dye
minecraft:item	1211	minecraft:brown_dye
minecraft:item	1212	minecraft:green_dye
minecraft:item	1213	minecraft:red_dye
minecraft:item	1214	minecraft:black_dye
minecraft:item	1215	minecraft:bone_meal
minecraft:item	1216	minecraft:bone
minecraft:item	1217	minecraft:sugar
minecraft:item	1218	minecraft:cake
minecraft:item	1219	minecraft:white_bed
minecraft:item	1220	minecraft:orange_bed
minecraft:item	1221	minecraft:magenta_bed
minecraft:item	1222	minecraft:light_blue_bed
minecraft:item	1223	minecraft:yellow_bed
minecraft:item	1224	minecraft:lime_bed
minecraft:item	1225	minecraft:pink_bed
minecraft:item	1226	minecraft:gray_bed
minecraft:item	1227	minecraft:light_gray_bed
minecraft:item	1228	minecraft:cyan_bed
minecraft:item	1229	minecraft:purple_bed
minecraft:item	1230	minecraft:blue_bed
minecraft:item	1231	minecraft:brown_bed
minecraft:item	1232	minecraft:green_bed
minecraft:item	1233	minecraft:red_bed
minecraft:item	1234	minecraft:black_bed
minecraft:item	1235	minecraft:straw_bed
minecraft:item	1236	minecraft:cookie
minecraft:item	1237	minecraft:crafter
minecraft:item	1238	minecraft:filled_map
minecraft:item	1239	minecraft:ocean_monument_map
minecraft:item	1240	minecraft:woodland_mansion_map
minecraft:item	1241	minecraft:buried_trial_chambers_map
minecraft:item	1242	minecraft:jungle_pyramid_map
minecraft:item	1243	minecraft:swamp_hut_map
minecraft:item	1244	minecraft:desert_village_map
minecraft:item	1245	minecraft:plains_village_map
minecraft:item	1246	minecraft:savanna_village_map
minecraft:item	1247	minecraft:snowy_village_map
minecraft:item	1248	minecraft:taiga_village_map
minecraft:item	1249	minecraft:buried_treasure_map
minecraft:item	1250	minecraft:buried_ancient_city_map
minecraft:item	1251	minecraft:buried_mineshaft_map
minecraft:item	1252	minecraft:desert_pyramid_map
minecraft:item	1253	minecraft:abandoned_camp_map
minecraft:item	1254	minecraft:warm_ocean_ruins_map
minecraft:item	1255	minecraft:shears
minecraft:item	1256	minecraft:melon_slice
minecraft:item	1257	minecraft:dried_kelp
minecraft:item	1258	minecraft:pumpkin_seeds
minecraft:item	1259	minecraft:melon_seeds
minecraft:item	1260	minecraft:beef
minecraft:item	1261	minecraft:cooked_beef
minecraft:item	1262	minecraft:chicken
minecraft:item	1263	minecraft:cooked_chicken
minecraft:item	1264	minecraft:rotten_flesh
minecraft:item	1265	minecraft:ender_pearl
minecraft:item	1266	minecraft:blaze_rod
minecraft:item	1267	minecraft:ghast_tear
minecraft:item	1268	minecraft:gold_nugget
minecraft:item	1269	minecraft:nether_wart
minecraft:item	1270	minecraft:glass_bottle
minecraft:item	1271	minecraft:potion
minecraft:item	1272	minecraft:spider_eye
minecraft:item	1273	minecraft:fermented_spider_eye
minecraft:item	1274	minecraft:blaze_powder
minecraft:item	1275	minecraft:magma_cream
minecraft:item	1276	minecraft:brewing_stand
minecraft:item	1277	minecraft:cauldron
minecraft:item	1278	minecraft:ender_eye
minecraft:item	1279	minecraft:glistering_melon_slice
minecraft:item	1280	minecraft:chicken_spawn_egg
minecraft:item	1281	minecraft:cow_spawn_egg
minecraft:item	1282	minecraft:pig_spawn_egg
minecraft:item	1283	minecraft:sheep_spawn_egg
minecraft:item	1284	minecraft:camel_spawn_egg
minecraft:item	1285	minecraft:donkey_spawn_egg
minecraft:item	1286	minecraft:horse_spawn_egg
minecraft:item	1287	minecraft:mule_spawn_egg
minecraft:item	1288	minecraft:cat_spawn_egg
minecraft:item	1289	minecraft:parrot_spawn_egg
minecraft:item	1290	minecraft:wolf_spawn_egg
minecraft:item	1291	minecraft:armadillo_spawn_egg
minecraft:item	1292	minecraft:bat_spawn_egg
minecraft:item	1293	minecraft:bee_spawn_egg
minecraft:item	1294	minecraft:fox_spawn_egg
minecraft:item	1295	minecraft:goat_spawn_egg
minecraft:item	1296	minecraft:llama_spawn_egg
minecraft:item	1297	minecraft:ocelot_spawn_egg
minecraft:item	1298	minecraft:panda_spawn_egg
minecraft:item	1299	minecraft:polar_bear_spawn_egg
minecraft:item	1300	minecraft:rabbit_spawn_egg
minecraft:item	1301	minecraft:axolotl_spawn_egg
minecraft:item	1302	minecraft:cod_spawn_egg
minecraft:item	1303	minecraft:dolphin_spawn_egg
minecraft:item	1304	minecraft:frog_spawn_egg
minecraft:item	1305	minecraft:glow_squid_spawn_egg
minecraft:item	1306	minecraft:nautilus_spawn_egg
minecraft:item	1307	minecraft:pufferfish_spawn_egg
minecraft:item	1308	minecraft:salmon_spawn_egg
minecraft:item	1309	minecraft:squid_spawn_egg
minecraft:item	1310	minecraft:tadpole_spawn_egg
minecraft:item	1311	minecraft:tropical_fish_spawn_egg
minecraft:item	1312	minecraft:turtle_spawn_egg
minecraft:item	1313	minecraft:allay_spawn_egg
minecraft:item	1314	minecraft:mooshroom_spawn_egg
minecraft:item	1315	minecraft:sniffer_spawn_egg
minecraft:item	1316	minecraft:sulfur_cube_spawn_egg
minecraft:item	1317	minecraft:copper_golem_spawn_egg
minecraft:item	1318	minecraft:iron_golem_spawn_egg
minecraft:item	1319	minecraft:snow_golem_spawn_egg
minecraft:item	1320	minecraft:trader_llama_spawn_egg
minecraft:item	1321	minecraft:villager_spawn_egg
minecraft:item	1322	minecraft:wandering_trader_spawn_egg
minecraft:item	1323	minecraft:bogged_spawn_egg
minecraft:item	1324	minecraft:camel_husk_spawn_egg
minecraft:item	1325	minecraft:drowned_spawn_egg
minecraft:item	1326	minecraft:husk_spawn_egg
minecraft:item	1327	minecraft:parched_spawn_egg
minecraft:item	1328	minecraft:skeleton_spawn_egg
minecraft:item	1329	minecraft:skeleton_horse_spawn_egg
minecraft:item	1330	minecraft:stray_spawn_egg
minecraft:item	1331	minecraft:wither_spawn_egg
minecraft:item	1332	minecraft:wither_skeleton_spawn_egg
minecraft:item	1333	minecraft:zombie_spawn_egg
minecraft:item	1334	minecraft:zombie_horse_spawn_egg
minecraft:item	1335	minecraft:zombie_nautilus_spawn_egg
minecraft:item	1336	minecraft:zombie_villager_spawn_egg
minecraft:item	1337	minecraft:cave_spider_spawn_egg
minecraft:item	1338	minecraft:spider_spawn_egg
minecraft:item	1339	minecraft:breeze_spawn_egg
minecraft:item	1340	minecraft:creaking_spawn_egg
minecraft:item	1341	minecraft:creeper_spawn_egg
minecraft:item	1342	minecraft:elder_guardian_spawn_egg
minecraft:item	1343	minecraft:guardian_spawn_egg
minecraft:item	1344	minecraft:phantom_spawn_egg
minecraft:item	1345	minecraft:silverfish_spawn_egg
minecraft:item	1346	minecraft:slime_spawn_egg
minecraft:item	1347	minecraft:warden_spawn_egg
minecraft:item	1348	minecraft:witch_spawn_egg
minecraft:item	1349	minecraft:evoker_spawn_egg
minecraft:item	1350	minecraft:pillager_spawn_egg
minecraft:item	1351	minecraft:ravager_spawn_egg
minecraft:item	1352	minecraft:vindicator_spawn_egg
minecraft:item	1353	minecraft:vex_spawn_egg
minecraft:item	1354	minecraft:blaze_spawn_egg
minecraft:item	1355	minecraft:ghast_spawn_egg
minecraft:item	1356	minecraft:happy_ghast_spawn_egg
minecraft:item	1357	minecraft:hoglin_spawn_egg
minecraft:item	1358	minecraft:magma_cube_spawn_egg
minecraft:item	1359	minecraft:piglin_spawn_egg
minecraft:item	1360	minecraft:piglin_brute_spawn_egg
minecraft:item	1361	minecraft:strider_spawn_egg
minecraft:item	1362	minecraft:zoglin_spawn_egg
minecraft:item	1363	minecraft:zombified_piglin_spawn_egg
minecraft:item	1364	minecraft:ender_dragon_spawn_egg
minecraft:item	1365	minecraft:enderman_spawn_egg
minecraft:item	1366	minecraft:endermite_spawn_egg
minecraft:item	1367	minecraft:shulker_spawn_egg
minecraft:item	1368	minecraft:experience_bottle
minecraft:item	1369	minecraft:fire_charge
minecraft:item	1370	minecraft:wind_charge
minecraft:item	1371	minecraft:writable_book
minecraft:item	1372	minecraft:written_book
minecraft:item	1373	minecraft:breeze_rod
minecraft:item	1374	minecraft:mace
minecraft:item	1375	minecraft:item_frame
minecraft:item	1376	minecraft:glow_item_frame
minecraft:item	1377	minecraft:flower_pot
minecraft:item	1378	minecraft:carrot
minecraft:item	1379	minecraft:potato
minecraft:item	1380	minecraft:baked_potato
minecraft:item	1381	minecraft:poisonous_potato
minecraft:item	1382	minecraft:map
minecraft:item	1383	minecraft:golden_carrot
minecraft:item	1384	minecraft:skeleton_skull
minecraft:item	1385	minecraft:wither_skeleton_skull
minecraft:item	1386	minecraft:player_head
minecraft:item	1387	minecraft:zombie_head
minecraft:item	1388	minecraft:creeper_head
minecraft:item	1389	minecraft:dragon_head
minecraft:item	1390	minecraft:piglin_head
minecraft:item	1391	minecraft:nether_star
minecraft:item	1392	minecraft:pumpkin_pie
minecraft:item	1393	minecraft:firework_rocket
minecraft:item	1394	minecraft:firework_star
minecraft:item	1395	minecraft:enchanted_book
minecraft:item	1396	minecraft:nether_brick
minecraft:item	1397	minecraft:resin_brick
minecraft:item	1398	minecraft:prismarine_shard
minecraft:item	1399	minecraft:prismarine_crystals
minecraft:item	1400	minecraft:rabbit
minecraft:item	1401	minecraft:cooked_rabbit
minecraft:item	1402	minecraft:rabbit_stew
minecraft:item	1403	minecraft:rabbit_foot
minecraft:item	1404	minecraft:rabbit_hide
minecraft:item	1405	minecraft:armor_stand
minecraft:item	1406	minecraft:copper_horse_armor
minecraft:item	1407	minecraft:iron_horse_armor
minecraft:item	1408	minecraft:golden_horse_armor
minecraft:item	1409	minecraft:diamond_horse_armor
minecraft:item	1410	minecraft:netherite_horse_armor
minecraft:item	1411	minecraft:leather_horse_armor
minecraft:item	1412	minecraft:lead
minecraft:item	1413	minecraft:name_tag
minecraft:item	1414	minecraft:command_block_minecart
minecraft:item	1415	minecraft:mutton
minecraft:item	1416	minecraft:cooked_mutton
minecraft:item	1417	minecraft:white_banner
minecraft:item	1418	minecraft:orange_banner
minecraft:item	1419	minecraft:magenta_banner
minecraft:item	1420	minecraft:light_blue_banner
minecraft:item	1421	minecraft:yellow_banner
minecraft:item	1422	minecraft:lime_banner
minecraft:item	1423	minecraft:pink_banner
minecraft:item	1424	minecraft:gray_banner
minecraft:item	1425	minecraft:light_gray_banner
minecraft:item	1426	minecraft:cyan_banner
minecraft:item	1427	minecraft:purple_banner
minecraft:item	1428	minecraft:blue_banner
minecraft:item	1429	minecraft:brown_banner
minecraft:item	1430	minecraft:green_banner
minecraft:item	1431	minecraft:red_banner
minecraft:item	1432	minecraft:black_banner
minecraft:item	1433	minecraft:end_crystal
minecraft:item	1434	minecraft:chorus_fruit
minecraft:item	1435	minecraft:popped_chorus_fruit
minecraft:item	1436	minecraft:torchflower_seeds
minecraft:item	1437	minecraft:pitcher_pod
minecraft:item	1438	minecraft:beetroot
minecraft:item	1439	minecraft:beetroot_seeds
minecraft:item	1440	minecraft:beetroot_soup
minecraft:item	1441	minecraft:dragon_breath
minecraft:item	1442	minecraft:splash_potion
minecraft:item	1443	minecraft:spectral_arrow
minecraft:item	1444	minecraft:tipped_arrow
minecraft:item	1445	minecraft:lingering_potion
minecraft:item	1446	minecraft:shield
minecraft:item	1447	minecraft:wooden_spear
minecraft:item	1448	minecraft:stone_spear
minecraft:item	1449	minecraft:copper_spear
minecraft:item	1450	minecraft:iron_spear
minecraft:item	1451	minecraft:golden_spear
minecraft:item	1452	minecraft:diamond_spear
minecraft:item	1453	minecraft:netherite_spear
minecraft:item	1454	minecraft:totem_of_undying
minecraft:item	1455	minecraft:shulker_shell
minecraft:item	1456	minecraft:iron_nugget
minecraft:item	1457	minecraft:copper_nugget
minecraft:item	1458	minecraft:knowledge_book
minecraft:item	1459	minecraft:debug_stick
minecraft:item	1460	minecraft:music_disc_13
minecraft:item	1461	minecraft:music_disc_cat
minecraft:item	1462	minecraft:music_disc_blocks
minecraft:item	1463	minecraft:music_disc_bounce
minecraft:item	1464	minecraft:music_disc_chirp
minecraft:item	1465	minecraft:music_disc_creator
minecraft:item	1466	minecraft:music_disc_creator_music_box
minecraft:item	1467	minecraft:music_disc_far
minecraft:item	1468	minecraft:music_disc_lava_chicken
minecraft:item	1469	minecraft:music_disc_mall
minecraft:item	1470	minecraft:music_disc_mellohi
minecraft:item	1471	minecraft:music_disc_stal
minecraft:item	1472	minecraft:music_disc_strad
minecraft:item	1473	minecraft:music_disc_ward
minecraft:item	1474	minecraft:music_disc_11
minecraft:item	1475	minecraft:music_disc_wait
minecraft:item	1476	minecraft:music_disc_otherside
minecraft:item	1477	minecraft:music_disc_relic
minecraft:item	1478	minecraft:music_disc_5
minecraft:item	1479	minecraft:music_disc_pigstep
minecraft:item	1480	minecraft:music_disc_precipice
minecraft:item	1481	minecraft:music_disc_tears
minecraft:item	1482	minecraft:disc_fragment_5
minecraft:item	1483	minecraft:trident
minecraft:item	1484	minecraft:nautilus_shell
minecraft:item	1485	minecraft:iron_nautilus_armor
minecraft:item	1486	minecraft:golden_nautilus_armor
minecraft:item	1487	minecraft:diamond_nautilus_armor
minecraft:item	1488	minecraft:netherite_nautilus_armor
minecraft:item	1489	minecraft:copper_nautilus_armor
minecraft:item	1490	minecraft:heart_of_the_sea
minecraft:item	1491	minecraft:crossbow
minecraft:item	1492	minecraft:suspicious_stew
minecraft:item	1493	minecraft:loom
minecraft:item	1494	minecraft:flower_banner_pattern
minecraft:item	1495	minecraft:creeper_banner_pattern
minecraft:item	1496	minecraft:skull_banner_pattern
minecraft:item	1497	minecraft:mojang_banner_pattern
minecraft:item	1498	minecraft:globe_banner_pattern
minecraft:item	1499	minecraft:piglin_banner_pattern
minecraft:item	1500	minecraft:flow_banner_pattern
minecraft:item	1501	minecraft:guster_banner_pattern
minecraft:item	1502	minecraft:field_masoned_banner_pattern
minecraft:item	1503	minecraft:bordure_indented_banner_pattern
minecraft:item	1504	minecraft:goat_horn
minecraft:item	1505	minecraft:composter
minecraft:item	1506	minecraft:barrel
minecraft:item	1507	minecraft:smoker
minecraft:item	1508	minecraft:blast_furnace
minecraft:item	1509	minecraft:cartography_table
minecraft:item	1510	minecraft:fletching_table
minecraft:item	1511	minecraft:grindstone
minecraft:item	1512	minecraft:smithing_table
minecraft:item	1513	minecraft:stonecutter
minecraft:item	1514	minecraft:bell
minecraft:item	1515	minecraft:lantern
minecraft:item	1516	minecraft:soul_lantern
minecraft:item	1517	minecraft:copper_lantern
minecraft:item	1518	minecraft:exposed_copper_lantern
minecraft:item	1519	minecraft:weathered_copper_lantern
minecraft:item	1520	minecraft:oxidized_copper_lantern
minecraft:item	1521	minecraft:waxed_copper_lantern
minecraft:item	1522	minecraft:waxed_exposed_copper_lantern
minecraft:item	1523	minecraft:waxed_weathered_copper_lantern
minecraft:item	1524	minecraft:waxed_oxidized_copper_lantern
minecraft:item	1525	minecraft:sweet_berries
minecraft:item	1526	minecraft:glow_berries
minecraft:item	1527	minecraft:campfire
minecraft:item	1528	minecraft:soul_campfire
minecraft:item	1529	minecraft:shroomlight
minecraft:item	1530	minecraft:honeycomb
minecraft:item	1531	minecraft:bee_nest
minecraft:item	1532	minecraft:beehive
minecraft:item	1533	minecraft:honey_bottle
minecraft:item	1534	minecraft:honeycomb_block
minecraft:item	1535	minecraft:lodestone
minecraft:item	1536	minecraft:crying_obsidian
minecraft:item	1537	minecraft:blackstone
minecraft:item	1538	minecraft:blackstone_slab
minecraft:item	1539	minecraft:blackstone_stairs
minecraft:item	1540	minecraft:gilded_blackstone
minecraft:item	1541	minecraft:polished_blackstone
minecraft:item	1542	minecraft:polished_blackstone_slab
minecraft:item	1543	minecraft:polished_blackstone_stairs
minecraft:item	1544	minecraft:chiseled_polished_blackstone
minecraft:item	1545	minecraft:polished_blackstone_bricks
minecraft:item	1546	minecraft:polished_blackstone_brick_slab
minecraft:item	1547	minecraft:polished_blackstone_brick_stairs
minecraft:item	1548	minecraft:cracked_polished_blackstone_bricks
minecraft:item	1549	minecraft:respawn_anchor
minecraft:item	1550	minecraft:candle
minecraft:item	1551	minecraft:white_candle
minecraft:item	1552	minecraft:orange_candle
minecraft:item	1553	minecraft:magenta_candle
minecraft:item	1554	minecraft:light_blue_candle
minecraft:item	1555	minecraft:yellow_candle
minecraft:item	1556	minecraft:lime_candle
minecraft:item	1557	minecraft:pink_candle
minecraft:item	1558	minecraft:gray_candle
minecraft:item	1559	minecraft:light_gray_candle
minecraft:item	1560	minecraft:cyan_candle
minecraft:item	1561	minecraft:purple_candle
minecraft:item	1562	minecraft:blue_candle
minecraft:item	1563	minecraft:brown_candle
minecraft:item	1564	minecraft:green_candle
minecraft:item	1565	minecraft:red_candle
minecraft:item	1566	minecraft:black_candle
minecraft:item	1567	minecraft:small_amethyst_bud
minecraft:item	1568	minecraft:medium_amethyst_bud
minecraft:item	1569	minecraft:large_amethyst_bud
minecraft:item	1570	minecraft:amethyst_cluster
minecraft:item	1571	minecraft:pointed_dripstone
minecraft:item	1572	minecraft:sulfur_spike
minecraft:item	1573	minecraft:ochre_froglight
minecraft:item	1574	minecraft:verdant_froglight
minecraft:item	1575	minecraft:pearlescent_froglight
minecraft:item	1576	minecraft:frogspawn
minecraft:item	1577	minecraft:echo_shard
minecraft:item	1578	minecraft:brush
minecraft:item	1579	minecraft:netherite_upgrade_smithing_template
minecraft:item	1580	minecraft:sentry_armor_trim_smithing_template
minecraft:item	1581	minecraft:dune_armor_trim_smithing_template
minecraft:item	1582	minecraft:coast_armor_trim_smithing_template
minecraft:item	1583	minecraft:wild_armor_trim_smithing_template
minecraft:item	1584	minecraft:ward_armor_trim_smithing_template
minecraft:item	1585	minecraft:eye_armor_trim_smithing_template
minecraft:item	1586	minecraft:vex_armor_trim_smithing_template
minecraft:item	1587	minecraft:tide_armor_trim_smithing_template
minecraft:item	1588	minecraft:snout_armor_trim_smithing_template
minecraft:item	1589	minecraft:rib_armor_trim_smithing_template
minecraft:item	1590	minecraft:spire_armor_trim_smithing_template
minecraft:item	1591	minecraft:wayfinder_armor_trim_smithing_template
minecraft:item	1592	minecraft:shaper_armor_trim_smithing_template
minecraft:item	1593	minecraft:silence_armor_trim_smithing_template
minecraft:item	1594	minecraft:raiser_armor_trim_smithing_template
minecraft:item	1595	minecraft:host_armor_trim_smithing_template
minecraft:item	1596	minecraft:flow_armor_trim_smithing_template
minecraft:item	1597	minecraft:bolt_armor_trim_smithing_template
minecraft:item	1598	minecraft:angler_pottery_sherd
minecraft:item	1599	minecraft:archer_pottery_sherd
minecraft:item	1600	minecraft:arms_up_pottery_sherd
minecraft:item	1601	minecraft:blade_pottery_sherd
minecraft:item	1602	minecraft:brewer_pottery_sherd
minecraft:item	1603	minecraft:burn_pottery_sherd
minecraft:item	1604	minecraft:danger_pottery_sherd
minecraft:item	1605	minecraft:explorer_pottery_sherd
minecraft:item	1606	minecraft:flow_pottery_sherd
minecraft:item	1607	minecraft:friend_pottery_sherd
minecraft:item	1608	minecraft:guster_pottery_sherd
minecraft:item	1609	minecraft:heart_pottery_sherd
minecraft:item	1610	minecraft:heartbreak_pottery_sherd
minecraft:item	1611	minecraft:howl_pottery_sherd
minecraft:item	1612	minecraft:miner_pottery_sherd
minecraft:item	1613	minecraft:mourner_pottery_sherd
minecraft:item	1614	minecraft:plenty_pottery_sherd
minecraft:item	1615	minecraft:prize_pottery_sherd
minecraft:item	1616	minecraft:scrape_pottery_sherd
minecraft:item	1617	minecraft:sheaf_pottery_sherd
minecraft:item	1618	minecraft:shelter_pottery_sherd
minecraft:item	1619	minecraft:skull_pottery_sherd
minecraft:item	1620	minecraft:snort_pottery_sherd
minecraft:item	1621	minecraft:copper_grate
minecraft:item	1622	minecraft:exposed_copper_grate
minecraft:item	1623	minecraft:weathered_copper_grate
minecraft:item	1624	minecraft:oxidized_copper_grate
minecraft:item	1625	minecraft:waxed_copper_grate
minecraft:item	1626	minecraft:waxed_exposed_copper_grate
minecraft:item	1627	minecraft:waxed_weathered_copper_grate
minecraft:item	1628	minecraft:waxed_oxidized_copper_grate
minecraft:item	1629	minecraft:copper_bulb
minecraft:item	1630	minecraft:exposed_copper_bulb
minecraft:item	1631	minecraft:weathered_copper_bulb
minecraft:item	1632	minecraft:oxidized_copper_bulb
minecraft:item	1633	minecraft:waxed_copper_bulb
minecraft:item	1634	minecraft:waxed_exposed_copper_bulb
minecraft:item	1635	minecraft:waxed_weathered_copper_bulb
minecraft:item	1636	minecraft:waxed_oxidized_copper_bulb
minecraft:item	1637	minecraft:copper_chest
minecraft:item	1638	minecraft:exposed_copper_chest
minecraft:item	1639	minecraft:weathered_copper_chest
minecraft:item	1640	minecraft:oxidized_copper_chest
minecraft:item	1641	minecraft:waxed_copper_chest
minecraft:item	1642	minecraft:waxed_exposed_copper_chest
minecraft:item	1643	minecraft:waxed_weathered_copper_chest
minecraft:item	1644	minecraft:waxed_oxidized_copper_chest
minecraft:item	1645	minecraft:copper_golem_statue
minecraft:item	1646	minecraft:exposed_copper_golem_statue
minecraft:item	1647	minecraft:weathered_copper_golem_statue
minecraft:item	1648	minecraft:oxidized_copper_golem_statue
minecraft:item	1649	minecraft:waxed_copper_golem_statue
minecraft:item	1650	minecraft:waxed_exposed_copper_golem_statue
minecraft:item	1651	minecraft:waxed_weathered_copper_golem_statue
minecraft:item	1652	minecraft:waxed_oxidized_copper_golem_statue
minecraft:item	1653	minecraft:trial_spawner
minecraft:item	1654	minecraft:trial_key
minecraft:item	1655	minecraft:ominous_trial_key
minecraft:item	1656	minecraft:vault
minecraft:item	1657	minecraft:ominous_bottle
minecraft:loot_condition_type	0	minecraft:inverted
minecraft:loot_condition_type	1	minecraft:any_of
minecraft:loot_condition_type	2	minecraft:all_of
minecraft:loot_condition_type	3	minecraft:random_chance
minecraft:loot_condition_type	4	minecraft:random_chance_with_enchanted_bonus
minecraft:loot_condition_type	5	minecraft:entity_properties
minecraft:loot_condition_type	6	minecraft:killed_by_player
minecraft:loot_condition_type	7	minecraft:entity_scores
minecraft:loot_condition_type	8	minecraft:match_block
minecraft:loot_condition_type	9	minecraft:match_tool
minecraft:loot_condition_type	10	minecraft:table_bonus
minecraft:loot_condition_type	11	minecraft:survives_explosion
minecraft:loot_condition_type	12	minecraft:damage_source_properties
minecraft:loot_condition_type	13	minecraft:location_check
minecraft:loot_condition_type	14	minecraft:weather_check
minecraft:loot_condition_type	15	minecraft:time_check
minecraft:loot_condition_type	16	minecraft:int_value_check
minecraft:loot_condition_type	17	minecraft:float_value_check
minecraft:loot_condition_type	18	minecraft:enchantment_active_check
minecraft:loot_condition_type	19	minecraft:environment_attribute_check
minecraft:loot_function_type	0	minecraft:set_count
minecraft:loot_function_type	1	minecraft:set_item
minecraft:loot_function_type	2	minecraft:enchant_with_levels
minecraft:loot_function_type	3	minecraft:enchant_randomly
minecraft:loot_function_type	4	minecraft:set_enchantments
minecraft:loot_function_type	5	minecraft:set_custom_data
minecraft:loot_function_type	6	minecraft:set_components
minecraft:loot_function_type	7	minecraft:furnace_smelt
minecraft:loot_function_type	8	minecraft:enchanted_count_increase
minecraft:loot_function_type	9	minecraft:set_damage
minecraft:loot_function_type	10	minecraft:set_attributes
minecraft:loot_function_type	11	minecraft:set_name
minecraft:loot_function_type	12	minecraft:exploration_map
minecraft:loot_function_type	13	minecraft:set_stew_effect
minecraft:loot_function_type	14	minecraft:copy_name
minecraft:loot_function_type	15	minecraft:set_contents
minecraft:loot_function_type	16	minecraft:modify_contents
minecraft:loot_function_type	17	minecraft:filtered
minecraft:loot_function_type	18	minecraft:limit_count
minecraft:loot_function_type	19	minecraft:apply_bonus
minecraft:loot_function_type	20	minecraft:set_loot_table
minecraft:loot_function_type	21	minecraft:explosion_decay
minecraft:loot_function_type	22	minecraft:set_lore
minecraft:loot_function_type	23	minecraft:fill_player_head
minecraft:loot_function_type	24	minecraft:copy_custom_data
minecraft:loot_function_type	25	minecraft:copy_state
minecraft:loot_function_type	26	minecraft:set_banner_pattern
minecraft:loot_function_type	27	minecraft:set_potion
minecraft:loot_function_type	28	minecraft:set_random_dyes
minecraft:loot_function_type	29	minecraft:set_random_potion
minecraft:loot_function_type	30	minecraft:set_instrument
minecraft:loot_function_type	31	minecraft:sequence
minecraft:loot_function_type	32	minecraft:copy_components
minecraft:loot_function_type	33	minecraft:set_fireworks
minecraft:loot_function_type	34	minecraft:set_firework_explosion
minecraft:loot_function_type	35	minecraft:set_book_cover
minecraft:loot_function_type	36	minecraft:set_written_book_pages
minecraft:loot_function_type	37	minecraft:set_writable_book_pages
minecraft:loot_function_type	38	minecraft:toggle_tooltips
minecraft:loot_function_type	39	minecraft:set_ominous_bottle_amplifier
minecraft:loot_function_type	40	minecraft:set_custom_model_data
minecraft:loot_function_type	41	minecraft:discard
minecraft:loot_nbt_provider_type	0	minecraft:storage
minecraft:loot_nbt_provider_type	1	minecraft:context
minecraft:loot_pool_entry_type	0	minecraft:empty
minecraft:loot_pool_entry_type	1	minecraft:item
minecraft:loot_pool_entry_type	2	minecraft:loot_table
minecraft:loot_pool_entry_type	3	minecraft:dynamic
minecraft:loot_pool_entry_type	4	minecraft:tag
minecraft:loot_pool_entry_type	5	minecraft:slots
minecraft:loot_pool_entry_type	6	minecraft:alternatives
minecraft:loot_pool_entry_type	7	minecraft:sequence
minecraft:loot_pool_entry_type	8	minecraft:group
minecraft:loot_score_provider_type	0	minecraft:fixed
minecraft:loot_score_provider_type	1	minecraft:context
minecraft:map_decoration_type	0	minecraft:player
minecraft:map_decoration_type	1	minecraft:frame
minecraft:map_decoration_type	2	minecraft:red_marker
minecraft:map_decoration_type	3	minecraft:blue_marker
minecraft:map_decoration_type	4	minecraft:target_x
minecraft:map_decoration_type	5	minecraft:target_point
minecraft:map_decoration_type	6	minecraft:player_off_map
minecraft:map_decoration_type	7	minecraft:player_off_limits
minecraft:map_decoration_type	8	minecraft:mansion
minecraft:map_decoration_type	9	minecraft:monument
minecraft:map_decoration_type	10	minecraft:banner_white
minecraft:map_decoration_type	11	minecraft:banner_orange
minecraft:map_decoration_type	12	minecraft:banner_magenta
minecraft:map_decoration_type	13	minecraft:banner_light_blue
minecraft:map_decoration_type	14	minecraft:banner_yellow
minecraft:map_decoration_type	15	minecraft:banner_lime
minecraft:map_decoration_type	16	minecraft:banner_pink
minecraft:map_decoration_type	17	minecraft:banner_gray
minecraft:map_decoration_type	18	minecraft:banner_light_gray
minecraft:map_decoration_type	19	minecraft:banner_cyan
minecraft:map_decoration_type	20	minecraft:banner_purple
minecraft:map_decoration_type	21	minecraft:banner_blue
minecraft:map_decoration_type	22	minecraft:banner_brown
minecraft:map_decoration_type	23	minecraft:banner_green
minecraft:map_decoration_type	24	minecraft:banner_red
minecraft:map_decoration_type	25	minecraft:banner_black
minecraft:map_decoration_type	26	minecraft:red_x
minecraft:map_decoration_type	27	minecraft:village_desert
minecraft:map_decoration_type	28	minecraft:village_plains
minecraft:map_decoration_type	29	minecraft:village_savanna
minecraft:map_decoration_type	30	minecraft:village_snowy
minecraft:map_decoration_type	31	minecraft:village_taiga
minecraft:map_decoration_type	32	minecraft:jungle_temple
minecraft:map_decoration_type	33	minecraft:swamp_hut
minecraft:map_decoration_type	34	minecraft:trial_chambers
minecraft:map_decoration_type	35	minecraft:abandoned_camp
minecraft:map_decoration_type	36	minecraft:ancient_city
minecraft:map_decoration_type	37	minecraft:desert_pyramid
minecraft:map_decoration_type	38	minecraft:mineshaft
minecraft:map_decoration_type	39	minecraft:ocean_ruin_warm
minecraft:memory_module_type	0	minecraft:dummy
minecraft:memory_module_type	1	minecraft:home
minecraft:memory_module_type	2	minecraft:job_site
minecraft:memory_module_type	3	minecraft:potential_job_site
minecraft:memory_module_type	4	minecraft:meeting_point
minecraft:memory_module_type	5	minecraft:secondary_job_site
minecraft:memory_module_type	6	minecraft:mobs
minecraft:memory_module_type	7	minecraft:visible_mobs
minecraft:memory_module_type	8	minecraft:visible_villager_babies
minecraft:memory_module_type	9	minecraft:nearest_players
minecraft:memory_module_type	10	minecraft:nearest_visible_player
minecraft:memory_module_type	11	minecraft:nearest_visible_targetable_player
minecraft:memory_module_type	12	minecraft:nearest_visible_targetable_players
minecraft:memory_module_type	13	minecraft:walk_target
minecraft:memory_module_type	14	minecraft:look_target
minecraft:memory_module_type	15	minecraft:attack_target
minecraft:memory_module_type	16	minecraft:attack_cooling_down
minecraft:memory_module_type	17	minecraft:interaction_target
minecraft:memory_module_type	18	minecraft:breed_target
minecraft:memory_module_type	19	minecraft:ride_target
minecraft:memory_module_type	20	minecraft:path
minecraft:memory_module_type	21	minecraft:doors_to_close
minecraft:memory_module_type	22	minecraft:nearest_bed
minecraft:memory_module_type	23	minecraft:hurt_by
minecraft:memory_module_type	24	minecraft:hurt_by_entity
minecraft:memory_module_type	25	minecraft:avoid_target
minecraft:memory_module_type	26	minecraft:nearest_hostile
minecraft:memory_module_type	27	minecraft:nearest_attackable
minecraft:memory_module_type	28	minecraft:hiding_place
minecraft:memory_module_type	29	minecraft:heard_bell_time
minecraft:memory_module_type	30	minecraft:cant_reach_walk_target_since
minecraft:memory_module_type	31	minecraft:golem_detected_recently
minecraft:memory_module_type	32	minecraft:danger_detected_recently
minecraft:memory_module_type	33	minecraft:last_slept
minecraft:memory_module_type	34	minecraft:last_woken
minecraft:memory_module_type	35	minecraft:last_worked_at_poi
minecraft:memory_module_type	36	minecraft:nearest_visible_adult
minecraft:memory_module_type	37	minecraft:nearest_visible_wanted_item
minecraft:memory_module_type	38	minecraft:nearest_visible_nemesis
minecraft:memory_module_type	39	minecraft:play_dead_ticks
minecraft:memory_module_type	40	minecraft:tempting_player
minecraft:memory_module_type	41	minecraft:temptation_cooldown_ticks
minecraft:memory_module_type	42	minecraft:gaze_cooldown_ticks
minecraft:memory_module_type	43	minecraft:long_jump_cooling_down
minecraft:memory_module_type	44	minecraft:long_jump_mid_jump
minecraft:memory_module_type	45	minecraft:has_hunting_cooldown
minecraft:memory_module_type	46	minecraft:ram_cooldown_ticks
minecraft:memory_module_type	47	minecraft:ram_target
minecraft:memory_module_type	48	minecraft:is_in_water
minecraft:memory_module_type	49	minecraft:is_pregnant
minecraft:memory_module_type	50	minecraft:is_panicking
minecraft:memory_module_type	51	minecraft:unreachable_tongue_targets
minecraft:memory_module_type	52	minecraft:visited_block_positions
minecraft:memory_module_type	53	minecraft:unreachable_transport_block_positions
minecraft:memory_module_type	54	minecraft:transport_items_cooldown_ticks
minecraft:memory_module_type	55	minecraft:charge_cooldown_ticks
minecraft:memory_module_type	56	minecraft:attack_target_cooldown
minecraft:memory_module_type	57	minecraft:spear_fleeing_time
minecraft:memory_module_type	58	minecraft:spear_fleeing_position
minecraft:memory_module_type	59	minecraft:spear_charge_position
minecraft:memory_module_type	60	minecraft:spear_engage_time
minecraft:memory_module_type	61	minecraft:spear_status
minecraft:memory_module_type	62	minecraft:angry_at
minecraft:memory_module_type	63	minecraft:universal_anger
minecraft:memory_module_type	64	minecraft:admiring_item
minecraft:memory_module_type	65	minecraft:time_trying_to_reach_admire_item
minecraft:memory_module_type	66	minecraft:disable_walk_to_admire_item
minecraft:memory_module_type	67	minecraft:admiring_disabled
minecraft:memory_module_type	68	minecraft:hunted_recently
minecraft:memory_module_type	69	minecraft:celebrate_location
minecraft:memory_module_type	70	minecraft:dancing
minecraft:memory_module_type	71	minecraft:nearest_visible_huntable_hoglin
minecraft:memory_module_type	72	minecraft:nearest_visible_baby_hoglin
minecraft:memory_module_type	73	minecraft:nearest_targetable_player_not_wearing_gold
minecraft:memory_module_type	74	minecraft:nearby_adult_piglins
minecraft:memory_module_type	75	minecraft:nearest_visible_adult_piglins
minecraft:memory_module_type	76	minecraft:nearest_visible_adult_hoglins
minecraft:memory_module_type	77	minecraft:nearest_visible_adult_piglin
minecraft:memory_module_type	78	minecraft:nearest_visible_zombified
minecraft:memory_module_type	79	minecraft:visible_adult_piglin_count
minecraft:memory_module_type	80	minecraft:visible_adult_hoglin_count
minecraft:memory_module_type	81	minecraft:nearest_player_holding_wanted_item
minecraft:memory_module_type	82	minecraft:ate_recently
minecraft:memory_module_type	83	minecraft:nearest_repellent
minecraft:memory_module_type	84	minecraft:pacified
minecraft:memory_module_type	85	minecraft:roar_target
minecraft:memory_module_type	86	minecraft:disturbance_location
minecraft:memory_module_type	87	minecraft:recent_projectile
minecraft:memory_module_type	88	minecraft:is_sniffing
minecraft:memory_module_type	89	minecraft:is_emerging
minecraft:memory_module_type	90	minecraft:roar_sound_delay
minecraft:memory_module_type	91	minecraft:dig_cooldown
minecraft:memory_module_type	92	minecraft:roar_sound_cooldown
minecraft:memory_module_type	93	minecraft:sniff_cooldown
minecraft:memory_module_type	94	minecraft:touch_cooldown
minecraft:memory_module_type	95	minecraft:vibration_cooldown
minecraft:memory_module_type	96	minecraft:sonic_boom_cooldown
minecraft:memory_module_type	97	minecraft:sonic_boom_sound_cooldown
minecraft:memory_module_type	98	minecraft:sonic_boom_sound_delay
minecraft:memory_module_type	99	minecraft:liked_player
minecraft:memory_module_type	100	minecraft:liked_noteblock
minecraft:memory_module_type	101	minecraft:liked_noteblock_cooldown_ticks
minecraft:memory_module_type	102	minecraft:item_pickup_cooldown_ticks
minecraft:memory_module_type	103	minecraft:sniffer_explored_positions
minecraft:memory_module_type	104	minecraft:sniffer_sniffing_target
minecraft:memory_module_type	105	minecraft:sniffer_digging
minecraft:memory_module_type	106	minecraft:sniffer_happy
minecraft:memory_module_type	107	minecraft:breeze_jump_cooldown
minecraft:memory_module_type	108	minecraft:breeze_shoot
minecraft:memory_module_type	109	minecraft:breeze_shoot_charging
minecraft:memory_module_type	110	minecraft:breeze_shoot_recover
minecraft:memory_module_type	111	minecraft:breeze_shoot_cooldown
minecraft:memory_module_type	112	minecraft:breeze_jump_inhaling
minecraft:memory_module_type	113	minecraft:breeze_jump_target
minecraft:memory_module_type	114	minecraft:breeze_leaving_water
minecraft:menu	0	minecraft:generic_9x1
minecraft:menu	1	minecraft:generic_9x2
minecraft:menu	2	minecraft:generic_9x3
minecraft:menu	3	minecraft:generic_9x4
minecraft:menu	4	minecraft:generic_9x5
minecraft:menu	5	minecraft:generic_9x6
minecraft:menu	6	minecraft:generic_3x3
minecraft:menu	7	minecraft:crafter_3x3
minecraft:menu	8	minecraft:anvil
minecraft:menu	9	minecraft:beacon
minecraft:menu	10	minecraft:blast_furnace
minecraft:menu	11	minecraft:brewing_stand
minecraft:menu	12	minecraft:crafting
minecraft:menu	13	minecraft:enchantment
minecraft:menu	14	minecraft:furnace
minecraft:menu	15	minecraft:grindstone
minecraft:menu	16	minecraft:hopper
minecraft:menu	17	minecraft:lectern
minecraft:menu	18	minecraft:loom
minecraft:menu	19	minecraft:merchant
minecraft:menu	20	minecraft:shulker_box
minecraft:menu	21	minecraft:smithing
minecraft:menu	22	minecraft:smoker
minecraft:menu	23	minecraft:cartography_table
minecraft:menu	24	minecraft:stonecutter
minecraft:mob_effect	0	minecraft:speed
minecraft:mob_effect	1	minecraft:slowness
minecraft:mob_effect	2	minecraft:haste
minecraft:mob_effect	3	minecraft:mining_fatigue
minecraft:mob_effect	4	minecraft:strength
minecraft:mob_effect	5	minecraft:instant_health
minecraft:mob_effect	6	minecraft:instant_damage
minecraft:mob_effect	7	minecraft:jump_boost
minecraft:mob_effect	8	minecraft:nausea
minecraft:mob_effect	9	minecraft:regeneration
minecraft:mob_effect	10	minecraft:resistance
minecraft:mob_effect	11	minecraft:fire_resistance
minecraft:mob_effect	12	minecraft:water_breathing
minecraft:mob_effect	13	minecraft:invisibility
minecraft:mob_effect	14	minecraft:blindness
minecraft:mob_effect	15	minecraft:night_vision
minecraft:mob_effect	16	minecraft:hunger
minecraft:mob_effect	17	minecraft:weakness
minecraft:mob_effect	18	minecraft:poison
minecraft:mob_effect	19	minecraft:wither
minecraft:mob_effect	20	minecraft:health_boost
minecraft:mob_effect	21	minecraft:absorption
minecraft:mob_effect	22	minecraft:saturation
minecraft:mob_effect	23	minecraft:glowing
minecraft:mob_effect	24	minecraft:levitation
minecraft:mob_effect	25	minecraft:luck
minecraft:mob_effect	26	minecraft:unluck
minecraft:mob_effect	27	minecraft:slow_falling
minecraft:mob_effect	28	minecraft:conduit_power
minecraft:mob_effect	29	minecraft:dolphins_grace
minecraft:mob_effect	30	minecraft:bad_omen
minecraft:mob_effect	31	minecraft:hero_of_the_village
minecraft:mob_effect	32	minecraft:darkness
minecraft:mob_effect	33	minecraft:trial_omen
minecraft:mob_effect	34	minecraft:raid_omen
minecraft:mob_effect	35	minecraft:wind_charged
minecraft:mob_effect	36	minecraft:weaving
minecraft:mob_effect	37	minecraft:oozing
minecraft:mob_effect	38	minecraft:infested
minecraft:mob_effect	39	minecraft:breath_of_the_nautilus
minecraft:number_format_type	0	minecraft:blank
minecraft:number_format_type	1	minecraft:styled
minecraft:number_format_type	2	minecraft:fixed
minecraft:outgoing_rpc_methods	0	minecraft:notification/server/started
minecraft:outgoing_rpc_methods	1	minecraft:notification/server/stopping
minecraft:outgoing_rpc_methods	2	minecraft:notification/server/saving
minecraft:outgoing_rpc_methods	3	minecraft:notification/server/saved
minecraft:outgoing_rpc_methods	4	minecraft:notification/server/activity
minecraft:outgoing_rpc_methods	5	minecraft:notification/world/upgrade_started
minecraft:outgoing_rpc_methods	6	minecraft:notification/world/upgrade_progress
minecraft:outgoing_rpc_methods	7	minecraft:notification/world/upgrade_finished
minecraft:outgoing_rpc_methods	8	minecraft:notification/world/upgrade_failed
minecraft:outgoing_rpc_methods	9	minecraft:notification/players/joined
minecraft:outgoing_rpc_methods	10	minecraft:notification/players/left
minecraft:outgoing_rpc_methods	11	minecraft:notification/operators/added
minecraft:outgoing_rpc_methods	12	minecraft:notification/operators/removed
minecraft:outgoing_rpc_methods	13	minecraft:notification/allowlist/added
minecraft:outgoing_rpc_methods	14	minecraft:notification/allowlist/removed
minecraft:outgoing_rpc_methods	15	minecraft:notification/ip_bans/added
minecraft:outgoing_rpc_methods	16	minecraft:notification/ip_bans/removed
minecraft:outgoing_rpc_methods	17	minecraft:notification/bans/added
minecraft:outgoing_rpc_methods	18	minecraft:notification/bans/removed
minecraft:outgoing_rpc_methods	19	minecraft:notification/gamerules/updated
minecraft:outgoing_rpc_methods	20	minecraft:notification/server/status
minecraft:particle_type	0	minecraft:angry_villager
minecraft:particle_type	1	minecraft:block
minecraft:particle_type	2	minecraft:block_marker
minecraft:particle_type	3	minecraft:bubble
minecraft:particle_type	4	minecraft:sulfur_bubbles
minecraft:particle_type	5	minecraft:noxious_gas
minecraft:particle_type	6	minecraft:noxious_gas_cloud
minecraft:particle_type	7	minecraft:geyser
minecraft:particle_type	8	minecraft:geyser_base
minecraft:particle_type	9	minecraft:geyser_poof
minecraft:particle_type	10	minecraft:geyser_plume
minecraft:particle_type	11	minecraft:cloud
minecraft:particle_type	12	minecraft:copper_fire_flame
minecraft:particle_type	13	minecraft:crit
minecraft:particle_type	14	minecraft:damage_indicator
minecraft:particle_type	15	minecraft:dragon_breath
minecraft:particle_type	16	minecraft:dripping_lava
minecraft:particle_type	17	minecraft:falling_lava
minecraft:particle_type	18	minecraft:landing_lava
minecraft:particle_type	19	minecraft:dripping_water
minecraft:particle_type	20	minecraft:falling_water
minecraft:particle_type	21	minecraft:dust
minecraft:particle_type	22	minecraft:dust_color_transition
minecraft:particle_type	23	minecraft:effect
minecraft:particle_type	24	minecraft:elder_guardian
minecraft:particle_type	25	minecraft:enchanted_hit
minecraft:particle_type	26	minecraft:enchant
minecraft:particle_type	27	minecraft:end_rod
minecraft:particle_type	28	minecraft:entity_effect
minecraft:particle_type	29	minecraft:explosion_emitter
minecraft:particle_type	30	minecraft:explosion
minecraft:particle_type	31	minecraft:gust
minecraft:particle_type	32	minecraft:small_gust
minecraft:particle_type	33	minecraft:gust_emitter_large
minecraft:particle_type	34	minecraft:gust_emitter_small
minecraft:particle_type	35	minecraft:sonic_boom
minecraft:particle_type	36	minecraft:falling_dust
minecraft:particle_type	37	minecraft:firework
minecraft:particle_type	38	minecraft:fishing
minecraft:particle_type	39	minecraft:flame
minecraft:particle_type	40	minecraft:infested
minecraft:particle_type	41	minecraft:cherry_leaves
minecraft:particle_type	42	minecraft:pale_oak_leaves
minecraft:particle_type	43	minecraft:red_poplar_leaves
minecraft:particle_type	44	minecraft:orange_poplar_leaves
minecraft:particle_type	45	minecraft:yellow_poplar_leaves
minecraft:particle_type	46	minecraft:tinted_leaves
minecraft:particle_type	47	minecraft:sculk_soul
minecraft:particle_type	48	minecraft:sculk_charge
minecraft:particle_type	49	minecraft:sculk_charge_pop
minecraft:particle_type	50	minecraft:soul_fire_flame
minecraft:particle_type	51	minecraft:soul
minecraft:particle_type	52	minecraft:flash
minecraft:particle_type	53	minecraft:happy_villager
minecraft:particle_type	54	minecraft:composter
minecraft:particle_type	55	minecraft:heart
minecraft:particle_type	56	minecraft:instant_effect
minecraft:particle_type	57	minecraft:item
minecraft:particle_type	58	minecraft:vibration
minecraft:particle_type	59	minecraft:trail
minecraft:particle_type	60	minecraft:pause_mob_growth
minecraft:particle_type	61	minecraft:reset_mob_growth
minecraft:particle_type	62	minecraft:item_slime
minecraft:particle_type	63	minecraft:item_cobweb
minecraft:particle_type	64	minecraft:item_snowball
minecraft:particle_type	65	minecraft:large_smoke
minecraft:particle_type	66	minecraft:lava
minecraft:particle_type	67	minecraft:mycelium
minecraft:particle_type	68	minecraft:note
minecraft:particle_type	69	minecraft:poof
minecraft:particle_type	70	minecraft:portal
minecraft:particle_type	71	minecraft:rain
minecraft:particle_type	72	minecraft:smoke
minecraft:particle_type	73	minecraft:white_smoke
minecraft:particle_type	74	minecraft:sneeze
minecraft:particle_type	75	minecraft:spit
minecraft:particle_type	76	minecraft:squid_ink
minecraft:particle_type	77	minecraft:sweep_attack
minecraft:particle_type	78	minecraft:totem_of_undying
minecraft:particle_type	79	minecraft:underwater
minecraft:particle_type	80	minecraft:splash
minecraft:particle_type	81	minecraft:witch
minecraft:particle_type	82	minecraft:bubble_pop
minecraft:particle_type	83	minecraft:current_down
minecraft:particle_type	84	minecraft:bubble_column_up
minecraft:particle_type	85	minecraft:nautilus
minecraft:particle_type	86	minecraft:dolphin
minecraft:particle_type	87	minecraft:campfire_cosy_smoke
minecraft:particle_type	88	minecraft:campfire_signal_smoke
minecraft:particle_type	89	minecraft:dripping_honey
minecraft:particle_type	90	minecraft:falling_honey
minecraft:particle_type	91	minecraft:landing_honey
minecraft:particle_type	92	minecraft:falling_nectar
minecraft:particle_type	93	minecraft:falling_spore_blossom
minecraft:particle_type	94	minecraft:ash
minecraft:particle_type	95	minecraft:crimson_spore
minecraft:particle_type	96	minecraft:warped_spore
minecraft:particle_type	97	minecraft:spore_blossom_air
minecraft:particle_type	98	minecraft:dripping_obsidian_tear
minecraft:particle_type	99	minecraft:falling_obsidian_tear
minecraft:particle_type	100	minecraft:landing_obsidian_tear
minecraft:particle_type	101	minecraft:reverse_portal
minecraft:particle_type	102	minecraft:white_ash
minecraft:particle_type	103	minecraft:small_flame
minecraft:particle_type	104	minecraft:snowflake
minecraft:particle_type	105	minecraft:dripping_dripstone_lava
minecraft:particle_type	106	minecraft:falling_dripstone_lava
minecraft:particle_type	107	minecraft:dripping_dripstone_water
minecraft:particle_type	108	minecraft:falling_dripstone_water
minecraft:particle_type	109	minecraft:glow_squid_ink
minecraft:particle_type	110	minecraft:glow
minecraft:particle_type	111	minecraft:wax_on
minecraft:particle_type	112	minecraft:wax_off
minecraft:particle_type	113	minecraft:electric_spark
minecraft:particle_type	114	minecraft:scrape
minecraft:particle_type	115	minecraft:shriek
minecraft:particle_type	116	minecraft:egg_crack
minecraft:particle_type	117	minecraft:dust_plume
minecraft:particle_type	118	minecraft:trial_spawner_detection
minecraft:particle_type	119	minecraft:trial_spawner_detection_ominous
minecraft:particle_type	120	minecraft:vault_connection
minecraft:particle_type	121	minecraft:dust_pillar
minecraft:particle_type	122	minecraft:ominous_spawning
minecraft:particle_type	123	minecraft:raid_omen
minecraft:particle_type	124	minecraft:trial_omen
minecraft:particle_type	125	minecraft:block_crumble
minecraft:particle_type	126	minecraft:firefly
minecraft:particle_type	127	minecraft:sulfur_cube_goo
minecraft:permission_check_type	0	minecraft:always_pass
minecraft:permission_check_type	1	minecraft:require
minecraft:permission_type	0	minecraft:atom
minecraft:permission_type	1	minecraft:command_level
minecraft:point_of_interest_type	0	minecraft:armorer
minecraft:point_of_interest_type	1	minecraft:butcher
minecraft:point_of_interest_type	2	minecraft:cartographer
minecraft:point_of_interest_type	3	minecraft:cleric
minecraft:point_of_interest_type	4	minecraft:farmer
minecraft:point_of_interest_type	5	minecraft:fisherman
minecraft:point_of_interest_type	6	minecraft:fletcher
minecraft:point_of_interest_type	7	minecraft:leatherworker
minecraft:point_of_interest_type	8	minecraft:librarian
minecraft:point_of_interest_type	9	minecraft:mason
minecraft:point_of_interest_type	10	minecraft:shepherd
minecraft:point_of_interest_type	11	minecraft:toolsmith
minecraft:point_of_interest_type	12	minecraft:weaponsmith
minecraft:point_of_interest_type	13	minecraft:home
minecraft:point_of_interest_type	14	minecraft:meeting
minecraft:point_of_interest_type	15	minecraft:beehive
minecraft:point_of_interest_type	16	minecraft:bee_nest
minecraft:point_of_interest_type	17	minecraft:nether_portal
minecraft:point_of_interest_type	18	minecraft:lodestone
minecraft:point_of_interest_type	19	minecraft:test_instance
minecraft:point_of_interest_type	20	minecraft:lightning_rod
minecraft:pos_rule_test	0	minecraft:always_true
minecraft:pos_rule_test	1	minecraft:linear_pos
minecraft:pos_rule_test	2	minecraft:axis_aligned_linear_pos
minecraft:position_source_type	0	minecraft:block
minecraft:position_source_type	1	minecraft:entity
minecraft:potion	0	minecraft:water
minecraft:potion	1	minecraft:mundane
minecraft:potion	2	minecraft:thick
minecraft:potion	3	minecraft:awkward
minecraft:potion	4	minecraft:night_vision
minecraft:potion	5	minecraft:long_night_vision
minecraft:potion	6	minecraft:invisibility
minecraft:potion	7	minecraft:long_invisibility
minecraft:potion	8	minecraft:leaping
minecraft:potion	9	minecraft:long_leaping
minecraft:potion	10	minecraft:strong_leaping
minecraft:potion	11	minecraft:fire_resistance
minecraft:potion	12	minecraft:long_fire_resistance
minecraft:potion	13	minecraft:swiftness
minecraft:potion	14	minecraft:long_swiftness
minecraft:potion	15	minecraft:strong_swiftness
minecraft:potion	16	minecraft:slowness
minecraft:potion	17	minecraft:long_slowness
minecraft:potion	18	minecraft:strong_slowness
minecraft:potion	19	minecraft:turtle_master
minecraft:potion	20	minecraft:long_turtle_master
minecraft:potion	21	minecraft:strong_turtle_master
minecraft:potion	22	minecraft:water_breathing
minecraft:potion	23	minecraft:long_water_breathing
minecraft:potion	24	minecraft:healing
minecraft:potion	25	minecraft:strong_healing
minecraft:potion	26	minecraft:harming
minecraft:potion	27	minecraft:strong_harming
minecraft:potion	28	minecraft:poison
minecraft:potion	29	minecraft:long_poison
minecraft:potion	30	minecraft:strong_poison
minecraft:potion	31	minecraft:regeneration
minecraft:potion	32	minecraft:long_regeneration
minecraft:potion	33	minecraft:strong_regeneration
minecraft:potion	34	minecraft:strength
minecraft:potion	35	minecraft:long_strength
minecraft:potion	36	minecraft:strong_strength
minecraft:potion	37	minecraft:weakness
minecraft:potion	38	minecraft:long_weakness
minecraft:potion	39	minecraft:luck
minecraft:potion	40	minecraft:slow_falling
minecraft:potion	41	minecraft:long_slow_falling
minecraft:potion	42	minecraft:wind_charged
minecraft:potion	43	minecraft:weaving
minecraft:potion	44	minecraft:oozing
minecraft:potion	45	minecraft:infested
minecraft:recipe_book_category	0	minecraft:crafting_building_blocks
minecraft:recipe_book_category	1	minecraft:crafting_redstone
minecraft:recipe_book_category	2	minecraft:crafting_equipment
minecraft:recipe_book_category	3	minecraft:crafting_misc
minecraft:recipe_book_category	4	minecraft:furnace_food
minecraft:recipe_book_category	5	minecraft:furnace_blocks
minecraft:recipe_book_category	6	minecraft:furnace_misc
minecraft:recipe_book_category	7	minecraft:blast_furnace_blocks
minecraft:recipe_book_category	8	minecraft:blast_furnace_misc
minecraft:recipe_book_category	9	minecraft:smoker_food
minecraft:recipe_book_category	10	minecraft:stonecutter
minecraft:recipe_book_category	11	minecraft:smithing
minecraft:recipe_book_category	12	minecraft:campfire
minecraft:recipe_display	0	minecraft:crafting_shapeless
minecraft:recipe_display	1	minecraft:crafting_shaped
minecraft:recipe_display	2	minecraft:furnace
minecraft:recipe_display	3	minecraft:stonecutter
minecraft:recipe_display	4	minecraft:smithing
minecraft:recipe_serializer	0	minecraft:crafting_shaped
minecraft:recipe_serializer	1	minecraft:crafting_shapeless
minecraft:recipe_serializer	2	minecraft:crafting_dye
minecraft:recipe_serializer	3	minecraft:crafting_imbue
minecraft:recipe_serializer	4	minecraft:crafting_transmute
minecraft:recipe_serializer	5	minecraft:crafting_decorated_pot
minecraft:recipe_serializer	6	minecraft:crafting_special_bookcloning
minecraft:recipe_serializer	7	minecraft:crafting_special_mapextending
minecraft:recipe_serializer	8	minecraft:crafting_special_firework_rocket
minecraft:recipe_serializer	9	minecraft:crafting_special_firework_star
minecraft:recipe_serializer	10	minecraft:crafting_special_firework_star_fade
minecraft:recipe_serializer	11	minecraft:crafting_special_bannerduplicate
minecraft:recipe_serializer	12	minecraft:crafting_special_shielddecoration
minecraft:recipe_serializer	13	minecraft:crafting_special_repairitem
minecraft:recipe_serializer	14	minecraft:smelting
minecraft:recipe_serializer	15	minecraft:blasting
minecraft:recipe_serializer	16	minecraft:smoking
minecraft:recipe_serializer	17	minecraft:campfire_cooking
minecraft:recipe_serializer	18	minecraft:stonecutting
minecraft:recipe_serializer	19	minecraft:smithing_transform
minecraft:recipe_serializer	20	minecraft:brewing
minecraft:recipe_serializer	21	minecraft:smithing_trim
minecraft:recipe_type	0	minecraft:crafting
minecraft:recipe_type	1	minecraft:smelting
minecraft:recipe_type	2	minecraft:blasting
minecraft:recipe_type	3	minecraft:smoking
minecraft:recipe_type	4	minecraft:campfire_cooking
minecraft:recipe_type	5	minecraft:stonecutting
minecraft:recipe_type	6	minecraft:smithing
minecraft:recipe_type	7	minecraft:brewing
minecraft:rule_block_entity_modifier	0	minecraft:clear
minecraft:rule_block_entity_modifier	1	minecraft:passthrough
minecraft:rule_block_entity_modifier	2	minecraft:append_static
minecraft:rule_block_entity_modifier	3	minecraft:append_loot
minecraft:rule_test	0	minecraft:all_of
minecraft:rule_test	1	minecraft:always_true
minecraft:rule_test	2	minecraft:any_of
minecraft:rule_test	3	minecraft:block_match
minecraft:rule_test	4	minecraft:blockstate_match
minecraft:rule_test	5	minecraft:not
minecraft:rule_test	6	minecraft:tag_match
minecraft:rule_test	7	minecraft:height_match
minecraft:rule_test	8	minecraft:random_block_match
minecraft:rule_test	9	minecraft:random_blockstate_match
minecraft:sensor_type	0	minecraft:dummy
minecraft:sensor_type	1	minecraft:nearest_items
minecraft:sensor_type	2	minecraft:nearest_living_entities
minecraft:sensor_type	3	minecraft:nearest_players
minecraft:sensor_type	4	minecraft:nearest_bed
minecraft:sensor_type	5	minecraft:hurt_by
minecraft:sensor_type	6	minecraft:villager_hostiles
minecraft:sensor_type	7	minecraft:villager_babies
minecraft:sensor_type	8	minecraft:secondary_pois
minecraft:sensor_type	9	minecraft:golem_detected
minecraft:sensor_type	10	minecraft:armadillo_scare_detected
minecraft:sensor_type	11	minecraft:piglin_specific_sensor
minecraft:sensor_type	12	minecraft:piglin_brute_specific_sensor
minecraft:sensor_type	13	minecraft:hoglin_specific_sensor
minecraft:sensor_type	14	minecraft:nearest_adult
minecraft:sensor_type	15	minecraft:nearest_adult_any_type
minecraft:sensor_type	16	minecraft:axolotl_attackables
minecraft:sensor_type	17	minecraft:food_temptations
minecraft:sensor_type	18	minecraft:frog_temptations
minecraft:sensor_type	19	minecraft:nautilus_temptations
minecraft:sensor_type	20	minecraft:frog_attackables
minecraft:sensor_type	21	minecraft:is_in_water
minecraft:sensor_type	22	minecraft:warden_entity_sensor
minecraft:sensor_type	23	minecraft:breeze_attack_entity_sensor
minecraft:slot_display	0	minecraft:empty
minecraft:slot_display	1	minecraft:any_fuel
minecraft:slot_display	2	minecraft:with_any_potion
minecraft:slot_display	3	minecraft:only_with_component
minecraft:slot_display	4	minecraft:item
minecraft:slot_display	5	minecraft:item_stack
minecraft:slot_display	6	minecraft:tag
minecraft:slot_display	7	minecraft:dyed
minecraft:slot_display	8	minecraft:smithing_trim
minecraft:slot_display	9	minecraft:with_remainder
minecraft:slot_display	10	minecraft:composite
minecraft:slot_source_type	0	minecraft:group
minecraft:slot_source_type	1	minecraft:filtered
minecraft:slot_source_type	2	minecraft:limit_slots
minecraft:slot_source_type	3	minecraft:slot_range
minecraft:slot_source_type	4	minecraft:contents
minecraft:slot_source_type	5	minecraft:empty
minecraft:sound_event	0	minecraft:entity.allay.ambient_with_item
minecraft:sound_event	1	minecraft:entity.allay.ambient_without_item
minecraft:sound_event	2	minecraft:entity.allay.death
minecraft:sound_event	3	minecraft:entity.allay.hurt
minecraft:sound_event	4	minecraft:entity.allay.item_given
minecraft:sound_event	5	minecraft:entity.allay.item_taken
minecraft:sound_event	6	minecraft:entity.allay.item_thrown
minecraft:sound_event	7	minecraft:ambient.cave
minecraft:sound_event	8	minecraft:ambient.basalt_deltas.additions
minecraft:sound_event	9	minecraft:ambient.basalt_deltas.loop
minecraft:sound_event	10	minecraft:ambient.basalt_deltas.mood
minecraft:sound_event	11	minecraft:ambient.crimson_forest.additions
minecraft:sound_event	12	minecraft:ambient.crimson_forest.loop
minecraft:sound_event	13	minecraft:ambient.crimson_forest.mood
minecraft:sound_event	14	minecraft:ambient.nether_wastes.additions
minecraft:sound_event	15	minecraft:ambient.nether_wastes.loop
minecraft:sound_event	16	minecraft:ambient.nether_wastes.mood
minecraft:sound_event	17	minecraft:ambient.soul_sand_valley.additions
minecraft:sound_event	18	minecraft:ambient.soul_sand_valley.loop
minecraft:sound_event	19	minecraft:ambient.soul_sand_valley.mood
minecraft:sound_event	20	minecraft:ambient.warped_forest.additions
minecraft:sound_event	21	minecraft:ambient.warped_forest.loop
minecraft:sound_event	22	minecraft:ambient.warped_forest.mood
minecraft:sound_event	23	minecraft:ambient.underwater.enter
minecraft:sound_event	24	minecraft:ambient.underwater.exit
minecraft:sound_event	25	minecraft:ambient.underwater.loop
minecraft:sound_event	26	minecraft:ambient.underwater.loop.additions
minecraft:sound_event	27	minecraft:ambient.underwater.loop.additions.rare
minecraft:sound_event	28	minecraft:ambient.underwater.loop.additions.ultra_rare
minecraft:sound_event	29	minecraft:block.amethyst_block.break
minecraft:sound_event	30	minecraft:block.amethyst_block.chime
minecraft:sound_event	31	minecraft:block.amethyst_block.fall
minecraft:sound_event	32	minecraft:block.amethyst_block.hit
minecraft:sound_event	33	minecraft:block.amethyst_block.place
minecraft:sound_event	34	minecraft:block.amethyst_block.resonate
minecraft:sound_event	35	minecraft:block.amethyst_block.step
minecraft:sound_event	36	minecraft:block.amethyst_cluster.break
minecraft:sound_event	37	minecraft:block.amethyst_cluster.fall
minecraft:sound_event	38	minecraft:block.amethyst_cluster.hit
minecraft:sound_event	39	minecraft:block.amethyst_cluster.place
minecraft:sound_event	40	minecraft:block.amethyst_cluster.step
minecraft:sound_event	41	minecraft:block.ancient_debris.break
minecraft:sound_event	42	minecraft:block.ancient_debris.step
minecraft:sound_event	43	minecraft:block.ancient_debris.place
minecraft:sound_event	44	minecraft:block.ancient_debris.hit
minecraft:sound_event	45	minecraft:block.ancient_debris.fall
minecraft:sound_event	46	minecraft:block.anvil.break
minecraft:sound_event	47	minecraft:block.anvil.destroy
minecraft:sound_event	48	minecraft:block.anvil.fall
minecraft:sound_event	49	minecraft:block.anvil.hit
minecraft:sound_event	50	minecraft:block.anvil.land
minecraft:sound_event	51	minecraft:block.anvil.place
minecraft:sound_event	52	minecraft:block.anvil.step
minecraft:sound_event	53	minecraft:block.anvil.use
minecraft:sound_event	54	minecraft:entity.armadillo.eat
minecraft:sound_event	55	minecraft:entity.armadillo.hurt
minecraft:sound_event	56	minecraft:entity.armadillo.hurt_reduced
minecraft:sound_event	57	minecraft:entity.armadillo.ambient
minecraft:sound_event	58	minecraft:entity.armadillo.step
minecraft:sound_event	59	minecraft:entity.armadillo.death
minecraft:sound_event	60	minecraft:entity.armadillo.roll
minecraft:sound_event	61	minecraft:entity.armadillo.land
minecraft:sound_event	62	minecraft:entity.armadillo.scute_drop
minecraft:sound_event	63	minecraft:entity.armadillo.unroll_finish
minecraft:sound_event	64	minecraft:entity.armadillo.peek
minecraft:sound_event	65	minecraft:entity.armadillo.unroll_start
minecraft:sound_event	66	minecraft:entity.armadillo.brush
minecraft:sound_event	67	minecraft:item.armor.equip_chain
minecraft:sound_event	68	minecraft:item.armor.equip_diamond
minecraft:sound_event	69	minecraft:item.armor.equip_elytra
minecraft:sound_event	70	minecraft:item.armor.equip_generic
minecraft:sound_event	71	minecraft:item.armor.equip_gold
minecraft:sound_event	72	minecraft:item.armor.equip_iron
minecraft:sound_event	73	minecraft:item.armor.equip_leather
minecraft:sound_event	74	minecraft:item.armor.equip_copper
minecraft:sound_event	75	minecraft:item.armor.equip_netherite
minecraft:sound_event	76	minecraft:item.armor.equip_turtle
minecraft:sound_event	77	minecraft:item.armor.equip_wolf
minecraft:sound_event	78	minecraft:item.armor.unequip_wolf
minecraft:sound_event	79	minecraft:item.armor.equip_nautilus
minecraft:sound_event	80	minecraft:item.armor.unequip_nautilus
minecraft:sound_event	81	minecraft:entity.armor_stand.break
minecraft:sound_event	82	minecraft:entity.armor_stand.fall
minecraft:sound_event	83	minecraft:entity.armor_stand.hit
minecraft:sound_event	84	minecraft:entity.armor_stand.place
minecraft:sound_event	85	minecraft:entity.arrow.hit
minecraft:sound_event	86	minecraft:entity.arrow.hit_player
minecraft:sound_event	87	minecraft:entity.arrow.shoot
minecraft:sound_event	88	minecraft:item.axe.strip
minecraft:sound_event	89	minecraft:item.axe.scrape
minecraft:sound_event	90	minecraft:item.axe.wax_off
minecraft:sound_event	91	minecraft:entity.axolotl.attack
minecraft:sound_event	92	minecraft:entity.axolotl.death
minecraft:sound_event	93	minecraft:entity.axolotl.hurt
minecraft:sound_event	94	minecraft:entity.axolotl.idle_air
minecraft:sound_event	95	minecraft:entity.axolotl.idle_water
minecraft:sound_event	96	minecraft:entity.axolotl.splash
minecraft:sound_event	97	minecraft:entity.axolotl.swim
minecraft:sound_event	98	minecraft:block.azalea.break
minecraft:sound_event	99	minecraft:block.azalea.fall
minecraft:sound_event	100	minecraft:block.azalea.hit
minecraft:sound_event	101	minecraft:block.azalea.place
minecraft:sound_event	102	minecraft:block.azalea.step
minecraft:sound_event	103	minecraft:block.azalea_leaves.break
minecraft:sound_event	104	minecraft:block.azalea_leaves.fall
minecraft:sound_event	105	minecraft:block.azalea_leaves.hit
minecraft:sound_event	106	minecraft:block.azalea_leaves.place
minecraft:sound_event	107	minecraft:block.azalea_leaves.step
minecraft:sound_event	108	minecraft:entity.baby_nautilus.ambient
minecraft:sound_event	109	minecraft:entity.baby_nautilus.ambient_land
minecraft:sound_event	110	minecraft:entity.baby_nautilus.death
minecraft:sound_event	111	minecraft:entity.baby_nautilus.death_land
minecraft:sound_event	112	minecraft:entity.baby_nautilus.eat
minecraft:sound_event	113	minecraft:entity.baby_nautilus.hurt
minecraft:sound_event	114	minecraft:entity.baby_nautilus.hurt_land
minecraft:sound_event	115	minecraft:entity.nautilus.riding
minecraft:sound_event	116	minecraft:entity.baby_nautilus.swim
minecraft:sound_event	117	minecraft:block.bamboo.break
minecraft:sound_event	118	minecraft:block.bamboo.fall
minecraft:sound_event	119	minecraft:block.bamboo.hit
minecraft:sound_event	120	minecraft:block.bamboo.place
minecraft:sound_event	121	minecraft:block.bamboo.step
minecraft:sound_event	122	minecraft:block.bamboo_sapling.break
minecraft:sound_event	123	minecraft:block.bamboo_sapling.hit
minecraft:sound_event	124	minecraft:block.bamboo_sapling.place
minecraft:sound_event	125	minecraft:block.bamboo_wood.break
minecraft:sound_event	126	minecraft:block.bamboo_wood.fall
minecraft:sound_event	127	minecraft:block.bamboo_wood.hit
minecraft:sound_event	128	minecraft:block.bamboo_wood.place
minecraft:sound_event	129	minecraft:block.bamboo_wood.step
minecraft:sound_event	130	minecraft:block.bamboo_wood_door.close
minecraft:sound_event	131	minecraft:block.bamboo_wood_door.open
minecraft:sound_event	132	minecraft:block.bamboo_wood_trapdoor.close
minecraft:sound_event	133	minecraft:block.bamboo_wood_trapdoor.open
minecraft:sound_event	134	minecraft:block.bamboo_wood_button.click_off
minecraft:sound_event	135	minecraft:block.bamboo_wood_button.click_on
minecraft:sound_event	136	minecraft:block.bamboo_wood_pressure_plate.click_off
minecraft:sound_event	137	minecraft:block.bamboo_wood_pressure_plate.click_on
minecraft:sound_event	138	minecraft:block.bamboo_wood_fence_gate.close
minecraft:sound_event	139	minecraft:block.bamboo_wood_fence_gate.open
minecraft:sound_event	140	minecraft:block.barrel.close
minecraft:sound_event	141	minecraft:block.barrel.open
minecraft:sound_event	142	minecraft:block.basalt.break
minecraft:sound_event	143	minecraft:block.basalt.step
minecraft:sound_event	144	minecraft:block.basalt.place
minecraft:sound_event	145	minecraft:block.basalt.hit
minecraft:sound_event	146	minecraft:block.basalt.fall
minecraft:sound_event	147	minecraft:entity.bat.ambient
minecraft:sound_event	148	minecraft:entity.bat.death
minecraft:sound_event	149	minecraft:entity.bat.hurt
minecraft:sound_event	150	minecraft:entity.bat.loop
minecraft:sound_event	151	minecraft:entity.bat.takeoff
minecraft:sound_event	152	minecraft:block.beacon.activate
minecraft:sound_event	153	minecraft:block.beacon.ambient
minecraft:sound_event	154	minecraft:block.beacon.deactivate
minecraft:sound_event	155	minecraft:block.beacon.power_select
minecraft:sound_event	156	minecraft:entity.bee.death
minecraft:sound_event	157	minecraft:entity.bee.hurt
minecraft:sound_event	158	minecraft:entity.bee.loop_aggressive
minecraft:sound_event	159	minecraft:entity.bee.loop
minecraft:sound_event	160	minecraft:entity.bee.sting
minecraft:sound_event	161	minecraft:entity.bee.pollinate
minecraft:sound_event	162	minecraft:block.beehive.drip
minecraft:sound_event	163	minecraft:block.beehive.enter
minecraft:sound_event	164	minecraft:block.beehive.exit
minecraft:sound_event	165	minecraft:block.beehive.shear
minecraft:sound_event	166	minecraft:block.beehive.work
minecraft:sound_event	167	minecraft:block.bell.use
minecraft:sound_event	168	minecraft:block.bell.resonate
minecraft:sound_event	169	minecraft:block.big_dripleaf.break
minecraft:sound_event	170	minecraft:block.big_dripleaf.fall
minecraft:sound_event	171	minecraft:block.big_dripleaf.hit
minecraft:sound_event	172	minecraft:block.big_dripleaf.place
minecraft:sound_event	173	minecraft:block.big_dripleaf.step
minecraft:sound_event	174	minecraft:entity.blaze.ambient
minecraft:sound_event	175	minecraft:entity.blaze.burn
minecraft:sound_event	176	minecraft:entity.blaze.death
minecraft:sound_event	177	minecraft:entity.blaze.hurt
minecraft:sound_event	178	minecraft:entity.blaze.shoot
minecraft:sound_event	179	minecraft:entity.boat.paddle_land
minecraft:sound_event	180	minecraft:entity.boat.paddle_water
minecraft:sound_event	181	minecraft:entity.bogged.ambient
minecraft:sound_event	182	minecraft:entity.bogged.death
minecraft:sound_event	183	minecraft:entity.bogged.hurt
minecraft:sound_event	184	minecraft:entity.bogged.shear
minecraft:sound_event	185	minecraft:entity.bogged.step
minecraft:sound_event	186	minecraft:block.bone_block.break
minecraft:sound_event	187	minecraft:block.bone_block.fall
minecraft:sound_event	188	minecraft:block.bone_block.hit
minecraft:sound_event	189	minecraft:block.bone_block.place
minecraft:sound_event	190	minecraft:block.bone_block.step
minecraft:sound_event	191	minecraft:item.bone_meal.use
minecraft:sound_event	192	minecraft:item.book.page_turn
minecraft:sound_event	193	minecraft:item.book.put
minecraft:sound_event	194	minecraft:block.blastfurnace.fire_crackle
minecraft:sound_event	195	minecraft:item.bottle.empty
minecraft:sound_event	196	minecraft:item.bottle.fill
minecraft:sound_event	197	minecraft:item.bottle.fill_dragonbreath
minecraft:sound_event	198	minecraft:entity.breeze.charge
minecraft:sound_event	199	minecraft:entity.breeze.deflect
minecraft:sound_event	200	minecraft:entity.breeze.inhale
minecraft:sound_event	201	minecraft:entity.breeze.idle_ground
minecraft:sound_event	202	minecraft:entity.breeze.idle_air
minecraft:sound_event	203	minecraft:entity.breeze.shoot
minecraft:sound_event	204	minecraft:entity.breeze.jump
minecraft:sound_event	205	minecraft:entity.breeze.land
minecraft:sound_event	206	minecraft:entity.breeze.slide
minecraft:sound_event	207	minecraft:entity.breeze.death
minecraft:sound_event	208	minecraft:entity.breeze.hurt
minecraft:sound_event	209	minecraft:entity.breeze.whirl
minecraft:sound_event	210	minecraft:entity.breeze.wind_burst
minecraft:sound_event	211	minecraft:block.brewing_stand.brew
minecraft:sound_event	212	minecraft:item.brush.brushing.generic
minecraft:sound_event	213	minecraft:item.brush.brushing.sand
minecraft:sound_event	214	minecraft:item.brush.brushing.gravel
minecraft:sound_event	215	minecraft:item.brush.brushing.sand.complete
minecraft:sound_event	216	minecraft:item.brush.brushing.gravel.complete
minecraft:sound_event	217	minecraft:block.bubble_column.bubble_pop
minecraft:sound_event	218	minecraft:block.bubble_column.upwards_ambient
minecraft:sound_event	219	minecraft:block.bubble_column.upwards_inside
minecraft:sound_event	220	minecraft:block.bubble_column.whirlpool_ambient
minecraft:sound_event	221	minecraft:block.bubble_column.whirlpool_inside
minecraft:sound_event	222	minecraft:ui.hud.bubble_pop
minecraft:sound_event	223	minecraft:item.bucket.empty
minecraft:sound_event	224	minecraft:item.bucket.empty_axolotl
minecraft:sound_event	225	minecraft:item.bucket.empty_fish
minecraft:sound_event	226	minecraft:item.bucket.empty_lava
minecraft:sound_event	227	minecraft:item.bucket.empty_powder_snow
minecraft:sound_event	228	minecraft:item.bucket.empty_sulfur_cube
minecraft:sound_event	229	minecraft:item.bucket.empty_tadpole
minecraft:sound_event	230	minecraft:item.bucket.fill
minecraft:sound_event	231	minecraft:item.bucket.fill_axolotl
minecraft:sound_event	232	minecraft:item.bucket.fill_fish
minecraft:sound_event	233	minecraft:item.bucket.fill_lava
minecraft:sound_event	234	minecraft:item.bucket.fill_powder_snow
minecraft:sound_event	235	minecraft:item.bucket.fill_sulfur_cube
minecraft:sound_event	236	minecraft:item.bucket.fill_tadpole
minecraft:sound_event	237	minecraft:item.bundle.drop_contents
minecraft:sound_event	238	minecraft:item.bundle.insert
minecraft:sound_event	239	minecraft:item.bundle.insert_fail
minecraft:sound_event	240	minecraft:item.bundle.remove_one
minecraft:sound_event	241	minecraft:block.cactus_flower.break
minecraft:sound_event	242	minecraft:block.cactus_flower.place
minecraft:sound_event	243	minecraft:block.cake.add_candle
minecraft:sound_event	244	minecraft:block.calcite.break
minecraft:sound_event	245	minecraft:block.calcite.step
minecraft:sound_event	246	minecraft:block.calcite.place
minecraft:sound_event	247	minecraft:block.calcite.hit
minecraft:sound_event	248	minecraft:block.calcite.fall
minecraft:sound_event	249	minecraft:entity.camel_husk.ambient
minecraft:sound_event	250	minecraft:entity.camel_husk.dash
minecraft:sound_event	251	minecraft:entity.camel_husk.dash_ready
minecraft:sound_event	252	minecraft:entity.camel_husk.death
minecraft:sound_event	253	minecraft:entity.camel_husk.eat
minecraft:sound_event	254	minecraft:entity.camel_husk.hurt
minecraft:sound_event	255	minecraft:entity.camel_husk.saddle
minecraft:sound_event	256	minecraft:entity.camel_husk.sit
minecraft:sound_event	257	minecraft:entity.camel_husk.stand
minecraft:sound_event	258	minecraft:entity.camel_husk.step
minecraft:sound_event	259	minecraft:entity.camel_husk.step_sand
minecraft:sound_event	260	minecraft:entity.camel.ambient
minecraft:sound_event	261	minecraft:entity.camel.dash
minecraft:sound_event	262	minecraft:entity.camel.dash_ready
minecraft:sound_event	263	minecraft:entity.camel.death
minecraft:sound_event	264	minecraft:entity.camel.eat
minecraft:sound_event	265	minecraft:entity.camel.hurt
minecraft:sound_event	266	minecraft:entity.camel.saddle
minecraft:sound_event	267	minecraft:entity.camel.sit
minecraft:sound_event	268	minecraft:entity.camel.stand
minecraft:sound_event	269	minecraft:entity.camel.step
minecraft:sound_event	270	minecraft:entity.camel.step_sand
minecraft:sound_event	271	minecraft:block.campfire.crackle
minecraft:sound_event	272	minecraft:block.candle.ambient
minecraft:sound_event	273	minecraft:block.candle.break
minecraft:sound_event	274	minecraft:block.candle.extinguish
minecraft:sound_event	275	minecraft:block.candle.fall
minecraft:sound_event	276	minecraft:block.candle.hit
minecraft:sound_event	277	minecraft:block.candle.place
minecraft:sound_event	278	minecraft:block.candle.step
minecraft:sound_event	279	minecraft:entity.baby_cat.ambient
minecraft:sound_event	280	minecraft:entity.baby_cat.stray_ambient
minecraft:sound_event	281	minecraft:entity.baby_cat.death
minecraft:sound_event	282	minecraft:entity.baby_cat.eat
minecraft:sound_event	283	minecraft:entity.baby_cat.hiss
minecraft:sound_event	284	minecraft:entity.baby_cat.beg_for_food
minecraft:sound_event	285	minecraft:entity.baby_cat.hurt
minecraft:sound_event	286	minecraft:entity.baby_cat.purr
minecraft:sound_event	287	minecraft:entity.baby_cat.purreow
minecraft:sound_event	288	minecraft:entity.cat.ambient
minecraft:sound_event	289	minecraft:entity.cat.stray_ambient
minecraft:sound_event	290	minecraft:entity.cat.hiss
minecraft:sound_event	291	minecraft:entity.cat.hurt
minecraft:sound_event	292	minecraft:entity.cat.death
minecraft:sound_event	293	minecraft:entity.cat.eat
minecraft:sound_event	294	minecraft:entity.cat.beg_for_food
minecraft:sound_event	295	minecraft:entity.cat.purr
minecraft:sound_event	296	minecraft:entity.cat.purreow
minecraft:sound_event	297	minecraft:entity.cat_royal.ambient
minecraft:sound_event	298	minecraft:entity.cat_royal.stray_ambient
minecraft:sound_event	299	minecraft:entity.cat_royal.hiss
minecraft:sound_event	300	minecraft:entity.cat_royal.hurt
minecraft:sound_event	301	minecraft:entity.cat_royal.death
minecraft:sound_event	302	minecraft:entity.cat_royal.eat
minecraft:sound_event	303	minecraft:entity.cat_royal.beg_for_food
minecraft:sound_event	304	minecraft:entity.cat_royal.purr
minecraft:sound_event	305	minecraft:entity.cat_royal.purreow
minecraft:sound_event	306	minecraft:block.cave_vines.break
minecraft:sound_event	307	minecraft:block.cave_vines.fall
minecraft:sound_event	308	minecraft:block.cave_vines.hit
minecraft:sound_event	309	minecraft:block.cave_vines.place
minecraft:sound_event	310	minecraft:block.cave_vines.step
minecraft:sound_event	311	minecraft:block.cave_vines.pick_berries
minecraft:sound_event	312	minecraft:block.chain.break
minecraft:sound_event	313	minecraft:block.chain.fall
minecraft:sound_event	314	minecraft:block.chain.hit
minecraft:sound_event	315	minecraft:block.chain.place
minecraft:sound_event	316	minecraft:block.chain.step
minecraft:sound_event	317	minecraft:block.cherry_wood.break
minecraft:sound_event	318	minecraft:block.cherry_wood.fall
minecraft:sound_event	319	minecraft:block.cherry_wood.hit
minecraft:sound_event	320	minecraft:block.cherry_wood.place
minecraft:sound_event	321	minecraft:block.cherry_wood.step
minecraft:sound_event	322	minecraft:block.cherry_sapling.break
minecraft:sound_event	323	minecraft:block.cherry_sapling.fall
minecraft:sound_event	324	minecraft:block.cherry_sapling.hit
minecraft:sound_event	325	minecraft:block.cherry_sapling.place
minecraft:sound_event	326	minecraft:block.cherry_sapling.step
minecraft:sound_event	327	minecraft:block.cherry_leaves.break
minecraft:sound_event	328	minecraft:block.cherry_leaves.fall
minecraft:sound_event	329	minecraft:block.cherry_leaves.hit
minecraft:sound_event	330	minecraft:block.cherry_leaves.place
minecraft:sound_event	331	minecraft:block.cherry_leaves.step
minecraft:sound_event	332	minecraft:block.cherry_wood_hanging_sign.step
minecraft:sound_event	333	minecraft:block.cherry_wood_hanging_sign.break
minecraft:sound_event	334	minecraft:block.cherry_wood_hanging_sign.fall
minecraft:sound_event	335	minecraft:block.cherry_wood_hanging_sign.hit
minecraft:sound_event	336	minecraft:block.cherry_wood_hanging_sign.place
minecraft:sound_event	337	minecraft:block.cherry_wood_door.close
minecraft:sound_event	338	minecraft:block.cherry_wood_door.open
minecraft:sound_event	339	minecraft:block.cherry_wood_trapdoor.close
minecraft:sound_event	340	minecraft:block.cherry_wood_trapdoor.open
minecraft:sound_event	341	minecraft:block.cherry_wood_button.click_off
minecraft:sound_event	342	minecraft:block.cherry_wood_button.click_on
minecraft:sound_event	343	minecraft:block.cherry_wood_pressure_plate.click_off
minecraft:sound_event	344	minecraft:block.cherry_wood_pressure_plate.click_on
minecraft:sound_event	345	minecraft:block.cherry_wood_fence_gate.close
minecraft:sound_event	346	minecraft:block.cherry_wood_fence_gate.open
minecraft:sound_event	347	minecraft:block.chest.close
minecraft:sound_event	348	minecraft:block.chest.locked
minecraft:sound_event	349	minecraft:block.chest.open
minecraft:sound_event	350	minecraft:entity.baby_chicken.ambient
minecraft:sound_event	351	minecraft:entity.baby_chicken.death
minecraft:sound_event	352	minecraft:entity.chicken.egg
minecraft:sound_event	353	minecraft:entity.baby_chicken.hurt
minecraft:sound_event	354	minecraft:entity.chicken.step
minecraft:sound_event	355	minecraft:entity.baby_chicken.step
minecraft:sound_event	356	minecraft:entity.chicken.ambient
minecraft:sound_event	357	minecraft:entity.chicken.hurt
minecraft:sound_event	358	minecraft:entity.chicken.death
minecraft:sound_event	359	minecraft:entity.chicken_picky.ambient
minecraft:sound_event	360	minecraft:entity.chicken_picky.hurt
minecraft:sound_event	361	minecraft:entity.chicken_picky.death
minecraft:sound_event	362	minecraft:block.chiseled_bookshelf.break
minecraft:sound_event	363	minecraft:block.chiseled_bookshelf.fall
minecraft:sound_event	364	minecraft:block.chiseled_bookshelf.hit
minecraft:sound_event	365	minecraft:block.chiseled_bookshelf.insert
minecraft:sound_event	366	minecraft:block.chiseled_bookshelf.insert.enchanted
minecraft:sound_event	367	minecraft:block.chiseled_bookshelf.step
minecraft:sound_event	368	minecraft:block.chiseled_bookshelf.pickup
minecraft:sound_event	369	minecraft:block.chiseled_bookshelf.pickup.enchanted
minecraft:sound_event	370	minecraft:block.chiseled_bookshelf.place
minecraft:sound_event	371	minecraft:block.chorus_flower.death
minecraft:sound_event	372	minecraft:block.chorus_flower.grow
minecraft:sound_event	373	minecraft:item.chorus_fruit.teleport
minecraft:sound_event	374	minecraft:block.cobweb.break
minecraft:sound_event	375	minecraft:block.cobweb.step
minecraft:sound_event	376	minecraft:block.cobweb.place
minecraft:sound_event	377	minecraft:block.cobweb.hit
minecraft:sound_event	378	minecraft:block.cobweb.fall
minecraft:sound_event	379	minecraft:entity.cod.ambient
minecraft:sound_event	380	minecraft:entity.cod.death
minecraft:sound_event	381	minecraft:entity.cod.flop
minecraft:sound_event	382	minecraft:entity.cod.hurt
minecraft:sound_event	383	minecraft:block.comparator.click
minecraft:sound_event	384	minecraft:block.composter.empty
minecraft:sound_event	385	minecraft:block.composter.fill
minecraft:sound_event	386	minecraft:block.composter.fill_success
minecraft:sound_event	387	minecraft:block.composter.ready
minecraft:sound_event	388	minecraft:block.conduit.activate
minecraft:sound_event	389	minecraft:block.conduit.ambient
minecraft:sound_event	390	minecraft:block.conduit.ambient.short
minecraft:sound_event	391	minecraft:block.conduit.attack.target
minecraft:sound_event	392	minecraft:block.conduit.deactivate
minecraft:sound_event	393	minecraft:block.copper_bulb.break
minecraft:sound_event	394	minecraft:block.copper_bulb.step
minecraft:sound_event	395	minecraft:block.copper_bulb.place
minecraft:sound_event	396	minecraft:block.copper_bulb.hit
minecraft:sound_event	397	minecraft:block.copper_bulb.fall
minecraft:sound_event	398	minecraft:block.copper_bulb.turn_on
minecraft:sound_event	399	minecraft:block.copper_bulb.turn_off
minecraft:sound_event	400	minecraft:block.copper.break
minecraft:sound_event	401	minecraft:block.copper.step
minecraft:sound_event	402	minecraft:block.copper.place
minecraft:sound_event	403	minecraft:block.copper.hit
minecraft:sound_event	404	minecraft:block.copper.fall
minecraft:sound_event	405	minecraft:block.copper_chest.close
minecraft:sound_event	406	minecraft:block.copper_chest.open
minecraft:sound_event	407	minecraft:block.copper_chest_weathered.close
minecraft:sound_event	408	minecraft:block.copper_chest_weathered.open
minecraft:sound_event	409	minecraft:block.copper_chest_oxidized.close
minecraft:sound_event	410	minecraft:block.copper_chest_oxidized.open
minecraft:sound_event	411	minecraft:block.copper_door.close
minecraft:sound_event	412	minecraft:block.copper_door.open
minecraft:sound_event	413	minecraft:entity.copper_golem.step
minecraft:sound_event	414	minecraft:entity.copper_golem.hurt
minecraft:sound_event	415	minecraft:entity.copper_golem.death
minecraft:sound_event	416	minecraft:entity.copper_golem_weathered.step
minecraft:sound_event	417	minecraft:entity.copper_golem_weathered.hurt
minecraft:sound_event	418	minecraft:entity.copper_golem_weathered.death
minecraft:sound_event	419	minecraft:entity.copper_golem_oxidized.step
minecraft:sound_event	420	minecraft:entity.copper_golem_oxidized.hurt
minecraft:sound_event	421	minecraft:entity.copper_golem_oxidized.death
minecraft:sound_event	422	minecraft:entity.copper_golem.spin
minecraft:sound_event	423	minecraft:entity.copper_golem_weathered.spin
minecraft:sound_event	424	minecraft:entity.copper_golem_oxidized.spin
minecraft:sound_event	425	minecraft:entity.copper_golem.no_item_get
minecraft:sound_event	426	minecraft:entity.copper_golem.no_item_no_get
minecraft:sound_event	427	minecraft:entity.copper_golem.item_drop
minecraft:sound_event	428	minecraft:entity.copper_golem.item_no_drop
minecraft:sound_event	429	minecraft:entity.copper_golem_become_statue
minecraft:sound_event	430	minecraft:block.copper_golem_statue.break
minecraft:sound_event	431	minecraft:block.copper_golem_statue.place
minecraft:sound_event	432	minecraft:block.copper_golem_statue.hit
minecraft:sound_event	433	minecraft:block.copper_golem_statue.step
minecraft:sound_event	434	minecraft:block.copper_golem_statue.fall
minecraft:sound_event	435	minecraft:entity.copper_golem.spawn
minecraft:sound_event	436	minecraft:entity.copper_golem.shear
minecraft:sound_event	437	minecraft:block.copper_grate.break
minecraft:sound_event	438	minecraft:block.copper_grate.step
minecraft:sound_event	439	minecraft:block.copper_grate.place
minecraft:sound_event	440	minecraft:block.copper_grate.hit
minecraft:sound_event	441	minecraft:block.copper_grate.fall
minecraft:sound_event	442	minecraft:block.copper_trapdoor.close
minecraft:sound_event	443	minecraft:block.copper_trapdoor.open
minecraft:sound_event	444	minecraft:block.coral_block.break
minecraft:sound_event	445	minecraft:block.coral_block.fall
minecraft:sound_event	446	minecraft:block.coral_block.hit
minecraft:sound_event	447	minecraft:block.coral_block.place
minecraft:sound_event	448	minecraft:block.coral_block.step
minecraft:sound_event	449	minecraft:entity.cow.milk
minecraft:sound_event	450	minecraft:entity.cow.ambient
minecraft:sound_event	451	minecraft:entity.cow.hurt
minecraft:sound_event	452	minecraft:entity.cow.death
minecraft:sound_event	453	minecraft:entity.cow.step
minecraft:sound_event	454	minecraft:entity.cow_moody.ambient
minecraft:sound_event	455	minecraft:entity.cow_moody.hurt
minecraft:sound_event	456	minecraft:entity.cow_moody.death
minecraft:sound_event	457	minecraft:entity.cow_moody.step
minecraft:sound_event	458	minecraft:block.crafter.craft
minecraft:sound_event	459	minecraft:block.crafter.fail
minecraft:sound_event	460	minecraft:entity.creaking.ambient
minecraft:sound_event	461	minecraft:entity.creaking.activate
minecraft:sound_event	462	minecraft:entity.creaking.deactivate
minecraft:sound_event	463	minecraft:entity.creaking.attack
minecraft:sound_event	464	minecraft:entity.creaking.death
minecraft:sound_event	465	minecraft:entity.creaking.step
minecraft:sound_event	466	minecraft:entity.creaking.freeze
minecraft:sound_event	467	minecraft:entity.creaking.unfreeze
minecraft:sound_event	468	minecraft:entity.creaking.spawn
minecraft:sound_event	469	minecraft:entity.creaking.sway
minecraft:sound_event	470	minecraft:entity.creaking.twitch
minecraft:sound_event	471	minecraft:block.creaking_heart.break
minecraft:sound_event	472	minecraft:block.creaking_heart.fall
minecraft:sound_event	473	minecraft:block.creaking_heart.hit
minecraft:sound_event	474	minecraft:block.creaking_heart.hurt
minecraft:sound_event	475	minecraft:block.creaking_heart.place
minecraft:sound_event	476	minecraft:block.creaking_heart.step
minecraft:sound_event	477	minecraft:block.creaking_heart.idle
minecraft:sound_event	478	minecraft:block.creaking_heart.spawn
minecraft:sound_event	479	minecraft:entity.creeper.death
minecraft:sound_event	480	minecraft:entity.creeper.hurt
minecraft:sound_event	481	minecraft:entity.creeper.primed
minecraft:sound_event	482	minecraft:block.crop.break
minecraft:sound_event	483	minecraft:item.crop.plant
minecraft:sound_event	484	minecraft:item.crossbow.hit
minecraft:sound_event	485	minecraft:item.crossbow.loading_end
minecraft:sound_event	486	minecraft:item.crossbow.loading_middle
minecraft:sound_event	487	minecraft:item.crossbow.loading_start
minecraft:sound_event	488	minecraft:item.crossbow.quick_charge_1
minecraft:sound_event	489	minecraft:item.crossbow.quick_charge_2
minecraft:sound_event	490	minecraft:item.crossbow.quick_charge_3
minecraft:sound_event	491	minecraft:item.crossbow.shoot
minecraft:sound_event	492	minecraft:entity.cushion.break
minecraft:sound_event	493	minecraft:entity.cushion.place
minecraft:sound_event	494	minecraft:entity.cushion.sit
minecraft:sound_event	495	minecraft:entity.cushion.get_up
minecraft:sound_event	496	minecraft:block.deadbush.idle
minecraft:sound_event	497	minecraft:block.decorated_pot.break
minecraft:sound_event	498	minecraft:block.decorated_pot.fall
minecraft:sound_event	499	minecraft:block.decorated_pot.hit
minecraft:sound_event	500	minecraft:block.decorated_pot.insert
minecraft:sound_event	501	minecraft:block.decorated_pot.insert_fail
minecraft:sound_event	502	minecraft:block.decorated_pot.step
minecraft:sound_event	503	minecraft:block.decorated_pot.place
minecraft:sound_event	504	minecraft:block.decorated_pot.shatter
minecraft:sound_event	505	minecraft:block.deepslate_bricks.break
minecraft:sound_event	506	minecraft:block.deepslate_bricks.fall
minecraft:sound_event	507	minecraft:block.deepslate_bricks.hit
minecraft:sound_event	508	minecraft:block.deepslate_bricks.place
minecraft:sound_event	509	minecraft:block.deepslate_bricks.step
minecraft:sound_event	510	minecraft:block.deepslate.break
minecraft:sound_event	511	minecraft:block.deepslate.fall
minecraft:sound_event	512	minecraft:block.deepslate.hit
minecraft:sound_event	513	minecraft:block.deepslate.place
minecraft:sound_event	514	minecraft:block.deepslate.step
minecraft:sound_event	515	minecraft:block.deepslate_tiles.break
minecraft:sound_event	516	minecraft:block.deepslate_tiles.fall
minecraft:sound_event	517	minecraft:block.deepslate_tiles.hit
minecraft:sound_event	518	minecraft:block.deepslate_tiles.place
minecraft:sound_event	519	minecraft:block.deepslate_tiles.step
minecraft:sound_event	520	minecraft:block.dispenser.dispense
minecraft:sound_event	521	minecraft:block.dispenser.fail
minecraft:sound_event	522	minecraft:block.dispenser.launch
minecraft:sound_event	523	minecraft:entity.dolphin.ambient
minecraft:sound_event	524	minecraft:entity.dolphin.ambient_water
minecraft:sound_event	525	minecraft:entity.dolphin.attack
minecraft:sound_event	526	minecraft:entity.dolphin.death
minecraft:sound_event	527	minecraft:entity.dolphin.eat
minecraft:sound_event	528	minecraft:entity.dolphin.hurt
minecraft:sound_event	529	minecraft:entity.dolphin.jump
minecraft:sound_event	530	minecraft:entity.dolphin.play
minecraft:sound_event	531	minecraft:entity.dolphin.splash
minecraft:sound_event	532	minecraft:entity.dolphin.swim
minecraft:sound_event	533	minecraft:entity.donkey.ambient
minecraft:sound_event	534	minecraft:entity.donkey.angry
minecraft:sound_event	535	minecraft:entity.donkey.chest
minecraft:sound_event	536	minecraft:entity.donkey.death
minecraft:sound_event	537	minecraft:entity.donkey.eat
minecraft:sound_event	538	minecraft:entity.donkey.hurt
minecraft:sound_event	539	minecraft:entity.donkey.jump
minecraft:sound_event	540	minecraft:block.dried_ghast.break
minecraft:sound_event	541	minecraft:block.dried_ghast.step
minecraft:sound_event	542	minecraft:block.dried_ghast.fall
minecraft:sound_event	543	minecraft:block.dried_ghast.ambient
minecraft:sound_event	544	minecraft:block.dried_ghast.ambient_water
minecraft:sound_event	545	minecraft:block.dried_ghast.place
minecraft:sound_event	546	minecraft:block.dried_ghast.place_in_water
minecraft:sound_event	547	minecraft:block.dried_ghast.transition
minecraft:sound_event	548	minecraft:block.dripstone_block.break
minecraft:sound_event	549	minecraft:block.dripstone_block.step
minecraft:sound_event	550	minecraft:block.dripstone_block.place
minecraft:sound_event	551	minecraft:block.dripstone_block.hit
minecraft:sound_event	552	minecraft:block.dripstone_block.fall
minecraft:sound_event	553	minecraft:block.dry_grass.ambient
minecraft:sound_event	554	minecraft:block.pointed_dripstone.break
minecraft:sound_event	555	minecraft:block.pointed_dripstone.step
minecraft:sound_event	556	minecraft:block.pointed_dripstone.place
minecraft:sound_event	557	minecraft:block.pointed_dripstone.hit
minecraft:sound_event	558	minecraft:block.pointed_dripstone.fall
minecraft:sound_event	559	minecraft:block.pointed_dripstone.land
minecraft:sound_event	560	minecraft:block.pointed_dripstone.drip_lava
minecraft:sound_event	561	minecraft:block.pointed_dripstone.drip_water
minecraft:sound_event	562	minecraft:block.pointed_dripstone.drip_lava_into_cauldron
minecraft:sound_event	563	minecraft:block.pointed_dripstone.drip_water_into_cauldron
minecraft:sound_event	564	minecraft:block.big_dripleaf.tilt_down
minecraft:sound_event	565	minecraft:block.big_dripleaf.tilt_up
minecraft:sound_event	566	minecraft:entity.drowned.ambient
minecraft:sound_event	567	minecraft:entity.drowned.ambient_water
minecraft:sound_event	568	minecraft:entity.drowned.death
minecraft:sound_event	569	minecraft:entity.drowned.death_water
minecraft:sound_event	570	minecraft:entity.drowned.hurt
minecraft:sound_event	571	minecraft:entity.drowned.hurt_water
minecraft:sound_event	572	minecraft:entity.drowned.shoot
minecraft:sound_event	573	minecraft:entity.drowned.step
minecraft:sound_event	574	minecraft:entity.drowned.swim
minecraft:sound_event	575	minecraft:item.dye.use
minecraft:sound_event	576	minecraft:entity.egg.throw
minecraft:sound_event	577	minecraft:entity.elder_guardian.ambient
minecraft:sound_event	578	minecraft:entity.elder_guardian.ambient_land
minecraft:sound_event	579	minecraft:entity.elder_guardian.curse
minecraft:sound_event	580	minecraft:entity.elder_guardian.death
minecraft:sound_event	581	minecraft:entity.elder_guardian.death_land
minecraft:sound_event	582	minecraft:entity.elder_guardian.flop
minecraft:sound_event	583	minecraft:entity.elder_guardian.hurt
minecraft:sound_event	584	minecraft:entity.elder_guardian.hurt_land
minecraft:sound_event	585	minecraft:item.elytra.flying
minecraft:sound_event	586	minecraft:block.enchantment_table.use
minecraft:sound_event	587	minecraft:block.ender_chest.close
minecraft:sound_event	588	minecraft:block.ender_chest.open
minecraft:sound_event	589	minecraft:entity.ender_dragon.ambient
minecraft:sound_event	590	minecraft:entity.ender_dragon.death
minecraft:sound_event	591	minecraft:entity.dragon_fireball.explode
minecraft:sound_event	592	minecraft:entity.ender_dragon.flap
minecraft:sound_event	593	minecraft:entity.ender_dragon.growl
minecraft:sound_event	594	minecraft:entity.ender_dragon.hurt
minecraft:sound_event	595	minecraft:entity.ender_dragon.shoot
minecraft:sound_event	596	minecraft:entity.ender_eye.death
minecraft:sound_event	597	minecraft:entity.ender_eye.launch
minecraft:sound_event	598	minecraft:entity.enderman.ambient
minecraft:sound_event	599	minecraft:entity.enderman.death
minecraft:sound_event	600	minecraft:entity.enderman.hurt
minecraft:sound_event	601	minecraft:entity.enderman.scream
minecraft:sound_event	602	minecraft:entity.enderman.stare
minecraft:sound_event	603	minecraft:entity.enderman.teleport
minecraft:sound_event	604	minecraft:entity.endermite.ambient
minecraft:sound_event	605	minecraft:entity.endermite.death
minecraft:sound_event	606	minecraft:entity.endermite.hurt
minecraft:sound_event	607	minecraft:entity.endermite.step
minecraft:sound_event	608	minecraft:entity.ender_pearl.throw
minecraft:sound_event	609	minecraft:block.end_gateway.spawn
minecraft:sound_event	610	minecraft:block.end_portal_frame.fill
minecraft:sound_event	611	minecraft:block.end_portal.spawn
minecraft:sound_event	612	minecraft:entity.evoker.ambient
minecraft:sound_event	613	minecraft:entity.evoker.cast_spell
minecraft:sound_event	614	minecraft:entity.evoker.celebrate
minecraft:sound_event	615	minecraft:entity.evoker.death
minecraft:sound_event	616	minecraft:entity.evoker_fangs.attack
minecraft:sound_event	617	minecraft:entity.evoker.hurt
minecraft:sound_event	618	minecraft:entity.evoker.prepare_attack
minecraft:sound_event	619	minecraft:entity.evoker.prepare_summon
minecraft:sound_event	620	minecraft:entity.evoker.prepare_wololo
minecraft:sound_event	621	minecraft:entity.experience_bottle.throw
minecraft:sound_event	622	minecraft:entity.experience_orb.pickup
minecraft:sound_event	623	minecraft:block.eyeblossom.open_long
minecraft:sound_event	624	minecraft:block.eyeblossom.open
minecraft:sound_event	625	minecraft:block.eyeblossom.close_long
minecraft:sound_event	626	minecraft:block.eyeblossom.close
minecraft:sound_event	627	minecraft:block.eyeblossom.idle
minecraft:sound_event	628	minecraft:block.fence_gate.close
minecraft:sound_event	629	minecraft:block.fence_gate.open
minecraft:sound_event	630	minecraft:item.firecharge.use
minecraft:sound_event	631	minecraft:block.firefly_bush.idle
minecraft:sound_event	632	minecraft:entity.firework_rocket.blast
minecraft:sound_event	633	minecraft:entity.firework_rocket.blast_far
minecraft:sound_event	634	minecraft:entity.firework_rocket.large_blast
minecraft:sound_event	635	minecraft:entity.firework_rocket.large_blast_far
minecraft:sound_event	636	minecraft:entity.firework_rocket.launch
minecraft:sound_event	637	minecraft:entity.firework_rocket.shoot
minecraft:sound_event	638	minecraft:entity.firework_rocket.twinkle
minecraft:sound_event	639	minecraft:entity.firework_rocket.twinkle_far
minecraft:sound_event	640	minecraft:block.fire.ambient
minecraft:sound_event	641	minecraft:block.fire.extinguish
minecraft:sound_event	642	minecraft:entity.fish.swim
minecraft:sound_event	643	minecraft:entity.fishing_bobber.retrieve
minecraft:sound_event	644	minecraft:entity.fishing_bobber.splash
minecraft:sound_event	645	minecraft:entity.fishing_bobber.throw
minecraft:sound_event	646	minecraft:item.flintandsteel.use
minecraft:sound_event	647	minecraft:block.flowering_azalea.break
minecraft:sound_event	648	minecraft:block.flowering_azalea.fall
minecraft:sound_event	649	minecraft:block.flowering_azalea.hit
minecraft:sound_event	650	minecraft:block.flowering_azalea.place
minecraft:sound_event	651	minecraft:block.flowering_azalea.step
minecraft:sound_event	652	minecraft:entity.fox.aggro
minecraft:sound_event	653	minecraft:entity.fox.ambient
minecraft:sound_event	654	minecraft:entity.fox.bite
minecraft:sound_event	655	minecraft:entity.fox.death
minecraft:sound_event	656	minecraft:entity.fox.eat
minecraft:sound_event	657	minecraft:entity.fox.hurt
minecraft:sound_event	658	minecraft:entity.fox.screech
minecraft:sound_event	659	minecraft:entity.fox.sleep
minecraft:sound_event	660	minecraft:entity.fox.sniff
minecraft:sound_event	661	minecraft:entity.fox.spit
minecraft:sound_event	662	minecraft:entity.fox.teleport
minecraft:sound_event	663	minecraft:block.suspicious_sand.break
minecraft:sound_event	664	minecraft:block.suspicious_sand.step
minecraft:sound_event	665	minecraft:block.suspicious_sand.place
minecraft:sound_event	666	minecraft:block.suspicious_sand.hit
minecraft:sound_event	667	minecraft:block.suspicious_sand.fall
minecraft:sound_event	668	minecraft:block.suspicious_gravel.break
minecraft:sound_event	669	minecraft:block.suspicious_gravel.step
minecraft:sound_event	670	minecraft:block.suspicious_gravel.place
minecraft:sound_event	671	minecraft:block.suspicious_gravel.hit
minecraft:sound_event	672	minecraft:block.suspicious_gravel.fall
minecraft:sound_event	673	minecraft:block.froglight.break
minecraft:sound_event	674	minecraft:block.froglight.fall
minecraft:sound_event	675	minecraft:block.froglight.hit
minecraft:sound_event	676	minecraft:block.froglight.place
minecraft:sound_event	677	minecraft:block.froglight.step
minecraft:sound_event	678	minecraft:block.frogspawn.step
minecraft:sound_event	679	minecraft:block.frogspawn.break
minecraft:sound_event	680	minecraft:block.frogspawn.fall
minecraft:sound_event	681	minecraft:block.frogspawn.hatch
minecraft:sound_event	682	minecraft:block.frogspawn.hit
minecraft:sound_event	683	minecraft:block.frogspawn.place
minecraft:sound_event	684	minecraft:entity.frog.ambient
minecraft:sound_event	685	minecraft:entity.frog.death
minecraft:sound_event	686	minecraft:entity.frog.eat
minecraft:sound_event	687	minecraft:entity.frog.hurt
minecraft:sound_event	688	minecraft:entity.frog.lay_spawn
minecraft:sound_event	689	minecraft:entity.frog.long_jump
minecraft:sound_event	690	minecraft:entity.frog.step
minecraft:sound_event	691	minecraft:entity.frog.tongue
minecraft:sound_event	692	minecraft:block.roots.break
minecraft:sound_event	693	minecraft:block.roots.step
minecraft:sound_event	694	minecraft:block.roots.place
minecraft:sound_event	695	minecraft:block.roots.hit
minecraft:sound_event	696	minecraft:block.roots.fall
minecraft:sound_event	697	minecraft:block.furnace.fire_crackle
minecraft:sound_event	698	minecraft:entity.generic.big_fall
minecraft:sound_event	699	minecraft:entity.generic.burn
minecraft:sound_event	700	minecraft:entity.generic.death
minecraft:sound_event	701	minecraft:entity.generic.drink
minecraft:sound_event	702	minecraft:entity.generic.eat
minecraft:sound_event	703	minecraft:entity.generic.explode
minecraft:sound_event	704	minecraft:entity.generic.extinguish_fire
minecraft:sound_event	705	minecraft:entity.generic.hurt
minecraft:sound_event	706	minecraft:entity.generic.small_fall
minecraft:sound_event	707	minecraft:entity.generic.splash
minecraft:sound_event	708	minecraft:entity.generic.swim
minecraft:sound_event	709	minecraft:entity.ghast.ambient
minecraft:sound_event	710	minecraft:entity.ghast.death
minecraft:sound_event	711	minecraft:entity.ghast.hurt
minecraft:sound_event	712	minecraft:entity.ghast.scream
minecraft:sound_event	713	minecraft:entity.ghast.shoot
minecraft:sound_event	714	minecraft:entity.ghast.warn
minecraft:sound_event	715	minecraft:entity.ghastling.ambient
minecraft:sound_event	716	minecraft:entity.ghastling.death
minecraft:sound_event	717	minecraft:entity.ghastling.hurt
minecraft:sound_event	718	minecraft:entity.ghastling.spawn
minecraft:sound_event	719	minecraft:block.gilded_blackstone.break
minecraft:sound_event	720	minecraft:block.gilded_blackstone.fall
minecraft:sound_event	721	minecraft:block.gilded_blackstone.hit
minecraft:sound_event	722	minecraft:block.gilded_blackstone.place
minecraft:sound_event	723	minecraft:block.gilded_blackstone.step
minecraft:sound_event	724	minecraft:block.glass.break
minecraft:sound_event	725	minecraft:block.glass.fall
minecraft:sound_event	726	minecraft:block.glass.hit
minecraft:sound_event	727	minecraft:block.glass.place
minecraft:sound_event	728	minecraft:block.glass.step
minecraft:sound_event	729	minecraft:item.glow_ink_sac.use
minecraft:sound_event	730	minecraft:entity.glow_item_frame.add_item
minecraft:sound_event	731	minecraft:entity.glow_item_frame.break
minecraft:sound_event	732	minecraft:entity.glow_item_frame.place
minecraft:sound_event	733	minecraft:entity.glow_item_frame.remove_item
minecraft:sound_event	734	minecraft:entity.glow_item_frame.rotate_item
minecraft:sound_event	735	minecraft:entity.glow_squid.ambient
minecraft:sound_event	736	minecraft:entity.glow_squid.death
minecraft:sound_event	737	minecraft:entity.glow_squid.hurt
minecraft:sound_event	738	minecraft:entity.glow_squid.squirt
minecraft:sound_event	739	minecraft:entity.goat.ambient
minecraft:sound_event	740	minecraft:entity.goat.death
minecraft:sound_event	741	minecraft:entity.goat.eat
minecraft:sound_event	742	minecraft:entity.goat.hurt
minecraft:sound_event	743	minecraft:entity.goat.long_jump
minecraft:sound_event	744	minecraft:entity.goat.milk
minecraft:sound_event	745	minecraft:entity.goat.prepare_ram
minecraft:sound_event	746	minecraft:entity.goat.ram_impact
minecraft:sound_event	747	minecraft:entity.goat.horn_break
minecraft:sound_event	748	minecraft:entity.goat.screaming.ambient
minecraft:sound_event	749	minecraft:entity.goat.screaming.death
minecraft:sound_event	750	minecraft:entity.goat.screaming.eat
minecraft:sound_event	751	minecraft:entity.goat.screaming.hurt
minecraft:sound_event	752	minecraft:entity.goat.screaming.long_jump
minecraft:sound_event	753	minecraft:entity.goat.screaming.milk
minecraft:sound_event	754	minecraft:entity.goat.screaming.prepare_ram
minecraft:sound_event	755	minecraft:entity.goat.screaming.ram_impact
minecraft:sound_event	756	minecraft:entity.goat.step
minecraft:sound_event	757	minecraft:item.golden_dandelion.use
minecraft:sound_event	758	minecraft:item.golden_dandelion.unuse
minecraft:sound_event	759	minecraft:block.grass.break
minecraft:sound_event	760	minecraft:block.grass.fall
minecraft:sound_event	761	minecraft:block.grass.hit
minecraft:sound_event	762	minecraft:block.grass.place
minecraft:sound_event	763	minecraft:block.grass.step
minecraft:sound_event	764	minecraft:block.gravel.break
minecraft:sound_event	765	minecraft:block.gravel.fall
minecraft:sound_event	766	minecraft:block.gravel.hit
minecraft:sound_event	767	minecraft:block.gravel.place
minecraft:sound_event	768	minecraft:block.gravel.step
minecraft:sound_event	769	minecraft:block.grindstone.use
minecraft:sound_event	770	minecraft:block.growing_plant.crop
minecraft:sound_event	771	minecraft:entity.guardian.ambient
minecraft:sound_event	772	minecraft:entity.guardian.ambient_land
minecraft:sound_event	773	minecraft:entity.guardian.attack
minecraft:sound_event	774	minecraft:entity.guardian.death
minecraft:sound_event	775	minecraft:entity.guardian.death_land
minecraft:sound_event	776	minecraft:entity.guardian.flop
minecraft:sound_event	777	minecraft:entity.guardian.hurt
minecraft:sound_event	778	minecraft:entity.guardian.hurt_land
minecraft:sound_event	779	minecraft:block.hanging_roots.break
minecraft:sound_event	780	minecraft:block.hanging_roots.fall
minecraft:sound_event	781	minecraft:block.hanging_roots.hit
minecraft:sound_event	782	minecraft:block.hanging_roots.place
minecraft:sound_event	783	minecraft:block.hanging_roots.step
minecraft:sound_event	784	minecraft:block.hanging_sign.step
minecraft:sound_event	785	minecraft:block.hanging_sign.break
minecraft:sound_event	786	minecraft:block.hanging_sign.fall
minecraft:sound_event	787	minecraft:block.hanging_sign.hit
minecraft:sound_event	788	minecraft:block.hanging_sign.place
minecraft:sound_event	789	minecraft:entity.happy_ghast.ambient
minecraft:sound_event	790	minecraft:entity.happy_ghast.death
minecraft:sound_event	791	minecraft:entity.happy_ghast.hurt
minecraft:sound_event	792	minecraft:entity.happy_ghast.riding
minecraft:sound_event	793	minecraft:block.heavy_core.break
minecraft:sound_event	794	minecraft:block.heavy_core.fall
minecraft:sound_event	795	minecraft:block.heavy_core.hit
minecraft:sound_event	796	minecraft:block.heavy_core.place
minecraft:sound_event	797	minecraft:block.heavy_core.step
minecraft:sound_event	798	minecraft:block.nether_wood_hanging_sign.step
minecraft:sound_event	799	minecraft:block.nether_wood_hanging_sign.break
minecraft:sound_event	800	minecraft:block.nether_wood_hanging_sign.fall
minecraft:sound_event	801	minecraft:block.nether_wood_hanging_sign.hit
minecraft:sound_event	802	minecraft:block.nether_wood_hanging_sign.place
minecraft:sound_event	803	minecraft:block.bamboo_wood_hanging_sign.step
minecraft:sound_event	804	minecraft:block.bamboo_wood_hanging_sign.break
minecraft:sound_event	805	minecraft:block.bamboo_wood_hanging_sign.fall
minecraft:sound_event	806	minecraft:block.bamboo_wood_hanging_sign.hit
minecraft:sound_event	807	minecraft:block.bamboo_wood_hanging_sign.place
minecraft:sound_event	808	minecraft:block.trial_spawner.break
minecraft:sound_event	809	minecraft:block.trial_spawner.step
minecraft:sound_event	810	minecraft:block.trial_spawner.place
minecraft:sound_event	811	minecraft:block.trial_spawner.hit
minecraft:sound_event	812	minecraft:block.trial_spawner.fall
minecraft:sound_event	813	minecraft:block.trial_spawner.spawn_mob
minecraft:sound_event	814	minecraft:block.trial_spawner.about_to_spawn_item
minecraft:sound_event	815	minecraft:block.trial_spawner.spawn_item
minecraft:sound_event	816	minecraft:block.trial_spawner.spawn_item_begin
minecraft:sound_event	817	minecraft:block.trial_spawner.detect_player
minecraft:sound_event	818	minecraft:block.trial_spawner.ominous_activate
minecraft:sound_event	819	minecraft:block.trial_spawner.ambient
minecraft:sound_event	820	minecraft:block.trial_spawner.ambient_ominous
minecraft:sound_event	821	minecraft:block.trial_spawner.open_shutter
minecraft:sound_event	822	minecraft:block.trial_spawner.close_shutter
minecraft:sound_event	823	minecraft:block.trial_spawner.eject_item
minecraft:sound_event	824	minecraft:entity.happy_ghast.equip
minecraft:sound_event	825	minecraft:entity.happy_ghast.unequip
minecraft:sound_event	826	minecraft:entity.happy_ghast.harness_goggles_up
minecraft:sound_event	827	minecraft:entity.happy_ghast.harness_goggles_down
minecraft:sound_event	828	minecraft:item.hoe.till
minecraft:sound_event	829	minecraft:entity.hoglin.ambient
minecraft:sound_event	830	minecraft:entity.hoglin.angry
minecraft:sound_event	831	minecraft:entity.hoglin.attack
minecraft:sound_event	832	minecraft:entity.hoglin.converted_to_zombified
minecraft:sound_event	833	minecraft:entity.hoglin.death
minecraft:sound_event	834	minecraft:entity.hoglin.hurt
minecraft:sound_event	835	minecraft:entity.hoglin.retreat
minecraft:sound_event	836	minecraft:entity.hoglin.step
minecraft:sound_event	837	minecraft:block.honey_block.break
minecraft:sound_event	838	minecraft:block.honey_block.fall
minecraft:sound_event	839	minecraft:block.honey_block.hit
minecraft:sound_event	840	minecraft:block.honey_block.place
minecraft:sound_event	841	minecraft:block.honey_block.slide
minecraft:sound_event	842	minecraft:block.honey_block.step
minecraft:sound_event	843	minecraft:item.honeycomb.wax_on
minecraft:sound_event	844	minecraft:item.honey_bottle.drink
minecraft:sound_event	845	minecraft:item.goat_horn.sound.0
minecraft:sound_event	846	minecraft:item.goat_horn.sound.1
minecraft:sound_event	847	minecraft:item.goat_horn.sound.2
minecraft:sound_event	848	minecraft:item.goat_horn.sound.3
minecraft:sound_event	849	minecraft:item.goat_horn.sound.4
minecraft:sound_event	850	minecraft:item.goat_horn.sound.5
minecraft:sound_event	851	minecraft:item.goat_horn.sound.6
minecraft:sound_event	852	minecraft:item.goat_horn.sound.7
minecraft:sound_event	853	minecraft:entity.horse.ambient
minecraft:sound_event	854	minecraft:entity.baby_horse.ambient
minecraft:sound_event	855	minecraft:entity.horse.angry
minecraft:sound_event	856	minecraft:entity.baby_horse.angry
minecraft:sound_event	857	minecraft:entity.horse.armor
minecraft:sound_event	858	minecraft:item.horse_armor.unequip
minecraft:sound_event	859	minecraft:entity.horse.breathe
minecraft:sound_event	860	minecraft:entity.baby_horse.breathe
minecraft:sound_event	861	minecraft:entity.horse.death
minecraft:sound_event	862	minecraft:entity.baby_horse.death
minecraft:sound_event	863	minecraft:entity.horse.eat
minecraft:sound_event	864	minecraft:entity.baby_horse.eat
minecraft:sound_event	865	minecraft:entity.horse.gallop
minecraft:sound_event	866	minecraft:entity.horse.hurt
minecraft:sound_event	867	minecraft:entity.baby_horse.hurt
minecraft:sound_event	868	minecraft:entity.horse.jump
minecraft:sound_event	869	minecraft:entity.horse.land
minecraft:sound_event	870	minecraft:entity.baby_horse.land
minecraft:sound_event	871	minecraft:entity.horse.saddle
minecraft:sound_event	872	minecraft:entity.horse.step
minecraft:sound_event	873	minecraft:entity.baby_horse.step
minecraft:sound_event	874	minecraft:entity.horse.step_wood
minecraft:sound_event	875	minecraft:entity.hostile.big_fall
minecraft:sound_event	876	minecraft:entity.hostile.death
minecraft:sound_event	877	minecraft:entity.hostile.hurt
minecraft:sound_event	878	minecraft:entity.hostile.small_fall
minecraft:sound_event	879	minecraft:entity.hostile.splash
minecraft:sound_event	880	minecraft:entity.hostile.swim
minecraft:sound_event	881	minecraft:entity.husk.ambient
minecraft:sound_event	882	minecraft:entity.husk.converted_to_zombie
minecraft:sound_event	883	minecraft:entity.husk.death
minecraft:sound_event	884	minecraft:entity.husk.hurt
minecraft:sound_event	885	minecraft:entity.husk.step
minecraft:sound_event	886	minecraft:entity.illusioner.ambient
minecraft:sound_event	887	minecraft:entity.illusioner.cast_spell
minecraft:sound_event	888	minecraft:entity.illusioner.death
minecraft:sound_event	889	minecraft:entity.illusioner.hurt
minecraft:sound_event	890	minecraft:entity.illusioner.mirror_move
minecraft:sound_event	891	minecraft:entity.illusioner.prepare_blindness
minecraft:sound_event	892	minecraft:entity.illusioner.prepare_mirror
minecraft:sound_event	893	minecraft:item.ink_sac.use
minecraft:sound_event	894	minecraft:block.iron.break
minecraft:sound_event	895	minecraft:block.iron.step
minecraft:sound_event	896	minecraft:block.iron.place
minecraft:sound_event	897	minecraft:block.iron.hit
minecraft:sound_event	898	minecraft:block.iron.fall
minecraft:sound_event	899	minecraft:block.iron_door.close
minecraft:sound_event	900	minecraft:block.iron_door.open
minecraft:sound_event	901	minecraft:entity.iron_golem.attack
minecraft:sound_event	902	minecraft:entity.iron_golem.damage
minecraft:sound_event	903	minecraft:entity.iron_golem.death
minecraft:sound_event	904	minecraft:entity.iron_golem.hurt
minecraft:sound_event	905	minecraft:entity.iron_golem.repair
minecraft:sound_event	906	minecraft:entity.iron_golem.step
minecraft:sound_event	907	minecraft:block.iron_trapdoor.close
minecraft:sound_event	908	minecraft:block.iron_trapdoor.open
minecraft:sound_event	909	minecraft:entity.item_frame.add_item
minecraft:sound_event	910	minecraft:entity.item_frame.break
minecraft:sound_event	911	minecraft:entity.item_frame.place
minecraft:sound_event	912	minecraft:entity.item_frame.remove_item
minecraft:sound_event	913	minecraft:entity.item_frame.rotate_item
minecraft:sound_event	914	minecraft:entity.item.break
minecraft:sound_event	915	minecraft:entity.item.pickup
minecraft:sound_event	916	minecraft:block.ladder.break
minecraft:sound_event	917	minecraft:block.ladder.fall
minecraft:sound_event	918	minecraft:block.ladder.hit
minecraft:sound_event	919	minecraft:block.ladder.place
minecraft:sound_event	920	minecraft:block.ladder.step
minecraft:sound_event	921	minecraft:block.lantern.break
minecraft:sound_event	922	minecraft:block.lantern.fall
minecraft:sound_event	923	minecraft:block.lantern.hit
minecraft:sound_event	924	minecraft:block.lantern.place
minecraft:sound_event	925	minecraft:block.lantern.step
minecraft:sound_event	926	minecraft:block.large_amethyst_bud.break
minecraft:sound_event	927	minecraft:block.large_amethyst_bud.place
minecraft:sound_event	928	minecraft:block.lava.ambient
minecraft:sound_event	929	minecraft:block.lava.extinguish
minecraft:sound_event	930	minecraft:block.lava.pop
minecraft:sound_event	931	minecraft:block.leaf_litter.break
minecraft:sound_event	932	minecraft:block.leaf_litter.step
minecraft:sound_event	933	minecraft:block.leaf_litter.place
minecraft:sound_event	934	minecraft:block.leaf_litter.hit
minecraft:sound_event	935	minecraft:block.leaf_litter.fall
minecraft:sound_event	936	minecraft:item.lead.untied
minecraft:sound_event	937	minecraft:item.lead.tied
minecraft:sound_event	938	minecraft:item.lead.break
minecraft:sound_event	939	minecraft:block.lever.click
minecraft:sound_event	940	minecraft:entity.lightning_bolt.impact
minecraft:sound_event	941	minecraft:entity.lightning_bolt.thunder
minecraft:sound_event	942	minecraft:entity.lingering_potion.throw
minecraft:sound_event	943	minecraft:entity.llama.ambient
minecraft:sound_event	944	minecraft:entity.llama.angry
minecraft:sound_event	945	minecraft:entity.llama.chest
minecraft:sound_event	946	minecraft:entity.llama.death
minecraft:sound_event	947	minecraft:entity.llama.eat
minecraft:sound_event	948	minecraft:entity.llama.hurt
minecraft:sound_event	949	minecraft:entity.llama.spit
minecraft:sound_event	950	minecraft:entity.llama.step
minecraft:sound_event	951	minecraft:entity.llama.swag
minecraft:sound_event	952	minecraft:item.llama_carpet.unequip
minecraft:sound_event	953	minecraft:entity.magma_cube.death_small
minecraft:sound_event	954	minecraft:block.lodestone.break
minecraft:sound_event	955	minecraft:block.lodestone.step
minecraft:sound_event	956	minecraft:block.lodestone.place
minecraft:sound_event	957	minecraft:block.lodestone.hit
minecraft:sound_event	958	minecraft:block.lodestone.fall
minecraft:sound_event	959	minecraft:item.lodestone_compass.lock
minecraft:sound_event	960	minecraft:item.spear.lunge_1
minecraft:sound_event	961	minecraft:item.spear.lunge_2
minecraft:sound_event	962	minecraft:item.spear.lunge_3
minecraft:sound_event	963	minecraft:item.mace.smash_air
minecraft:sound_event	964	minecraft:item.mace.smash_ground
minecraft:sound_event	965	minecraft:item.mace.smash_ground_heavy
minecraft:sound_event	966	minecraft:entity.magma_cube.death
minecraft:sound_event	967	minecraft:entity.magma_cube.hurt
minecraft:sound_event	968	minecraft:entity.magma_cube.hurt_small
minecraft:sound_event	969	minecraft:entity.magma_cube.jump
minecraft:sound_event	970	minecraft:entity.magma_cube.squish
minecraft:sound_event	971	minecraft:entity.magma_cube.squish_small
minecraft:sound_event	972	minecraft:block.mangrove_roots.break
minecraft:sound_event	973	minecraft:block.mangrove_roots.fall
minecraft:sound_event	974	minecraft:block.mangrove_roots.hit
minecraft:sound_event	975	minecraft:block.mangrove_roots.place
minecraft:sound_event	976	minecraft:block.mangrove_roots.step
minecraft:sound_event	977	minecraft:block.medium_amethyst_bud.break
minecraft:sound_event	978	minecraft:block.medium_amethyst_bud.place
minecraft:sound_event	979	minecraft:block.metal.break
minecraft:sound_event	980	minecraft:block.metal.fall
minecraft:sound_event	981	minecraft:block.metal.hit
minecraft:sound_event	982	minecraft:block.metal.place
minecraft:sound_event	983	minecraft:block.metal_pressure_plate.click_off
minecraft:sound_event	984	minecraft:block.metal_pressure_plate.click_on
minecraft:sound_event	985	minecraft:block.metal.step
minecraft:sound_event	986	minecraft:entity.minecart.inside.underwater
minecraft:sound_event	987	minecraft:entity.minecart.inside
minecraft:sound_event	988	minecraft:entity.minecart.riding
minecraft:sound_event	989	minecraft:entity.mooshroom.convert
minecraft:sound_event	990	minecraft:entity.mooshroom.eat
minecraft:sound_event	991	minecraft:entity.mooshroom.milk
minecraft:sound_event	992	minecraft:entity.mooshroom.suspicious_milk
minecraft:sound_event	993	minecraft:entity.mooshroom.shear
minecraft:sound_event	994	minecraft:block.moss_carpet.break
minecraft:sound_event	995	minecraft:block.moss_carpet.fall
minecraft:sound_event	996	minecraft:block.moss_carpet.hit
minecraft:sound_event	997	minecraft:block.moss_carpet.place
minecraft:sound_event	998	minecraft:block.moss_carpet.step
minecraft:sound_event	999	minecraft:block.pink_petals.break
minecraft:sound_event	1000	minecraft:block.pink_petals.fall
minecraft:sound_event	1001	minecraft:block.pink_petals.hit
minecraft:sound_event	1002	minecraft:block.pink_petals.place
minecraft:sound_event	1003	minecraft:block.pink_petals.step
minecraft:sound_event	1004	minecraft:block.moss.break
minecraft:sound_event	1005	minecraft:block.moss.fall
minecraft:sound_event	1006	minecraft:block.moss.hit
minecraft:sound_event	1007	minecraft:block.moss.place
minecraft:sound_event	1008	minecraft:block.moss.step
minecraft:sound_event	1009	minecraft:block.mud.break
minecraft:sound_event	1010	minecraft:block.mud.fall
minecraft:sound_event	1011	minecraft:block.mud.hit
minecraft:sound_event	1012	minecraft:block.mud.place
minecraft:sound_event	1013	minecraft:block.mud.step
minecraft:sound_event	1014	minecraft:block.mud_bricks.break
minecraft:sound_event	1015	minecraft:block.mud_bricks.fall
minecraft:sound_event	1016	minecraft:block.mud_bricks.hit
minecraft:sound_event	1017	minecraft:block.mud_bricks.place
minecraft:sound_event	1018	minecraft:block.mud_bricks.step
minecraft:sound_event	1019	minecraft:block.muddy_mangrove_roots.break
minecraft:sound_event	1020	minecraft:block.muddy_mangrove_roots.fall
minecraft:sound_event	1021	minecraft:block.muddy_mangrove_roots.hit
minecraft:sound_event	1022	minecraft:block.muddy_mangrove_roots.place
minecraft:sound_event	1023	minecraft:block.muddy_mangrove_roots.step
minecraft:sound_event	1024	minecraft:entity.mule.ambient
minecraft:sound_event	1025	minecraft:entity.mule.angry
minecraft:sound_event	1026	minecraft:entity.mule.chest
minecraft:sound_event	1027	minecraft:entity.mule.death
minecraft:sound_event	1028	minecraft:entity.mule.eat
minecraft:sound_event	1029	minecraft:entity.mule.hurt
minecraft:sound_event	1030	minecraft:entity.mule.jump
minecraft:sound_event	1031	minecraft:music.creative
minecraft:sound_event	1032	minecraft:music.credits
minecraft:sound_event	1033	minecraft:music_disc.5
minecraft:sound_event	1034	minecraft:music_disc.11
minecraft:sound_event	1035	minecraft:music_disc.13
minecraft:sound_event	1036	minecraft:music_disc.blocks
minecraft:sound_event	1037	minecraft:music_disc.bounce
minecraft:sound_event	1038	minecraft:music_disc.cat
minecraft:sound_event	1039	minecraft:music_disc.chirp
minecraft:sound_event	1040	minecraft:music_disc.far
minecraft:sound_event	1041	minecraft:music_disc.lava_chicken
minecraft:sound_event	1042	minecraft:music_disc.mall
minecraft:sound_event	1043	minecraft:music_disc.mellohi
minecraft:sound_event	1044	minecraft:music_disc.pigstep
minecraft:sound_event	1045	minecraft:music_disc.stal
minecraft:sound_event	1046	minecraft:music_disc.strad
minecraft:sound_event	1047	minecraft:music_disc.wait
minecraft:sound_event	1048	minecraft:music_disc.ward
minecraft:sound_event	1049	minecraft:music_disc.otherside
minecraft:sound_event	1050	minecraft:music_disc.relic
minecraft:sound_event	1051	minecraft:music_disc.creator
minecraft:sound_event	1052	minecraft:music_disc.creator_music_box
minecraft:sound_event	1053	minecraft:music_disc.precipice
minecraft:sound_event	1054	minecraft:music_disc.tears
minecraft:sound_event	1055	minecraft:music.dragon
minecraft:sound_event	1056	minecraft:music.end
minecraft:sound_event	1057	minecraft:music.game
minecraft:sound_event	1058	minecraft:music.menu
minecraft:sound_event	1059	minecraft:music.nether.basalt_deltas
minecraft:sound_event	1060	minecraft:music.nether.crimson_forest
minecraft:sound_event	1061	minecraft:music.overworld.deep_dark
minecraft:sound_event	1062	minecraft:music.overworld.dripstone_caves
minecraft:sound_event	1063	minecraft:music.overworld.grove
minecraft:sound_event	1064	minecraft:music.overworld.jagged_peaks
minecraft:sound_event	1065	minecraft:music.overworld.lush_caves
minecraft:sound_event	1066	minecraft:music.overworld.swamp
minecraft:sound_event	1067	minecraft:music.overworld.forest
minecraft:sound_event	1068	minecraft:music.overworld.old_growth_taiga
minecraft:sound_event	1069	minecraft:music.overworld.meadow
minecraft:sound_event	1070	minecraft:music.overworld.cherry_grove
minecraft:sound_event	1071	minecraft:music.nether.nether_wastes
minecraft:sound_event	1072	minecraft:music.overworld.frozen_peaks
minecraft:sound_event	1073	minecraft:music.overworld.snowy_slopes
minecraft:sound_event	1074	minecraft:music.nether.soul_sand_valley
minecraft:sound_event	1075	minecraft:music.overworld.stony_peaks
minecraft:sound_event	1076	minecraft:music.nether.warped_forest
minecraft:sound_event	1077	minecraft:music.overworld.flower_forest
minecraft:sound_event	1078	minecraft:music.overworld.desert
minecraft:sound_event	1079	minecraft:music.overworld.badlands
minecraft:sound_event	1080	minecraft:music.overworld.jungle
minecraft:sound_event	1081	minecraft:music.overworld.sparse_jungle
minecraft:sound_event	1082	minecraft:music.overworld.bamboo_jungle
minecraft:sound_event	1083	minecraft:music.overworld.sulfur_caves
minecraft:sound_event	1084	minecraft:music.under_water
minecraft:sound_event	1085	minecraft:entity.nautilus.ambient
minecraft:sound_event	1086	minecraft:entity.nautilus.ambient_land
minecraft:sound_event	1087	minecraft:entity.nautilus.dash
minecraft:sound_event	1088	minecraft:entity.nautilus.dash_land
minecraft:sound_event	1089	minecraft:entity.nautilus.dash_ready
minecraft:sound_event	1090	minecraft:entity.nautilus.dash_ready_land
minecraft:sound_event	1091	minecraft:entity.nautilus.death
minecraft:sound_event	1092	minecraft:entity.nautilus.death_land
minecraft:sound_event	1093	minecraft:entity.nautilus.eat
minecraft:sound_event	1094	minecraft:entity.nautilus.hurt
minecraft:sound_event	1095	minecraft:entity.nautilus.hurt_land
minecraft:sound_event	1096	minecraft:entity.nautilus.swim
minecraft:sound_event	1097	minecraft:block.nether_bricks.break
minecraft:sound_event	1098	minecraft:block.nether_bricks.step
minecraft:sound_event	1099	minecraft:block.nether_bricks.place
minecraft:sound_event	1100	minecraft:block.nether_bricks.hit
minecraft:sound_event	1101	minecraft:block.nether_bricks.fall
minecraft:sound_event	1102	minecraft:block.nether_wart.break
minecraft:sound_event	1103	minecraft:item.nether_wart.plant
minecraft:sound_event	1104	minecraft:block.nether_wood.break
minecraft:sound_event	1105	minecraft:block.nether_wood.fall
minecraft:sound_event	1106	minecraft:block.nether_wood.hit
minecraft:sound_event	1107	minecraft:block.nether_wood.place
minecraft:sound_event	1108	minecraft:block.nether_wood.step
minecraft:sound_event	1109	minecraft:block.nether_wood_door.close
minecraft:sound_event	1110	minecraft:block.nether_wood_door.open
minecraft:sound_event	1111	minecraft:block.nether_wood_trapdoor.close
minecraft:sound_event	1112	minecraft:block.nether_wood_trapdoor.open
minecraft:sound_event	1113	minecraft:block.nether_wood_button.click_off
minecraft:sound_event	1114	minecraft:block.nether_wood_button.click_on
minecraft:sound_event	1115	minecraft:block.nether_wood_pressure_plate.click_off
minecraft:sound_event	1116	minecraft:block.nether_wood_pressure_plate.click_on
minecraft:sound_event	1117	minecraft:block.nether_wood_fence_gate.close
minecraft:sound_event	1118	minecraft:block.nether_wood_fence_gate.open
minecraft:sound_event	1119	minecraft:intentionally_empty
minecraft:sound_event	1120	minecraft:block.packed_mud.break
minecraft:sound_event	1121	minecraft:block.packed_mud.fall
minecraft:sound_event	1122	minecraft:block.packed_mud.hit
minecraft:sound_event	1123	minecraft:block.packed_mud.place
minecraft:sound_event	1124	minecraft:block.packed_mud.step
minecraft:sound_event	1125	minecraft:block.stem.break
minecraft:sound_event	1126	minecraft:block.stem.step
minecraft:sound_event	1127	minecraft:block.stem.place
minecraft:sound_event	1128	minecraft:block.stem.hit
minecraft:sound_event	1129	minecraft:block.stem.fall
minecraft:sound_event	1130	minecraft:block.nylium.break
minecraft:sound_event	1131	minecraft:block.nylium.step
minecraft:sound_event	1132	minecraft:block.nylium.place
minecraft:sound_event	1133	minecraft:block.nylium.hit
minecraft:sound_event	1134	minecraft:block.nylium.fall
minecraft:sound_event	1135	minecraft:block.nether_sprouts.break
minecraft:sound_event	1136	minecraft:block.nether_sprouts.step
minecraft:sound_event	1137	minecraft:block.nether_sprouts.place
minecraft:sound_event	1138	minecraft:block.nether_sprouts.hit
minecraft:sound_event	1139	minecraft:block.nether_sprouts.fall
minecraft:sound_event	1140	minecraft:block.fungus.break
minecraft:sound_event	1141	minecraft:block.fungus.step
minecraft:sound_event	1142	minecraft:block.fungus.place
minecraft:sound_event	1143	minecraft:block.fungus.hit
minecraft:sound_event	1144	minecraft:block.fungus.fall
minecraft:sound_event	1145	minecraft:block.weeping_vines.break
minecraft:sound_event	1146	minecraft:block.weeping_vines.step
minecraft:sound_event	1147	minecraft:block.weeping_vines.place
minecraft:sound_event	1148	minecraft:block.weeping_vines.hit
minecraft:sound_event	1149	minecraft:block.weeping_vines.fall
minecraft:sound_event	1150	minecraft:block.wart_block.break
minecraft:sound_event	1151	minecraft:block.wart_block.step
minecraft:sound_event	1152	minecraft:block.wart_block.place
minecraft:sound_event	1153	minecraft:block.wart_block.hit
minecraft:sound_event	1154	minecraft:block.wart_block.fall
minecraft:sound_event	1155	minecraft:block.netherite_block.break
minecraft:sound_event	1156	minecraft:block.netherite_block.step
minecraft:sound_event	1157	minecraft:block.netherite_block.place
minecraft:sound_event	1158	minecraft:block.netherite_block.hit
minecraft:sound_event	1159	minecraft:block.netherite_block.fall
minecraft:sound_event	1160	minecraft:block.netherrack.break
minecraft:sound_event	1161	minecraft:block.netherrack.step
minecraft:sound_event	1162	minecraft:block.netherrack.place
minecraft:sound_event	1163	minecraft:block.netherrack.hit
minecraft:sound_event	1164	minecraft:block.netherrack.fall
minecraft:sound_event	1165	minecraft:block.note_block.basedrum
minecraft:sound_event	1166	minecraft:block.note_block.bass
minecraft:sound_event	1167	minecraft:block.note_block.bell
minecraft:sound_event	1168	minecraft:block.note_block.chime
minecraft:sound_event	1169	minecraft:block.note_block.flute
minecraft:sound_event	1170	minecraft:block.note_block.guitar
minecraft:sound_event	1171	minecraft:block.note_block.harp
minecraft:sound_event	1172	minecraft:block.note_block.hat
minecraft:sound_event	1173	minecraft:block.note_block.pling
minecraft:sound_event	1174	minecraft:block.note_block.snare
minecraft:sound_event	1175	minecraft:block.note_block.trumpet
minecraft:sound_event	1176	minecraft:block.note_block.trumpet_exposed
minecraft:sound_event	1177	minecraft:block.note_block.trumpet_oxidized
minecraft:sound_event	1178	minecraft:block.note_block.trumpet_weathered
minecraft:sound_event	1179	minecraft:block.note_block.xylophone
minecraft:sound_event	1180	minecraft:block.note_block.iron_xylophone
minecraft:sound_event	1181	minecraft:block.note_block.cow_bell
minecraft:sound_event	1182	minecraft:block.note_block.didgeridoo
minecraft:sound_event	1183	minecraft:block.note_block.bit
minecraft:sound_event	1184	minecraft:block.note_block.banjo
minecraft:sound_event	1185	minecraft:block.note_block.imitate.zombie
minecraft:sound_event	1186	minecraft:block.note_block.imitate.skeleton
minecraft:sound_event	1187	minecraft:block.note_block.imitate.creeper
minecraft:sound_event	1188	minecraft:block.note_block.imitate.ender_dragon
minecraft:sound_event	1189	minecraft:block.note_block.imitate.wither_skeleton
minecraft:sound_event	1190	minecraft:block.note_block.imitate.piglin
minecraft:sound_event	1191	minecraft:entity.ocelot.hurt
minecraft:sound_event	1192	minecraft:entity.ocelot.ambient
minecraft:sound_event	1193	minecraft:entity.ocelot.death
minecraft:sound_event	1194	minecraft:item.ominous_bottle.dispose
minecraft:sound_event	1195	minecraft:entity.painting.break
minecraft:sound_event	1196	minecraft:entity.painting.place
minecraft:sound_event	1197	minecraft:block.pale_hanging_moss.idle
minecraft:sound_event	1198	minecraft:entity.panda.pre_sneeze
minecraft:sound_event	1199	minecraft:entity.panda.sneeze
minecraft:sound_event	1200	minecraft:entity.panda.ambient
minecraft:sound_event	1201	minecraft:entity.panda.death
minecraft:sound_event	1202	minecraft:entity.panda.eat
minecraft:sound_event	1203	minecraft:entity.panda.step
minecraft:sound_event	1204	minecraft:entity.panda.cant_breed
minecraft:sound_event	1205	minecraft:entity.panda.aggressive_ambient
minecraft:sound_event	1206	minecraft:entity.panda.worried_ambient
minecraft:sound_event	1207	minecraft:entity.panda.hurt
minecraft:sound_event	1208	minecraft:entity.panda.bite
minecraft:sound_event	1209	minecraft:entity.parched.ambient
minecraft:sound_event	1210	minecraft:entity.parched.death
minecraft:sound_event	1211	minecraft:entity.parched.hurt
minecraft:sound_event	1212	minecraft:entity.parched.step
minecraft:sound_event	1213	minecraft:entity.parrot.ambient
minecraft:sound_event	1214	minecraft:entity.parrot.death
minecraft:sound_event	1215	minecraft:entity.parrot.eat
minecraft:sound_event	1216	minecraft:entity.parrot.fly
minecraft:sound_event	1217	minecraft:entity.parrot.hurt
minecraft:sound_event	1218	minecraft:entity.parrot.imitate.blaze
minecraft:sound_event	1219	minecraft:entity.parrot.imitate.bogged
minecraft:sound_event	1220	minecraft:entity.parrot.imitate.breeze
minecraft:sound_event	1221	minecraft:entity.parrot.imitate.camel_husk
minecraft:sound_event	1222	minecraft:entity.parrot.imitate.creaking
minecraft:sound_event	1223	minecraft:entity.parrot.imitate.creeper
minecraft:sound_event	1224	minecraft:entity.parrot.imitate.drowned
minecraft:sound_event	1225	minecraft:entity.parrot.imitate.elder_guardian
minecraft:sound_event	1226	minecraft:entity.parrot.imitate.ender_dragon
minecraft:sound_event	1227	minecraft:entity.parrot.imitate.endermite
minecraft:sound_event	1228	minecraft:entity.parrot.imitate.evoker
minecraft:sound_event	1229	minecraft:entity.parrot.imitate.ghast
minecraft:sound_event	1230	minecraft:entity.parrot.imitate.guardian
minecraft:sound_event	1231	minecraft:entity.parrot.imitate.hoglin
minecraft:sound_event	1232	minecraft:entity.parrot.imitate.husk
minecraft:sound_event	1233	minecraft:entity.parrot.imitate.illusioner
minecraft:sound_event	1234	minecraft:entity.parrot.imitate.magma_cube
minecraft:sound_event	1235	minecraft:entity.parrot.imitate.phantom
minecraft:sound_event	1236	minecraft:entity.parrot.imitate.parched
minecraft:sound_event	1237	minecraft:entity.parrot.imitate.piglin
minecraft:sound_event	1238	minecraft:entity.parrot.imitate.piglin_brute
minecraft:sound_event	1239	minecraft:entity.parrot.imitate.pillager
minecraft:sound_event	1240	minecraft:entity.parrot.imitate.ravager
minecraft:sound_event	1241	minecraft:entity.parrot.imitate.shulker
minecraft:sound_event	1242	minecraft:entity.parrot.imitate.silverfish
minecraft:sound_event	1243	minecraft:entity.parrot.imitate.skeleton
minecraft:sound_event	1244	minecraft:entity.parrot.imitate.slime
minecraft:sound_event	1245	minecraft:entity.parrot.imitate.spider
minecraft:sound_event	1246	minecraft:entity.parrot.imitate.stray
minecraft:sound_event	1247	minecraft:entity.parrot.imitate.vex
minecraft:sound_event	1248	minecraft:entity.parrot.imitate.vindicator
minecraft:sound_event	1249	minecraft:entity.parrot.imitate.warden
minecraft:sound_event	1250	minecraft:entity.parrot.imitate.witch
minecraft:sound_event	1251	minecraft:entity.parrot.imitate.wither
minecraft:sound_event	1252	minecraft:entity.parrot.imitate.wither_skeleton
minecraft:sound_event	1253	minecraft:entity.parrot.imitate.zoglin
minecraft:sound_event	1254	minecraft:entity.parrot.imitate.zombie
minecraft:sound_event	1255	minecraft:entity.parrot.imitate.zombie_horse
minecraft:sound_event	1256	minecraft:entity.parrot.imitate.zombie_nautilus
minecraft:sound_event	1257	minecraft:entity.parrot.imitate.zombie_villager
minecraft:sound_event	1258	minecraft:entity.parrot.step
minecraft:sound_event	1259	minecraft:entity.phantom.ambient
minecraft:sound_event	1260	minecraft:entity.phantom.bite
minecraft:sound_event	1261	minecraft:entity.phantom.death
minecraft:sound_event	1262	minecraft:entity.phantom.flap
minecraft:sound_event	1263	minecraft:entity.phantom.hurt
minecraft:sound_event	1264	minecraft:entity.phantom.swoop
minecraft:sound_event	1265	minecraft:entity.pig.saddle
minecraft:sound_event	1266	minecraft:entity.pig.step
minecraft:sound_event	1267	minecraft:entity.baby_pig.step
minecraft:sound_event	1268	minecraft:entity.baby_pig.ambient
minecraft:sound_event	1269	minecraft:entity.baby_pig.eat
minecraft:sound_event	1270	minecraft:entity.baby_pig.hurt
minecraft:sound_event	1271	minecraft:entity.baby_pig.death
minecraft:sound_event	1272	minecraft:entity.pig.ambient
minecraft:sound_event	1273	minecraft:entity.pig.hurt
minecraft:sound_event	1274	minecraft:entity.pig.death
minecraft:sound_event	1275	minecraft:entity.pig.eat
minecraft:sound_event	1276	minecraft:entity.pig_mini.ambient
minecraft:sound_event	1277	minecraft:entity.pig_mini.hurt
minecraft:sound_event	1278	minecraft:entity.pig_mini.death
minecraft:sound_event	1279	minecraft:entity.pig_mini.eat
minecraft:sound_event	1280	minecraft:entity.pig_big.ambient
minecraft:sound_event	1281	minecraft:entity.pig_big.hurt
minecraft:sound_event	1282	minecraft:entity.pig_big.death
minecraft:sound_event	1283	minecraft:entity.pig_big.eat
minecraft:sound_event	1284	minecraft:entity.piglin.admiring_item
minecraft:sound_event	1285	minecraft:entity.piglin.ambient
minecraft:sound_event	1286	minecraft:entity.piglin.angry
minecraft:sound_event	1287	minecraft:entity.piglin.celebrate
minecraft:sound_event	1288	minecraft:entity.piglin.death
minecraft:sound_event	1289	minecraft:entity.piglin.jealous
minecraft:sound_event	1290	minecraft:entity.piglin.hurt
minecraft:sound_event	1291	minecraft:entity.piglin.retreat
minecraft:sound_event	1292	minecraft:entity.piglin.step
minecraft:sound_event	1293	minecraft:entity.piglin.converted_to_zombified
minecraft:sound_event	1294	minecraft:entity.piglin_brute.ambient
minecraft:sound_event	1295	minecraft:entity.piglin_brute.angry
minecraft:sound_event	1296	minecraft:entity.piglin_brute.death
minecraft:sound_event	1297	minecraft:entity.piglin_brute.hurt
minecraft:sound_event	1298	minecraft:entity.piglin_brute.step
minecraft:sound_event	1299	minecraft:entity.piglin_brute.converted_to_zombified
minecraft:sound_event	1300	minecraft:entity.pillager.ambient
minecraft:sound_event	1301	minecraft:entity.pillager.celebrate
minecraft:sound_event	1302	minecraft:entity.pillager.death
minecraft:sound_event	1303	minecraft:entity.pillager.hurt
minecraft:sound_event	1304	minecraft:block.piston.contract
minecraft:sound_event	1305	minecraft:block.piston.extend
minecraft:sound_event	1306	minecraft:entity.player.attack.crit
minecraft:sound_event	1307	minecraft:entity.player.attack.knockback
minecraft:sound_event	1308	minecraft:entity.player.attack.nodamage
minecraft:sound_event	1309	minecraft:entity.player.attack.strong
minecraft:sound_event	1310	minecraft:entity.player.attack.sweep
minecraft:sound_event	1311	minecraft:entity.player.attack.weak
minecraft:sound_event	1312	minecraft:entity.player.big_fall
minecraft:sound_event	1313	minecraft:entity.player.breath
minecraft:sound_event	1314	minecraft:entity.player.burp
minecraft:sound_event	1315	minecraft:entity.player.death
minecraft:sound_event	1316	minecraft:entity.player.hurt
minecraft:sound_event	1317	minecraft:entity.player.hurt_drown
minecraft:sound_event	1318	minecraft:entity.player.hurt_freeze
minecraft:sound_event	1319	minecraft:entity.player.hurt_on_fire
minecraft:sound_event	1320	minecraft:entity.player.hurt_sweet_berry_bush
minecraft:sound_event	1321	minecraft:entity.player.levelup
minecraft:sound_event	1322	minecraft:entity.player.small_fall
minecraft:sound_event	1323	minecraft:entity.player.splash
minecraft:sound_event	1324	minecraft:entity.player.splash.high_speed
minecraft:sound_event	1325	minecraft:entity.player.swim
minecraft:sound_event	1326	minecraft:entity.player.teleport
minecraft:sound_event	1327	minecraft:entity.polar_bear.ambient
minecraft:sound_event	1328	minecraft:entity.polar_bear.ambient_baby
minecraft:sound_event	1329	minecraft:entity.polar_bear.death
minecraft:sound_event	1330	minecraft:entity.polar_bear.hurt
minecraft:sound_event	1331	minecraft:entity.polar_bear.step
minecraft:sound_event	1332	minecraft:entity.polar_bear.warning
minecraft:sound_event	1333	minecraft:block.polished_deepslate.break
minecraft:sound_event	1334	minecraft:block.polished_deepslate.fall
minecraft:sound_event	1335	minecraft:block.polished_deepslate.hit
minecraft:sound_event	1336	minecraft:block.polished_deepslate.place
minecraft:sound_event	1337	minecraft:block.polished_deepslate.step
minecraft:sound_event	1338	minecraft:block.portal.ambient
minecraft:sound_event	1339	minecraft:block.portal.travel
minecraft:sound_event	1340	minecraft:block.portal.trigger
minecraft:sound_event	1341	minecraft:block.powder_snow.break
minecraft:sound_event	1342	minecraft:block.powder_snow.fall
minecraft:sound_event	1343	minecraft:block.powder_snow.hit
minecraft:sound_event	1344	minecraft:block.powder_snow.place
minecraft:sound_event	1345	minecraft:block.powder_snow.step
minecraft:sound_event	1346	minecraft:entity.puffer_fish.blow_out
minecraft:sound_event	1347	minecraft:entity.puffer_fish.blow_up
minecraft:sound_event	1348	minecraft:entity.puffer_fish.death
minecraft:sound_event	1349	minecraft:entity.puffer_fish.flop
minecraft:sound_event	1350	minecraft:entity.puffer_fish.hurt
minecraft:sound_event	1351	minecraft:entity.puffer_fish.sting
minecraft:sound_event	1352	minecraft:block.pumpkin.carve
minecraft:sound_event	1353	minecraft:entity.rabbit.ambient
minecraft:sound_event	1354	minecraft:entity.rabbit.attack
minecraft:sound_event	1355	minecraft:entity.rabbit.death
minecraft:sound_event	1356	minecraft:entity.rabbit.hurt
minecraft:sound_event	1357	minecraft:entity.rabbit.jump
minecraft:sound_event	1358	minecraft:event.raid.horn
minecraft:sound_event	1359	minecraft:entity.ravager.ambient
minecraft:sound_event	1360	minecraft:entity.ravager.attack
minecraft:sound_event	1361	minecraft:entity.ravager.celebrate
minecraft:sound_event	1362	minecraft:entity.ravager.death
minecraft:sound_event	1363	minecraft:entity.ravager.hurt
minecraft:sound_event	1364	minecraft:entity.ravager.step
minecraft:sound_event	1365	minecraft:entity.ravager.stunned
minecraft:sound_event	1366	minecraft:entity.ravager.roar
minecraft:sound_event	1367	minecraft:block.nether_gold_ore.break
minecraft:sound_event	1368	minecraft:block.nether_gold_ore.fall
minecraft:sound_event	1369	minecraft:block.nether_gold_ore.hit
minecraft:sound_event	1370	minecraft:block.nether_gold_ore.place
minecraft:sound_event	1371	minecraft:block.nether_gold_ore.step
minecraft:sound_event	1372	minecraft:block.nether_ore.break
minecraft:sound_event	1373	minecraft:block.nether_ore.fall
minecraft:sound_event	1374	minecraft:block.nether_ore.hit
minecraft:sound_event	1375	minecraft:block.nether_ore.place
minecraft:sound_event	1376	minecraft:block.nether_ore.step
minecraft:sound_event	1377	minecraft:block.redstone_torch.burnout
minecraft:sound_event	1378	minecraft:block.resin.break
minecraft:sound_event	1379	minecraft:block.resin.fall
minecraft:sound_event	1380	minecraft:block.resin.place
minecraft:sound_event	1381	minecraft:block.resin.step
minecraft:sound_event	1382	minecraft:block.resin_bricks.break
minecraft:sound_event	1383	minecraft:block.resin_bricks.fall
minecraft:sound_event	1384	minecraft:block.resin_bricks.hit
minecraft:sound_event	1385	minecraft:block.resin_bricks.place
minecraft:sound_event	1386	minecraft:block.resin_bricks.step
minecraft:sound_event	1387	minecraft:block.respawn_anchor.ambient
minecraft:sound_event	1388	minecraft:block.respawn_anchor.charge
minecraft:sound_event	1389	minecraft:block.respawn_anchor.deplete
minecraft:sound_event	1390	minecraft:block.respawn_anchor.set_spawn
minecraft:sound_event	1391	minecraft:block.rooted_dirt.break
minecraft:sound_event	1392	minecraft:block.rooted_dirt.fall
minecraft:sound_event	1393	minecraft:block.rooted_dirt.hit
minecraft:sound_event	1394	minecraft:block.rooted_dirt.place
minecraft:sound_event	1395	minecraft:block.rooted_dirt.step
minecraft:sound_event	1396	minecraft:entity.salmon.ambient
minecraft:sound_event	1397	minecraft:entity.salmon.death
minecraft:sound_event	1398	minecraft:entity.salmon.flop
minecraft:sound_event	1399	minecraft:entity.salmon.hurt
minecraft:sound_event	1400	minecraft:block.sand.break
minecraft:sound_event	1401	minecraft:block.sand.fall
minecraft:sound_event	1402	minecraft:block.sand.hit
minecraft:sound_event	1403	minecraft:block.sand.place
minecraft:sound_event	1404	minecraft:block.sand.step
minecraft:sound_event	1405	minecraft:block.sand.idle
minecraft:sound_event	1406	minecraft:block.scaffolding.break
minecraft:sound_event	1407	minecraft:block.scaffolding.fall
minecraft:sound_event	1408	minecraft:block.scaffolding.hit
minecraft:sound_event	1409	minecraft:block.scaffolding.place
minecraft:sound_event	1410	minecraft:block.scaffolding.step
minecraft:sound_event	1411	minecraft:block.sculk.spread
minecraft:sound_event	1412	minecraft:block.sculk.charge
minecraft:sound_event	1413	minecraft:block.sculk.break
minecraft:sound_event	1414	minecraft:block.sculk.fall
minecraft:sound_event	1415	minecraft:block.sculk.hit
minecraft:sound_event	1416	minecraft:block.sculk.place
minecraft:sound_event	1417	minecraft:block.sculk.step
minecraft:sound_event	1418	minecraft:block.sculk_catalyst.bloom
minecraft:sound_event	1419	minecraft:block.sculk_catalyst.break
minecraft:sound_event	1420	minecraft:block.sculk_catalyst.fall
minecraft:sound_event	1421	minecraft:block.sculk_catalyst.hit
minecraft:sound_event	1422	minecraft:block.sculk_catalyst.place
minecraft:sound_event	1423	minecraft:block.sculk_catalyst.step
minecraft:sound_event	1424	minecraft:block.sculk_sensor.clicking
minecraft:sound_event	1425	minecraft:block.sculk_sensor.clicking_stop
minecraft:sound_event	1426	minecraft:block.sculk_sensor.break
minecraft:sound_event	1427	minecraft:block.sculk_sensor.fall
minecraft:sound_event	1428	minecraft:block.sculk_sensor.hit
minecraft:sound_event	1429	minecraft:block.sculk_sensor.place
minecraft:sound_event	1430	minecraft:block.sculk_sensor.step
minecraft:sound_event	1431	minecraft:block.sculk_shrieker.break
minecraft:sound_event	1432	minecraft:block.sculk_shrieker.fall
minecraft:sound_event	1433	minecraft:block.sculk_shrieker.hit
minecraft:sound_event	1434	minecraft:block.sculk_shrieker.place
minecraft:sound_event	1435	minecraft:block.sculk_shrieker.shriek
minecraft:sound_event	1436	minecraft:block.sculk_shrieker.step
minecraft:sound_event	1437	minecraft:block.sculk_vein.break
minecraft:sound_event	1438	minecraft:block.sculk_vein.fall
minecraft:sound_event	1439	minecraft:block.sculk_vein.hit
minecraft:sound_event	1440	minecraft:block.sculk_vein.place
minecraft:sound_event	1441	minecraft:block.sculk_vein.step
minecraft:sound_event	1442	minecraft:entity.sheep.ambient
minecraft:sound_event	1443	minecraft:entity.sheep.death
minecraft:sound_event	1444	minecraft:entity.sheep.hurt
minecraft:sound_event	1445	minecraft:entity.sheep.shear
minecraft:sound_event	1446	minecraft:entity.sheep.step
minecraft:sound_event	1447	minecraft:item.shears.snip
minecraft:sound_event	1448	minecraft:block.shelf.activate
minecraft:sound_event	1449	minecraft:block.shelf.break
minecraft:sound_event	1450	minecraft:block.shelf.deactivate
minecraft:sound_event	1451	minecraft:block.shelf.fall
minecraft:sound_event	1452	minecraft:block.shelf.hit
minecraft:sound_event	1453	minecraft:block.shelf.multi_swap
minecraft:sound_event	1454	minecraft:block.shelf.place
minecraft:sound_event	1455	minecraft:block.shelf.place_item
minecraft:sound_event	1456	minecraft:block.shelf.single_swap
minecraft:sound_event	1457	minecraft:block.shelf.step
minecraft:sound_event	1458	minecraft:block.shelf.take_item
minecraft:sound_event	1459	minecraft:item.shield.block
minecraft:sound_event	1460	minecraft:item.shield.break
minecraft:sound_event	1461	minecraft:block.shroomlight.break
minecraft:sound_event	1462	minecraft:block.shroomlight.step
minecraft:sound_event	1463	minecraft:block.shroomlight.place
minecraft:sound_event	1464	minecraft:block.shroomlight.hit
minecraft:sound_event	1465	minecraft:block.shroomlight.fall
minecraft:sound_event	1466	minecraft:item.shovel.flatten
minecraft:sound_event	1467	minecraft:entity.shulker.ambient
minecraft:sound_event	1468	minecraft:block.shulker_box.close
minecraft:sound_event	1469	minecraft:block.shulker_box.open
minecraft:sound_event	1470	minecraft:entity.shulker_bullet.hit
minecraft:sound_event	1471	minecraft:entity.shulker_bullet.hurt
minecraft:sound_event	1472	minecraft:entity.shulker.close
minecraft:sound_event	1473	minecraft:entity.shulker.death
minecraft:sound_event	1474	minecraft:entity.shulker.hurt
minecraft:sound_event	1475	minecraft:entity.shulker.hurt_closed
minecraft:sound_event	1476	minecraft:entity.shulker.open
minecraft:sound_event	1477	minecraft:entity.shulker.shoot
minecraft:sound_event	1478	minecraft:entity.shulker.teleport
minecraft:sound_event	1479	minecraft:entity.silverfish.ambient
minecraft:sound_event	1480	minecraft:entity.silverfish.death
minecraft:sound_event	1481	minecraft:entity.silverfish.hurt
minecraft:sound_event	1482	minecraft:entity.silverfish.step
minecraft:sound_event	1483	minecraft:entity.skeleton.ambient
minecraft:sound_event	1484	minecraft:entity.skeleton.converted_to_stray
minecraft:sound_event	1485	minecraft:entity.skeleton.death
minecraft:sound_event	1486	minecraft:entity.skeleton_horse.ambient
minecraft:sound_event	1487	minecraft:entity.skeleton_horse.death
minecraft:sound_event	1488	minecraft:entity.skeleton_horse.hurt
minecraft:sound_event	1489	minecraft:entity.skeleton_horse.swim
minecraft:sound_event	1490	minecraft:entity.skeleton_horse.ambient_water
minecraft:sound_event	1491	minecraft:entity.skeleton_horse.gallop_water
minecraft:sound_event	1492	minecraft:entity.skeleton_horse.jump_water
minecraft:sound_event	1493	minecraft:entity.skeleton_horse.step_water
minecraft:sound_event	1494	minecraft:entity.skeleton.hurt
minecraft:sound_event	1495	minecraft:entity.skeleton.shoot
minecraft:sound_event	1496	minecraft:entity.skeleton.step
minecraft:sound_event	1497	minecraft:entity.slime.attack
minecraft:sound_event	1498	minecraft:entity.slime.death
minecraft:sound_event	1499	minecraft:entity.slime.hurt
minecraft:sound_event	1500	minecraft:entity.slime.jump
minecraft:sound_event	1501	minecraft:entity.slime.squish
minecraft:sound_event	1502	minecraft:block.slime_block.break
minecraft:sound_event	1503	minecraft:block.slime_block.fall
minecraft:sound_event	1504	minecraft:block.slime_block.hit
minecraft:sound_event	1505	minecraft:block.slime_block.place
minecraft:sound_event	1506	minecraft:block.slime_block.step
minecraft:sound_event	1507	minecraft:block.small_amethyst_bud.break
minecraft:sound_event	1508	minecraft:block.small_amethyst_bud.place
minecraft:sound_event	1509	minecraft:block.small_dripleaf.break
minecraft:sound_event	1510	minecraft:block.small_dripleaf.fall
minecraft:sound_event	1511	minecraft:block.small_dripleaf.hit
minecraft:sound_event	1512	minecraft:block.small_dripleaf.place
minecraft:sound_event	1513	minecraft:block.small_dripleaf.step
minecraft:sound_event	1514	minecraft:block.soul_sand.break
minecraft:sound_event	1515	minecraft:block.soul_sand.step
minecraft:sound_event	1516	minecraft:block.soul_sand.place
minecraft:sound_event	1517	minecraft:block.soul_sand.hit
minecraft:sound_event	1518	minecraft:block.soul_sand.fall
minecraft:sound_event	1519	minecraft:block.soul_soil.break
minecraft:sound_event	1520	minecraft:block.soul_soil.step
minecraft:sound_event	1521	minecraft:block.soul_soil.place
minecraft:sound_event	1522	minecraft:block.soul_soil.hit
minecraft:sound_event	1523	minecraft:block.soul_soil.fall
minecraft:sound_event	1524	minecraft:particle.soul_escape
minecraft:sound_event	1525	minecraft:block.spawner.break
minecraft:sound_event	1526	minecraft:block.spawner.fall
minecraft:sound_event	1527	minecraft:block.spawner.hit
minecraft:sound_event	1528	minecraft:block.spawner.place
minecraft:sound_event	1529	minecraft:block.spawner.step
minecraft:sound_event	1530	minecraft:item.spear.use
minecraft:sound_event	1531	minecraft:item.spear.hit
minecraft:sound_event	1532	minecraft:item.spear.attack
minecraft:sound_event	1533	minecraft:item.spear_wood.use
minecraft:sound_event	1534	minecraft:item.spear_wood.hit
minecraft:sound_event	1535	minecraft:item.spear_wood.attack
minecraft:sound_event	1536	minecraft:block.spore_blossom.break
minecraft:sound_event	1537	minecraft:block.spore_blossom.fall
minecraft:sound_event	1538	minecraft:block.spore_blossom.hit
minecraft:sound_event	1539	minecraft:block.spore_blossom.place
minecraft:sound_event	1540	minecraft:block.spore_blossom.step
minecraft:sound_event	1541	minecraft:entity.strider.ambient
minecraft:sound_event	1542	minecraft:entity.strider.happy
minecraft:sound_event	1543	minecraft:entity.strider.retreat
minecraft:sound_event	1544	minecraft:entity.strider.death
minecraft:sound_event	1545	minecraft:entity.strider.hurt
minecraft:sound_event	1546	minecraft:entity.strider.step
minecraft:sound_event	1547	minecraft:entity.strider.step_lava
minecraft:sound_event	1548	minecraft:entity.strider.eat
minecraft:sound_event	1549	minecraft:entity.strider.saddle
minecraft:sound_event	1550	minecraft:entity.slime.death_small
minecraft:sound_event	1551	minecraft:entity.slime.hurt_small
minecraft:sound_event	1552	minecraft:entity.slime.jump_small
minecraft:sound_event	1553	minecraft:entity.slime.squish_small
minecraft:sound_event	1554	minecraft:block.smithing_table.use
minecraft:sound_event	1555	minecraft:block.smoker.smoke
minecraft:sound_event	1556	minecraft:entity.sniffer.step
minecraft:sound_event	1557	minecraft:entity.sniffer.eat
minecraft:sound_event	1558	minecraft:entity.sniffer.idle
minecraft:sound_event	1559	minecraft:entity.sniffer.hurt
minecraft:sound_event	1560	minecraft:entity.sniffer.death
minecraft:sound_event	1561	minecraft:entity.sniffer.drop_seed
minecraft:sound_event	1562	minecraft:entity.sniffer.scenting
minecraft:sound_event	1563	minecraft:entity.sniffer.sniffing
minecraft:sound_event	1564	minecraft:entity.sniffer.searching
minecraft:sound_event	1565	minecraft:entity.sniffer.digging
minecraft:sound_event	1566	minecraft:entity.sniffer.digging_stop
minecraft:sound_event	1567	minecraft:entity.sniffer.happy
minecraft:sound_event	1568	minecraft:block.sniffer_egg.plop
minecraft:sound_event	1569	minecraft:block.sniffer_egg.crack
minecraft:sound_event	1570	minecraft:block.sniffer_egg.hatch
minecraft:sound_event	1571	minecraft:entity.snowball.throw
minecraft:sound_event	1572	minecraft:block.snow.break
minecraft:sound_event	1573	minecraft:block.snow.fall
minecraft:sound_event	1574	minecraft:entity.snow_golem.ambient
minecraft:sound_event	1575	minecraft:entity.snow_golem.death
minecraft:sound_event	1576	minecraft:entity.snow_golem.hurt
minecraft:sound_event	1577	minecraft:entity.snow_golem.shoot
minecraft:sound_event	1578	minecraft:entity.snow_golem.shear
minecraft:sound_event	1579	minecraft:block.snow.hit
minecraft:sound_event	1580	minecraft:block.snow.place
minecraft:sound_event	1581	minecraft:block.snow.step
minecraft:sound_event	1582	minecraft:entity.spider.ambient
minecraft:sound_event	1583	minecraft:entity.spider.death
minecraft:sound_event	1584	minecraft:entity.spider.hurt
minecraft:sound_event	1585	minecraft:entity.spider.step
minecraft:sound_event	1586	minecraft:entity.splash_potion.break
minecraft:sound_event	1587	minecraft:entity.splash_potion.throw
minecraft:sound_event	1588	minecraft:block.sponge.break
minecraft:sound_event	1589	minecraft:block.sponge.fall
minecraft:sound_event	1590	minecraft:block.sponge.hit
minecraft:sound_event	1591	minecraft:block.sponge.place
minecraft:sound_event	1592	minecraft:block.sponge.step
minecraft:sound_event	1593	minecraft:block.sponge.absorb
minecraft:sound_event	1594	minecraft:item.spyglass.use
minecraft:sound_event	1595	minecraft:item.spyglass.stop_using
minecraft:sound_event	1596	minecraft:entity.squid.ambient
minecraft:sound_event	1597	minecraft:entity.squid.death
minecraft:sound_event	1598	minecraft:entity.squid.hurt
minecraft:sound_event	1599	minecraft:entity.squid.squirt
minecraft:sound_event	1600	minecraft:block.stone.break
minecraft:sound_event	1601	minecraft:block.stone_button.click_off
minecraft:sound_event	1602	minecraft:block.stone_button.click_on
minecraft:sound_event	1603	minecraft:block.stone.fall
minecraft:sound_event	1604	minecraft:block.stone.hit
minecraft:sound_event	1605	minecraft:block.stone.place
minecraft:sound_event	1606	minecraft:block.stone_pressure_plate.click_off
minecraft:sound_event	1607	minecraft:block.stone_pressure_plate.click_on
minecraft:sound_event	1608	minecraft:block.stone.step
minecraft:sound_event	1609	minecraft:entity.stray.ambient
minecraft:sound_event	1610	minecraft:entity.stray.death
minecraft:sound_event	1611	minecraft:entity.stray.hurt
minecraft:sound_event	1612	minecraft:entity.stray.step
minecraft:sound_event	1613	minecraft:block.sulfur_spike.break
minecraft:sound_event	1614	minecraft:block.sulfur_spike.step
minecraft:sound_event	1615	minecraft:block.sulfur_spike.place
minecraft:sound_event	1616	minecraft:block.sulfur_spike.hit
minecraft:sound_event	1617	minecraft:block.sulfur_spike.fall
minecraft:sound_event	1618	minecraft:block.sulfur_spike.land
minecraft:sound_event	1619	minecraft:block.sweet_berry_bush.break
minecraft:sound_event	1620	minecraft:block.sweet_berry_bush.place
minecraft:sound_event	1621	minecraft:block.sweet_berry_bush.pick_berries
minecraft:sound_event	1622	minecraft:entity.tadpole.death
minecraft:sound_event	1623	minecraft:entity.tadpole.flop
minecraft:sound_event	1624	minecraft:entity.tadpole.grow_up
minecraft:sound_event	1625	minecraft:entity.tadpole.hurt
minecraft:sound_event	1626	minecraft:enchant.thorns.hit
minecraft:sound_event	1627	minecraft:entity.tnt.primed
minecraft:sound_event	1628	minecraft:item.totem.use
minecraft:sound_event	1629	minecraft:item.trident.hit
minecraft:sound_event	1630	minecraft:item.trident.hit_ground
minecraft:sound_event	1631	minecraft:item.trident.return
minecraft:sound_event	1632	minecraft:item.trident.riptide_1
minecraft:sound_event	1633	minecraft:item.trident.riptide_2
minecraft:sound_event	1634	minecraft:item.trident.riptide_3
minecraft:sound_event	1635	minecraft:item.trident.throw
minecraft:sound_event	1636	minecraft:item.trident.thunder
minecraft:sound_event	1637	minecraft:block.tripwire.attach
minecraft:sound_event	1638	minecraft:block.tripwire.click_off
minecraft:sound_event	1639	minecraft:block.tripwire.click_on
minecraft:sound_event	1640	minecraft:block.tripwire.detach
minecraft:sound_event	1641	minecraft:entity.tropical_fish.ambient
minecraft:sound_event	1642	minecraft:entity.tropical_fish.death
minecraft:sound_event	1643	minecraft:entity.tropical_fish.flop
minecraft:sound_event	1644	minecraft:entity.tropical_fish.hurt
minecraft:sound_event	1645	minecraft:block.tuff.break
minecraft:sound_event	1646	minecraft:block.tuff.step
minecraft:sound_event	1647	minecraft:block.tuff.place
minecraft:sound_event	1648	minecraft:block.tuff.hit
minecraft:sound_event	1649	minecraft:block.tuff.fall
minecraft:sound_event	1650	minecraft:block.tuff_bricks.break
minecraft:sound_event	1651	minecraft:block.tuff_bricks.fall
minecraft:sound_event	1652	minecraft:block.tuff_bricks.hit
minecraft:sound_event	1653	minecraft:block.tuff_bricks.place
minecraft:sound_event	1654	minecraft:block.tuff_bricks.step
minecraft:sound_event	1655	minecraft:block.polished_tuff.break
minecraft:sound_event	1656	minecraft:block.polished_tuff.fall
minecraft:sound_event	1657	minecraft:block.polished_tuff.hit
minecraft:sound_event	1658	minecraft:block.polished_tuff.place
minecraft:sound_event	1659	minecraft:block.polished_tuff.step
minecraft:sound_event	1660	minecraft:entity.turtle.ambient_land
minecraft:sound_event	1661	minecraft:entity.turtle.death
minecraft:sound_event	1662	minecraft:entity.turtle.death_baby
minecraft:sound_event	1663	minecraft:entity.turtle.egg_break
minecraft:sound_event	1664	minecraft:entity.turtle.egg_crack
minecraft:sound_event	1665	minecraft:entity.turtle.egg_hatch
minecraft:sound_event	1666	minecraft:entity.turtle.hurt
minecraft:sound_event	1667	minecraft:entity.turtle.hurt_baby
minecraft:sound_event	1668	minecraft:entity.turtle.lay_egg
minecraft:sound_event	1669	minecraft:entity.turtle.shamble
minecraft:sound_event	1670	minecraft:entity.turtle.shamble_baby
minecraft:sound_event	1671	minecraft:entity.turtle.swim
minecraft:sound_event	1672	minecraft:ui.button.click
minecraft:sound_event	1673	minecraft:ui.loom.select_pattern
minecraft:sound_event	1674	minecraft:ui.loom.take_result
minecraft:sound_event	1675	minecraft:ui.cartography_table.take_result
minecraft:sound_event	1676	minecraft:ui.stonecutter.take_result
minecraft:sound_event	1677	minecraft:ui.stonecutter.select_recipe
minecraft:sound_event	1678	minecraft:ui.toast.challenge_complete
minecraft:sound_event	1679	minecraft:ui.toast.in
minecraft:sound_event	1680	minecraft:ui.toast.out
minecraft:sound_event	1681	minecraft:block.vault.activate
minecraft:sound_event	1682	minecraft:block.vault.ambient
minecraft:sound_event	1683	minecraft:block.vault.break
minecraft:sound_event	1684	minecraft:block.vault.close_shutter
minecraft:sound_event	1685	minecraft:block.vault.deactivate
minecraft:sound_event	1686	minecraft:block.vault.eject_item
minecraft:sound_event	1687	minecraft:block.vault.reject_rewarded_player
minecraft:sound_event	1688	minecraft:block.vault.fall
minecraft:sound_event	1689	minecraft:block.vault.hit
minecraft:sound_event	1690	minecraft:block.vault.insert_item
minecraft:sound_event	1691	minecraft:block.vault.insert_item_fail
minecraft:sound_event	1692	minecraft:block.vault.open_shutter
minecraft:sound_event	1693	minecraft:block.vault.place
minecraft:sound_event	1694	minecraft:block.vault.step
minecraft:sound_event	1695	minecraft:entity.vex.ambient
minecraft:sound_event	1696	minecraft:entity.vex.charge
minecraft:sound_event	1697	minecraft:entity.vex.death
minecraft:sound_event	1698	minecraft:entity.vex.hurt
minecraft:sound_event	1699	minecraft:entity.villager.ambient
minecraft:sound_event	1700	minecraft:entity.villager.celebrate
minecraft:sound_event	1701	minecraft:entity.villager.death
minecraft:sound_event	1702	minecraft:entity.villager.hurt
minecraft:sound_event	1703	minecraft:entity.villager.no
minecraft:sound_event	1704	minecraft:entity.villager.trade
minecraft:sound_event	1705	minecraft:entity.villager.yes
minecraft:sound_event	1706	minecraft:entity.villager.work_armorer
minecraft:sound_event	1707	minecraft:entity.villager.work_butcher
minecraft:sound_event	1708	minecraft:entity.villager.work_cartographer
minecraft:sound_event	1709	minecraft:entity.villager.work_cleric
minecraft:sound_event	1710	minecraft:entity.villager.work_farmer
minecraft:sound_event	1711	minecraft:entity.villager.work_fisherman
minecraft:sound_event	1712	minecraft:entity.villager.work_fletcher
minecraft:sound_event	1713	minecraft:entity.villager.work_leatherworker
minecraft:sound_event	1714	minecraft:entity.villager.work_librarian
minecraft:sound_event	1715	minecraft:entity.villager.work_mason
minecraft:sound_event	1716	minecraft:entity.villager.work_shepherd
minecraft:sound_event	1717	minecraft:entity.villager.work_toolsmith
minecraft:sound_event	1718	minecraft:entity.villager.work_weaponsmith
minecraft:sound_event	1719	minecraft:entity.vindicator.ambient
minecraft:sound_event	1720	minecraft:entity.vindicator.celebrate
minecraft:sound_event	1721	minecraft:entity.vindicator.death
minecraft:sound_event	1722	minecraft:entity.vindicator.hurt
minecraft:sound_event	1723	minecraft:block.vine.break
minecraft:sound_event	1724	minecraft:block.vine.fall
minecraft:sound_event	1725	minecraft:block.vine.hit
minecraft:sound_event	1726	minecraft:block.vine.place
minecraft:sound_event	1727	minecraft:block.vine.step
minecraft:sound_event	1728	minecraft:block.lily_pad.place
minecraft:sound_event	1729	minecraft:entity.wandering_trader.ambient
minecraft:sound_event	1730	minecraft:entity.wandering_trader.death
minecraft:sound_event	1731	minecraft:entity.wandering_trader.disappeared
minecraft:sound_event	1732	minecraft:entity.wandering_trader.drink_milk
minecraft:sound_event	1733	minecraft:entity.wandering_trader.drink_potion
minecraft:sound_event	1734	minecraft:entity.wandering_trader.hurt
minecraft:sound_event	1735	minecraft:entity.wandering_trader.no
minecraft:sound_event	1736	minecraft:entity.wandering_trader.reappeared
minecraft:sound_event	1737	minecraft:entity.wandering_trader.trade
minecraft:sound_event	1738	minecraft:entity.wandering_trader.yes
minecraft:sound_event	1739	minecraft:entity.warden.agitated
minecraft:sound_event	1740	minecraft:entity.warden.ambient
minecraft:sound_event	1741	minecraft:entity.warden.angry
minecraft:sound_event	1742	minecraft:entity.warden.attack_impact
minecraft:sound_event	1743	minecraft:entity.warden.death
minecraft:sound_event	1744	minecraft:entity.warden.dig
minecraft:sound_event	1745	minecraft:entity.warden.emerge
minecraft:sound_event	1746	minecraft:entity.warden.heartbeat
minecraft:sound_event	1747	minecraft:entity.warden.hurt
minecraft:sound_event	1748	minecraft:entity.warden.listening
minecraft:sound_event	1749	minecraft:entity.warden.listening_angry
minecraft:sound_event	1750	minecraft:entity.warden.nearby_close
minecraft:sound_event	1751	minecraft:entity.warden.nearby_closer
minecraft:sound_event	1752	minecraft:entity.warden.nearby_closest
minecraft:sound_event	1753	minecraft:entity.warden.roar
minecraft:sound_event	1754	minecraft:entity.warden.sniff
minecraft:sound_event	1755	minecraft:entity.warden.sonic_boom
minecraft:sound_event	1756	minecraft:entity.warden.sonic_charge
minecraft:sound_event	1757	minecraft:entity.warden.step
minecraft:sound_event	1758	minecraft:entity.warden.tendril_clicks
minecraft:sound_event	1759	minecraft:block.hanging_sign.waxed_interact_fail
minecraft:sound_event	1760	minecraft:block.sign.waxed_interact_fail
minecraft:sound_event	1761	minecraft:block.water.ambient
minecraft:sound_event	1762	minecraft:weather.end_flash
minecraft:sound_event	1763	minecraft:weather.rain
minecraft:sound_event	1764	minecraft:weather.rain.above
minecraft:sound_event	1765	minecraft:block.wet_grass.break
minecraft:sound_event	1766	minecraft:block.wet_grass.fall
minecraft:sound_event	1767	minecraft:block.wet_grass.hit
minecraft:sound_event	1768	minecraft:block.wet_grass.place
minecraft:sound_event	1769	minecraft:block.wet_grass.step
minecraft:sound_event	1770	minecraft:block.wet_sponge.break
minecraft:sound_event	1771	minecraft:block.wet_sponge.dries
minecraft:sound_event	1772	minecraft:block.wet_sponge.fall
minecraft:sound_event	1773	minecraft:block.wet_sponge.hit
minecraft:sound_event	1774	minecraft:block.wet_sponge.place
minecraft:sound_event	1775	minecraft:block.wet_sponge.step
minecraft:sound_event	1776	minecraft:entity.wind_charge.wind_burst
minecraft:sound_event	1777	minecraft:entity.wind_charge.throw
minecraft:sound_event	1778	minecraft:entity.witch.ambient
minecraft:sound_event	1779	minecraft:entity.witch.celebrate
minecraft:sound_event	1780	minecraft:entity.witch.death
minecraft:sound_event	1781	minecraft:entity.witch.drink
minecraft:sound_event	1782	minecraft:entity.witch.hurt
minecraft:sound_event	1783	minecraft:entity.witch.throw
minecraft:sound_event	1784	minecraft:entity.wither.ambient
minecraft:sound_event	1785	minecraft:entity.wither.break_block
minecraft:sound_event	1786	minecraft:entity.wither.death
minecraft:sound_event	1787	minecraft:entity.wither.hurt
minecraft:sound_event	1788	minecraft:entity.wither.shoot
minecraft:sound_event	1789	minecraft:entity.wither_skeleton.ambient
minecraft:sound_event	1790	minecraft:entity.wither_skeleton.death
minecraft:sound_event	1791	minecraft:entity.wither_skeleton.hurt
minecraft:sound_event	1792	minecraft:entity.wither_skeleton.step
minecraft:sound_event	1793	minecraft:entity.wither.spawn
minecraft:sound_event	1794	minecraft:item.wolf_armor.break
minecraft:sound_event	1795	minecraft:entity.baby_wolf.ambient
minecraft:sound_event	1796	minecraft:item.wolf_armor.crack
minecraft:sound_event	1797	minecraft:item.wolf_armor.damage
minecraft:sound_event	1798	minecraft:item.wolf_armor.repair
minecraft:sound_event	1799	minecraft:entity.baby_wolf.death
minecraft:sound_event	1800	minecraft:entity.baby_wolf.growl
minecraft:sound_event	1801	minecraft:entity.baby_wolf.hurt
minecraft:sound_event	1802	minecraft:entity.baby_wolf.pant
minecraft:sound_event	1803	minecraft:entity.wolf.shake
minecraft:sound_event	1804	minecraft:entity.wolf.step
minecraft:sound_event	1805	minecraft:entity.baby_wolf.step
minecraft:sound_event	1806	minecraft:entity.baby_wolf.whine
minecraft:sound_event	1807	minecraft:entity.wolf.ambient
minecraft:sound_event	1808	minecraft:entity.wolf.death
minecraft:sound_event	1809	minecraft:entity.wolf.growl
minecraft:sound_event	1810	minecraft:entity.wolf.hurt
minecraft:sound_event	1811	minecraft:entity.wolf.pant
minecraft:sound_event	1812	minecraft:entity.wolf.whine
minecraft:sound_event	1813	minecraft:entity.wolf_puglin.ambient
minecraft:sound_event	1814	minecraft:entity.wolf_puglin.death
minecraft:sound_event	1815	minecraft:entity.wolf_puglin.growl
minecraft:sound_event	1816	minecraft:entity.wolf_puglin.hurt
minecraft:sound_event	1817	minecraft:entity.wolf_puglin.pant
minecraft:sound_event	1818	minecraft:entity.wolf_puglin.whine
minecraft:sound_event	1819	minecraft:entity.wolf_sad.ambient
minecraft:sound_event	1820	minecraft:entity.wolf_sad.death
minecraft:sound_event	1821	minecraft:entity.wolf_sad.growl
minecraft:sound_event	1822	minecraft:entity.wolf_sad.hurt
minecraft:sound_event	1823	minecraft:entity.wolf_sad.pant
minecraft:sound_event	1824	minecraft:entity.wolf_sad.whine
minecraft:sound_event	1825	minecraft:entity.wolf_angry.ambient
minecraft:sound_event	1826	minecraft:entity.wolf_angry.death
minecraft:sound_event	1827	minecraft:entity.wolf_angry.growl
minecraft:sound_event	1828	minecraft:entity.wolf_angry.hurt
minecraft:sound_event	1829	minecraft:entity.wolf_angry.pant
minecraft:sound_event	1830	minecraft:entity.wolf_angry.whine
minecraft:sound_event	1831	minecraft:entity.wolf_grumpy.ambient
minecraft:sound_event	1832	minecraft:entity.wolf_grumpy.death
minecraft:sound_event	1833	minecraft:entity.wolf_grumpy.growl
minecraft:sound_event	1834	minecraft:entity.wolf_grumpy.hurt
minecraft:sound_event	1835	minecraft:entity.wolf_grumpy.pant
minecraft:sound_event	1836	minecraft:entity.wolf_grumpy.whine
minecraft:sound_event	1837	minecraft:entity.wolf_big.ambient
minecraft:sound_event	1838	minecraft:entity.wolf_big.death
minecraft:sound_event	1839	minecraft:entity.wolf_big.growl
minecraft:sound_event	1840	minecraft:entity.wolf_big.hurt
minecraft:sound_event	1841	minecraft:entity.wolf_big.pant
minecraft:sound_event	1842	minecraft:entity.wolf_big.whine
minecraft:sound_event	1843	minecraft:entity.wolf_cute.ambient
minecraft:sound_event	1844	minecraft:entity.wolf_cute.death
minecraft:sound_event	1845	minecraft:entity.wolf_cute.growl
minecraft:sound_event	1846	minecraft:entity.wolf_cute.hurt
minecraft:sound_event	1847	minecraft:entity.wolf_cute.pant
minecraft:sound_event	1848	minecraft:entity.wolf_cute.whine
minecraft:sound_event	1849	minecraft:block.wooden_door.close
minecraft:sound_event	1850	minecraft:block.wooden_door.open
minecraft:sound_event	1851	minecraft:block.wooden_trapdoor.close
minecraft:sound_event	1852	minecraft:block.wooden_trapdoor.open
minecraft:sound_event	1853	minecraft:block.wooden_button.click_off
minecraft:sound_event	1854	minecraft:block.wooden_button.click_on
minecraft:sound_event	1855	minecraft:block.wooden_pressure_plate.click_off
minecraft:sound_event	1856	minecraft:block.wooden_pressure_plate.click_on
minecraft:sound_event	1857	minecraft:block.wood.break
minecraft:sound_event	1858	minecraft:block.wood.fall
minecraft:sound_event	1859	minecraft:block.wood.hit
minecraft:sound_event	1860	minecraft:block.wood.place
minecraft:sound_event	1861	minecraft:block.wood.step
minecraft:sound_event	1862	minecraft:block.wool.break
minecraft:sound_event	1863	minecraft:block.wool.fall
minecraft:sound_event	1864	minecraft:block.wool.hit
minecraft:sound_event	1865	minecraft:block.wool.place
minecraft:sound_event	1866	minecraft:block.wool.step
minecraft:sound_event	1867	minecraft:entity.zoglin.ambient
minecraft:sound_event	1868	minecraft:entity.zoglin.angry
minecraft:sound_event	1869	minecraft:entity.zoglin.attack
minecraft:sound_event	1870	minecraft:entity.zoglin.death
minecraft:sound_event	1871	minecraft:entity.zoglin.hurt
minecraft:sound_event	1872	minecraft:entity.zoglin.step
minecraft:sound_event	1873	minecraft:entity.zombie.ambient
minecraft:sound_event	1874	minecraft:entity.zombie.attack_wooden_door
minecraft:sound_event	1875	minecraft:entity.zombie.attack_iron_door
minecraft:sound_event	1876	minecraft:entity.zombie.break_wooden_door
minecraft:sound_event	1877	minecraft:entity.zombie.converted_to_drowned
minecraft:sound_event	1878	minecraft:entity.zombie.death
minecraft:sound_event	1879	minecraft:entity.zombie.destroy_egg
minecraft:sound_event	1880	minecraft:entity.zombie_horse.ambient
minecraft:sound_event	1881	minecraft:entity.zombie_horse.angry
minecraft:sound_event	1882	minecraft:entity.zombie_horse.death
minecraft:sound_event	1883	minecraft:entity.zombie_horse.eat
minecraft:sound_event	1884	minecraft:entity.zombie_horse.hurt
minecraft:sound_event	1885	minecraft:entity.zombie.hurt
minecraft:sound_event	1886	minecraft:entity.zombie.infect
minecraft:sound_event	1887	minecraft:entity.zombie_nautilus.ambient
minecraft:sound_event	1888	minecraft:entity.zombie_nautilus.ambient_land
minecraft:sound_event	1889	minecraft:entity.zombie_nautilus.dash
minecraft:sound_event	1890	minecraft:entity.zombie_nautilus.dash_land
minecraft:sound_event	1891	minecraft:entity.zombie_nautilus.dash_ready
minecraft:sound_event	1892	minecraft:entity.zombie_nautilus.dash_ready_land
minecraft:sound_event	1893	minecraft:entity.zombie_nautilus.death
minecraft:sound_event	1894	minecraft:entity.zombie_nautilus.death_land
minecraft:sound_event	1895	minecraft:entity.zombie_nautilus.eat
minecraft:sound_event	1896	minecraft:entity.zombie_nautilus.hurt
minecraft:sound_event	1897	minecraft:entity.zombie_nautilus.hurt_land
minecraft:sound_event	1898	minecraft:entity.zombie_nautilus.swim
minecraft:sound_event	1899	minecraft:entity.zombified_piglin.ambient
minecraft:sound_event	1900	minecraft:entity.zombified_piglin.angry
minecraft:sound_event	1901	minecraft:entity.zombified_piglin.death
minecraft:sound_event	1902	minecraft:entity.zombified_piglin.hurt
minecraft:sound_event	1903	minecraft:entity.zombie.step
minecraft:sound_event	1904	minecraft:entity.zombie_villager.ambient
minecraft:sound_event	1905	minecraft:entity.zombie_villager.converted
minecraft:sound_event	1906	minecraft:entity.zombie_villager.cure
minecraft:sound_event	1907	minecraft:entity.zombie_villager.death
minecraft:sound_event	1908	minecraft:entity.zombie_villager.hurt
minecraft:sound_event	1909	minecraft:entity.zombie_villager.step
minecraft:sound_event	1910	minecraft:event.mob_effect.bad_omen
minecraft:sound_event	1911	minecraft:event.mob_effect.trial_omen
minecraft:sound_event	1912	minecraft:event.mob_effect.raid_omen
minecraft:sound_event	1913	minecraft:item.saddle.unequip
minecraft:sound_event	1914	minecraft:item.nautilus_saddle_underwater_equip
minecraft:sound_event	1915	minecraft:item.nautilus_saddle_equip
minecraft:sound_event	1916	minecraft:block.sulfur.break
minecraft:sound_event	1917	minecraft:block.sulfur.step
minecraft:sound_event	1918	minecraft:block.sulfur.place
minecraft:sound_event	1919	minecraft:block.sulfur.hit
minecraft:sound_event	1920	minecraft:block.sulfur.fall
minecraft:sound_event	1921	minecraft:block.potent_sulfur.break
minecraft:sound_event	1922	minecraft:block.potent_sulfur.step
minecraft:sound_event	1923	minecraft:block.potent_sulfur.place
minecraft:sound_event	1924	minecraft:block.potent_sulfur.hit
minecraft:sound_event	1925	minecraft:block.potent_sulfur.fall
minecraft:sound_event	1926	minecraft:block.potent_sulfur.geyser_eruption
minecraft:sound_event	1927	minecraft:block.potent_sulfur.geyser_eruption_active
minecraft:sound_event	1928	minecraft:block.potent_sulfur.geyser_continuous_eruption
minecraft:sound_event	1929	minecraft:block.potent_sulfur.geyser_continuous_eruption_active
minecraft:sound_event	1930	minecraft:block.cinnabar.break
minecraft:sound_event	1931	minecraft:block.cinnabar.step
minecraft:sound_event	1932	minecraft:block.cinnabar.place
minecraft:sound_event	1933	minecraft:block.cinnabar.hit
minecraft:sound_event	1934	minecraft:block.cinnabar.fall
minecraft:sound_event	1935	minecraft:entity.sulfur_cube.absorb
minecraft:sound_event	1936	minecraft:entity.sulfur_cube.bounce
minecraft:sound_event	1937	minecraft:entity.sulfur_cube.death
minecraft:sound_event	1938	minecraft:entity.sulfur_cube.eject
minecraft:sound_event	1939	minecraft:entity.sulfur_cube.hurt
minecraft:sound_event	1940	minecraft:entity.sulfur_cube.jump
minecraft:sound_event	1941	minecraft:entity.sulfur_cube.regular.hit
minecraft:sound_event	1942	minecraft:entity.sulfur_cube.regular.push
minecraft:sound_event	1943	minecraft:entity.sulfur_cube.bouncy.hit
minecraft:sound_event	1944	minecraft:entity.sulfur_cube.bouncy.push
minecraft:sound_event	1945	minecraft:entity.sulfur_cube.slow_bouncy.hit
minecraft:sound_event	1946	minecraft:entity.sulfur_cube.slow_bouncy.push
minecraft:sound_event	1947	minecraft:entity.sulfur_cube.slow_flat.hit
minecraft:sound_event	1948	minecraft:entity.sulfur_cube.slow_flat.push
minecraft:sound_event	1949	minecraft:entity.sulfur_cube.fast_flat.hit
minecraft:sound_event	1950	minecraft:entity.sulfur_cube.fast_flat.push
minecraft:sound_event	1951	minecraft:entity.sulfur_cube.light.hit
minecraft:sound_event	1952	minecraft:entity.sulfur_cube.light.push
minecraft:sound_event	1953	minecraft:entity.sulfur_cube.fast_sliding.hit
minecraft:sound_event	1954	minecraft:entity.sulfur_cube.fast_sliding.push
minecraft:sound_event	1955	minecraft:entity.sulfur_cube.slow_sliding.hit
minecraft:sound_event	1956	minecraft:entity.sulfur_cube.slow_sliding.push
minecraft:sound_event	1957	minecraft:entity.sulfur_cube.sticky.hit
minecraft:sound_event	1958	minecraft:entity.sulfur_cube.sticky.push
minecraft:sound_event	1959	minecraft:entity.sulfur_cube.high_resistance.hit
minecraft:sound_event	1960	minecraft:entity.sulfur_cube.high_resistance.push
minecraft:sound_event	1961	minecraft:entity.sulfur_cube.explosive.hit
minecraft:sound_event	1962	minecraft:entity.sulfur_cube.explosive.push
minecraft:sound_event	1963	minecraft:entity.sulfur_cube.hot.hit
minecraft:sound_event	1964	minecraft:entity.sulfur_cube.hot.push
minecraft:sound_event	1965	minecraft:entity.sulfur_cube.squish
minecraft:sound_event	1966	minecraft:block.potent_sulfur.noxious_gas
minecraft:sound_event	1967	minecraft:entity.small_sulfur_cube.death
minecraft:sound_event	1968	minecraft:entity.small_sulfur_cube.hurt
minecraft:sound_event	1969	minecraft:entity.small_sulfur_cube.jump
minecraft:sound_event	1970	minecraft:entity.small_sulfur_cube.squish
minecraft:sound_event	1971	minecraft:entity.small_sulfur_cube.eat
minecraft:sound_event	1972	minecraft:block.shelf_mushroom.break
minecraft:sound_event	1973	minecraft:block.shelf_mushroom.fall
minecraft:sound_event	1974	minecraft:block.shelf_mushroom.place
minecraft:sound_event	1975	minecraft:block.shelf_mushroom.step
minecraft:sound_event	1976	minecraft:block.shelf_mushroom.bounce
minecraft:sound_event	1977	minecraft:block.poplar_leaves.break
minecraft:sound_event	1978	minecraft:block.poplar_leaves.hit
minecraft:sound_event	1979	minecraft:block.poplar_leaves.fall
minecraft:sound_event	1980	minecraft:block.poplar_leaves.place
minecraft:sound_event	1981	minecraft:block.poplar_leaves.step
minecraft:sound_event	1982	minecraft:block.poplar_leaves.ambient
minecraft:sound_event	1983	minecraft:block.straw_bed.break
minecraft:sound_event	1984	minecraft:block.straw_bed.break_leave
minecraft:sound_event	1985	minecraft:block.straw_bed.step
minecraft:sound_event	1986	minecraft:block.straw_bed.place
minecraft:sound_event	1987	minecraft:block.straw_bed.hit
minecraft:sound_event	1988	minecraft:block.straw_bed.fall
minecraft:sound_event	1989	minecraft:block.red_shrub.break
minecraft:sound_event	1990	minecraft:block.red_shrub.place
minecraft:spawn_condition_type	0	minecraft:structure
minecraft:spawn_condition_type	1	minecraft:moon_brightness
minecraft:spawn_condition_type	2	minecraft:biome
minecraft:stat_type	0	minecraft:mined
minecraft:stat_type	1	minecraft:crafted
minecraft:stat_type	2	minecraft:used
minecraft:stat_type	3	minecraft:broken
minecraft:stat_type	4	minecraft:picked_up
minecraft:stat_type	5	minecraft:dropped
minecraft:stat_type	6	minecraft:killed
minecraft:stat_type	7	minecraft:killed_by
minecraft:stat_type	8	minecraft:custom
minecraft:test_environment_definition_type	0	minecraft:all_of
minecraft:test_environment_definition_type	1	minecraft:clock_time
minecraft:test_environment_definition_type	2	minecraft:difficulty
minecraft:test_environment_definition_type	3	minecraft:function
minecraft:test_environment_definition_type	4	minecraft:game_rules
minecraft:test_environment_definition_type	5	minecraft:timeline_attributes
minecraft:test_environment_definition_type	6	minecraft:weather
minecraft:test_function	0	minecraft:always_pass
minecraft:test_instance_type	0	minecraft:block_based
minecraft:test_instance_type	1	minecraft:function
minecraft:ticket_type	0	minecraft:player_spawn
minecraft:ticket_type	1	minecraft:spawn_search
minecraft:ticket_type	2	minecraft:dragon
minecraft:ticket_type	3	minecraft:player_loading
minecraft:ticket_type	4	minecraft:player_simulation
minecraft:ticket_type	5	minecraft:forced
minecraft:ticket_type	6	minecraft:portal
minecraft:ticket_type	7	minecraft:ender_pearl
minecraft:ticket_type	8	minecraft:unknown
minecraft:trigger_type	0	minecraft:impossible
minecraft:trigger_type	1	minecraft:player_killed_entity
minecraft:trigger_type	2	minecraft:entity_killed_player
minecraft:trigger_type	3	minecraft:enter_block
minecraft:trigger_type	4	minecraft:inventory_changed
minecraft:trigger_type	5	minecraft:recipe_unlocked
minecraft:trigger_type	6	minecraft:player_hurt_entity
minecraft:trigger_type	7	minecraft:entity_hurt_player
minecraft:trigger_type	8	minecraft:enchanted_item
minecraft:trigger_type	9	minecraft:filled_bucket
minecraft:trigger_type	10	minecraft:brewed_potion
minecraft:trigger_type	11	minecraft:construct_beacon
minecraft:trigger_type	12	minecraft:used_ender_eye
minecraft:trigger_type	13	minecraft:summoned_entity
minecraft:trigger_type	14	minecraft:bred_animals
minecraft:trigger_type	15	minecraft:location
minecraft:trigger_type	16	minecraft:slept_in_bed
minecraft:trigger_type	17	minecraft:cured_zombie_villager
minecraft:trigger_type	18	minecraft:villager_trade
minecraft:trigger_type	19	minecraft:item_durability_changed
minecraft:trigger_type	20	minecraft:levitation
minecraft:trigger_type	21	minecraft:changed_dimension
minecraft:trigger_type	22	minecraft:tick
minecraft:trigger_type	23	minecraft:tame_animal
minecraft:trigger_type	24	minecraft:placed_block
minecraft:trigger_type	25	minecraft:consume_item
minecraft:trigger_type	26	minecraft:effects_changed
minecraft:trigger_type	27	minecraft:used_totem
minecraft:trigger_type	28	minecraft:nether_travel
minecraft:trigger_type	29	minecraft:fishing_rod_hooked
minecraft:trigger_type	30	minecraft:channeled_lightning
minecraft:trigger_type	31	minecraft:shot_crossbow
minecraft:trigger_type	32	minecraft:spear_mobs
minecraft:trigger_type	33	minecraft:killed_by_arrow
minecraft:trigger_type	34	minecraft:hero_of_the_village
minecraft:trigger_type	35	minecraft:voluntary_exile
minecraft:trigger_type	36	minecraft:slide_down_block
minecraft:trigger_type	37	minecraft:bee_nest_destroyed
minecraft:trigger_type	38	minecraft:target_hit
minecraft:trigger_type	39	minecraft:item_used_on_block
minecraft:trigger_type	40	minecraft:default_block_use
minecraft:trigger_type	41	minecraft:any_block_use
minecraft:trigger_type	42	minecraft:player_generates_container_loot
minecraft:trigger_type	43	minecraft:thrown_item_picked_up_by_entity
minecraft:trigger_type	44	minecraft:thrown_item_picked_up_by_player
minecraft:trigger_type	45	minecraft:player_interacted_with_entity
minecraft:trigger_type	46	minecraft:player_sheared_equipment
minecraft:trigger_type	47	minecraft:started_riding
minecraft:trigger_type	48	minecraft:lightning_strike
minecraft:trigger_type	49	minecraft:using_item
minecraft:trigger_type	50	minecraft:fall_from_height
minecraft:trigger_type	51	minecraft:ride_entity_in_lava
minecraft:trigger_type	52	minecraft:kill_mob_near_sculk_catalyst
minecraft:trigger_type	53	minecraft:allay_drop_item_on_block
minecraft:trigger_type	54	minecraft:avoid_vibration
minecraft:trigger_type	55	minecraft:recipe_crafted
minecraft:trigger_type	56	minecraft:crafter_recipe_crafted
minecraft:trigger_type	57	minecraft:fall_after_explosion
minecraft:villager_profession	0	minecraft:none
minecraft:villager_profession	1	minecraft:armorer
minecraft:villager_profession	2	minecraft:butcher
minecraft:villager_profession	3	minecraft:cartographer
minecraft:villager_profession	4	minecraft:cleric
minecraft:villager_profession	5	minecraft:farmer
minecraft:villager_profession	6	minecraft:fisherman
minecraft:villager_profession	7	minecraft:fletcher
minecraft:villager_profession	8	minecraft:leatherworker
minecraft:villager_profession	9	minecraft:librarian
minecraft:villager_profession	10	minecraft:mason
minecraft:villager_profession	11	minecraft:nitwit
minecraft:villager_profession	12	minecraft:shepherd
minecraft:villager_profession	13	minecraft:toolsmith
minecraft:villager_profession	14	minecraft:weaponsmith
minecraft:villager_type	0	minecraft:desert
minecraft:villager_type	1	minecraft:jungle
minecraft:villager_type	2	minecraft:plains
minecraft:villager_type	3	minecraft:savanna
minecraft:villager_type	4	minecraft:snow
minecraft:villager_type	5	minecraft:swamp
minecraft:villager_type	6	minecraft:taiga
minecraft:worldgen/biome_source	0	minecraft:fixed
minecraft:worldgen/biome_source	1	minecraft:multi_noise
minecraft:worldgen/biome_source	2	minecraft:checkerboard
minecraft:worldgen/biome_source	3	minecraft:the_end
minecraft:worldgen/block_state_provider_type	0	minecraft:copy_properties
minecraft:worldgen/block_state_provider_type	1	minecraft:dual_noise
minecraft:worldgen/block_state_provider_type	2	minecraft:noise
minecraft:worldgen/block_state_provider_type	3	minecraft:noise_threshold
minecraft:worldgen/block_state_provider_type	4	minecraft:random_block
minecraft:worldgen/block_state_provider_type	5	minecraft:randomized_int
minecraft:worldgen/block_state_provider_type	6	minecraft:rotated
minecraft:worldgen/block_state_provider_type	7	minecraft:rule_based
minecraft:worldgen/block_state_provider_type	8	minecraft:simple
minecraft:worldgen/block_state_provider_type	9	minecraft:weighted
minecraft:worldgen/carver_type	0	minecraft:cave
minecraft:worldgen/carver_type	1	minecraft:canyon
minecraft:worldgen/chunk_generator	0	minecraft:noise
minecraft:worldgen/chunk_generator	1	minecraft:flat
minecraft:worldgen/chunk_generator	2	minecraft:debug
minecraft:worldgen/density_function_type	0	minecraft:constant
minecraft:worldgen/density_function_type	1	minecraft:blend_alpha
minecraft:worldgen/density_function_type	2	minecraft:blend_offset
minecraft:worldgen/density_function_type	3	minecraft:beardifier
minecraft:worldgen/density_function_type	4	minecraft:noise
minecraft:worldgen/density_function_type	5	minecraft:end_outer_islands
minecraft:worldgen/density_function_type	6	minecraft:distance_to_point
minecraft:worldgen/density_function_type	7	minecraft:gradient
minecraft:worldgen/density_function_type	8	minecraft:shift_a
minecraft:worldgen/density_function_type	9	minecraft:shift_b
minecraft:worldgen/density_function_type	10	minecraft:shift
minecraft:worldgen/density_function_type	11	minecraft:abs
minecraft:worldgen/density_function_type	12	minecraft:square
minecraft:worldgen/density_function_type	13	minecraft:cube
minecraft:worldgen/density_function_type	14	minecraft:sqrt
minecraft:worldgen/density_function_type	15	minecraft:half_negative
minecraft:worldgen/density_function_type	16	minecraft:quarter_negative
minecraft:worldgen/density_function_type	17	minecraft:reciprocal
minecraft:worldgen/density_function_type	18	minecraft:negate
minecraft:worldgen/density_function_type	19	minecraft:squeeze
minecraft:worldgen/density_function_type	20	minecraft:log
minecraft:worldgen/density_function_type	21	minecraft:sign
minecraft:worldgen/density_function_type	22	minecraft:floor
minecraft:worldgen/density_function_type	23	minecraft:round
minecraft:worldgen/density_function_type	24	minecraft:ceil
minecraft:worldgen/density_function_type	25	minecraft:truncate
minecraft:worldgen/density_function_type	26	minecraft:add
minecraft:worldgen/density_function_type	27	minecraft:sub
minecraft:worldgen/density_function_type	28	minecraft:mul
minecraft:worldgen/density_function_type	29	minecraft:div
minecraft:worldgen/density_function_type	30	minecraft:min
minecraft:worldgen/density_function_type	31	minecraft:max
minecraft:worldgen/density_function_type	32	minecraft:pow
minecraft:worldgen/density_function_type	33	minecraft:spline
minecraft:worldgen/density_function_type	34	minecraft:lerp
minecraft:worldgen/density_function_type	35	minecraft:clamp
minecraft:worldgen/density_function_type	36	minecraft:range_choice
minecraft:worldgen/density_function_type	37	minecraft:interval_select
minecraft:worldgen/density_function_type	38	minecraft:cache
minecraft:worldgen/density_function_type	39	minecraft:blend_density
minecraft:worldgen/density_function_type	40	minecraft:interpolated
minecraft:worldgen/density_function_type	41	minecraft:slice
minecraft:worldgen/density_function_type	42	minecraft:find_top_surface
minecraft:worldgen/density_function_type	43	minecraft:old_blended_noise
minecraft:worldgen/feature_size_type	0	minecraft:two_layers_feature_size
minecraft:worldgen/feature_size_type	1	minecraft:three_layers_feature_size
minecraft:worldgen/feature_type	0	minecraft:bamboo
minecraft:worldgen/feature_type	1	minecraft:block_blob
minecraft:worldgen/feature_type	2	minecraft:block_column
minecraft:worldgen/feature_type	3	minecraft:block_pile
minecraft:worldgen/feature_type	4	minecraft:blue_ice
minecraft:worldgen/feature_type	5	minecraft:bonus_chest
minecraft:worldgen/feature_type	6	minecraft:chorus_plant
minecraft:worldgen/feature_type	7	minecraft:coral_claw
minecraft:worldgen/feature_type	8	minecraft:coral_tree
minecraft:worldgen/feature_type	9	minecraft:delta_feature
minecraft:worldgen/feature_type	10	minecraft:disk
minecraft:worldgen/feature_type	11	minecraft:end_gateway
minecraft:worldgen/feature_type	12	minecraft:end_island
minecraft:worldgen/feature_type	13	minecraft:end_platform
minecraft:worldgen/feature_type	14	minecraft:end_podium
minecraft:worldgen/feature_type	15	minecraft:end_spike
minecraft:worldgen/feature_type	16	minecraft:fallen_tree
minecraft:worldgen/feature_type	17	minecraft:fill_layer
minecraft:worldgen/feature_type	18	minecraft:fossil
minecraft:worldgen/feature_type	19	minecraft:freeze_top_layer
minecraft:worldgen/feature_type	20	minecraft:geode
minecraft:worldgen/feature_type	21	minecraft:huge_brown_mushroom
minecraft:worldgen/feature_type	22	minecraft:huge_fungus
minecraft:worldgen/feature_type	23	minecraft:huge_red_mushroom
minecraft:worldgen/feature_type	24	minecraft:iceberg
minecraft:worldgen/feature_type	25	minecraft:lake
minecraft:worldgen/feature_type	26	minecraft:large_dripstone
minecraft:worldgen/feature_type	27	minecraft:monster_room
minecraft:worldgen/feature_type	28	minecraft:multiface_growth
minecraft:worldgen/feature_type	29	minecraft:netherrack_replace_blobs
minecraft:worldgen/feature_type	30	minecraft:no_op
minecraft:worldgen/feature_type	31	minecraft:ore
minecraft:worldgen/feature_type	32	minecraft:overlay
minecraft:worldgen/feature_type	33	minecraft:projected_random_patchy_square
minecraft:worldgen/feature_type	34	minecraft:random_boolean_selector
minecraft:worldgen/feature_type	35	minecraft:random_neighbor_spread
minecraft:worldgen/feature_type	36	minecraft:random_selector
minecraft:worldgen/feature_type	37	minecraft:replace_single_block
minecraft:worldgen/feature_type	38	minecraft:root_system
minecraft:worldgen/feature_type	39	minecraft:scattered_ore
minecraft:worldgen/feature_type	40	minecraft:sculk_patch
minecraft:worldgen/feature_type	41	minecraft:sequence
minecraft:worldgen/feature_type	42	minecraft:simple_block
minecraft:worldgen/feature_type	43	minecraft:simple_random_selector
minecraft:worldgen/feature_type	44	minecraft:single_block_pillar
minecraft:worldgen/feature_type	45	minecraft:speleothem
minecraft:worldgen/feature_type	46	minecraft:speleothem_cluster
minecraft:worldgen/feature_type	47	minecraft:spike
minecraft:worldgen/feature_type	48	minecraft:spring_feature
minecraft:worldgen/feature_type	49	minecraft:stepped_column_cluster
minecraft:worldgen/feature_type	50	minecraft:template
minecraft:worldgen/feature_type	51	minecraft:tree
minecraft:worldgen/feature_type	52	minecraft:underwater_magma
minecraft:worldgen/feature_type	53	minecraft:vegetation_patch
minecraft:worldgen/feature_type	54	minecraft:vines
minecraft:worldgen/feature_type	55	minecraft:void_start_platform
minecraft:worldgen/feature_type	56	minecraft:waterlogged_vegetation_patch
minecraft:worldgen/feature_type	57	minecraft:weighted_random_selector
minecraft:worldgen/foliage_placer_type	0	minecraft:blob_foliage_placer
minecraft:worldgen/foliage_placer_type	1	minecraft:spruce_foliage_placer
minecraft:worldgen/foliage_placer_type	2	minecraft:pine_foliage_placer
minecraft:worldgen/foliage_placer_type	3	minecraft:acacia_foliage_placer
minecraft:worldgen/foliage_placer_type	4	minecraft:bush_foliage_placer
minecraft:worldgen/foliage_placer_type	5	minecraft:fancy_foliage_placer
minecraft:worldgen/foliage_placer_type	6	minecraft:jungle_foliage_placer
minecraft:worldgen/foliage_placer_type	7	minecraft:mega_pine_foliage_placer
minecraft:worldgen/foliage_placer_type	8	minecraft:dark_oak_foliage_placer
minecraft:worldgen/foliage_placer_type	9	minecraft:random_spread_foliage_placer
minecraft:worldgen/foliage_placer_type	10	minecraft:cherry_foliage_placer
minecraft:worldgen/foliage_placer_type	11	minecraft:poplar_foliage_placer
minecraft:worldgen/material_condition_type	0	minecraft:biome
minecraft:worldgen/material_condition_type	1	minecraft:noise_threshold
minecraft:worldgen/material_condition_type	2	minecraft:vertical_gradient
minecraft:worldgen/material_condition_type	3	minecraft:y_above
minecraft:worldgen/material_condition_type	4	minecraft:water
minecraft:worldgen/material_condition_type	5	minecraft:temperature
minecraft:worldgen/material_condition_type	6	minecraft:steep
minecraft:worldgen/material_condition_type	7	minecraft:not
minecraft:worldgen/material_condition_type	8	minecraft:hole
minecraft:worldgen/material_condition_type	9	minecraft:above_preliminary_surface
minecraft:worldgen/material_condition_type	10	minecraft:stone_depth
minecraft:worldgen/material_rule_type	0	minecraft:block
minecraft:worldgen/material_rule_type	1	minecraft:bandlands
minecraft:worldgen/material_rule_type	2	minecraft:sequence
minecraft:worldgen/material_rule_type	3	minecraft:condition
minecraft:worldgen/material_rule_type	4	minecraft:ore_vein
minecraft:worldgen/placement_modifier_type	0	minecraft:block_predicate_filter
minecraft:worldgen/placement_modifier_type	1	minecraft:rarity_filter
minecraft:worldgen/placement_modifier_type	2	minecraft:random_chance
minecraft:worldgen/placement_modifier_type	3	minecraft:surface_relative_threshold_filter
minecraft:worldgen/placement_modifier_type	4	minecraft:surface_water_depth_filter
minecraft:worldgen/placement_modifier_type	5	minecraft:biome
minecraft:worldgen/placement_modifier_type	6	minecraft:count
minecraft:worldgen/placement_modifier_type	7	minecraft:noise_based_count
minecraft:worldgen/placement_modifier_type	8	minecraft:noise_threshold_count
minecraft:worldgen/placement_modifier_type	9	minecraft:count_on_every_layer
minecraft:worldgen/placement_modifier_type	10	minecraft:cuboid
minecraft:worldgen/placement_modifier_type	11	minecraft:environment_scan
minecraft:worldgen/placement_modifier_type	12	minecraft:heightmap
minecraft:worldgen/placement_modifier_type	13	minecraft:height_range
minecraft:worldgen/placement_modifier_type	14	minecraft:in_square
minecraft:worldgen/placement_modifier_type	15	minecraft:offset
minecraft:worldgen/placement_modifier_type	16	minecraft:randomly_selected
minecraft:worldgen/placement_modifier_type	17	minecraft:fixed_placement
minecraft:worldgen/pool_alias_binding	0	minecraft:random
minecraft:worldgen/pool_alias_binding	1	minecraft:random_group
minecraft:worldgen/pool_alias_binding	2	minecraft:direct
minecraft:worldgen/root_placer_type	0	minecraft:mangrove_root_placer
minecraft:worldgen/structure_piece	0	minecraft:mscorridor
minecraft:worldgen/structure_piece	1	minecraft:mscrossing
minecraft:worldgen/structure_piece	2	minecraft:msroom
minecraft:worldgen/structure_piece	3	minecraft:msstairs
minecraft:worldgen/structure_piece	4	minecraft:nebcr
minecraft:worldgen/structure_piece	5	minecraft:nebef
minecraft:worldgen/structure_piece	6	minecraft:nebs
minecraft:worldgen/structure_piece	7	minecraft:neccs
minecraft:worldgen/structure_piece	8	minecraft:nectb
minecraft:worldgen/structure_piece	9	minecraft:nece
minecraft:worldgen/structure_piece	10	minecraft:nescsc
minecraft:worldgen/structure_piece	11	minecraft:nesclt
minecraft:worldgen/structure_piece	12	minecraft:nesc
minecraft:worldgen/structure_piece	13	minecraft:nescrt
minecraft:worldgen/structure_piece	14	minecraft:necsr
minecraft:worldgen/structure_piece	15	minecraft:nemt
minecraft:worldgen/structure_piece	16	minecraft:nerc
minecraft:worldgen/structure_piece	17	minecraft:nesr
minecraft:worldgen/structure_piece	18	minecraft:nestart
minecraft:worldgen/structure_piece	19	minecraft:shcc
minecraft:worldgen/structure_piece	20	minecraft:shfc
minecraft:worldgen/structure_piece	21	minecraft:sh5c
minecraft:worldgen/structure_piece	22	minecraft:shlt
minecraft:worldgen/structure_piece	23	minecraft:shli
minecraft:worldgen/structure_piece	24	minecraft:shpr
minecraft:worldgen/structure_piece	25	minecraft:shph
minecraft:worldgen/structure_piece	26	minecraft:shrt
minecraft:worldgen/structure_piece	27	minecraft:shrc
minecraft:worldgen/structure_piece	28	minecraft:shsd
minecraft:worldgen/structure_piece	29	minecraft:shstart
minecraft:worldgen/structure_piece	30	minecraft:shs
minecraft:worldgen/structure_piece	31	minecraft:shssd
minecraft:worldgen/structure_piece	32	minecraft:tejp
minecraft:worldgen/structure_piece	33	minecraft:orp
minecraft:worldgen/structure_piece	34	minecraft:iglu
minecraft:worldgen/structure_piece	35	minecraft:rupo
minecraft:worldgen/structure_piece	36	minecraft:tesh
minecraft:worldgen/structure_piece	37	minecraft:tedp
minecraft:worldgen/structure_piece	38	minecraft:omb
minecraft:worldgen/structure_piece	39	minecraft:omcr
minecraft:worldgen/structure_piece	40	minecraft:omdxr
minecraft:worldgen/structure_piece	41	minecraft:omdxyr
minecraft:worldgen/structure_piece	42	minecraft:omdyr
minecraft:worldgen/structure_piece	43	minecraft:omdyzr
minecraft:worldgen/structure_piece	44	minecraft:omdzr
minecraft:worldgen/structure_piece	45	minecraft:omentry
minecraft:worldgen/structure_piece	46	minecraft:ompenthouse
minecraft:worldgen/structure_piece	47	minecraft:omsimple
minecraft:worldgen/structure_piece	48	minecraft:omsimplet
minecraft:worldgen/structure_piece	49	minecraft:omwr
minecraft:worldgen/structure_piece	50	minecraft:ecp
minecraft:worldgen/structure_piece	51	minecraft:wmp
minecraft:worldgen/structure_piece	52	minecraft:btp
minecraft:worldgen/structure_piece	53	minecraft:shipwreck
minecraft:worldgen/structure_piece	54	minecraft:nefos
minecraft:worldgen/structure_piece	55	minecraft:jigsaw
minecraft:worldgen/structure_placement	0	minecraft:concentric_rings
minecraft:worldgen/structure_placement	1	minecraft:dimension_origin
minecraft:worldgen/structure_placement	2	minecraft:random_spread
minecraft:worldgen/structure_pool_element	0	minecraft:single_pool_element
minecraft:worldgen/structure_pool_element	1	minecraft:list_pool_element
minecraft:worldgen/structure_pool_element	2	minecraft:feature_pool_element
minecraft:worldgen/structure_pool_element	3	minecraft:empty_pool_element
minecraft:worldgen/structure_pool_element	4	minecraft:legacy_single_pool_element
minecraft:worldgen/structure_processor	0	minecraft:blackstone_replace
minecraft:worldgen/structure_processor	1	minecraft:block_age
minecraft:worldgen/structure_processor	2	minecraft:block_ignore
minecraft:worldgen/structure_processor	3	minecraft:block_rot
minecraft:worldgen/structure_processor	4	minecraft:capped
minecraft:worldgen/structure_processor	5	minecraft:gravity
minecraft:worldgen/structure_processor	6	minecraft:jigsaw_replacement
minecraft:worldgen/structure_processor	7	minecraft:lava_submerged_block
minecraft:worldgen/structure_processor	8	minecraft:nop
minecraft:worldgen/structure_processor	9	minecraft:protected_blocks
minecraft:worldgen/structure_processor	10	minecraft:rule
minecraft:worldgen/structure_type	0	minecraft:buried_treasure
minecraft:worldgen/structure_type	1	minecraft:desert_pyramid
minecraft:worldgen/structure_type	2	minecraft:end_city
minecraft:worldgen/structure_type	3	minecraft:fortress
minecraft:worldgen/structure_type	4	minecraft:igloo
minecraft:worldgen/structure_type	5	minecraft:jigsaw
minecraft:worldgen/structure_type	6	minecraft:jungle_temple
minecraft:worldgen/structure_type	7	minecraft:mineshaft
minecraft:worldgen/structure_type	8	minecraft:nether_fossil
minecraft:worldgen/structure_type	9	minecraft:ocean_monument
minecraft:worldgen/structure_type	10	minecraft:ocean_ruin
minecraft:worldgen/structure_type	11	minecraft:ruined_portal
minecraft:worldgen/structure_type	12	minecraft:shipwreck
minecraft:worldgen/structure_type	13	minecraft:stronghold
minecraft:worldgen/structure_type	14	minecraft:swamp_hut
minecraft:worldgen/structure_type	15	minecraft:woodland_mansion
minecraft:worldgen/tree_decorator_type	0	minecraft:trunk_vine
minecraft:worldgen/tree_decorator_type	1	minecraft:leave_vine
minecraft:worldgen/tree_decorator_type	2	minecraft:pale_moss
minecraft:worldgen/tree_decorator_type	3	minecraft:creaking_heart
minecraft:worldgen/tree_decorator_type	4	minecraft:cocoa
minecraft:worldgen/tree_decorator_type	5	minecraft:shelf_mushroom
minecraft:worldgen/tree_decorator_type	6	minecraft:beehive
minecraft:worldgen/tree_decorator_type	7	minecraft:alter_ground
minecraft:worldgen/tree_decorator_type	8	minecraft:attached_to_leaves
minecraft:worldgen/tree_decorator_type	9	minecraft:place_on_ground
minecraft:worldgen/tree_decorator_type	10	minecraft:attached_to_logs
minecraft:worldgen/trunk_placer_type	0	minecraft:straight_trunk_placer
minecraft:worldgen/trunk_placer_type	1	minecraft:forking_trunk_placer
minecraft:worldgen/trunk_placer_type	2	minecraft:giant_trunk_placer
minecraft:worldgen/trunk_placer_type	3	minecraft:mega_jungle_trunk_placer
minecraft:worldgen/trunk_placer_type	4	minecraft:dark_oak_trunk_placer
minecraft:worldgen/trunk_placer_type	5	minecraft:fancy_trunk_placer
minecraft:worldgen/trunk_placer_type	6	minecraft:bending_trunk_placer
minecraft:worldgen/trunk_placer_type	7	minecraft:upwards_branching_trunk_placer
minecraft:worldgen/trunk_placer_type	8	minecraft:cherry_trunk_placer
minecraft:worldgen/trunk_placer_type	9	minecraft:poplar_trunk_placer
