item_id	identifier	item_class	description_id	item_default_max_stack_size	default_stack_max_stack_size	default_max_damage	default_damage	default_count	default_empty	default_stackable	default_damageable	fits_inside_container_items	enabled_default_flags	required_features_json	rarity	use_animation	has_foil	enchantable	crafting_remainder_json	default_component_set_id	default_components_sha256	report_components_sha256
0	minecraft:air	net.minecraft.world.item.AirItem	block.minecraft.air	64	1	0	0	0	True	False	False	True	True	["minecraft:vanilla"]	COMMON	NONE	False	False	{"present":false}	150	0ddd52d58f575d40e27e24d04584bbd37aaa83372efc2c30b12bf8c71b843540	0ddd52d58f575d40e27e24d04584bbd37aaa83372efc2c30b12bf8c71b843540
1	minecraft:stone	net.minecraft.world.item.BlockItem	block.minecraft.stone	64	64	0	0	1	False	True	False	True	True	["minecraft:vanilla"]	COMMON	NONE	False	False	{"present":false}	1386	5b59e002f4f7936d6af1fe77fc08cdfd019c0ab140dcc2b62f0ce3562be37a6b	5b59e002f4f7936d6af1fe77fc08cdfd019c0ab140dcc2b62f0ce3562be37a6b
2	minecraft:granite	net.minecraft.world.item.BlockItem	block.minecraft.granite	64	64	0	0	1	False	True	False	True	True	["minecraft:vanilla"]	COMMON	NONE	False	False	{"present":false}	195	3d2d4a892928cd8d7162b792c5c21f9acabc58f76d03b017f7df9bf6cc852bf8	3d2d4a892928cd8d7162b792c5c21f9acabc58f76d03b017f7df9bf6cc852bf8
3	minecraft:polished_granite	net.minecraft.world.item.BlockItem	block.minecraft.polished_granite	64	64	0	0	1	False	True	False	True	True	["minecraft:vanilla"]	COMMON	NONE	False	False	{"present":false}	650	c8f8eb1afb9f56be66ff15f4c2d1086a8b4b14cf465db173c59d9b4a3ae818b3	c8f8eb1afb9f56be66ff15f4c2d1086a8b4b14cf465db173c59d9b4a3ae818b3
4	minecraft:diorite	net.minecraft.world.item.BlockItem	block.minecraft.diorite	64	64	0	0	1	False	True	False	True	True	["minecraft:vanilla"]	COMMON	NONE	False	False	{"present":false}	871	f39e9ab39f5a05103f504099e722bbd46bbbba978df7d9cb13ad901648176bd9	f39e9ab39f5a05103f504099e722bbd46bbbba978df7d9cb13ad901648176bd9
5	minecraft:polished_diorite	net.minecraft.world.item.BlockItem	block.minecraft.polished_diorite	64	64	0	0	1	False	True	False	True	True	["minecraft:vanilla"]	COMMON	NONE	False	False	{"present":false}	427	7ee0b67d041cd9d37b5b26f7309c574cb35fb4ad9df11eff784355a8003bbcb4	7ee0b67d041cd9d37b5b26f7309c574cb35fb4ad9df11eff784355a8003bbcb4
6	minecraft:andesite	net.minecraft.world.item.BlockItem	block.minecraft.andesite	64	64	0	0	1	False	True	False	True	True	["minecraft:vanilla"]	COMMON	NONE	False	False	{"present":false}	633	b4a3c3f95c6f141069af8aedc24bbc872a798080209e0dd462c27b948fa1301d	b4a3c3f95c6f141069af8aedc24bbc872a798080209e0dd462c27b948fa1301d
7	minecraft:polished_andesite	net.minecraft.world.item.BlockItem	block.minecraft.polished_andesite	64	64	0	0	1	False	True	False	True	True	["minecraft:vanilla"]	COMMON	NONE	False	False	{"present":false}	696	8a2fc684cca8f783541c304029c20a79c1e3f1b218f6ae8566522b0605beed89	8a2fc684cca8f783541c304029c20a79c1e3f1b218f6ae8566522b0605beed89
8	minecraft:deepslate	net.minecraft.world.item.BlockItem	block.minecraft.deepslate	64	64	0	0	1	False	True	False	True	True	["minecraft:vanilla"]	COMMON	NONE	False	False	{"present":false}	1304	99d40de52410b0c40b9d7ac349999cbc95f8f42928d413bacf31ee38f339e798	99d40de52410b0c40b9d7ac349999cbc95f8f42928d413bacf31ee38f339e798
9	minecraft:cobbled_deepslate	net.minecraft.world.item.BlockItem	block.minecraft.cobbled_deepslate	64	64	0	0	1	False	True	False	True	True	["minecraft:vanilla"]	COMMON	NONE	False	False	{"present":false}	1130	538c222e710b21ff05e7e16a9d7664a5ff407ab94a0b8601e48d795491b1dc51	538c222e710b21ff05e7e16a9d7664a5ff407ab94a0b8601e48d795491b1dc51
10	minecraft:polished_deepslate	net.minecraft.world.item.BlockItem	block.minecraft.polished_deepslate	64	64	0	0	1	False	True	False	True	True	["minecraft:vanilla"]	COMMON	NONE	False	False	{"present":false}	350	cf4a80c97804c2c1a7a3118cd48204aa88bb201c1ce11c982b29a34ef1bb6762	cf4a80c97804c2c1a7a3118cd48204aa88bb201c1ce11c982b29a34ef1bb6762
11	minecraft:calcite	net.minecraft.world.item.BlockItem	block.minecraft.calcite	64	64	0	0	1	False	True	False	True	True	["minecraft:vanilla"]	COMMON	NONE	False	False	{"present":false}	1435	928d9e1e3a6bea6d852c0fff8ae7e04701611efb22b9df4dc0a8be51676c15b4	928d9e1e3a6bea6d852c0fff8ae7e04701611efb22b9df4dc0a8be51676c15b4
12	minecraft:tuff	net.minecraft.world.item.BlockItem	block.minecraft.tuff	64	64	0	0	1	False	True	False	True	True	["minecraft:vanilla"]	COMMON	NONE	False	False	{"present":false}	1083	fb9ba26df57ff0d0f03ac8a48d28871f2085a38d87697a8075c71ddec487cef0	fb9ba26df57ff0d0f03ac8a48d28871f2085a38d87697a8075c71ddec487cef0
13	minecraft:tuff_slab	net.minecraft.world.item.BlockItem	block.minecraft.tuff_slab	64	64	0	0	1	False	True	False	True	True	["minecraft:vanilla"]	COMMON	NONE	False	False	{"present":false}	345	da71d88910f9011aa0a5fcb45e919fdc9ca9cf1065bd7abd40a6e385d97ad5cb	da71d88910f9011aa0a5fcb45e919fdc9ca9cf1065bd7abd40a6e385d97ad5cb
14	minecraft:tuff_stairs	net.minecraft.world.item.BlockItem	block.minecraft.tuff_stairs	64	64	0	0	1	False	True	False	True	True	["minecraft:vanilla"]	COMMON	NONE	False	False	{"present":false}	239	80eb18c7ff5ed2ead75eb4845292e4d8629e05d633c6bba87f206c55e5c16348	80eb18c7ff5ed2ead75eb4845292e4d8629e05d633c6bba87f206c55e5c16348
15	minecraft:tuff_wall	net.minecraft.world.item.BlockItem	block.minecraft.tuff_wall	64	64	0	0	1	False	True	False	True	True	["minecraft:vanilla"]	COMMON	NONE	False	False	{"present":false}	1576	14fd83a69c298dd7fffe582b22164c43e94573b2b6a5e88bae332eb77c1695a4	14fd83a69c298dd7fffe582b22164c43e94573b2b6a5e88bae332eb77c1695a4
16	minecraft:chiseled_tuff	net.minecraft.world.item.BlockItem	block.minecraft.chiseled_tuff	64	64	0	0	1	False	True	False	True	True	["minecraft:vanilla"]	COMMON	NONE	False	False	{"present":false}	676	aa181490e9080e15afcacf3d75a894325c3a733025b287e1ccfbc8edb39f47d9	aa181490e9080e15afcacf3d75a894325c3a733025b287e1ccfbc8edb39f47d9
17	minecraft:polished_tuff	net.minecraft.world.item.BlockItem	block.minecraft.polished_tuff	64	64	0	0	1	False	True	False	True	True	["minecraft:vanilla"]	COMMON	NONE	False	False	{"present":false}	674	b0deeb0fd2915ce3bc8879296f7bbd964be790a883099a459bece93c705add77	b0deeb0fd2915ce3bc8879296f7bbd964be790a883099a459bece93c705add77
18	minecraft:polished_tuff_slab	net.minecraft.world.item.BlockItem	block.minecraft.polished_tuff_slab	64	64	0	0	1	False	True	False	True	True	["minecraft:vanilla"]	COMMON	NONE	False	False	{"present":false}	75	51f4ca61cfbcd67ed6eb9c8ca51130e2a786ac2d3e422e3e8e8ffd32ed7279b4	51f4ca61cfbcd67ed6eb9c8ca51130e2a786ac2d3e422e3e8e8ffd32ed7279b4
19	minecraft:polished_tuff_stairs	net.minecraft.world.item.BlockItem	block.minecraft.polished_tuff_stairs	64	64	0	0	1	False	True	False	True	True	["minecraft:vanilla"]	COMMON	NONE	False	False	{"present":false}	95	06c1788c07ecfd0a43abf502b2605171191861ce0787f195fcdd485ea38c4d3a	06c1788c07ecfd0a43abf502b2605171191861ce0787f195fcdd485ea38c4d3a
20	minecraft:polished_tuff_wall	net.minecraft.world.item.BlockItem	block.minecraft.polished_tuff_wall	64	64	0	0	1	False	True	False	True	True	["minecraft:vanilla"]	COMMON	NONE	False	False	{"present":false}	428	e6b0d612f6f1f173b40d2e8664a8f85c75b80f4a4b79fec1bda697f7d44a0781	e6b0d612f6f1f173b40d2e8664a8f85c75b80f4a4b79fec1bda697f7d44a0781
21	minecraft:tuff_bricks	net.minecraft.world.item.BlockItem	block.minecraft.tuff_bricks	64	64	0	0	1	False	True	False	True	True	["minecraft:vanilla"]	COMMON	NONE	False	False	{"present":false}	4	42e9783091cd893fc7140bb57f7f83db29bcda76ad34287be128ff51d00b7390	42e9783091cd893fc7140bb57f7f83db29bcda76ad34287be128ff51d00b7390
22	minecraft:tuff_brick_slab	net.minecraft.world.item.BlockItem	block.minecraft.tuff_brick_slab	64	64	0	0	1	False	True	False	True	True	["minecraft:vanilla"]	COMMON	NONE	False	False	{"present":false}	1346	cfa6f64732a1f4a1c8a3a74508a3a9f044d189d7281e8bfcedf9c9486e61b710	cfa6f64732a1f4a1c8a3a74508a3a9f044d189d7281e8bfcedf9c9486e61b710
23	minecraft:tuff_brick_stairs	net.minecraft.world.item.BlockItem	block.minecraft.tuff_brick_stairs	64	64	0	0	1	False	True	False	True	True	["minecraft:vanilla"]	COMMON	NONE	False	False	{"present":false}	2	06595d5dc0aae8a5b15efda108e1e635d6c03f0d9180e1f4cd09b2c6304a97f5	06595d5dc0aae8a5b15efda108e1e635d6c03f0d9180e1f4cd09b2c6304a97f5
24	minecraft:tuff_brick_wall	net.minecraft.world.item.BlockItem	block.minecraft.tuff_brick_wall	64	64	0	0	1	False	True	False	True	True	["minecraft:vanilla"]	COMMON	NONE	False	False	{"present":false}	1352	52601fcf3432f9e3fa11bf4a279362a6f2eb771cbc31114c570538b3e62663aa	52601fcf3432f9e3fa11bf4a279362a6f2eb771cbc31114c570538b3e62663aa
25	minecraft:chiseled_tuff_bricks	net.minecraft.world.item.BlockItem	block.minecraft.chiseled_tuff_bricks	64	64	0	0	1	False	True	False	True	True	["minecraft:vanilla"]	COMMON	NONE	False	False	{"present":false}	266	07fadca6cc1105145cc22b6b65045b02941f0dd154ad9dc3646eb46111be13e5	07fadca6cc1105145cc22b6b65045b02941f0dd154ad9dc3646eb46111be13e5
26	minecraft:sulfur	net.minecraft.world.item.BlockItem	block.minecraft.sulfur	64	64	0	0	1	False	True	False	True	True	["minecraft:vanilla"]	COMMON	NONE	False	False	{"present":false}	1125	8cafb0b456825aaffc7ff907c1e3f55cd20f2d335889c153b11ead0dad038e08	8cafb0b456825aaffc7ff907c1e3f55cd20f2d335889c153b11ead0dad038e08
27	minecraft:potent_sulfur	net.minecraft.world.item.BlockItem	block.minecraft.potent_sulfur	64	64	0	0	1	False	True	False	True	True	["minecraft:vanilla"]	COMMON	NONE	False	False	{"present":false}	1569	34da892a29e6da55ed5182053259d24bc917bd73840fd55331e47085221c5793	34da892a29e6da55ed5182053259d24bc917bd73840fd55331e47085221c5793
28	minecraft:sulfur_slab	net.minecraft.world.item.BlockItem	block.minecraft.sulfur_slab	64	64	0	0	1	False	True	False	True	True	["minecraft:vanilla"]	COMMON	NONE	False	False	{"present":false}	433	eac3dae371dfc3e56a565f5c494bb8298d0720949f32989113e928834669fafe	eac3dae371dfc3e56a565f5c494bb8298d0720949f32989113e928834669fafe
29	minecraft:sulfur_stairs	net.minecraft.world.item.BlockItem	block.minecraft.sulfur_stairs	64	64	0	0	1	False	True	False	True	True	["minecraft:vanilla"]	COMMON	NONE	False	False	{"present":false}	1178	fdc493902d8c1ec31f03455174e953d2a5eef0de085a6f56744f0fddc620d28a	fdc493902d8c1ec31f03455174e953d2a5eef0de085a6f56744f0fddc620d28a
30	minecraft:sulfur_wall	net.minecraft.world.item.BlockItem	block.minecraft.sulfur_wall	64	64	0	0	1	False	True	False	True	True	["minecraft:vanilla"]	COMMON	NONE	False	False	{"present":false}	789	57d1e7c03cec489da9bdb762ecb5511cbe263af8c71f63e1d473db3000535c47	57d1e7c03cec489da9bdb762ecb5511cbe263af8c71f63e1d473db3000535c47
31	minecraft:polished_sulfur	net.minecraft.world.item.BlockItem	block.minecraft.polished_sulfur	64	64	0	0	1	False	True	False	True	True	["minecraft:vanilla"]	COMMON	NONE	False	False	{"present":false}	1632	225e7b44863ed5afb8c2e5fed825849090c16d7fff9e4bc9d9180dbc4b8f6a79	225e7b44863ed5afb8c2e5fed825849090c16d7fff9e4bc9d9180dbc4b8f6a79
32	minecraft:polished_sulfur_slab	net.minecraft.world.item.BlockItem	block.minecraft.polished_sulfur_slab	64	64	0	0	1	False	True	False	True	True	["minecraft:vanilla"]	COMMON	NONE	False	False	{"present":false}	760	13406adb5f298628b91fa3c617690742564143c37a019a2d969253b9ac856cf5	13406adb5f298628b91fa3c617690742564143c37a019a2d969253b9ac856cf5
33	minecraft:polished_sulfur_stairs	net.minecraft.world.item.BlockItem	block.minecraft.polished_sulfur_stairs	64	64	0	0	1	False	True	False	True	True	["minecraft:vanilla"]	COMMON	NONE	False	False	{"present":false}	733	00d27e188f6c8a19a6f3add77bcc71b980d987fc245a672dc73c9817de982cd2	00d27e188f6c8a19a6f3add77bcc71b980d987fc245a672dc73c9817de982cd2
34	minecraft:polished_sulfur_wall	net.minecraft.world.item.BlockItem	block.minecraft.polished_sulfur_wall	64	64	0	0	1	False	True	False	True	True	["minecraft:vanilla"]	COMMON	NONE	False	False	{"present":false}	1170	e09b3e945a5278e81a6b142d98ba8fe71ac0dbd1829bfeb039b4bbe6eba655f0	e09b3e945a5278e81a6b142d98ba8fe71ac0dbd1829bfeb039b4bbe6eba655f0
35	minecraft:sulfur_bricks	net.minecraft.world.item.BlockItem	block.minecraft.sulfur_bricks	64	64	0	0	1	False	True	False	True	True	["minecraft:vanilla"]	COMMON	NONE	False	False	{"present":false}	1548	76d44d46087b40163fb338d747946e7880f2f5f0c27a8d734b84a381ce974c22	76d44d46087b40163fb338d747946e7880f2f5f0c27a8d734b84a381ce974c22
36	minecraft:sulfur_brick_slab	net.minecraft.world.item.BlockItem	block.minecraft.sulfur_brick_slab	64	64	0	0	1	False	True	False	True	True	["minecraft:vanilla"]	COMMON	NONE	False	False	{"present":false}	1662	3197a213e9c2dffded425d451fb36253bf49da84c30662140194ee1c27b62f6a	3197a213e9c2dffded425d451fb36253bf49da84c30662140194ee1c27b62f6a
37	minecraft:sulfur_brick_stairs	net.minecraft.world.item.BlockItem	block.minecraft.sulfur_brick_stairs	64	64	0	0	1	False	True	False	True	True	["minecraft:vanilla"]	COMMON	NONE	False	False	{"present":false}	1447	da3f8596ada2513830a4ca5a5f15a5406dbf561e1accf4d7b31050db31a04f5b	da3f8596ada2513830a4ca5a5f15a5406dbf561e1accf4d7b31050db31a04f5b
38	minecraft:sulfur_brick_wall	net.minecraft.world.item.BlockItem	block.minecraft.sulfur_brick_wall	64	64	0	0	1	False	True	False	True	True	["minecraft:vanilla"]	COMMON	NONE	False	False	{"present":false}	1351	111a906a4afeb16c6bc02c105015f92c191895ddf3ee3e1d34e88e7cf15ee5be	111a906a4afeb16c6bc02c105015f92c191895ddf3ee3e1d34e88e7cf15ee5be
39	minecraft:chiseled_sulfur	net.minecraft.world.item.BlockItem	block.minecraft.chiseled_sulfur	64	64	0	0	1	False	True	False	True	True	["minecraft:vanilla"]	COMMON	NONE	False	False	{"present":false}	1073	b0a9a275a65e50d3115ca42232f214771a05409c604f9a1a5ebd4fb5c2ede152	b0a9a275a65e50d3115ca42232f214771a05409c604f9a1a5ebd4fb5c2ede152
40	minecraft:cinnabar	net.minecraft.world.item.BlockItem	block.minecraft.cinnabar	64	64	0	0	1	False	True	False	True	True	["minecraft:vanilla"]	COMMON	NONE	False	False	{"present":false}	1135	4aa66940ae855bb61e295f202dd05397f4bd5b272f6b57c56aa772a245c09836	4aa66940ae855bb61e295f202dd05397f4bd5b272f6b57c56aa772a245c09836
41	minecraft:cinnabar_slab	net.minecraft.world.item.BlockItem	block.minecraft.cinnabar_slab	64	64	0	0	1	False	True	False	True	True	["minecraft:vanilla"]	COMMON	NONE	False	False	{"present":false}	680	e5281992f76d960bf09698d00a3f4e12242f783b5f777c9c309da8d65d17c9a5	e5281992f76d960bf09698d00a3f4e12242f783b5f777c9c309da8d65d17c9a5
42	minecraft:cinnabar_stairs	net.minecraft.world.item.BlockItem	block.minecraft.cinnabar_stairs	64	64	0	0	1	False	True	False	True	True	["minecraft:vanilla"]	COMMON	NONE	False	False	{"present":false}	419	a9053080e5438adaf97bd1e3ca79c4b64fcb5d6bcc055223b7cf594e0b7dfa9d	a9053080e5438adaf97bd1e3ca79c4b64fcb5d6bcc055223b7cf594e0b7dfa9d
43	minecraft:cinnabar_wall	net.minecraft.world.item.BlockItem	block.minecraft.cinnabar_wall	64	64	0	0	1	False	True	False	True	True	["minecraft:vanilla"]	COMMON	NONE	False	False	{"present":false}	1375	614312459fd4e012e5051577d9518551c42cb4dab6eafdd456bc3af25b46dfd2	614312459fd4e012e5051577d9518551c42cb4dab6eafdd456bc3af25b46dfd2
44	minecraft:polished_cinnabar	net.minecraft.world.item.BlockItem	block.minecraft.polished_cinnabar	64	64	0	0	1	False	True	False	True	True	["minecraft:vanilla"]	COMMON	NONE	False	False	{"present":false}	928	5183e5c9d2a2012ad246ecfdb53a48313458549892c0f1484ef9dba34d7673d7	5183e5c9d2a2012ad246ecfdb53a48313458549892c0f1484ef9dba34d7673d7
45	minecraft:polished_cinnabar_slab	net.minecraft.world.item.BlockItem	block.minecraft.polished_cinnabar_slab	64	64	0	0	1	False	True	False	True	True	["minecraft:vanilla"]	COMMON	NONE	False	False	{"present":false}	1404	e5cc41c77f7d3ea8a888f4cadf44a97fb8a85ea60077e16d0a7237ee2d6fdf4e	e5cc41c77f7d3ea8a888f4cadf44a97fb8a85ea60077e16d0a7237ee2d6fdf4e
46	minecraft:polished_cinnabar_stairs	net.minecraft.world.item.BlockItem	block.minecraft.polished_cinnabar_stairs	64	64	0	0	1	False	True	False	True	True	["minecraft:vanilla"]	COMMON	NONE	False	False	{"present":false}	430	13d67e25db68acdbc1ac68a597080c8019b66ce921ea58c4b916a6f9cb5d5c1c	13d67e25db68acdbc1ac68a597080c8019b66ce921ea58c4b916a6f9cb5d5c1c
47	minecraft:polished_cinnabar_wall	net.minecraft.world.item.BlockItem	block.minecraft.polished_cinnabar_wall	64	64	0	0	1	False	True	False	True	True	["minecraft:vanilla"]	COMMON	NONE	False	False	{"present":false}	714	9568eeb9834f54b9b0c77d3d8110af33ec699e8fc777aed46144b22cdb2f30bf	9568eeb9834f54b9b0c77d3d8110af33ec699e8fc777aed46144b22cdb2f30bf
48	minecraft:cinnabar_bricks	net.minecraft.world.item.BlockItem	block.minecraft.cinnabar_bricks	64	64	0	0	1	False	True	False	True	True	["minecraft:vanilla"]	COMMON	NONE	False	False	{"present":false}	1498	18761b6303b58c219084cadbd6b147b9a596b5ce6a2474d39cce9e4593e6d9a8	18761b6303b58c219084cadbd6b147b9a596b5ce6a2474d39cce9e4593e6d9a8
49	minecraft:cinnabar_brick_slab	net.minecraft.world.item.BlockItem	block.minecraft.cinnabar_brick_slab	64	64	0	0	1	False	True	False	True	True	["minecraft:vanilla"]	COMMON	NONE	False	False	{"present":false}	308	0065eced523900471c5c619ba0adfca4101dc92b82f4aff19595667cc00688dc	0065eced523900471c5c619ba0adfca4101dc92b82f4aff19595667cc00688dc
50	minecraft:cinnabar_brick_stairs	net.minecraft.world.item.BlockItem	block.minecraft.cinnabar_brick_stairs	64	64	0	0	1	False	True	False	True	True	["minecraft:vanilla"]	COMMON	NONE	False	False	{"present":false}	467	62f5d087cf3b7b4214c26c4435f1fe5a023d5e2336f19217381e60609cd7f5d1	62f5d087cf3b7b4214c26c4435f1fe5a023d5e2336f19217381e60609cd7f5d1
51	minecraft:cinnabar_brick_wall	net.minecraft.world.item.BlockItem	block.minecraft.cinnabar_brick_wall	64	64	0	0	1	False	True	False	True	True	["minecraft:vanilla"]	COMMON	NONE	False	False	{"present":false}	570	a003ed921ab461937bc4e3bbf17e024bc296b4319fd55de3f12fc7d755a9bb1b	a003ed921ab461937bc4e3bbf17e024bc296b4319fd55de3f12fc7d755a9bb1b
52	minecraft:chiseled_cinnabar	net.minecraft.world.item.BlockItem	block.minecraft.chiseled_cinnabar	64	64	0	0	1	False	True	False	True	True	["minecraft:vanilla"]	COMMON	NONE	False	False	{"present":false}	968	2501940a471e8c1196195af86fa3b98ddf95604c7f9c52fd4ea3c6bbd8e9b503	2501940a471e8c1196195af86fa3b98ddf95604c7f9c52fd4ea3c6bbd8e9b503
53	minecraft:dripstone_block	net.minecraft.world.item.BlockItem	block.minecraft.dripstone_block	64	64	0	0	1	False	True	False	True	True	["minecraft:vanilla"]	COMMON	NONE	False	False	{"present":false}	869	4127a9a17b9d4ea199d5d567d2a6eddd4b42c5c720e7f03580b3cb7619076fbe	4127a9a17b9d4ea199d5d567d2a6eddd4b42c5c720e7f03580b3cb7619076fbe
54	minecraft:grass_block	net.minecraft.world.item.BlockItem	block.minecraft.grass_block	64	64	0	0	1	False	True	False	True	True	["minecraft:vanilla"]	COMMON	NONE	False	False	{"present":false}	183	22e7315e8f82b280cc995a26060efa7128b747378a62ff93468b9f564e8fbf6c	22e7315e8f82b280cc995a26060efa7128b747378a62ff93468b9f564e8fbf6c
55	minecraft:dirt	net.minecraft.world.item.BlockItem	block.minecraft.dirt	64	64	0	0	1	False	True	False	True	True	["minecraft:vanilla"]	COMMON	NONE	False	False	{"present":false}	454	8cc25b8a8b7ea7bf7b95173f23fde8e1716e70150455faca1feafccb1111def6	8cc25b8a8b7ea7bf7b95173f23fde8e1716e70150455faca1feafccb1111def6
56	minecraft:coarse_dirt	net.minecraft.world.item.BlockItem	block.minecraft.coarse_dirt	64	64	0	0	1	False	True	False	True	True	["minecraft:vanilla"]	COMMON	NONE	False	False	{"present":false}	708	b01394f8d36a092dfdaa5e3030a1ea068e6f856ee7f00ed233ddeee2ba9c1aa3	b01394f8d36a092dfdaa5e3030a1ea068e6f856ee7f00ed233ddeee2ba9c1aa3
57	minecraft:podzol	net.minecraft.world.item.BlockItem	block.minecraft.podzol	64	64	0	0	1	False	True	False	True	True	["minecraft:vanilla"]	COMMON	NONE	False	False	{"present":false}	843	1295cbbfa25fe09e65d445b4093be2958f39b31b4061fe41b3102c2f7479acb3	1295cbbfa25fe09e65d445b4093be2958f39b31b4061fe41b3102c2f7479acb3
58	minecraft:rooted_dirt	net.minecraft.world.item.BlockItem	block.minecraft.rooted_dirt	64	64	0	0	1	False	True	False	True	True	["minecraft:vanilla"]	COMMON	NONE	False	False	{"present":false}	541	6c4dd6a61426e9173e9b75f41eff765904668fd0e34eb9f47c33d443988f1d15	6c4dd6a61426e9173e9b75f41eff765904668fd0e34eb9f47c33d443988f1d15
59	minecraft:mud	net.minecraft.world.item.BlockItem	block.minecraft.mud	64	64	0	0	1	False	True	False	True	True	["minecraft:vanilla"]	COMMON	NONE	False	False	{"present":false}	1611	7fe448c12cd709552e6a366cab2b416615feb31f4037632bed3c8c5ea23747b9	7fe448c12cd709552e6a366cab2b416615feb31f4037632bed3c8c5ea23747b9
60	minecraft:crimson_nylium	net.minecraft.world.item.BlockItem	block.minecraft.crimson_nylium	64	64	0	0	1	False	True	False	True	True	["minecraft:vanilla"]	COMMON	NONE	False	False	{"present":false}	241	801250956af677c9b280fd8a1257e4e3aea08a86d96bdf2129c1f8f7ebf79f22	801250956af677c9b280fd8a1257e4e3aea08a86d96bdf2129c1f8f7ebf79f22
61	minecraft:warped_nylium	net.minecraft.world.item.BlockItem	block.minecraft.warped_nylium	64	64	0	0	1	False	True	False	True	True	["minecraft:vanilla"]	COMMON	NONE	False	False	{"present":false}	1499	4c9524489b1fcda7b68fdbb1c12defb8af1da03987d69facdd74d05203e7966a	4c9524489b1fcda7b68fdbb1c12defb8af1da03987d69facdd74d05203e7966a
62	minecraft:cobblestone	net.minecraft.world.item.BlockItem	block.minecraft.cobblestone	64	64	0	0	1	False	True	False	True	True	["minecraft:vanilla"]	COMMON	NONE	False	False	{"present":false}	896	ddec86b39da8bf0174dd5ecfba8b81d8c99a4225ae8e734391ce8fa3f3919c89	ddec86b39da8bf0174dd5ecfba8b81d8c99a4225ae8e734391ce8fa3f3919c89
63	minecraft:oak_planks	net.minecraft.world.item.BlockItem	block.minecraft.oak_planks	64	64	0	0	1	False	True	False	True	True	["minecraft:vanilla"]	COMMON	NONE	False	False	{"present":false}	805	b7cfa5f9c09e2124e8f7b46a18eeee35cd08942c68b0a873624b41f3efb8c8b9	b7cfa5f9c09e2124e8f7b46a18eeee35cd08942c68b0a873624b41f3efb8c8b9
64	minecraft:spruce_planks	net.minecraft.world.item.BlockItem	block.minecraft.spruce_planks	64	64	0	0	1	False	True	False	True	True	["minecraft:vanilla"]	COMMON	NONE	False	False	{"present":false}	945	eabac2c4f94feffb0789e0baec6e8ca55c8cadfe6fef155b49f893d9dff8c429	eabac2c4f94feffb0789e0baec6e8ca55c8cadfe6fef155b49f893d9dff8c429
65	minecraft:birch_planks	net.minecraft.world.item.BlockItem	block.minecraft.birch_planks	64	64	0	0	1	False	True	False	True	True	["minecraft:vanilla"]	COMMON	NONE	False	False	{"present":false}	98	5d949b251ee08945ff79c5f4787c620d971910a5a3693dce16effbc67d1af5de	5d949b251ee08945ff79c5f4787c620d971910a5a3693dce16effbc67d1af5de
66	minecraft:jungle_planks	net.minecraft.world.item.BlockItem	block.minecraft.jungle_planks	64	64	0	0	1	False	True	False	True	True	["minecraft:vanilla"]	COMMON	NONE	False	False	{"present":false}	1523	4c61acff65d426a6955a7ed8a8a6a428e0aa44aaca1aa17387fab362feab5dee	4c61acff65d426a6955a7ed8a8a6a428e0aa44aaca1aa17387fab362feab5dee
67	minecraft:acacia_planks	net.minecraft.world.item.BlockItem	block.minecraft.acacia_planks	64	64	0	0	1	False	True	False	True	True	["minecraft:vanilla"]	COMMON	NONE	False	False	{"present":false}	1669	58ab70be358a479cba39d6a0c37614e35256c046666aa52fe3ebb996d882c178	58ab70be358a479cba39d6a0c37614e35256c046666aa52fe3ebb996d882c178
68	minecraft:cherry_planks	net.minecraft.world.item.BlockItem	block.minecraft.cherry_planks	64	64	0	0	1	False	True	False	True	True	["minecraft:vanilla"]	COMMON	NONE	False	False	{"present":false}	1239	85e3f68b42e18a343c7c67f491fb3699215d817c86bbcd6b24d0f91e7002f856	85e3f68b42e18a343c7c67f491fb3699215d817c86bbcd6b24d0f91e7002f856
69	minecraft:dark_oak_planks	net.minecraft.world.item.BlockItem	block.minecraft.dark_oak_planks	64	64	0	0	1	False	True	False	True	True	["minecraft:vanilla"]	COMMON	NONE	False	False	{"present":false}	231	e2c14bc06e23d8949f7318aeea1e31ee951199c49676448fda45ddfb13cf0b7e	e2c14bc06e23d8949f7318aeea1e31ee951199c49676448fda45ddfb13cf0b7e
70	minecraft:pale_oak_planks	net.minecraft.world.item.BlockItem	block.minecraft.pale_oak_planks	64	64	0	0	1	False	True	False	True	True	["minecraft:vanilla"]	COMMON	NONE	False	False	{"present":false}	1598	14d830dba9922ca87b793122dc8226370c5b013c5f7b7f78f8b74be51a93572d	14d830dba9922ca87b793122dc8226370c5b013c5f7b7f78f8b74be51a93572d
71	minecraft:mangrove_planks	net.minecraft.world.item.BlockItem	block.minecraft.mangrove_planks	64	64	0	0	1	False	True	False	True	True	["minecraft:vanilla"]	COMMON	NONE	False	False	{"present":false}	420	a9e4d1be5909b5f8e293703491ada841f6947e36d0e287854471ba3d6652f0d7	a9e4d1be5909b5f8e293703491ada841f6947e36d0e287854471ba3d6652f0d7
72	minecraft:poplar_planks	net.minecraft.world.item.BlockItem	block.minecraft.poplar_planks	64	64	0	0	1	False	True	False	True	True	["minecraft:vanilla"]	COMMON	NONE	False	False	{"present":false}	1516	7e7f079d424ef1bdccc9051fd38c3d09b5f190eb1ac3c18a7a0c9153a841f90a	7e7f079d424ef1bdccc9051fd38c3d09b5f190eb1ac3c18a7a0c9153a841f90a
73	minecraft:bamboo_planks	net.minecraft.world.item.BlockItem	block.minecraft.bamboo_planks	64	64	0	0	1	False	True	False	True	True	["minecraft:vanilla"]	COMMON	NONE	False	False	{"present":false}	1145	82edc860dc81608bee3bb1cbc8a84bdfd9464e896b1fab435b63a711b050c250	82edc860dc81608bee3bb1cbc8a84bdfd9464e896b1fab435b63a711b050c250
74	minecraft:crimson_planks	net.minecraft.world.item.BlockItem	block.minecraft.crimson_planks	64	64	0	0	1	False	True	False	True	True	["minecraft:vanilla"]	COMMON	NONE	False	False	{"present":false}	35	eb50f6e9049deb272f8d6679a67a6841f838d836b5788f87d22aad2d9d6d4352	eb50f6e9049deb272f8d6679a67a6841f838d836b5788f87d22aad2d9d6d4352
75	minecraft:warped_planks	net.minecraft.world.item.BlockItem	block.minecraft.warped_planks	64	64	0	0	1	False	True	False	True	True	["minecraft:vanilla"]	COMMON	NONE	False	False	{"present":false}	1095	71b52e2b87e3c6908694248757b76138a2b2c04c6664fe04b8de76262b112886	71b52e2b87e3c6908694248757b76138a2b2c04c6664fe04b8de76262b112886
76	minecraft:bamboo_mosaic	net.minecraft.world.item.BlockItem	block.minecraft.bamboo_mosaic	64	64	0	0	1	False	True	False	True	True	["minecraft:vanilla"]	COMMON	NONE	False	False	{"present":false}	1303	779e06b61242dd9d11b959786378689ec73f4d136ed8a8947454a65c4ce1c357	779e06b61242dd9d11b959786378689ec73f4d136ed8a8947454a65c4ce1c357
77	minecraft:oak_sapling	net.minecraft.world.item.BlockItem	block.minecraft.oak_sapling	64	64	0	0	1	False	True	False	True	True	["minecraft:vanilla"]	COMMON	NONE	False	False	{"present":false}	550	7a7073938256876e8b2c09b4c0ce61683e976a1b19d99a6fd78551e7d5945680	7a7073938256876e8b2c09b4c0ce61683e976a1b19d99a6fd78551e7d5945680
78	minecraft:spruce_sapling	net.minecraft.world.item.BlockItem	block.minecraft.spruce_sapling	64	64	0	0	1	False	True	False	True	True	["minecraft:vanilla"]	COMMON	NONE	False	False	{"present":false}	1517	a74d05696a04ee80abc3d8ec1f954f9deba92368725e371dc991d5e88146f478	a74d05696a04ee80abc3d8ec1f954f9deba92368725e371dc991d5e88146f478
79	minecraft:birch_sapling	net.minecraft.world.item.BlockItem	block.minecraft.birch_sapling	64	64	0	0	1	False	True	False	True	True	["minecraft:vanilla"]	COMMON	NONE	False	False	{"present":false}	1626	ce92c411e3eddee81c20d17a1894fcc526e670f1b6f1d81c4dee52b2f0bd4845	ce92c411e3eddee81c20d17a1894fcc526e670f1b6f1d81c4dee52b2f0bd4845
80	minecraft:jungle_sapling	net.minecraft.world.item.BlockItem	block.minecraft.jungle_sapling	64	64	0	0	1	False	True	False	True	True	["minecraft:vanilla"]	COMMON	NONE	False	False	{"present":false}	1477	e0a1e17850daecf1a5632dd0f3fc8226b39f4c9ba30bbf8bf36072d7c900fda9	e0a1e17850daecf1a5632dd0f3fc8226b39f4c9ba30bbf8bf36072d7c900fda9
81	minecraft:acacia_sapling	net.minecraft.world.item.BlockItem	block.minecraft.acacia_sapling	64	64	0	0	1	False	True	False	True	True	["minecraft:vanilla"]	COMMON	NONE	False	False	{"present":false}	1188	ce1315c4ae4ea3e574c7705bb0fbc614767754e9fcc0198aa5e5eb48b9405a33	ce1315c4ae4ea3e574c7705bb0fbc614767754e9fcc0198aa5e5eb48b9405a33
82	minecraft:cherry_sapling	net.minecraft.world.item.BlockItem	block.minecraft.cherry_sapling	64	64	0	0	1	False	True	False	True	True	["minecraft:vanilla"]	COMMON	NONE	False	False	{"present":false}	1376	ef3d4e79e047f452dd60f23fb7942cf59c94e1ebf890bb3156f94e8f5a2ab8c8	ef3d4e79e047f452dd60f23fb7942cf59c94e1ebf890bb3156f94e8f5a2ab8c8
83	minecraft:dark_oak_sapling	net.minecraft.world.item.BlockItem	block.minecraft.dark_oak_sapling	64	64	0	0	1	False	True	False	True	True	["minecraft:vanilla"]	COMMON	NONE	False	False	{"present":false}	264	18e32006d9209648d37f848e3304ad01a450b53b18601102b8fb552778672915	18e32006d9209648d37f848e3304ad01a450b53b18601102b8fb552778672915
84	minecraft:pale_oak_sapling	net.minecraft.world.item.BlockItem	block.minecraft.pale_oak_sapling	64	64	0	0	1	False	True	False	True	True	["minecraft:vanilla"]	COMMON	NONE	False	False	{"present":false}	1633	508277fcb8df2753fbdf865ccce5ab26b8a2815a97b4c29626f42b3355039d5b	508277fcb8df2753fbdf865ccce5ab26b8a2815a97b4c29626f42b3355039d5b
85	minecraft:mangrove_propagule	net.minecraft.world.item.BlockItem	block.minecraft.mangrove_propagule	64	64	0	0	1	False	True	False	True	True	["minecraft:vanilla"]	COMMON	NONE	False	False	{"present":false}	261	4f4ed6db8bd74b761f5844fa81d54a644580c52c74d320fa05c3dcdfebe106be	4f4ed6db8bd74b761f5844fa81d54a644580c52c74d320fa05c3dcdfebe106be
86	minecraft:poplar_sapling	net.minecraft.world.item.BlockItem	block.minecraft.poplar_sapling	64	64	0	0	1	False	True	False	True	True	["minecraft:vanilla"]	COMMON	NONE	False	False	{"present":false}	630	103d2633901c430ae3d3b35fca1c79f9a3356345c233ca4dd41f5416650b1069	103d2633901c430ae3d3b35fca1c79f9a3356345c233ca4dd41f5416650b1069
87	minecraft:bedrock	net.minecraft.world.item.BlockItem	block.minecraft.bedrock	64	64	0	0	1	False	True	False	True	True	["minecraft:vanilla"]	COMMON	NONE	False	False	{"present":false}	1050	ec0449beae09fdca472db8416dad114e936b06581cf14996335498f92931fbdb	ec0449beae09fdca472db8416dad114e936b06581cf14996335498f92931fbdb
88	minecraft:sand	net.minecraft.world.item.BlockItem	block.minecraft.sand	64	64	0	0	1	False	True	False	True	True	["minecraft:vanilla"]	COMMON	NONE	False	False	{"present":false}	568	26c33bd3aaf196a7b9c55b65c26ff5794376301113559b2ac9fc3db3b79eea95	26c33bd3aaf196a7b9c55b65c26ff5794376301113559b2ac9fc3db3b79eea95
89	minecraft:suspicious_sand	net.minecraft.world.item.BlockItem	block.minecraft.suspicious_sand	64	64	0	0	1	False	True	False	True	True	["minecraft:vanilla"]	COMMON	NONE	False	False	{"present":false}	1586	9147234881cf5923d7f3ac0332871d3c5ca81cc3e21ea9904a4e67ee1a511907	9147234881cf5923d7f3ac0332871d3c5ca81cc3e21ea9904a4e67ee1a511907
90	minecraft:suspicious_gravel	net.minecraft.world.item.BlockItem	block.minecraft.suspicious_gravel	64	64	0	0	1	False	True	False	True	True	["minecraft:vanilla"]	COMMON	NONE	False	False	{"present":false}	1592	3bb0b1608b1d3dfc2441a33ce07e3a0b67bf923e95c4c48b1f4d10e2b5355080	3bb0b1608b1d3dfc2441a33ce07e3a0b67bf923e95c4c48b1f4d10e2b5355080
91	minecraft:red_sand	net.minecraft.world.item.BlockItem	block.minecraft.red_sand	64	64	0	0	1	False	True	False	True	True	["minecraft:vanilla"]	COMMON	NONE	False	False	{"present":false}	13	ad48f9d6179921192370ae0d7f1603819a8650978d4ac504f71c816c5ed460d0	ad48f9d6179921192370ae0d7f1603819a8650978d4ac504f71c816c5ed460d0
92	minecraft:gravel	net.minecraft.world.item.BlockItem	block.minecraft.gravel	64	64	0	0	1	False	True	False	True	True	["minecraft:vanilla"]	COMMON	NONE	False	False	{"present":false}	1180	c0c5166ada50eeba05e674351d412d83563ffe0786fff6f036d41f24763af68d	c0c5166ada50eeba05e674351d412d83563ffe0786fff6f036d41f24763af68d
93	minecraft:coal_ore	net.minecraft.world.item.BlockItem	block.minecraft.coal_ore	64	64	0	0	1	False	True	False	True	True	["minecraft:vanilla"]	COMMON	NONE	False	False	{"present":false}	1054	db6e43372c716ef9545025c79de60eeb65616e3f717db691bf58dd77c421861d	db6e43372c716ef9545025c79de60eeb65616e3f717db691bf58dd77c421861d
94	minecraft:deepslate_coal_ore	net.minecraft.world.item.BlockItem	block.minecraft.deepslate_coal_ore	64	64	0	0	1	False	True	False	True	True	["minecraft:vanilla"]	COMMON	NONE	False	False	{"present":false}	1141	08601323844e4885fdbe2b97e614c50908ea7edb95b9f09b233e1b9f387ca149	08601323844e4885fdbe2b97e614c50908ea7edb95b9f09b233e1b9f387ca149
95	minecraft:iron_ore	net.minecraft.world.item.BlockItem	block.minecraft.iron_ore	64	64	0	0	1	False	True	False	True	True	["minecraft:vanilla"]	COMMON	NONE	False	False	{"present":false}	1001	808ed5a85c1310572020463b17e54c47a7a9036f46a152f096c997f98490f660	808ed5a85c1310572020463b17e54c47a7a9036f46a152f096c997f98490f660
96	minecraft:deepslate_iron_ore	net.minecraft.world.item.BlockItem	block.minecraft.deepslate_iron_ore	64	64	0	0	1	False	True	False	True	True	["minecraft:vanilla"]	COMMON	NONE	False	False	{"present":false}	406	5b287f7b47a8d5c333481e0d73d3ea5b22573fa68df7371f0c99975dfa83c72f	5b287f7b47a8d5c333481e0d73d3ea5b22573fa68df7371f0c99975dfa83c72f
97	minecraft:copper_ore	net.minecraft.world.item.BlockItem	block.minecraft.copper_ore	64	64	0	0	1	False	True	False	True	True	["minecraft:vanilla"]	COMMON	NONE	False	False	{"present":false}	11	8b09b220dd0dc114ec9407c147d1920c1749dc9df79e6265ec2536da3c97f2fe	8b09b220dd0dc114ec9407c147d1920c1749dc9df79e6265ec2536da3c97f2fe
98	minecraft:deepslate_copper_ore	net.minecraft.world.item.BlockItem	block.minecraft.deepslate_copper_ore	64	64	0	0	1	False	True	False	True	True	["minecraft:vanilla"]	COMMON	NONE	False	False	{"present":false}	1617	1072840e510f27525a71dfd6bd8a31e1d7ec4986095f5fed13e9777ffc1c68ec	1072840e510f27525a71dfd6bd8a31e1d7ec4986095f5fed13e9777ffc1c68ec
99	minecraft:gold_ore	net.minecraft.world.item.BlockItem	block.minecraft.gold_ore	64	64	0	0	1	False	True	False	True	True	["minecraft:vanilla"]	COMMON	NONE	False	False	{"present":false}	1574	bdd35caad906261785845132f7bea22eae5f72f8285189d529e22f5e2b88f9c2	bdd35caad906261785845132f7bea22eae5f72f8285189d529e22f5e2b88f9c2
100	minecraft:deepslate_gold_ore	net.minecraft.world.item.BlockItem	block.minecraft.deepslate_gold_ore	64	64	0	0	1	False	True	False	True	True	["minecraft:vanilla"]	COMMON	NONE	False	False	{"present":false}	1174	4dfbaac122239219999ac7f1d64a6790c275f2af655fb3fa2c067ffb0aa2846d	4dfbaac122239219999ac7f1d64a6790c275f2af655fb3fa2c067ffb0aa2846d
101	minecraft:redstone_ore	net.minecraft.world.item.BlockItem	block.minecraft.redstone_ore	64	64	0	0	1	False	True	False	True	True	["minecraft:vanilla"]	COMMON	NONE	False	False	{"present":false}	1029	2eb28f94b09c4cbd37098b4ebcc82f5f83cfbabd6931fba328ee2a1b7c6cfad0	2eb28f94b09c4cbd37098b4ebcc82f5f83cfbabd6931fba328ee2a1b7c6cfad0
102	minecraft:deepslate_redstone_ore	net.minecraft.world.item.BlockItem	block.minecraft.deepslate_redstone_ore	64	64	0	0	1	False	True	False	True	True	["minecraft:vanilla"]	COMMON	NONE	False	False	{"present":false}	1418	62c1c11e5729361f6f5460f123e3026f6144d03d38b988fb16118cb80757f147	62c1c11e5729361f6f5460f123e3026f6144d03d38b988fb16118cb80757f147
103	minecraft:emerald_ore	net.minecraft.world.item.BlockItem	block.minecraft.emerald_ore	64	64	0	0	1	False	True	False	True	True	["minecraft:vanilla"]	COMMON	NONE	False	False	{"present":false}	1046	10f1ed1566dc5e8ea393bc1a17ce4e9e67d81d7a3b78b24a3fc3c167c8f17b8f	10f1ed1566dc5e8ea393bc1a17ce4e9e67d81d7a3b78b24a3fc3c167c8f17b8f
104	minecraft:deepslate_emerald_ore	net.minecraft.world.item.BlockItem	block.minecraft.deepslate_emerald_ore	64	64	0	0	1	False	True	False	True	True	["minecraft:vanilla"]	COMMON	NONE	False	False	{"present":false}	482	65b73a06228e948f6b9eb562928bda8a8e781e26e81eaad91b53f9b73842f843	65b73a06228e948f6b9eb562928bda8a8e781e26e81eaad91b53f9b73842f843
105	minecraft:lapis_ore	net.minecraft.world.item.BlockItem	block.minecraft.lapis_ore	64	64	0	0	1	False	True	False	True	True	["minecraft:vanilla"]	COMMON	NONE	False	False	{"present":false}	57	8a6cead0bbc8a6a8603f8ddd38ccb5586f3d18b4c30c2cd1e8aa08290f56321d	8a6cead0bbc8a6a8603f8ddd38ccb5586f3d18b4c30c2cd1e8aa08290f56321d
106	minecraft:deepslate_lapis_ore	net.minecraft.world.item.BlockItem	block.minecraft.deepslate_lapis_ore	64	64	0	0	1	False	True	False	True	True	["minecraft:vanilla"]	COMMON	NONE	False	False	{"present":false}	37	937617ea03e6a9a188991df1f91db41f1691edf2cdd5e209a8c1368974ec22a4	937617ea03e6a9a188991df1f91db41f1691edf2cdd5e209a8c1368974ec22a4
107	minecraft:diamond_ore	net.minecraft.world.item.BlockItem	block.minecraft.diamond_ore	64	64	0	0	1	False	True	False	True	True	["minecraft:vanilla"]	COMMON	NONE	False	False	{"present":false}	234	f2f22500987bd12bd5cfc99514c2b41aedfa5cb79431e1ae3dc776ee07405299	f2f22500987bd12bd5cfc99514c2b41aedfa5cb79431e1ae3dc776ee07405299
108	minecraft:deepslate_diamond_ore	net.minecraft.world.item.BlockItem	block.minecraft.deepslate_diamond_ore	64	64	0	0	1	False	True	False	True	True	["minecraft:vanilla"]	COMMON	NONE	False	False	{"present":false}	738	1dc788750836d9d7cf061f676adaffe610d634b9e3eec7093aa9a7598ad21a28	1dc788750836d9d7cf061f676adaffe610d634b9e3eec7093aa9a7598ad21a28
109	minecraft:nether_gold_ore	net.minecraft.world.item.BlockItem	block.minecraft.nether_gold_ore	64	64	0	0	1	False	True	False	True	True	["minecraft:vanilla"]	COMMON	NONE	False	False	{"present":false}	1473	01906a8bdfbb782424bbe6a43ab4f6e60de9231092da696d7a04827cd0540dc7	01906a8bdfbb782424bbe6a43ab4f6e60de9231092da696d7a04827cd0540dc7
110	minecraft:nether_quartz_ore	net.minecraft.world.item.BlockItem	block.minecraft.nether_quartz_ore	64	64	0	0	1	False	True	False	True	True	["minecraft:vanilla"]	COMMON	NONE	False	False	{"present":false}	349	e8b1ee65e58f7139465974e34cdbcf3fe7c148fd04981e6d97f4b163ed6a1c44	e8b1ee65e58f7139465974e34cdbcf3fe7c148fd04981e6d97f4b163ed6a1c44
111	minecraft:ancient_debris	net.minecraft.world.item.BlockItem	block.minecraft.ancient_debris	64	64	0	0	1	False	True	False	True	True	["minecraft:vanilla"]	COMMON	NONE	False	False	{"present":false}	1415	a4da914e4320c54000f7b5c1e1b6fefc43d4ad9e50e83cc0016eae5ded7a69e4	a4da914e4320c54000f7b5c1e1b6fefc43d4ad9e50e83cc0016eae5ded7a69e4
112	minecraft:coal_block	net.minecraft.world.item.BlockItem	block.minecraft.coal_block	64	64	0	0	1	False	True	False	True	True	["minecraft:vanilla"]	COMMON	NONE	False	False	{"present":false}	592	a01d6bbff729dd7b94f9f9a61c89607430ab1a09af7287acc4d33991ff7a5766	a01d6bbff729dd7b94f9f9a61c89607430ab1a09af7287acc4d33991ff7a5766
113	minecraft:raw_iron_block	net.minecraft.world.item.BlockItem	block.minecraft.raw_iron_block	64	64	0	0	1	False	True	False	True	True	["minecraft:vanilla"]	COMMON	NONE	False	False	{"present":false}	1146	bfe112c14cfb5937aaa687e3992ffbef98549de244aac100c2f43bb2c698ec8b	bfe112c14cfb5937aaa687e3992ffbef98549de244aac100c2f43bb2c698ec8b
114	minecraft:raw_copper_block	net.minecraft.world.item.BlockItem	block.minecraft.raw_copper_block	64	64	0	0	1	False	True	False	True	True	["minecraft:vanilla"]	COMMON	NONE	False	False	{"present":false}	342	a5037ec63607ec823a9bead3c2d9fd61f28899c7f7117cadedc3c5e0723c7669	a5037ec63607ec823a9bead3c2d9fd61f28899c7f7117cadedc3c5e0723c7669
115	minecraft:raw_gold_block	net.minecraft.world.item.BlockItem	block.minecraft.raw_gold_block	64	64	0	0	1	False	True	False	True	True	["minecraft:vanilla"]	COMMON	NONE	False	False	{"present":false}	1644	8ec0069eb7a7fd5e31c4412c5d6fa402805bd1954e4b5248bdd11c2a46dc82b6	8ec0069eb7a7fd5e31c4412c5d6fa402805bd1954e4b5248bdd11c2a46dc82b6
116	minecraft:heavy_core	net.minecraft.world.item.BlockItem	block.minecraft.heavy_core	64	64	0	0	1	False	True	False	True	True	["minecraft:vanilla"]	EPIC	NONE	False	False	{"present":false}	194	b162bbab6716a8b2f0595e32a005aef48c824e5cf0a744679790ddb036c22459	b162bbab6716a8b2f0595e32a005aef48c824e5cf0a744679790ddb036c22459
117	minecraft:amethyst_block	net.minecraft.world.item.BlockItem	block.minecraft.amethyst_block	64	64	0	0	1	False	True	False	True	True	["minecraft:vanilla"]	COMMON	NONE	False	False	{"present":false}	56	3e65cbf93eb3562c1b261d343125953ebc24791aaa5dce1e0afbd6c887caeb28	3e65cbf93eb3562c1b261d343125953ebc24791aaa5dce1e0afbd6c887caeb28
118	minecraft:budding_amethyst	net.minecraft.world.item.BlockItem	block.minecraft.budding_amethyst	64	64	0	0	1	False	True	False	True	True	["minecraft:vanilla"]	COMMON	NONE	False	False	{"present":false}	1153	06043063991cada02180075fd2c72efd2cbfcd6b433b0d928ee52fc87acf0532	06043063991cada02180075fd2c72efd2cbfcd6b433b0d928ee52fc87acf0532
119	minecraft:iron_block	net.minecraft.world.item.BlockItem	block.minecraft.iron_block	64	64	0	0	1	False	True	False	True	True	["minecraft:vanilla"]	COMMON	NONE	False	False	{"present":false}	221	426bfe2a544e57b97a82bd7f9bfb2b47c595802116d021e336d3c90528db4940	426bfe2a544e57b97a82bd7f9bfb2b47c595802116d021e336d3c90528db4940
120	minecraft:copper_block	net.minecraft.world.item.BlockItem	block.minecraft.copper_block	64	64	0	0	1	False	True	False	True	True	["minecraft:vanilla"]	COMMON	NONE	False	False	{"present":false}	408	080b6258e38c5b3ffd73fd9639549bf1047efdd51c421c8df3bace26b783a7e5	080b6258e38c5b3ffd73fd9639549bf1047efdd51c421c8df3bace26b783a7e5
121	minecraft:exposed_copper	net.minecraft.world.item.BlockItem	block.minecraft.exposed_copper	64	64	0	0	1	False	True	False	True	True	["minecraft:vanilla"]	COMMON	NONE	False	False	{"present":false}	1581	6dd2cc29db13e9681be282db5d291ff061fbbdc867143d52f7c8c2f415d8dc9f	6dd2cc29db13e9681be282db5d291ff061fbbdc867143d52f7c8c2f415d8dc9f
122	minecraft:weathered_copper	net.minecraft.world.item.BlockItem	block.minecraft.weathered_copper	64	64	0	0	1	False	True	False	True	True	["minecraft:vanilla"]	COMMON	NONE	False	False	{"present":false}	122	88ebfa06bf1bcf7093978aa200385b8457726a74700d428ca71b2455ff4d41f2	88ebfa06bf1bcf7093978aa200385b8457726a74700d428ca71b2455ff4d41f2
123	minecraft:oxidized_copper	net.minecraft.world.item.BlockItem	block.minecraft.oxidized_copper	64	64	0	0	1	False	True	False	True	True	["minecraft:vanilla"]	COMMON	NONE	False	False	{"present":false}	555	92963721f24a258ae7f28c9626be165d76991bafc019f09858108ba75c2459c5	92963721f24a258ae7f28c9626be165d76991bafc019f09858108ba75c2459c5
124	minecraft:waxed_copper_block	net.minecraft.world.item.BlockItem	block.minecraft.waxed_copper_block	64	64	0	0	1	False	True	False	True	True	["minecraft:vanilla"]	COMMON	NONE	False	False	{"present":false}	720	d54c658971f31fbffb546bf69bcb3d2c4ae7c0601d43bc7b8b21e4d255987d00	d54c658971f31fbffb546bf69bcb3d2c4ae7c0601d43bc7b8b21e4d255987d00
125	minecraft:waxed_exposed_copper	net.minecraft.world.item.BlockItem	block.minecraft.waxed_exposed_copper	64	64	0	0	1	False	True	False	True	True	["minecraft:vanilla"]	COMMON	NONE	False	False	{"present":false}	1664	986bd8bdff7d7f86406498b4bf9b55810087a72903a2ee154ca2f4d0747ddb37	986bd8bdff7d7f86406498b4bf9b55810087a72903a2ee154ca2f4d0747ddb37
126	minecraft:waxed_weathered_copper	net.minecraft.world.item.BlockItem	block.minecraft.waxed_weathered_copper	64	64	0	0	1	False	True	False	True	True	["minecraft:vanilla"]	COMMON	NONE	False	False	{"present":false}	698	c544aa9393a692adee5b50d5d2dfb17e34351307752cfe6c4c5c6ce3422c35bb	c544aa9393a692adee5b50d5d2dfb17e34351307752cfe6c4c5c6ce3422c35bb
127	minecraft:waxed_oxidized_copper	net.minecraft.world.item.BlockItem	block.minecraft.waxed_oxidized_copper	64	64	0	0	1	False	True	False	True	True	["minecraft:vanilla"]	COMMON	NONE	False	False	{"present":false}	673	86ae1c1dc317925f0206ea6cf8b200f68b1370e81d8d08f45972c964d0650c8a	86ae1c1dc317925f0206ea6cf8b200f68b1370e81d8d08f45972c964d0650c8a
128	minecraft:gold_block	net.minecraft.world.item.BlockItem	block.minecraft.gold_block	64	64	0	0	1	False	True	False	True	True	["minecraft:vanilla"]	COMMON	NONE	False	False	{"present":false}	171	c33065f01bdcae59d27aa30e937e919e434a46401466efb07c7459a5f2464fe0	c33065f01bdcae59d27aa30e937e919e434a46401466efb07c7459a5f2464fe0
129	minecraft:diamond_block	net.minecraft.world.item.BlockItem	block.minecraft.diamond_block	64	64	0	0	1	False	True	False	True	True	["minecraft:vanilla"]	COMMON	NONE	False	False	{"present":false}	335	89c90c902c225a40435c41db8ca120303e05b7643bd7c72c289878646be8f399	89c90c902c225a40435c41db8ca120303e05b7643bd7c72c289878646be8f399
130	minecraft:netherite_block	net.minecraft.world.item.BlockItem	block.minecraft.netherite_block	64	64	0	0	1	False	True	False	True	True	["minecraft:vanilla"]	COMMON	NONE	False	False	{"present":false}	459	f268815645c54232ba70f1d9168a50cd45c888a7ed993a197a6082f9c3b63459	f268815645c54232ba70f1d9168a50cd45c888a7ed993a197a6082f9c3b63459
131	minecraft:chiseled_copper	net.minecraft.world.item.BlockItem	block.minecraft.chiseled_copper	64	64	0	0	1	False	True	False	True	True	["minecraft:vanilla"]	COMMON	NONE	False	False	{"present":false}	942	69919051952d49be5a88077b3011744396f1f8c5b37dee816ee883ac05ceaf44	69919051952d49be5a88077b3011744396f1f8c5b37dee816ee883ac05ceaf44
132	minecraft:exposed_chiseled_copper	net.minecraft.world.item.BlockItem	block.minecraft.exposed_chiseled_copper	64	64	0	0	1	False	True	False	True	True	["minecraft:vanilla"]	COMMON	NONE	False	False	{"present":false}	601	bea233616bfc4ffb86fa50758aa8e027ca623123f886b34cd671e525d410cd99	bea233616bfc4ffb86fa50758aa8e027ca623123f886b34cd671e525d410cd99
133	minecraft:weathered_chiseled_copper	net.minecraft.world.item.BlockItem	block.minecraft.weathered_chiseled_copper	64	64	0	0	1	False	True	False	True	True	["minecraft:vanilla"]	COMMON	NONE	False	False	{"present":false}	498	2fe9e7e578580160704946013e401b6fb033763865502288aaffa7bd9dd2a262	2fe9e7e578580160704946013e401b6fb033763865502288aaffa7bd9dd2a262
134	minecraft:oxidized_chiseled_copper	net.minecraft.world.item.BlockItem	block.minecraft.oxidized_chiseled_copper	64	64	0	0	1	False	True	False	True	True	["minecraft:vanilla"]	COMMON	NONE	False	False	{"present":false}	940	81d283033102fed32553ace06a74621527a8771aabce37a5562f0dc82ee3c7b5	81d283033102fed32553ace06a74621527a8771aabce37a5562f0dc82ee3c7b5
135	minecraft:waxed_chiseled_copper	net.minecraft.world.item.BlockItem	block.minecraft.waxed_chiseled_copper	64	64	0	0	1	False	True	False	True	True	["minecraft:vanilla"]	COMMON	NONE	False	False	{"present":false}	426	345984a34e9c169fa09e50bf1cc7ce4e56b80fb604cba5ce51119261c9246970	345984a34e9c169fa09e50bf1cc7ce4e56b80fb604cba5ce51119261c9246970
136	minecraft:waxed_exposed_chiseled_copper	net.minecraft.world.item.BlockItem	block.minecraft.waxed_exposed_chiseled_copper	64	64	0	0	1	False	True	False	True	True	["minecraft:vanilla"]	COMMON	NONE	False	False	{"present":false}	279	22d93b7839bc05394475e5059cba77f33cc6465e85f61301259087ba9be5035a	22d93b7839bc05394475e5059cba77f33cc6465e85f61301259087ba9be5035a
137	minecraft:waxed_weathered_chiseled_copper	net.minecraft.world.item.BlockItem	block.minecraft.waxed_weathered_chiseled_copper	64	64	0	0	1	False	True	False	True	True	["minecraft:vanilla"]	COMMON	NONE	False	False	{"present":false}	1243	63abf163f0f880f51f4497d12711abe0550410d32b8455fa9543a8e955ffe4e6	63abf163f0f880f51f4497d12711abe0550410d32b8455fa9543a8e955ffe4e6
138	minecraft:waxed_oxidized_chiseled_copper	net.minecraft.world.item.BlockItem	block.minecraft.waxed_oxidized_chiseled_copper	64	64	0	0	1	False	True	False	True	True	["minecraft:vanilla"]	COMMON	NONE	False	False	{"present":false}	758	7fbee50dd740c17a0a197bd6b52ddc59eea046b124a52de912295426d2685840	7fbee50dd740c17a0a197bd6b52ddc59eea046b124a52de912295426d2685840
139	minecraft:cut_copper	net.minecraft.world.item.BlockItem	block.minecraft.cut_copper	64	64	0	0	1	False	True	False	True	True	["minecraft:vanilla"]	COMMON	NONE	False	False	{"present":false}	329	7bfe43758463380890de989ecc1102ac3d66e7b0da4623433ec01dfb262c189e	7bfe43758463380890de989ecc1102ac3d66e7b0da4623433ec01dfb262c189e
140	minecraft:exposed_cut_copper	net.minecraft.world.item.BlockItem	block.minecraft.exposed_cut_copper	64	64	0	0	1	False	True	False	True	True	["minecraft:vanilla"]	COMMON	NONE	False	False	{"present":false}	1072	66d817533c0a79bd4209d65e5f0eb8e2acaeab7a29e925e3e3d0aed385d404bb	66d817533c0a79bd4209d65e5f0eb8e2acaeab7a29e925e3e3d0aed385d404bb
141	minecraft:weathered_cut_copper	net.minecraft.world.item.BlockItem	block.minecraft.weathered_cut_copper	64	64	0	0	1	False	True	False	True	True	["minecraft:vanilla"]	COMMON	NONE	False	False	{"present":false}	1372	6dab65176eec1e1a0a19cddfcb854bc70d2d77772a3736cd542137cc239d7f52	6dab65176eec1e1a0a19cddfcb854bc70d2d77772a3736cd542137cc239d7f52
142	minecraft:oxidized_cut_copper	net.minecraft.world.item.BlockItem	block.minecraft.oxidized_cut_copper	64	64	0	0	1	False	True	False	True	True	["minecraft:vanilla"]	COMMON	NONE	False	False	{"present":false}	1074	9fbf774655b680dc212b1a6517b9e8f2fe900a17ad8fda4164a01cce5d05cdc5	9fbf774655b680dc212b1a6517b9e8f2fe900a17ad8fda4164a01cce5d05cdc5
143	minecraft:waxed_cut_copper	net.minecraft.world.item.BlockItem	block.minecraft.waxed_cut_copper	64	64	0	0	1	False	True	False	True	True	["minecraft:vanilla"]	COMMON	NONE	False	False	{"present":false}	1507	f37d46bac6b296e7c5142f96e80ba4ee26a06391aca38eae304d445e4e396353	f37d46bac6b296e7c5142f96e80ba4ee26a06391aca38eae304d445e4e396353
144	minecraft:waxed_exposed_cut_copper	net.minecraft.world.item.BlockItem	block.minecraft.waxed_exposed_cut_copper	64	64	0	0	1	False	True	False	True	True	["minecraft:vanilla"]	COMMON	NONE	False	False	{"present":false}	802	a3724ef549bd86dfaeb4843775214677a904cbf5cf9b453736446257ee661381	a3724ef549bd86dfaeb4843775214677a904cbf5cf9b453736446257ee661381
145	minecraft:waxed_weathered_cut_copper	net.minecraft.world.item.BlockItem	block.minecraft.waxed_weathered_cut_copper	64	64	0	0	1	False	True	False	True	True	["minecraft:vanilla"]	COMMON	NONE	False	False	{"present":false}	1189	9581ab1fd589172e7b50f2de112abc90b64c23e482f640b5a7536c805b9342db	9581ab1fd589172e7b50f2de112abc90b64c23e482f640b5a7536c805b9342db
146	minecraft:waxed_oxidized_cut_copper	net.minecraft.world.item.BlockItem	block.minecraft.waxed_oxidized_cut_copper	64	64	0	0	1	False	True	False	True	True	["minecraft:vanilla"]	COMMON	NONE	False	False	{"present":false}	186	597bb37aaac1fd34c6b6d59d81508fe2467e7dada0ac2bcecc8fd13a6e3aaac5	597bb37aaac1fd34c6b6d59d81508fe2467e7dada0ac2bcecc8fd13a6e3aaac5
147	minecraft:cut_copper_stairs	net.minecraft.world.item.BlockItem	block.minecraft.cut_copper_stairs	64	64	0	0	1	False	True	False	True	True	["minecraft:vanilla"]	COMMON	NONE	False	False	{"present":false}	909	318ae0b4b0a117dce7c056ede844378885c3565866f34cc474c82aa3edcb2cad	318ae0b4b0a117dce7c056ede844378885c3565866f34cc474c82aa3edcb2cad
148	minecraft:exposed_cut_copper_stairs	net.minecraft.world.item.BlockItem	block.minecraft.exposed_cut_copper_stairs	64	64	0	0	1	False	True	False	True	True	["minecraft:vanilla"]	COMMON	NONE	False	False	{"present":false}	766	65a2d22dc10b267c62dd7335924c9c83652c046c7ba92b18777dc510d66d6f8a	65a2d22dc10b267c62dd7335924c9c83652c046c7ba92b18777dc510d66d6f8a
149	minecraft:weathered_cut_copper_stairs	net.minecraft.world.item.BlockItem	block.minecraft.weathered_cut_copper_stairs	64	64	0	0	1	False	True	False	True	True	["minecraft:vanilla"]	COMMON	NONE	False	False	{"present":false}	25	ac874248b3948220dd6bd3f4c893c81d793ba3e115aa3668e7bdc2a5b849157e	ac874248b3948220dd6bd3f4c893c81d793ba3e115aa3668e7bdc2a5b849157e
150	minecraft:oxidized_cut_copper_stairs	net.minecraft.world.item.BlockItem	block.minecraft.oxidized_cut_copper_stairs	64	64	0	0	1	False	True	False	True	True	["minecraft:vanilla"]	COMMON	NONE	False	False	{"present":false}	910	17b93ccb1fd45558614b7186f29cc51906895bb661a24c43bcb498c4bed4c0ac	17b93ccb1fd45558614b7186f29cc51906895bb661a24c43bcb498c4bed4c0ac
151	minecraft:waxed_cut_copper_stairs	net.minecraft.world.item.BlockItem	block.minecraft.waxed_cut_copper_stairs	64	64	0	0	1	False	True	False	True	True	["minecraft:vanilla"]	COMMON	NONE	False	False	{"present":false}	159	9f5faad2775a14da68b32acfa4efa4f0f9e4df3ce00109597b02704b5903d912	9f5faad2775a14da68b32acfa4efa4f0f9e4df3ce00109597b02704b5903d912
152	minecraft:waxed_exposed_cut_copper_stairs	net.minecraft.world.item.BlockItem	block.minecraft.waxed_exposed_cut_copper_stairs	64	64	0	0	1	False	True	False	True	True	["minecraft:vanilla"]	COMMON	NONE	False	False	{"present":false}	283	30ba80f5ad7237024455768d16abd49703274b7efa52e543bb922534956d2133	30ba80f5ad7237024455768d16abd49703274b7efa52e543bb922534956d2133
153	minecraft:waxed_weathered_cut_copper_stairs	net.minecraft.world.item.BlockItem	block.minecraft.waxed_weathered_cut_copper_stairs	64	64	0	0	1	False	True	False	True	True	["minecraft:vanilla"]	COMMON	NONE	False	False	{"present":false}	1641	127a077b894737b81866a94a1b9e604030de603b73028779205615dd1a0e7fd5	127a077b894737b81866a94a1b9e604030de603b73028779205615dd1a0e7fd5
154	minecraft:waxed_oxidized_cut_copper_stairs	net.minecraft.world.item.BlockItem	block.minecraft.waxed_oxidized_cut_copper_stairs	64	64	0	0	1	False	True	False	True	True	["minecraft:vanilla"]	COMMON	NONE	False	False	{"present":false}	1128	b68279ee2f6c88e756fd51415a2a7ca49be9f2188620f219da6f911e8422136b	b68279ee2f6c88e756fd51415a2a7ca49be9f2188620f219da6f911e8422136b
155	minecraft:cut_copper_slab	net.minecraft.world.item.BlockItem	block.minecraft.cut_copper_slab	64	64	0	0	1	False	True	False	True	True	["minecraft:vanilla"]	COMMON	NONE	False	False	{"present":false}	403	52a2c1622b1fe29aa2964d32231d16889c3e6374c8bd19edbc7b02288c5c292a	52a2c1622b1fe29aa2964d32231d16889c3e6374c8bd19edbc7b02288c5c292a
156	minecraft:exposed_cut_copper_slab	net.minecraft.world.item.BlockItem	block.minecraft.exposed_cut_copper_slab	64	64	0	0	1	False	True	False	True	True	["minecraft:vanilla"]	COMMON	NONE	False	False	{"present":false}	1321	2f5504b036060d791ea6ad3bb4557bf87285c8cfe6d40010b0add417205d483d	2f5504b036060d791ea6ad3bb4557bf87285c8cfe6d40010b0add417205d483d
157	minecraft:weathered_cut_copper_slab	net.minecraft.world.item.BlockItem	block.minecraft.weathered_cut_copper_slab	64	64	0	0	1	False	True	False	True	True	["minecraft:vanilla"]	COMMON	NONE	False	False	{"present":false}	236	37751094afdab4c766646606861f66d6afee51a27b3ba798c1fc0032a45ab6c9	37751094afdab4c766646606861f66d6afee51a27b3ba798c1fc0032a45ab6c9
158	minecraft:oxidized_cut_copper_slab	net.minecraft.world.item.BlockItem	block.minecraft.oxidized_cut_copper_slab	64	64	0	0	1	False	True	False	True	True	["minecraft:vanilla"]	COMMON	NONE	False	False	{"present":false}	438	2836fb3b3bc9eebb7b05d95c1cad0c567700741ce4df607754b473d53168841b	2836fb3b3bc9eebb7b05d95c1cad0c567700741ce4df607754b473d53168841b
159	minecraft:waxed_cut_copper_slab	net.minecraft.world.item.BlockItem	block.minecraft.waxed_cut_copper_slab	64	64	0	0	1	False	True	False	True	True	["minecraft:vanilla"]	COMMON	NONE	False	False	{"present":false}	874	64af4341bf759fdcb77c56a266dfb195ebfed9301eaa8f72ce221af4d21493c2	64af4341bf759fdcb77c56a266dfb195ebfed9301eaa8f72ce221af4d21493c2
160	minecraft:waxed_exposed_cut_copper_slab	net.minecraft.world.item.BlockItem	block.minecraft.waxed_exposed_cut_copper_slab	64	64	0	0	1	False	True	False	True	True	["minecraft:vanilla"]	COMMON	NONE	False	False	{"present":false}	1395	9f90e13acf58b67c2507783dfdaaefe9214aa32c57dc08badb12b845e3c5e982	9f90e13acf58b67c2507783dfdaaefe9214aa32c57dc08badb12b845e3c5e982
161	minecraft:waxed_weathered_cut_copper_slab	net.minecraft.world.item.BlockItem	block.minecraft.waxed_weathered_cut_copper_slab	64	64	0	0	1	False	True	False	True	True	["minecraft:vanilla"]	COMMON	NONE	False	False	{"present":false}	198	d3b552eccf2bcba1e3fcb8bd44b2a83ab8602632e8ca6e6a4b7d34f68b09eddb	d3b552eccf2bcba1e3fcb8bd44b2a83ab8602632e8ca6e6a4b7d34f68b09eddb
162	minecraft:waxed_oxidized_cut_copper_slab	net.minecraft.world.item.BlockItem	block.minecraft.waxed_oxidized_cut_copper_slab	64	64	0	0	1	False	True	False	True	True	["minecraft:vanilla"]	COMMON	NONE	False	False	{"present":false}	1299	2abd84ebe02aebbf226fe9d1dcef028c53b2b798ecaff65db7fa1068817656eb	2abd84ebe02aebbf226fe9d1dcef028c53b2b798ecaff65db7fa1068817656eb
163	minecraft:oak_log	net.minecraft.world.item.BlockItem	block.minecraft.oak_log	64	64	0	0	1	False	True	False	True	True	["minecraft:vanilla"]	COMMON	NONE	False	False	{"present":false}	1651	5c233503ba3403b6eb0c1cf334449b37bd810d7275dba0ed8931294620669151	5c233503ba3403b6eb0c1cf334449b37bd810d7275dba0ed8931294620669151
164	minecraft:spruce_log	net.minecraft.world.item.BlockItem	block.minecraft.spruce_log	64	64	0	0	1	False	True	False	True	True	["minecraft:vanilla"]	COMMON	NONE	False	False	{"present":false}	77	f231323b8d3085751fc7ba26bfad45493b7a711b221193e85e9e42b62fd29221	f231323b8d3085751fc7ba26bfad45493b7a711b221193e85e9e42b62fd29221
165	minecraft:birch_log	net.minecraft.world.item.BlockItem	block.minecraft.birch_log	64	64	0	0	1	False	True	False	True	True	["minecraft:vanilla"]	COMMON	NONE	False	False	{"present":false}	1657	a4b085557dfc48cf48acf97fdfed744e03a9fd340c817fe16fa5a0597d7eea82	a4b085557dfc48cf48acf97fdfed744e03a9fd340c817fe16fa5a0597d7eea82
166	minecraft:jungle_log	net.minecraft.world.item.BlockItem	block.minecraft.jungle_log	64	64	0	0	1	False	True	False	True	True	["minecraft:vanilla"]	COMMON	NONE	False	False	{"present":false}	149	b0b2756123d0aa0cc073576b17cfe22fbc78b11f646e8814e8c31679df06fc41	b0b2756123d0aa0cc073576b17cfe22fbc78b11f646e8814e8c31679df06fc41
167	minecraft:acacia_log	net.minecraft.world.item.BlockItem	block.minecraft.acacia_log	64	64	0	0	1	False	True	False	True	True	["minecraft:vanilla"]	COMMON	NONE	False	False	{"present":false}	288	9eac0f54c5b91a36ba66699dbdbe15e97dd7fe8fa71bf8fa2bb431405cc62f42	9eac0f54c5b91a36ba66699dbdbe15e97dd7fe8fa71bf8fa2bb431405cc62f42
168	minecraft:cherry_log	net.minecraft.world.item.BlockItem	block.minecraft.cherry_log	64	64	0	0	1	False	True	False	True	True	["minecraft:vanilla"]	COMMON	NONE	False	False	{"present":false}	1221	51fcd810a49cb39c90788a84cffdd766ff1cf3d740d6bac6938520cc8bc6efdd	51fcd810a49cb39c90788a84cffdd766ff1cf3d740d6bac6938520cc8bc6efdd
169	minecraft:pale_oak_log	net.minecraft.world.item.BlockItem	block.minecraft.pale_oak_log	64	64	0	0	1	False	True	False	True	True	["minecraft:vanilla"]	COMMON	NONE	False	False	{"present":false}	622	894672e18e4eb0ba0b054635740c946902ed7ec40873c5b05bfa87fc9eeb7be5	894672e18e4eb0ba0b054635740c946902ed7ec40873c5b05bfa87fc9eeb7be5
170	minecraft:dark_oak_log	net.minecraft.world.item.BlockItem	block.minecraft.dark_oak_log	64	64	0	0	1	False	True	False	True	True	["minecraft:vanilla"]	COMMON	NONE	False	False	{"present":false}	1148	84b0e3e17590429426f85dd5ec1e302413e23cc4e9cfe3f827eff69c75bab369	84b0e3e17590429426f85dd5ec1e302413e23cc4e9cfe3f827eff69c75bab369
171	minecraft:mangrove_log	net.minecraft.world.item.BlockItem	block.minecraft.mangrove_log	64	64	0	0	1	False	True	False	True	True	["minecraft:vanilla"]	COMMON	NONE	False	False	{"present":false}	469	a18212c86a1a78e5b6a9732dbf6851a14d986f70ae221b1afa704e1eb0ec2a33	a18212c86a1a78e5b6a9732dbf6851a14d986f70ae221b1afa704e1eb0ec2a33
172	minecraft:poplar_log	net.minecraft.world.item.BlockItem	block.minecraft.poplar_log	64	64	0	0	1	False	True	False	True	True	["minecraft:vanilla"]	COMMON	NONE	False	False	{"present":false}	1225	5527528b73a03131da410c365b51359acefbbc80b16b1abc4282db62ea7f8711	5527528b73a03131da410c365b51359acefbbc80b16b1abc4282db62ea7f8711
173	minecraft:mangrove_roots	net.minecraft.world.item.BlockItem	block.minecraft.mangrove_roots	64	64	0	0	1	False	True	False	True	True	["minecraft:vanilla"]	COMMON	NONE	False	False	{"present":false}	247	991efecfc331020b45f163ae7bae1244d84b1dbd9301eff23147c3cb0a730064	991efecfc331020b45f163ae7bae1244d84b1dbd9301eff23147c3cb0a730064
174	minecraft:muddy_mangrove_roots	net.minecraft.world.item.BlockItem	block.minecraft.muddy_mangrove_roots	64	64	0	0	1	False	True	False	True	True	["minecraft:vanilla"]	COMMON	NONE	False	False	{"present":false}	163	23987c8a6435a2fe55bfb052e2275fee60719234ea3e539769cc0532eb69818d	23987c8a6435a2fe55bfb052e2275fee60719234ea3e539769cc0532eb69818d
175	minecraft:crimson_stem	net.minecraft.world.item.BlockItem	block.minecraft.crimson_stem	64	64	0	0	1	False	True	False	True	True	["minecraft:vanilla"]	COMMON	NONE	False	False	{"present":false}	1013	30484da63588fdfda9ffe236ac3e8d0521c384cbe71f321ac0582073d0481c6f	30484da63588fdfda9ffe236ac3e8d0521c384cbe71f321ac0582073d0481c6f
176	minecraft:warped_stem	net.minecraft.world.item.BlockItem	block.minecraft.warped_stem	64	64	0	0	1	False	True	False	True	True	["minecraft:vanilla"]	COMMON	NONE	False	False	{"present":false}	876	9130f0ee1b74d6b40ce3086d3d06f11266f09e77fce57313a0ed44920e35f61c	9130f0ee1b74d6b40ce3086d3d06f11266f09e77fce57313a0ed44920e35f61c
177	minecraft:bamboo_block	net.minecraft.world.item.BlockItem	block.minecraft.bamboo_block	64	64	0	0	1	False	True	False	True	True	["minecraft:vanilla"]	COMMON	NONE	False	False	{"present":false}	70	0cb27b5d3081534976b98b72895681eaf796dc3824cbc9c42bfc43114ea6434c	0cb27b5d3081534976b98b72895681eaf796dc3824cbc9c42bfc43114ea6434c
178	minecraft:stripped_oak_log	net.minecraft.world.item.BlockItem	block.minecraft.stripped_oak_log	64	64	0	0	1	False	True	False	True	True	["minecraft:vanilla"]	COMMON	NONE	False	False	{"present":false}	1337	7f7f8fce67f8d85c1dcbf9dd6bb1c931bcce5bf0bd59e6e49cc9919592f37f56	7f7f8fce67f8d85c1dcbf9dd6bb1c931bcce5bf0bd59e6e49cc9919592f37f56
179	minecraft:stripped_spruce_log	net.minecraft.world.item.BlockItem	block.minecraft.stripped_spruce_log	64	64	0	0	1	False	True	False	True	True	["minecraft:vanilla"]	COMMON	NONE	False	False	{"present":false}	880	8f02002538cf578f14e5ca5a6a78b788dc79c657bbf03b610375a4acf6b428c3	8f02002538cf578f14e5ca5a6a78b788dc79c657bbf03b610375a4acf6b428c3
180	minecraft:stripped_birch_log	net.minecraft.world.item.BlockItem	block.minecraft.stripped_birch_log	64	64	0	0	1	False	True	False	True	True	["minecraft:vanilla"]	COMMON	NONE	False	False	{"present":false}	1636	fb0ab161df99fd2df93667d49fe4c635d8d8906bbaac242ca70b8d033470b053	fb0ab161df99fd2df93667d49fe4c635d8d8906bbaac242ca70b8d033470b053
181	minecraft:stripped_jungle_log	net.minecraft.world.item.BlockItem	block.minecraft.stripped_jungle_log	64	64	0	0	1	False	True	False	True	True	["minecraft:vanilla"]	COMMON	NONE	False	False	{"present":false}	695	e06a3e6c37511c97d3b7c353d1b087404074d4e76b8249d723cd5d422a4a90e1	e06a3e6c37511c97d3b7c353d1b087404074d4e76b8249d723cd5d422a4a90e1
182	minecraft:stripped_acacia_log	net.minecraft.world.item.BlockItem	block.minecraft.stripped_acacia_log	64	64	0	0	1	False	True	False	True	True	["minecraft:vanilla"]	COMMON	NONE	False	False	{"present":false}	1557	5b48120761d23ca92a74562e61e97a7ff3f122c5cfc98356df39800799a007b8	5b48120761d23ca92a74562e61e97a7ff3f122c5cfc98356df39800799a007b8
183	minecraft:stripped_cherry_log	net.minecraft.world.item.BlockItem	block.minecraft.stripped_cherry_log	64	64	0	0	1	False	True	False	True	True	["minecraft:vanilla"]	COMMON	NONE	False	False	{"present":false}	1472	dff61d2d92ef763c37030b7d319ffa9cf9fae0395f932da7bd949e2b38c5b2d0	dff61d2d92ef763c37030b7d319ffa9cf9fae0395f932da7bd949e2b38c5b2d0
184	minecraft:stripped_dark_oak_log	net.minecraft.world.item.BlockItem	block.minecraft.stripped_dark_oak_log	64	64	0	0	1	False	True	False	True	True	["minecraft:vanilla"]	COMMON	NONE	False	False	{"present":false}	304	7407b76423a75362405d7ad98fc5ae175f56138cc6bf352e78124505eac10952	7407b76423a75362405d7ad98fc5ae175f56138cc6bf352e78124505eac10952
185	minecraft:stripped_pale_oak_log	net.minecraft.world.item.BlockItem	block.minecraft.stripped_pale_oak_log	64	64	0	0	1	False	True	False	True	True	["minecraft:vanilla"]	COMMON	NONE	False	False	{"present":false}	1335	13d21c72af8f75953416f6d20e0720ddeff174fd3d40a7707be2119a3728b470	13d21c72af8f75953416f6d20e0720ddeff174fd3d40a7707be2119a3728b470
186	minecraft:stripped_mangrove_log	net.minecraft.world.item.BlockItem	block.minecraft.stripped_mangrove_log	64	64	0	0	1	False	True	False	True	True	["minecraft:vanilla"]	COMMON	NONE	False	False	{"present":false}	1614	60725cbe46952219765cdd2a0c6250a59ea1fc24ffebffb86bc7cb795f5ccaea	60725cbe46952219765cdd2a0c6250a59ea1fc24ffebffb86bc7cb795f5ccaea
187	minecraft:stripped_poplar_log	net.minecraft.world.item.BlockItem	block.minecraft.stripped_poplar_log	64	64	0	0	1	False	True	False	True	True	["minecraft:vanilla"]	COMMON	NONE	False	False	{"present":false}	1193	6314fc86958426a9e966756b19ee1f45643822d2726d31f87cba5cafefb20d87	6314fc86958426a9e966756b19ee1f45643822d2726d31f87cba5cafefb20d87
188	minecraft:stripped_crimson_stem	net.minecraft.world.item.BlockItem	block.minecraft.stripped_crimson_stem	64	64	0	0	1	False	True	False	True	True	["minecraft:vanilla"]	COMMON	NONE	False	False	{"present":false}	1282	bc8f92b6dc39fe1a94a9b62ec482256ca4f746cd9dde642d7de1fdd0f80646ff	bc8f92b6dc39fe1a94a9b62ec482256ca4f746cd9dde642d7de1fdd0f80646ff
189	minecraft:stripped_warped_stem	net.minecraft.world.item.BlockItem	block.minecraft.stripped_warped_stem	64	64	0	0	1	False	True	False	True	True	["minecraft:vanilla"]	COMMON	NONE	False	False	{"present":false}	653	77531de7db8b7c7fedbc948ece454beffa216476d83ce4e7f05acbbc8daa42d4	77531de7db8b7c7fedbc948ece454beffa216476d83ce4e7f05acbbc8daa42d4
190	minecraft:stripped_oak_wood	net.minecraft.world.item.BlockItem	block.minecraft.stripped_oak_wood	64	64	0	0	1	False	True	False	True	True	["minecraft:vanilla"]	COMMON	NONE	False	False	{"present":false}	1680	10a22f59c1c476a2245bcf3742bd6ddea45f2038136ce29227c2c2c79c15a4ee	10a22f59c1c476a2245bcf3742bd6ddea45f2038136ce29227c2c2c79c15a4ee
191	minecraft:stripped_spruce_wood	net.minecraft.world.item.BlockItem	block.minecraft.stripped_spruce_wood	64	64	0	0	1	False	True	False	True	True	["minecraft:vanilla"]	COMMON	NONE	False	False	{"present":false}	193	e0c1ab5c0af17488cbf061f8e4568c0b80e2bee0fb7392686296c1efcbea7e96	e0c1ab5c0af17488cbf061f8e4568c0b80e2bee0fb7392686296c1efcbea7e96
192	minecraft:stripped_birch_wood	net.minecraft.world.item.BlockItem	block.minecraft.stripped_birch_wood	64	64	0	0	1	False	True	False	True	True	["minecraft:vanilla"]	COMMON	NONE	False	False	{"present":false}	396	8fbe5bf8fd20674d957c76b3344b5a339dd34d57b7e1b624b4c809eb5590691c	8fbe5bf8fd20674d957c76b3344b5a339dd34d57b7e1b624b4c809eb5590691c
193	minecraft:stripped_jungle_wood	net.minecraft.world.item.BlockItem	block.minecraft.stripped_jungle_wood	64	64	0	0	1	False	True	False	True	True	["minecraft:vanilla"]	COMMON	NONE	False	False	{"present":false}	276	49c7bd0f40d14895ceb03b96f37cd77a094ea41f70b4629e2cdf836def0f3c1d	49c7bd0f40d14895ceb03b96f37cd77a094ea41f70b4629e2cdf836def0f3c1d
194	minecraft:stripped_acacia_wood	net.minecraft.world.item.BlockItem	block.minecraft.stripped_acacia_wood	64	64	0	0	1	False	True	False	True	True	["minecraft:vanilla"]	COMMON	NONE	False	False	{"present":false}	1623	05c4d4badf169aff658edd084a5b89bb620170453351c738e524557404690303	05c4d4badf169aff658edd084a5b89bb620170453351c738e524557404690303
195	minecraft:stripped_cherry_wood	net.minecraft.world.item.BlockItem	block.minecraft.stripped_cherry_wood	64	64	0	0	1	False	True	False	True	True	["minecraft:vanilla"]	COMMON	NONE	False	False	{"present":false}	32	ba1126518a24af0deaef385bd4ed26abff4cd175ce7682333b57dc4b17ede2b2	ba1126518a24af0deaef385bd4ed26abff4cd175ce7682333b57dc4b17ede2b2
196	minecraft:stripped_dark_oak_wood	net.minecraft.world.item.BlockItem	block.minecraft.stripped_dark_oak_wood	64	64	0	0	1	False	True	False	True	True	["minecraft:vanilla"]	COMMON	NONE	False	False	{"present":false}	637	c01c0a7a66d4ab8d18b72f3509610fb50e12a7fe23551fab954bc88d0d177264	c01c0a7a66d4ab8d18b72f3509610fb50e12a7fe23551fab954bc88d0d177264
197	minecraft:stripped_pale_oak_wood	net.minecraft.world.item.BlockItem	block.minecraft.stripped_pale_oak_wood	64	64	0	0	1	False	True	False	True	True	["minecraft:vanilla"]	COMMON	NONE	False	False	{"present":false}	537	3d767e226fca972354298781f8f372b305e5b5a1679f3941ad67428ae68dd81e	3d767e226fca972354298781f8f372b305e5b5a1679f3941ad67428ae68dd81e
198	minecraft:stripped_mangrove_wood	net.minecraft.world.item.BlockItem	block.minecraft.stripped_mangrove_wood	64	64	0	0	1	False	True	False	True	True	["minecraft:vanilla"]	COMMON	NONE	False	False	{"present":false}	668	1729b4ba3d3951091706f80539380650c5aefec17386dc8d51e8bf1af42af630	1729b4ba3d3951091706f80539380650c5aefec17386dc8d51e8bf1af42af630
199	minecraft:stripped_poplar_wood	net.minecraft.world.item.BlockItem	block.minecraft.stripped_poplar_wood	64	64	0	0	1	False	True	False	True	True	["minecraft:vanilla"]	COMMON	NONE	False	False	{"present":false}	413	7c530d5fc78e0ecd61689784daf68269c0df87110e31e285d3735a1b8ec9e0ae	7c530d5fc78e0ecd61689784daf68269c0df87110e31e285d3735a1b8ec9e0ae
200	minecraft:stripped_crimson_hyphae	net.minecraft.world.item.BlockItem	block.minecraft.stripped_crimson_hyphae	64	64	0	0	1	False	True	False	True	True	["minecraft:vanilla"]	COMMON	NONE	False	False	{"present":false}	1207	de8176f2eb5d4f7ead074e3b654fa698653d793243dcc97c686d9869d6cc6523	de8176f2eb5d4f7ead074e3b654fa698653d793243dcc97c686d9869d6cc6523
201	minecraft:stripped_warped_hyphae	net.minecraft.world.item.BlockItem	block.minecraft.stripped_warped_hyphae	64	64	0	0	1	False	True	False	True	True	["minecraft:vanilla"]	COMMON	NONE	False	False	{"present":false}	1156	b2658014fb82e49754711505298da16617415a827c33f60518b7af887ceaa957	b2658014fb82e49754711505298da16617415a827c33f60518b7af887ceaa957
202	minecraft:stripped_bamboo_block	net.minecraft.world.item.BlockItem	block.minecraft.stripped_bamboo_block	64	64	0	0	1	False	True	False	True	True	["minecraft:vanilla"]	COMMON	NONE	False	False	{"present":false}	143	a628ecc94282925a57906c5d395d50bdd6b73fc90ca9f2d501c3c53b7f212093	a628ecc94282925a57906c5d395d50bdd6b73fc90ca9f2d501c3c53b7f212093
203	minecraft:oak_wood	net.minecraft.world.item.BlockItem	block.minecraft.oak_wood	64	64	0	0	1	False	True	False	True	True	["minecraft:vanilla"]	COMMON	NONE	False	False	{"present":false}	567	889d3b1a753256ea464341b6b5be593ea1f2673d240f9182fc546ef7ede429ca	889d3b1a753256ea464341b6b5be593ea1f2673d240f9182fc546ef7ede429ca
204	minecraft:spruce_wood	net.minecraft.world.item.BlockItem	block.minecraft.spruce_wood	64	64	0	0	1	False	True	False	True	True	["minecraft:vanilla"]	COMMON	NONE	False	False	{"present":false}	1172	6b614b7edb27754b293e6c41b828b149ad4021fa927141c017e7dce8b695bebe	6b614b7edb27754b293e6c41b828b149ad4021fa927141c017e7dce8b695bebe
205	minecraft:birch_wood	net.minecraft.world.item.BlockItem	block.minecraft.birch_wood	64	64	0	0	1	False	True	False	True	True	["minecraft:vanilla"]	COMMON	NONE	False	False	{"present":false}	365	1f5358f8c1a6a3ae024b532a8bc25dc65e0fbcdc7367a9f5ff41240324fde55c	1f5358f8c1a6a3ae024b532a8bc25dc65e0fbcdc7367a9f5ff41240324fde55c
206	minecraft:jungle_wood	net.minecraft.world.item.BlockItem	block.minecraft.jungle_wood	64	64	0	0	1	False	True	False	True	True	["minecraft:vanilla"]	COMMON	NONE	False	False	{"present":false}	526	6c1b7b35e6933dd15fbc906e6659f1dc9f59a8bdca1d741afe1f5e515c9d6aa3	6c1b7b35e6933dd15fbc906e6659f1dc9f59a8bdca1d741afe1f5e515c9d6aa3
207	minecraft:acacia_wood	net.minecraft.world.item.BlockItem	block.minecraft.acacia_wood	64	64	0	0	1	False	True	False	True	True	["minecraft:vanilla"]	COMMON	NONE	False	False	{"present":false}	1258	c63068f9bd5c5bf8dae62877fb99f5d8e552a526afa1ab1252b25a360eeeec31	c63068f9bd5c5bf8dae62877fb99f5d8e552a526afa1ab1252b25a360eeeec31
208	minecraft:cherry_wood	net.minecraft.world.item.BlockItem	block.minecraft.cherry_wood	64	64	0	0	1	False	True	False	True	True	["minecraft:vanilla"]	COMMON	NONE	False	False	{"present":false}	235	db2f61944718babad7685cdd1d8402d494a7848cb9aa278f61654eae8e7ce019	db2f61944718babad7685cdd1d8402d494a7848cb9aa278f61654eae8e7ce019
209	minecraft:pale_oak_wood	net.minecraft.world.item.BlockItem	block.minecraft.pale_oak_wood	64	64	0	0	1	False	True	False	True	True	["minecraft:vanilla"]	COMMON	NONE	False	False	{"present":false}	987	48075bde5bdc1dfc40eeffb61d0f864688f72968dbead54f5bcb0c5a9ca4dd81	48075bde5bdc1dfc40eeffb61d0f864688f72968dbead54f5bcb0c5a9ca4dd81
210	minecraft:dark_oak_wood	net.minecraft.world.item.BlockItem	block.minecraft.dark_oak_wood	64	64	0	0	1	False	True	False	True	True	["minecraft:vanilla"]	COMMON	NONE	False	False	{"present":false}	964	019908cca2fe10bfd86efa209a5b219bf4c20d43bbc296670bac155f474c2e92	019908cca2fe10bfd86efa209a5b219bf4c20d43bbc296670bac155f474c2e92
211	minecraft:mangrove_wood	net.minecraft.world.item.BlockItem	block.minecraft.mangrove_wood	64	64	0	0	1	False	True	False	True	True	["minecraft:vanilla"]	COMMON	NONE	False	False	{"present":false}	1362	8e8a3aadfbc009593a5e6023d6a1f374bda7fd8b8226fe8bdd8125cb3c98a075	8e8a3aadfbc009593a5e6023d6a1f374bda7fd8b8226fe8bdd8125cb3c98a075
212	minecraft:poplar_wood	net.minecraft.world.item.BlockItem	block.minecraft.poplar_wood	64	64	0	0	1	False	True	False	True	True	["minecraft:vanilla"]	COMMON	NONE	False	False	{"present":false}	1429	4f5c35da8dbebd0538654a03ff211e10b796133a39ac7fb0583ef7d98a6bdd29	4f5c35da8dbebd0538654a03ff211e10b796133a39ac7fb0583ef7d98a6bdd29
213	minecraft:crimson_hyphae	net.minecraft.world.item.BlockItem	block.minecraft.crimson_hyphae	64	64	0	0	1	False	True	False	True	True	["minecraft:vanilla"]	COMMON	NONE	False	False	{"present":false}	923	03d2e8b5b9a40691270c05f8c4eeef8e838dc6093593f50c3521b4c24433ed92	03d2e8b5b9a40691270c05f8c4eeef8e838dc6093593f50c3521b4c24433ed92
214	minecraft:warped_hyphae	net.minecraft.world.item.BlockItem	block.minecraft.warped_hyphae	64	64	0	0	1	False	True	False	True	True	["minecraft:vanilla"]	COMMON	NONE	False	False	{"present":false}	141	0aff37ffba91d4a5faeaa99570bee576f74b6d2142dd72a4dc0955580f3b47e8	0aff37ffba91d4a5faeaa99570bee576f74b6d2142dd72a4dc0955580f3b47e8
215	minecraft:oak_leaves	net.minecraft.world.item.BlockItem	block.minecraft.oak_leaves	64	64	0	0	1	False	True	False	True	True	["minecraft:vanilla"]	COMMON	NONE	False	False	{"present":false}	338	b4d1429a6b397d481ccfb42ad28a049a9babf64a52d5857a63010fab52baa4d3	b4d1429a6b397d481ccfb42ad28a049a9babf64a52d5857a63010fab52baa4d3
216	minecraft:spruce_leaves	net.minecraft.world.item.BlockItem	block.minecraft.spruce_leaves	64	64	0	0	1	False	True	False	True	True	["minecraft:vanilla"]	COMMON	NONE	False	False	{"present":false}	181	a740c6761fa1e06bdbef716ac2630af8e1db436ab1eaf5de79acd3d3cba8a4f6	a740c6761fa1e06bdbef716ac2630af8e1db436ab1eaf5de79acd3d3cba8a4f6
217	minecraft:birch_leaves	net.minecraft.world.item.BlockItem	block.minecraft.birch_leaves	64	64	0	0	1	False	True	False	True	True	["minecraft:vanilla"]	COMMON	NONE	False	False	{"present":false}	310	af5b46e41e9ca1aba5bec65a360bdeebd9065c31c9097a627ab8a0e32854592a	af5b46e41e9ca1aba5bec65a360bdeebd9065c31c9097a627ab8a0e32854592a
218	minecraft:jungle_leaves	net.minecraft.world.item.BlockItem	block.minecraft.jungle_leaves	64	64	0	0	1	False	True	False	True	True	["minecraft:vanilla"]	COMMON	NONE	False	False	{"present":false}	1294	9fee75c9a088b9ca5dd334c281e9495005f1464926377ea30cfcf9c8025a96ce	9fee75c9a088b9ca5dd334c281e9495005f1464926377ea30cfcf9c8025a96ce
219	minecraft:acacia_leaves	net.minecraft.world.item.BlockItem	block.minecraft.acacia_leaves	64	64	0	0	1	False	True	False	True	True	["minecraft:vanilla"]	COMMON	NONE	False	False	{"present":false}	147	89f47824e10b98fd1218fef157517d4a6f6f9a6b3c99c570efee65bf0ce9f8bc	89f47824e10b98fd1218fef157517d4a6f6f9a6b3c99c570efee65bf0ce9f8bc
220	minecraft:cherry_leaves	net.minecraft.world.item.BlockItem	block.minecraft.cherry_leaves	64	64	0	0	1	False	True	False	True	True	["minecraft:vanilla"]	COMMON	NONE	False	False	{"present":false}	244	e908e90e0a9e433e2725ebb44743f5f8819a95610e4f7dd3cbaea3abf5865c34	e908e90e0a9e433e2725ebb44743f5f8819a95610e4f7dd3cbaea3abf5865c34
221	minecraft:dark_oak_leaves	net.minecraft.world.item.BlockItem	block.minecraft.dark_oak_leaves	64	64	0	0	1	False	True	False	True	True	["minecraft:vanilla"]	COMMON	NONE	False	False	{"present":false}	813	fde97518aa9203f49131a33e7d50c41b5a0e74d9b239a0229eb581850cf9782d	fde97518aa9203f49131a33e7d50c41b5a0e74d9b239a0229eb581850cf9782d
222	minecraft:pale_oak_leaves	net.minecraft.world.item.BlockItem	block.minecraft.pale_oak_leaves	64	64	0	0	1	False	True	False	True	True	["minecraft:vanilla"]	COMMON	NONE	False	False	{"present":false}	1383	1f32e274d529bf011186dc6e3ece05666a22d341cdb88e9b177fca6da11f2d00	1f32e274d529bf011186dc6e3ece05666a22d341cdb88e9b177fca6da11f2d00
223	minecraft:mangrove_leaves	net.minecraft.world.item.BlockItem	block.minecraft.mangrove_leaves	64	64	0	0	1	False	True	False	True	True	["minecraft:vanilla"]	COMMON	NONE	False	False	{"present":false}	29	bb43d71ad49d966d119c9955cf48b6577e3a37d55794601e5810abdba3bdc827	bb43d71ad49d966d119c9955cf48b6577e3a37d55794601e5810abdba3bdc827
224	minecraft:red_poplar_leaves	net.minecraft.world.item.BlockItem	block.minecraft.red_poplar_leaves	64	64	0	0	1	False	True	False	True	True	["minecraft:vanilla"]	COMMON	NONE	False	False	{"present":false}	772	30700e4fc572c130aa96067fad196bf1a87d22adadc2a342d0b515672eacc407	30700e4fc572c130aa96067fad196bf1a87d22adadc2a342d0b515672eacc407
225	minecraft:orange_poplar_leaves	net.minecraft.world.item.BlockItem	block.minecraft.orange_poplar_leaves	64	64	0	0	1	False	True	False	True	True	["minecraft:vanilla"]	COMMON	NONE	False	False	{"present":false}	1612	3682b356b0bf3195e25fd8b73ea7379309d072cf9e4722d20a4151ab202369e1	3682b356b0bf3195e25fd8b73ea7379309d072cf9e4722d20a4151ab202369e1
226	minecraft:yellow_poplar_leaves	net.minecraft.world.item.BlockItem	block.minecraft.yellow_poplar_leaves	64	64	0	0	1	False	True	False	True	True	["minecraft:vanilla"]	COMMON	NONE	False	False	{"present":false}	452	f0f7191a02b8116c61d1a67b1364e6d97e685b5e29d11506d021911fa442cc0a	f0f7191a02b8116c61d1a67b1364e6d97e685b5e29d11506d021911fa442cc0a
227	minecraft:azalea_leaves	net.minecraft.world.item.BlockItem	block.minecraft.azalea_leaves	64	64	0	0	1	False	True	False	True	True	["minecraft:vanilla"]	COMMON	NONE	False	False	{"present":false}	1605	84fdfa7706acd89d4331f68d04023a6e89a72814debafad182f894dbb8b7dc9a	84fdfa7706acd89d4331f68d04023a6e89a72814debafad182f894dbb8b7dc9a
228	minecraft:flowering_azalea_leaves	net.minecraft.world.item.BlockItem	block.minecraft.flowering_azalea_leaves	64	64	0	0	1	False	True	False	True	True	["minecraft:vanilla"]	COMMON	NONE	False	False	{"present":false}	558	37bf2d721caf41fc9976337d1b51cc5922a70ffdd238396e59a7dea0421496f7	37bf2d721caf41fc9976337d1b51cc5922a70ffdd238396e59a7dea0421496f7
229	minecraft:sponge	net.minecraft.world.item.BlockItem	block.minecraft.sponge	64	64	0	0	1	False	True	False	True	True	["minecraft:vanilla"]	COMMON	NONE	False	False	{"present":false}	809	8c209a8b72f6c2f0dfcdbf328fdf13ece7c984add2931cb68de033b6c38a8be1	8c209a8b72f6c2f0dfcdbf328fdf13ece7c984add2931cb68de033b6c38a8be1
230	minecraft:wet_sponge	net.minecraft.world.item.BlockItem	block.minecraft.wet_sponge	64	64	0	0	1	False	True	False	True	True	["minecraft:vanilla"]	COMMON	NONE	False	False	{"present":false}	1325	3302f696eedc6074a08543e111b2bc325fe171e9b34f26c25d712b6fdd73d226	3302f696eedc6074a08543e111b2bc325fe171e9b34f26c25d712b6fdd73d226
231	minecraft:glass	net.minecraft.world.item.BlockItem	block.minecraft.glass	64	64	0	0	1	False	True	False	True	True	["minecraft:vanilla"]	COMMON	NONE	False	False	{"present":false}	49	a675c10e0375e9a41b5252df734c08e172f24f04e39b68db6844e86d41044403	a675c10e0375e9a41b5252df734c08e172f24f04e39b68db6844e86d41044403
232	minecraft:tinted_glass	net.minecraft.world.item.BlockItem	block.minecraft.tinted_glass	64	64	0	0	1	False	True	False	True	True	["minecraft:vanilla"]	COMMON	NONE	False	False	{"present":false}	1108	1727de545f81205c04b1ce9059ce71d55884783735b3ff138b5213b7c578da30	1727de545f81205c04b1ce9059ce71d55884783735b3ff138b5213b7c578da30
233	minecraft:lapis_block	net.minecraft.world.item.BlockItem	block.minecraft.lapis_block	64	64	0	0	1	False	True	False	True	True	["minecraft:vanilla"]	COMMON	NONE	False	False	{"present":false}	597	9ccf4039a558df2b83122a462c90c1b235974b4fee69502616d4f5719aed1b17	9ccf4039a558df2b83122a462c90c1b235974b4fee69502616d4f5719aed1b17
234	minecraft:sandstone	net.minecraft.world.item.BlockItem	block.minecraft.sandstone	64	64	0	0	1	False	True	False	True	True	["minecraft:vanilla"]	COMMON	NONE	False	False	{"present":false}	254	c7f553fca2c74cd59409d47653e0df3b5b03a249abe313c3737b3765309dfd7e	c7f553fca2c74cd59409d47653e0df3b5b03a249abe313c3737b3765309dfd7e
235	minecraft:chiseled_sandstone	net.minecraft.world.item.BlockItem	block.minecraft.chiseled_sandstone	64	64	0	0	1	False	True	False	True	True	["minecraft:vanilla"]	COMMON	NONE	False	False	{"present":false}	1025	a32c737b35dcc50d8508cc83195e706737bfa86a7b3ca9123a45bfe113c8aa95	a32c737b35dcc50d8508cc83195e706737bfa86a7b3ca9123a45bfe113c8aa95
236	minecraft:cut_sandstone	net.minecraft.world.item.BlockItem	block.minecraft.cut_sandstone	64	64	0	0	1	False	True	False	True	True	["minecraft:vanilla"]	COMMON	NONE	False	False	{"present":false}	265	49815973a5277a4e17c9506f163534b3668d376b3b30df5e826151e7cb0033ac	49815973a5277a4e17c9506f163534b3668d376b3b30df5e826151e7cb0033ac
237	minecraft:cobweb	net.minecraft.world.item.BlockItem	block.minecraft.cobweb	64	64	0	0	1	False	True	False	True	True	["minecraft:vanilla"]	COMMON	NONE	False	False	{"present":false}	581	cccfd8a5e3f34bd26455a69774d3d604452302f7532b03c8b93fc8cbbfe27ebb	cccfd8a5e3f34bd26455a69774d3d604452302f7532b03c8b93fc8cbbfe27ebb
238	minecraft:short_grass	net.minecraft.world.item.BlockItem	block.minecraft.short_grass	64	64	0	0	1	False	True	False	True	True	["minecraft:vanilla"]	COMMON	NONE	False	False	{"present":false}	336	c9ae429492120c06479849635dfb21c2635ceca35a8e321230be683861dc8854	c9ae429492120c06479849635dfb21c2635ceca35a8e321230be683861dc8854
239	minecraft:fern	net.minecraft.world.item.BlockItem	block.minecraft.fern	64	64	0	0	1	False	True	False	True	True	["minecraft:vanilla"]	COMMON	NONE	False	False	{"present":false}	643	f85c7066d74fd6d4be8b51385e1290214b966ef9653313c0f776843b2eebb166	f85c7066d74fd6d4be8b51385e1290214b966ef9653313c0f776843b2eebb166
240	minecraft:bush	net.minecraft.world.item.BlockItem	block.minecraft.bush	64	64	0	0	1	False	True	False	True	True	["minecraft:vanilla"]	COMMON	NONE	False	False	{"present":false}	199	792c17ee1c2724212b252f54fcea2593bae93ed2f7c3ecb67a5e8e44f896553c	792c17ee1c2724212b252f54fcea2593bae93ed2f7c3ecb67a5e8e44f896553c
241	minecraft:red_shrub	net.minecraft.world.item.BlockItem	block.minecraft.red_shrub	64	64	0	0	1	False	True	False	True	True	["minecraft:vanilla"]	COMMON	NONE	False	False	{"present":false}	405	a603eb87276a75e932aa16a6a0c77bd4fbbc9c43d3c8e8705e815b67b4d2ae5a	a603eb87276a75e932aa16a6a0c77bd4fbbc9c43d3c8e8705e815b67b4d2ae5a
242	minecraft:azalea	net.minecraft.world.item.BlockItem	block.minecraft.azalea	64	64	0	0	1	False	True	False	True	True	["minecraft:vanilla"]	COMMON	NONE	False	False	{"present":false}	1090	bd320a8080f7714bc1c13a4a9942f08ea1ca85e73088af01ee7d6c587a915335	bd320a8080f7714bc1c13a4a9942f08ea1ca85e73088af01ee7d6c587a915335
243	minecraft:flowering_azalea	net.minecraft.world.item.BlockItem	block.minecraft.flowering_azalea	64	64	0	0	1	False	True	False	True	True	["minecraft:vanilla"]	COMMON	NONE	False	False	{"present":false}	790	3f5f55d3a53ce3f33bdc268c9efa649383553bf8767c8c51f0c86963527cfb96	3f5f55d3a53ce3f33bdc268c9efa649383553bf8767c8c51f0c86963527cfb96
244	minecraft:dead_bush	net.minecraft.world.item.BlockItem	block.minecraft.dead_bush	64	64	0	0	1	False	True	False	True	True	["minecraft:vanilla"]	COMMON	NONE	False	False	{"present":false}	341	177f8500bd8da022e146da0bcc98129ebad4980667c2b8b77b8c67be21fddc83	177f8500bd8da022e146da0bcc98129ebad4980667c2b8b77b8c67be21fddc83
245	minecraft:firefly_bush	net.minecraft.world.item.BlockItem	block.minecraft.firefly_bush	64	64	0	0	1	False	True	False	True	True	["minecraft:vanilla"]	COMMON	NONE	False	False	{"present":false}	379	4fc94848b3de35e0542b1a276ad03cbd98002e6e295e5cb60a654d6de7a6b79f	4fc94848b3de35e0542b1a276ad03cbd98002e6e295e5cb60a654d6de7a6b79f
246	minecraft:short_dry_grass	net.minecraft.world.item.BlockItem	block.minecraft.short_dry_grass	64	64	0	0	1	False	True	False	True	True	["minecraft:vanilla"]	COMMON	NONE	False	False	{"present":false}	747	7f103d89ee1b28a0b7b381ee60acc2e4a733d4e7bb64e82b567d2d09a114658e	7f103d89ee1b28a0b7b381ee60acc2e4a733d4e7bb64e82b567d2d09a114658e
247	minecraft:tall_dry_grass	net.minecraft.world.item.BlockItem	block.minecraft.tall_dry_grass	64	64	0	0	1	False	True	False	True	True	["minecraft:vanilla"]	COMMON	NONE	False	False	{"present":false}	368	2ecc16829bfa8e440c76a37dc467268decccd6f20dcc8ecc3565ee59a6c34811	2ecc16829bfa8e440c76a37dc467268decccd6f20dcc8ecc3565ee59a6c34811
248	minecraft:seagrass	net.minecraft.world.item.BlockItem	block.minecraft.seagrass	64	64	0	0	1	False	True	False	True	True	["minecraft:vanilla"]	COMMON	NONE	False	False	{"present":false}	754	b16139b8056792efc8db87ca26974ed9d66d8c918938af41af918dbb0fbb4b26	b16139b8056792efc8db87ca26974ed9d66d8c918938af41af918dbb0fbb4b26
249	minecraft:sea_pickle	net.minecraft.world.item.BlockItem	block.minecraft.sea_pickle	64	64	0	0	1	False	True	False	True	True	["minecraft:vanilla"]	COMMON	NONE	False	False	{"present":false}	38	7b714c763b12e6ada5c351f919882a7f798a6167bbcac39521f471213c4d15b9	7b714c763b12e6ada5c351f919882a7f798a6167bbcac39521f471213c4d15b9
250	minecraft:white_wool	net.minecraft.world.item.BlockItem	block.minecraft.white_wool	64	64	0	0	1	False	True	False	True	True	["minecraft:vanilla"]	COMMON	NONE	False	False	{"present":false}	327	a2ee52c6747d571d31ae23288e2465227c890b6d0e2afc36f0700cfbe932f964	a2ee52c6747d571d31ae23288e2465227c890b6d0e2afc36f0700cfbe932f964
251	minecraft:orange_wool	net.minecraft.world.item.BlockItem	block.minecraft.orange_wool	64	64	0	0	1	False	True	False	True	True	["minecraft:vanilla"]	COMMON	NONE	False	False	{"present":false}	576	9f143437ff24c609205b4b9e2cb979f353599bb8446a8f8f0f8e8adb1ce1f8d4	9f143437ff24c609205b4b9e2cb979f353599bb8446a8f8f0f8e8adb1ce1f8d4
252	minecraft:magenta_wool	net.minecraft.world.item.BlockItem	block.minecraft.magenta_wool	64	64	0	0	1	False	True	False	True	True	["minecraft:vanilla"]	COMMON	NONE	False	False	{"present":false}	984	265888a3c6b20b189be6de750effba3134725a9bfff2964bb51b848312a60b9b	265888a3c6b20b189be6de750effba3134725a9bfff2964bb51b848312a60b9b
253	minecraft:light_blue_wool	net.minecraft.world.item.BlockItem	block.minecraft.light_blue_wool	64	64	0	0	1	False	True	False	True	True	["minecraft:vanilla"]	COMMON	NONE	False	False	{"present":false}	918	4a6feda369a2ec20cbe4ca8c2dbab6f41661b58ed448bc50d7e0acab37bac4ae	4a6feda369a2ec20cbe4ca8c2dbab6f41661b58ed448bc50d7e0acab37bac4ae
254	minecraft:yellow_wool	net.minecraft.world.item.BlockItem	block.minecraft.yellow_wool	64	64	0	0	1	False	True	False	True	True	["minecraft:vanilla"]	COMMON	NONE	False	False	{"present":false}	1527	cf8f33113f5513f03bcfc9286552439a0bf633fd972cb89e768f90fab621b531	cf8f33113f5513f03bcfc9286552439a0bf633fd972cb89e768f90fab621b531
255	minecraft:lime_wool	net.minecraft.world.item.BlockItem	block.minecraft.lime_wool	64	64	0	0	1	False	True	False	True	True	["minecraft:vanilla"]	COMMON	NONE	False	False	{"present":false}	78	e104768880335944dc99041a7608ae33e7e631510cba7648e3d3935ccdc1d781	e104768880335944dc99041a7608ae33e7e631510cba7648e3d3935ccdc1d781
256	minecraft:pink_wool	net.minecraft.world.item.BlockItem	block.minecraft.pink_wool	64	64	0	0	1	False	True	False	True	True	["minecraft:vanilla"]	COMMON	NONE	False	False	{"present":false}	540	77295f30dfa51cf73fadb806208fcb00d436d50341b7db1320dfa5837959da83	77295f30dfa51cf73fadb806208fcb00d436d50341b7db1320dfa5837959da83
257	minecraft:gray_wool	net.minecraft.world.item.BlockItem	block.minecraft.gray_wool	64	64	0	0	1	False	True	False	True	True	["minecraft:vanilla"]	COMMON	NONE	False	False	{"present":false}	394	4d912e54f36cf7b66ed971ca8da9114ce8ce21bf4d29a475c218c78b910bb72e	4d912e54f36cf7b66ed971ca8da9114ce8ce21bf4d29a475c218c78b910bb72e
258	minecraft:light_gray_wool	net.minecraft.world.item.BlockItem	block.minecraft.light_gray_wool	64	64	0	0	1	False	True	False	True	True	["minecraft:vanilla"]	COMMON	NONE	False	False	{"present":false}	1615	02402c8c63ebec878abf64fc7dabe85ba7229990088c95d9d45c0e121621225f	02402c8c63ebec878abf64fc7dabe85ba7229990088c95d9d45c0e121621225f
259	minecraft:cyan_wool	net.minecraft.world.item.BlockItem	block.minecraft.cyan_wool	64	64	0	0	1	False	True	False	True	True	["minecraft:vanilla"]	COMMON	NONE	False	False	{"present":false}	528	9c38aeb42302bf89359f0dfe54c0aad5d6603069aeb4c0aa48079e8a62ae5c84	9c38aeb42302bf89359f0dfe54c0aad5d6603069aeb4c0aa48079e8a62ae5c84
260	minecraft:purple_wool	net.minecraft.world.item.BlockItem	block.minecraft.purple_wool	64	64	0	0	1	False	True	False	True	True	["minecraft:vanilla"]	COMMON	NONE	False	False	{"present":false}	549	2d19cf6fc88e6fb03a942c51b71644e8715bba3c9965527d040e3e0521c851d3	2d19cf6fc88e6fb03a942c51b71644e8715bba3c9965527d040e3e0521c851d3
261	minecraft:blue_wool	net.minecraft.world.item.BlockItem	block.minecraft.blue_wool	64	64	0	0	1	False	True	False	True	True	["minecraft:vanilla"]	COMMON	NONE	False	False	{"present":false}	429	8bab65264bd0fe3d15032e2c431b120500be58e3d4621da199937f4ed7c7017d	8bab65264bd0fe3d15032e2c431b120500be58e3d4621da199937f4ed7c7017d
262	minecraft:brown_wool	net.minecraft.world.item.BlockItem	block.minecraft.brown_wool	64	64	0	0	1	False	True	False	True	True	["minecraft:vanilla"]	COMMON	NONE	False	False	{"present":false}	1053	e7b3291ffd17d5b73ac03433f0a6be688d84295569f76b42ccf5d0d03863ce6c	e7b3291ffd17d5b73ac03433f0a6be688d84295569f76b42ccf5d0d03863ce6c
263	minecraft:green_wool	net.minecraft.world.item.BlockItem	block.minecraft.green_wool	64	64	0	0	1	False	True	False	True	True	["minecraft:vanilla"]	COMMON	NONE	False	False	{"present":false}	607	32785cb2520949575042801d458ea0cef9655d7c9f2e5871ac798290bb21b9ca	32785cb2520949575042801d458ea0cef9655d7c9f2e5871ac798290bb21b9ca
264	minecraft:red_wool	net.minecraft.world.item.BlockItem	block.minecraft.red_wool	64	64	0	0	1	False	True	False	True	True	["minecraft:vanilla"]	COMMON	NONE	False	False	{"present":false}	1512	de7c8f17ab6aeb96271fc3bf737c2ec68e617b1a758dda40e9e6a82063bdf0e8	de7c8f17ab6aeb96271fc3bf737c2ec68e617b1a758dda40e9e6a82063bdf0e8
265	minecraft:black_wool	net.minecraft.world.item.BlockItem	block.minecraft.black_wool	64	64	0	0	1	False	True	False	True	True	["minecraft:vanilla"]	COMMON	NONE	False	False	{"present":false}	1038	8ea3a948034ba137f70142564a73ee8260226b49ed2673b185c24e4f540a58ea	8ea3a948034ba137f70142564a73ee8260226b49ed2673b185c24e4f540a58ea
266	minecraft:white_wool_stairs	net.minecraft.world.item.BlockItem	block.minecraft.white_wool_stairs	64	64	0	0	1	False	True	False	True	True	["minecraft:vanilla"]	COMMON	NONE	False	False	{"present":false}	1640	3af4007d3843ea0ea2e2d4cc9878bb843d040e7f819bc1795c0c9e23f7c6df2c	3af4007d3843ea0ea2e2d4cc9878bb843d040e7f819bc1795c0c9e23f7c6df2c
267	minecraft:orange_wool_stairs	net.minecraft.world.item.BlockItem	block.minecraft.orange_wool_stairs	64	64	0	0	1	False	True	False	True	True	["minecraft:vanilla"]	COMMON	NONE	False	False	{"present":false}	645	23230f66ebe69e5ac1116443ae608d5f033ff0db44d479b3c7b17da3130ba546	23230f66ebe69e5ac1116443ae608d5f033ff0db44d479b3c7b17da3130ba546
268	minecraft:magenta_wool_stairs	net.minecraft.world.item.BlockItem	block.minecraft.magenta_wool_stairs	64	64	0	0	1	False	True	False	True	True	["minecraft:vanilla"]	COMMON	NONE	False	False	{"present":false}	366	2cb97f5e3bfe8cc2d9795ce2360675f607cd0dbcbf99079218c369b254047f13	2cb97f5e3bfe8cc2d9795ce2360675f607cd0dbcbf99079218c369b254047f13
269	minecraft:light_blue_wool_stairs	net.minecraft.world.item.BlockItem	block.minecraft.light_blue_wool_stairs	64	64	0	0	1	False	True	False	True	True	["minecraft:vanilla"]	COMMON	NONE	False	False	{"present":false}	791	67408124ccedeb8669aafabc130c36a5e8e16ae1bacda63d33f23b7ce8755cbe	67408124ccedeb8669aafabc130c36a5e8e16ae1bacda63d33f23b7ce8755cbe
270	minecraft:yellow_wool_stairs	net.minecraft.world.item.BlockItem	block.minecraft.yellow_wool_stairs	64	64	0	0	1	False	True	False	True	True	["minecraft:vanilla"]	COMMON	NONE	False	False	{"present":false}	508	56fe2567da0493807bd915d1c42ce64d10b9857cb717953b1de0615f99d483cd	56fe2567da0493807bd915d1c42ce64d10b9857cb717953b1de0615f99d483cd
271	minecraft:lime_wool_stairs	net.minecraft.world.item.BlockItem	block.minecraft.lime_wool_stairs	64	64	0	0	1	False	True	False	True	True	["minecraft:vanilla"]	COMMON	NONE	False	False	{"present":false}	990	704fbb20c01cf13fe49fc85cb3283343819560cf37ecac8b07db6f02258e00f4	704fbb20c01cf13fe49fc85cb3283343819560cf37ecac8b07db6f02258e00f4
272	minecraft:pink_wool_stairs	net.minecraft.world.item.BlockItem	block.minecraft.pink_wool_stairs	64	64	0	0	1	False	True	False	True	True	["minecraft:vanilla"]	COMMON	NONE	False	False	{"present":false}	654	159a1daaa752d6698ff926443794c9edbe14ab7f2d1d263000888fb3bee1cad3	159a1daaa752d6698ff926443794c9edbe14ab7f2d1d263000888fb3bee1cad3
273	minecraft:gray_wool_stairs	net.minecraft.world.item.BlockItem	block.minecraft.gray_wool_stairs	64	64	0	0	1	False	True	False	True	True	["minecraft:vanilla"]	COMMON	NONE	False	False	{"present":false}	1334	e08aaac11205baef692dacdb24c7d4bc347e19fe9936b0c6b1e492f04639608d	e08aaac11205baef692dacdb24c7d4bc347e19fe9936b0c6b1e492f04639608d
274	minecraft:light_gray_wool_stairs	net.minecraft.world.item.BlockItem	block.minecraft.light_gray_wool_stairs	64	64	0	0	1	False	True	False	True	True	["minecraft:vanilla"]	COMMON	NONE	False	False	{"present":false}	1645	d7e0f1be232c6f50009d1a0f405b0385c7ac4341cb7d8c15c779ec477fa666f3	d7e0f1be232c6f50009d1a0f405b0385c7ac4341cb7d8c15c779ec477fa666f3
275	minecraft:cyan_wool_stairs	net.minecraft.world.item.BlockItem	block.minecraft.cyan_wool_stairs	64	64	0	0	1	False	True	False	True	True	["minecraft:vanilla"]	COMMON	NONE	False	False	{"present":false}	140	4835b64ef45764b7b188798c8469f14233b2fd14ff850ade4e7b631d99b972b7	4835b64ef45764b7b188798c8469f14233b2fd14ff850ade4e7b631d99b972b7
276	minecraft:purple_wool_stairs	net.minecraft.world.item.BlockItem	block.minecraft.purple_wool_stairs	64	64	0	0	1	False	True	False	True	True	["minecraft:vanilla"]	COMMON	NONE	False	False	{"present":false}	629	9e8e4e791106e65bc2328d57bf4543e715e2044c715a6d9033376f842edec598	9e8e4e791106e65bc2328d57bf4543e715e2044c715a6d9033376f842edec598
277	minecraft:blue_wool_stairs	net.minecraft.world.item.BlockItem	block.minecraft.blue_wool_stairs	64	64	0	0	1	False	True	False	True	True	["minecraft:vanilla"]	COMMON	NONE	False	False	{"present":false}	612	3df1eaf1a467fcdc8f4be78275553286122a2b874b36e1bd728c2b5bf0295037	3df1eaf1a467fcdc8f4be78275553286122a2b874b36e1bd728c2b5bf0295037
278	minecraft:brown_wool_stairs	net.minecraft.world.item.BlockItem	block.minecraft.brown_wool_stairs	64	64	0	0	1	False	True	False	True	True	["minecraft:vanilla"]	COMMON	NONE	False	False	{"present":false}	1401	e4ebacd00f7489319763bb439d6a9d94acfcaf2fd66721f282f8067087df45fb	e4ebacd00f7489319763bb439d6a9d94acfcaf2fd66721f282f8067087df45fb
279	minecraft:green_wool_stairs	net.minecraft.world.item.BlockItem	block.minecraft.green_wool_stairs	64	64	0	0	1	False	True	False	True	True	["minecraft:vanilla"]	COMMON	NONE	False	False	{"present":false}	316	cf3eee520e931e54b9a32b456d754f8ed53da2314492f74ec48b1854913bd7a0	cf3eee520e931e54b9a32b456d754f8ed53da2314492f74ec48b1854913bd7a0
280	minecraft:red_wool_stairs	net.minecraft.world.item.BlockItem	block.minecraft.red_wool_stairs	64	64	0	0	1	False	True	False	True	True	["minecraft:vanilla"]	COMMON	NONE	False	False	{"present":false}	97	dc8ae27e01d6e8d1b759ea6473763f9ea54ada1d21387dcf02c1aca8bb135ee5	dc8ae27e01d6e8d1b759ea6473763f9ea54ada1d21387dcf02c1aca8bb135ee5
281	minecraft:black_wool_stairs	net.minecraft.world.item.BlockItem	block.minecraft.black_wool_stairs	64	64	0	0	1	False	True	False	True	True	["minecraft:vanilla"]	COMMON	NONE	False	False	{"present":false}	838	78ca8538857664f9f9d417d0bfe439cf17d38a97c6d44fbf901fe33743bffef5	78ca8538857664f9f9d417d0bfe439cf17d38a97c6d44fbf901fe33743bffef5
282	minecraft:white_wool_slab	net.minecraft.world.item.BlockItem	block.minecraft.white_wool_slab	64	64	0	0	1	False	True	False	True	True	["minecraft:vanilla"]	COMMON	NONE	False	False	{"present":false}	392	0fd177cca4774751c6b6ab45bdcf2d27a5358b2358a317a498f6a867696acc9a	0fd177cca4774751c6b6ab45bdcf2d27a5358b2358a317a498f6a867696acc9a
283	minecraft:orange_wool_slab	net.minecraft.world.item.BlockItem	block.minecraft.orange_wool_slab	64	64	0	0	1	False	True	False	True	True	["minecraft:vanilla"]	COMMON	NONE	False	False	{"present":false}	697	8416cf99e44d3d138365ce1e9e0ab27d9fd347217471b955f8ae15621e824acd	8416cf99e44d3d138365ce1e9e0ab27d9fd347217471b955f8ae15621e824acd
284	minecraft:magenta_wool_slab	net.minecraft.world.item.BlockItem	block.minecraft.magenta_wool_slab	64	64	0	0	1	False	True	False	True	True	["minecraft:vanilla"]	COMMON	NONE	False	False	{"present":false}	1115	a10256f39d97b47fd847b01ac5d4542b8a7ecc168708896a563891c7a4db3d31	a10256f39d97b47fd847b01ac5d4542b8a7ecc168708896a563891c7a4db3d31
285	minecraft:light_blue_wool_slab	net.minecraft.world.item.BlockItem	block.minecraft.light_blue_wool_slab	64	64	0	0	1	False	True	False	True	True	["minecraft:vanilla"]	COMMON	NONE	False	False	{"present":false}	610	409bd6e68af21e6a068df2ce08fa8c06101c982f930c60225fe5ebeafaac0b3b	409bd6e68af21e6a068df2ce08fa8c06101c982f930c60225fe5ebeafaac0b3b
286	minecraft:yellow_wool_slab	net.minecraft.world.item.BlockItem	block.minecraft.yellow_wool_slab	64	64	0	0	1	False	True	False	True	True	["minecraft:vanilla"]	COMMON	NONE	False	False	{"present":false}	1661	4145e070214a3d94ba8568182dd30b5682a9e0c99a81b76f7f18a637523f4be7	4145e070214a3d94ba8568182dd30b5682a9e0c99a81b76f7f18a637523f4be7
287	minecraft:lime_wool_slab	net.minecraft.world.item.BlockItem	block.minecraft.lime_wool_slab	64	64	0	0	1	False	True	False	True	True	["minecraft:vanilla"]	COMMON	NONE	False	False	{"present":false}	566	9b834be77a246603fd2804ac88278d6c6d0d53948ac2412d3bb2c611580c5e3f	9b834be77a246603fd2804ac88278d6c6d0d53948ac2412d3bb2c611580c5e3f
288	minecraft:pink_wool_slab	net.minecraft.world.item.BlockItem	block.minecraft.pink_wool_slab	64	64	0	0	1	False	True	False	True	True	["minecraft:vanilla"]	COMMON	NONE	False	False	{"present":false}	985	030ed1984321d62d8a69206b024a7a5e9c799af9883b632c7e28f699702e147a	030ed1984321d62d8a69206b024a7a5e9c799af9883b632c7e28f699702e147a
289	minecraft:gray_wool_slab	net.minecraft.world.item.BlockItem	block.minecraft.gray_wool_slab	64	64	0	0	1	False	True	False	True	True	["minecraft:vanilla"]	COMMON	NONE	False	False	{"present":false}	1286	136df03c3f1543efb838eecb50b56db31ca4e114556524cd62ec9b117709754f	136df03c3f1543efb838eecb50b56db31ca4e114556524cd62ec9b117709754f
290	minecraft:light_gray_wool_slab	net.minecraft.world.item.BlockItem	block.minecraft.light_gray_wool_slab	64	64	0	0	1	False	True	False	True	True	["minecraft:vanilla"]	COMMON	NONE	False	False	{"present":false}	1643	789c61846b2c29baddd3030c11a8070597cf38cda81376032a3d2bdd635552cf	789c61846b2c29baddd3030c11a8070597cf38cda81376032a3d2bdd635552cf
291	minecraft:cyan_wool_slab	net.minecraft.world.item.BlockItem	block.minecraft.cyan_wool_slab	64	64	0	0	1	False	True	False	True	True	["minecraft:vanilla"]	COMMON	NONE	False	False	{"present":false}	375	f52851212f13a4cb730fd1c6b841682a37cf2d7c8428c52dd49c774b3751be56	f52851212f13a4cb730fd1c6b841682a37cf2d7c8428c52dd49c774b3751be56
292	minecraft:purple_wool_slab	net.minecraft.world.item.BlockItem	block.minecraft.purple_wool_slab	64	64	0	0	1	False	True	False	True	True	["minecraft:vanilla"]	COMMON	NONE	False	False	{"present":false}	699	80d18472a2eeab79437c602d6c4c741907d810610e09ed8ceb39af3ee9a7387c	80d18472a2eeab79437c602d6c4c741907d810610e09ed8ceb39af3ee9a7387c
293	minecraft:blue_wool_slab	net.minecraft.world.item.BlockItem	block.minecraft.blue_wool_slab	64	64	0	0	1	False	True	False	True	True	["minecraft:vanilla"]	COMMON	NONE	False	False	{"present":false}	285	5a479f3347c35a062a1e149716e0032d452dbb4de5044123f7056c4274ff20e7	5a479f3347c35a062a1e149716e0032d452dbb4de5044123f7056c4274ff20e7
294	minecraft:brown_wool_slab	net.minecraft.world.item.BlockItem	block.minecraft.brown_wool_slab	64	64	0	0	1	False	True	False	True	True	["minecraft:vanilla"]	COMMON	NONE	False	False	{"present":false}	1606	e443f2f8237728e9b1e831bb67585d50637d562d4c0b341efcef8abe44b623c7	e443f2f8237728e9b1e831bb67585d50637d562d4c0b341efcef8abe44b623c7
295	minecraft:green_wool_slab	net.minecraft.world.item.BlockItem	block.minecraft.green_wool_slab	64	64	0	0	1	False	True	False	True	True	["minecraft:vanilla"]	COMMON	NONE	False	False	{"present":false}	126	1a9dc887f36d2ed29ba2f9f6e32e219a9ab13a100a416a4df15d11452cce4a6e	1a9dc887f36d2ed29ba2f9f6e32e219a9ab13a100a416a4df15d11452cce4a6e
296	minecraft:red_wool_slab	net.minecraft.world.item.BlockItem	block.minecraft.red_wool_slab	64	64	0	0	1	False	True	False	True	True	["minecraft:vanilla"]	COMMON	NONE	False	False	{"present":false}	1555	2f16d9fff024d4bf594b0d7858cc69aadf0c3eff12141f7c7423930ec6af0f45	2f16d9fff024d4bf594b0d7858cc69aadf0c3eff12141f7c7423930ec6af0f45
297	minecraft:black_wool_slab	net.minecraft.world.item.BlockItem	block.minecraft.black_wool_slab	64	64	0	0	1	False	True	False	True	True	["minecraft:vanilla"]	COMMON	NONE	False	False	{"present":false}	154	bea7755b7ae6ae4fd54f49992653a6ecb7bb95e9133f4041ecc4d0f230f69dda	bea7755b7ae6ae4fd54f49992653a6ecb7bb95e9133f4041ecc4d0f230f69dda
298	minecraft:dandelion	net.minecraft.world.item.BlockItem	block.minecraft.dandelion	64	64	0	0	1	False	True	False	True	True	["minecraft:vanilla"]	COMMON	NONE	False	False	{"present":false}	746	44fbea926b4c89cfa61a2b7b6c7123d778593b9a431e047ea73d9a2bcaa7dacf	44fbea926b4c89cfa61a2b7b6c7123d778593b9a431e047ea73d9a2bcaa7dacf
299	minecraft:golden_dandelion	net.minecraft.world.item.BlockItem	block.minecraft.golden_dandelion	64	64	0	0	1	False	True	False	True	True	["minecraft:vanilla"]	COMMON	NONE	False	False	{"present":false}	536	28bbdc708efb0e0549910d09cc7ac8e09594c8c7c56764d9f5f5d3804cc9ee59	28bbdc708efb0e0549910d09cc7ac8e09594c8c7c56764d9f5f5d3804cc9ee59
300	minecraft:open_eyeblossom	net.minecraft.world.item.BlockItem	block.minecraft.open_eyeblossom	64	64	0	0	1	False	True	False	True	True	["minecraft:vanilla"]	COMMON	NONE	False	False	{"present":false}	184	c17fb08b0c6359c3af5253516606db5e7b662eaa683824834019c25955b8162f	c17fb08b0c6359c3af5253516606db5e7b662eaa683824834019c25955b8162f
301	minecraft:closed_eyeblossom	net.minecraft.world.item.BlockItem	block.minecraft.closed_eyeblossom	64	64	0	0	1	False	True	False	True	True	["minecraft:vanilla"]	COMMON	NONE	False	False	{"present":false}	356	a36f29c8827a36e23f87bf1d22ff8551f3e22d886a6bc32c469c7f19e070a05d	a36f29c8827a36e23f87bf1d22ff8551f3e22d886a6bc32c469c7f19e070a05d
302	minecraft:poppy	net.minecraft.world.item.BlockItem	block.minecraft.poppy	64	64	0	0	1	False	True	False	True	True	["minecraft:vanilla"]	COMMON	NONE	False	False	{"present":false}	788	f5aa1061db52426888de51a3a4b2127f7993d3374e3fc5cf4a29c1dcc2b14574	f5aa1061db52426888de51a3a4b2127f7993d3374e3fc5cf4a29c1dcc2b14574
303	minecraft:blue_orchid	net.minecraft.world.item.BlockItem	block.minecraft.blue_orchid	64	64	0	0	1	False	True	False	True	True	["minecraft:vanilla"]	COMMON	NONE	False	False	{"present":false}	1271	0e189c3b84a981335f599b5a6acf72c62691e3ca0dc2a7df996de4ff3f0db28f	0e189c3b84a981335f599b5a6acf72c62691e3ca0dc2a7df996de4ff3f0db28f
304	minecraft:allium	net.minecraft.world.item.BlockItem	block.minecraft.allium	64	64	0	0	1	False	True	False	True	True	["minecraft:vanilla"]	COMMON	NONE	False	False	{"present":false}	488	6efe42f532c0560d96bf5fcae83a46d3dff21f3559a157bf84117914439675d2	6efe42f532c0560d96bf5fcae83a46d3dff21f3559a157bf84117914439675d2
305	minecraft:azure_bluet	net.minecraft.world.item.BlockItem	block.minecraft.azure_bluet	64	64	0	0	1	False	True	False	True	True	["minecraft:vanilla"]	COMMON	NONE	False	False	{"present":false}	298	074c83048f858388fc26880ede73dad6a21cd2fdc2cdb8a6447c881eb22e95be	074c83048f858388fc26880ede73dad6a21cd2fdc2cdb8a6447c881eb22e95be
306	minecraft:red_tulip	net.minecraft.world.item.BlockItem	block.minecraft.red_tulip	64	64	0	0	1	False	True	False	True	True	["minecraft:vanilla"]	COMMON	NONE	False	False	{"present":false}	1672	849a3ed72ef9540cd158d4e2b805ec4b922c57df3b745c7985fc296efac68495	849a3ed72ef9540cd158d4e2b805ec4b922c57df3b745c7985fc296efac68495
307	minecraft:orange_tulip	net.minecraft.world.item.BlockItem	block.minecraft.orange_tulip	64	64	0	0	1	False	True	False	True	True	["minecraft:vanilla"]	COMMON	NONE	False	False	{"present":false}	1354	fbde1d385d90853010f00b9d05d045674824d443d5a3ba1434e2b28491fbf1d3	fbde1d385d90853010f00b9d05d045674824d443d5a3ba1434e2b28491fbf1d3
308	minecraft:white_tulip	net.minecraft.world.item.BlockItem	block.minecraft.white_tulip	64	64	0	0	1	False	True	False	True	True	["minecraft:vanilla"]	COMMON	NONE	False	False	{"present":false}	1144	4b65c099a088072a131d4a69f41757031ad6978849764d1d9f1e307d0412f465	4b65c099a088072a131d4a69f41757031ad6978849764d1d9f1e307d0412f465
309	minecraft:pink_tulip	net.minecraft.world.item.BlockItem	block.minecraft.pink_tulip	64	64	0	0	1	False	True	False	True	True	["minecraft:vanilla"]	COMMON	NONE	False	False	{"present":false}	669	5bb2501b411fcc407dd8670bf0f2f97a8f5b307d6d9021c243f728f8332fe4c8	5bb2501b411fcc407dd8670bf0f2f97a8f5b307d6d9021c243f728f8332fe4c8
310	minecraft:oxeye_daisy	net.minecraft.world.item.BlockItem	block.minecraft.oxeye_daisy	64	64	0	0	1	False	True	False	True	True	["minecraft:vanilla"]	COMMON	NONE	False	False	{"present":false}	1151	fca4556143686b143995c1a325ea788891457c7ab6cdd9b18a549835de7ac542	fca4556143686b143995c1a325ea788891457c7ab6cdd9b18a549835de7ac542
311	minecraft:cornflower	net.minecraft.world.item.BlockItem	block.minecraft.cornflower	64	64	0	0	1	False	True	False	True	True	["minecraft:vanilla"]	COMMON	NONE	False	False	{"present":false}	346	ecc31f29456a481b201eb5e1ae3a500ea5dd064336ef9024c574b36a7f0303bf	ecc31f29456a481b201eb5e1ae3a500ea5dd064336ef9024c574b36a7f0303bf
312	minecraft:lily_of_the_valley	net.minecraft.world.item.BlockItem	block.minecraft.lily_of_the_valley	64	64	0	0	1	False	True	False	True	True	["minecraft:vanilla"]	COMMON	NONE	False	False	{"present":false}	883	c9ec5f4b67a018ba45dd242c93534d7f69864664927aba7d2f8c13847e745a86	c9ec5f4b67a018ba45dd242c93534d7f69864664927aba7d2f8c13847e745a86
313	minecraft:wither_rose	net.minecraft.world.item.BlockItem	block.minecraft.wither_rose	64	64	0	0	1	False	True	False	True	True	["minecraft:vanilla"]	COMMON	NONE	False	False	{"present":false}	107	dd0bcb2f597cc68bcde4df2580bd561849a6d776e564d9f50fc0c3a725f2f7be	dd0bcb2f597cc68bcde4df2580bd561849a6d776e564d9f50fc0c3a725f2f7be
314	minecraft:torchflower	net.minecraft.world.item.BlockItem	block.minecraft.torchflower	64	64	0	0	1	False	True	False	True	True	["minecraft:vanilla"]	COMMON	NONE	False	False	{"present":false}	853	cc15069edab5d8a14fcc7d0b7ecdd1fcd2f7b5d08dc3aa2cc92536c239c077a8	cc15069edab5d8a14fcc7d0b7ecdd1fcd2f7b5d08dc3aa2cc92536c239c077a8
315	minecraft:pitcher_plant	net.minecraft.world.item.BlockItem	block.minecraft.pitcher_plant	64	64	0	0	1	False	True	False	True	True	["minecraft:vanilla"]	COMMON	NONE	False	False	{"present":false}	1681	6be692258c2d3cb1d89d5201c59ef0ffbc9cca6739a31d844a3468a18e90cca3	6be692258c2d3cb1d89d5201c59ef0ffbc9cca6739a31d844a3468a18e90cca3
316	minecraft:spore_blossom	net.minecraft.world.item.BlockItem	block.minecraft.spore_blossom	64	64	0	0	1	False	True	False	True	True	["minecraft:vanilla"]	COMMON	NONE	False	False	{"present":false}	1479	f3f49e02d0b8fb36e7fd4567d63d8f712394cf011f1caf6ec0b2c0de62203e85	f3f49e02d0b8fb36e7fd4567d63d8f712394cf011f1caf6ec0b2c0de62203e85
317	minecraft:brown_mushroom	net.minecraft.world.item.BlockItem	block.minecraft.brown_mushroom	64	64	0	0	1	False	True	False	True	True	["minecraft:vanilla"]	COMMON	NONE	False	False	{"present":false}	543	106e241b50a99b57461e0e6f870cd9c08edbb1e6a9144aa1d70c8ac20dabe874	106e241b50a99b57461e0e6f870cd9c08edbb1e6a9144aa1d70c8ac20dabe874
318	minecraft:red_mushroom	net.minecraft.world.item.BlockItem	block.minecraft.red_mushroom	64	64	0	0	1	False	True	False	True	True	["minecraft:vanilla"]	COMMON	NONE	False	False	{"present":false}	1431	6e5ee51786b5141eac0538d62f40db5991c70d8b198903c80b0d523213a65109	6e5ee51786b5141eac0538d62f40db5991c70d8b198903c80b0d523213a65109
319	minecraft:shelf_mushroom	net.minecraft.world.item.BlockItem	block.minecraft.shelf_mushroom	64	64	0	0	1	False	True	False	True	True	["minecraft:vanilla"]	COMMON	NONE	False	False	{"present":false}	989	64487d87c087feabb88703da40840d3682cd1aa44035ac9ef1fb47da8f3a2b5b	64487d87c087feabb88703da40840d3682cd1aa44035ac9ef1fb47da8f3a2b5b
320	minecraft:crimson_fungus	net.minecraft.world.item.BlockItem	block.minecraft.crimson_fungus	64	64	0	0	1	False	True	False	True	True	["minecraft:vanilla"]	COMMON	NONE	False	False	{"present":false}	546	7e73846f4caf500b374738e74298d6f685267536d2e17cacc6f0682d85eb7715	7e73846f4caf500b374738e74298d6f685267536d2e17cacc6f0682d85eb7715
321	minecraft:warped_fungus	net.minecraft.world.item.BlockItem	block.minecraft.warped_fungus	64	64	0	0	1	False	True	False	True	True	["minecraft:vanilla"]	COMMON	NONE	False	False	{"present":false}	166	31b422c932e1d3a03526114f360f854b86c0203c0eff8ae95b6932cb2d493dde	31b422c932e1d3a03526114f360f854b86c0203c0eff8ae95b6932cb2d493dde
322	minecraft:crimson_roots	net.minecraft.world.item.BlockItem	block.minecraft.crimson_roots	64	64	0	0	1	False	True	False	True	True	["minecraft:vanilla"]	COMMON	NONE	False	False	{"present":false}	1363	2b8408a87b62c5b3f5e7a42e3be7d1e0bb3fac29d01d3deb1103f80da8190eb7	2b8408a87b62c5b3f5e7a42e3be7d1e0bb3fac29d01d3deb1103f80da8190eb7
323	minecraft:warped_roots	net.minecraft.world.item.BlockItem	block.minecraft.warped_roots	64	64	0	0	1	False	True	False	True	True	["minecraft:vanilla"]	COMMON	NONE	False	False	{"present":false}	1656	ab28e6ec636739e84a3f076a057ac7f15a0897e2e816bbc00698e0b92b252182	ab28e6ec636739e84a3f076a057ac7f15a0897e2e816bbc00698e0b92b252182
324	minecraft:nether_sprouts	net.minecraft.world.item.BlockItem	block.minecraft.nether_sprouts	64	64	0	0	1	False	True	False	True	True	["minecraft:vanilla"]	COMMON	NONE	False	False	{"present":false}	841	b9ca2f90c50fe9cfcc94c23888b63805a92f25c4b58346e19b190f48f78a4a73	b9ca2f90c50fe9cfcc94c23888b63805a92f25c4b58346e19b190f48f78a4a73
325	minecraft:weeping_vines	net.minecraft.world.item.BlockItem	block.minecraft.weeping_vines	64	64	0	0	1	False	True	False	True	True	["minecraft:vanilla"]	COMMON	NONE	False	False	{"present":false}	694	6ef4c8be2e22610f39466c5d4aa9f03fcc5ede3aa015a22a77655a9ed7692325	6ef4c8be2e22610f39466c5d4aa9f03fcc5ede3aa015a22a77655a9ed7692325
326	minecraft:twisting_vines	net.minecraft.world.item.BlockItem	block.minecraft.twisting_vines	64	64	0	0	1	False	True	False	True	True	["minecraft:vanilla"]	COMMON	NONE	False	False	{"present":false}	321	06ff5440dde2ada0597d451cf3964b5b50385a386f41d1ff8a8eb5f60883a2f5	06ff5440dde2ada0597d451cf3964b5b50385a386f41d1ff8a8eb5f60883a2f5
327	minecraft:sugar_cane	net.minecraft.world.item.BlockItem	block.minecraft.sugar_cane	64	64	0	0	1	False	True	False	True	True	["minecraft:vanilla"]	COMMON	NONE	False	False	{"present":false}	312	2c24a42641f90d6ca87fddbb77a14d9b764d2ed8f896468edc12e84928e71ee5	2c24a42641f90d6ca87fddbb77a14d9b764d2ed8f896468edc12e84928e71ee5
328	minecraft:kelp	net.minecraft.world.item.BlockItem	block.minecraft.kelp	64	64	0	0	1	False	True	False	True	True	["minecraft:vanilla"]	COMMON	NONE	False	False	{"present":false}	1121	b89a87f4200328c0ca53c9f3c6259ed3b125daff0f92daa063665daec78fe51d	b89a87f4200328c0ca53c9f3c6259ed3b125daff0f92daa063665daec78fe51d
329	minecraft:pink_petals	net.minecraft.world.item.BlockItem	block.minecraft.pink_petals	64	64	0	0	1	False	True	False	True	True	["minecraft:vanilla"]	COMMON	NONE	False	False	{"present":false}	82	ebea9a47cc27a0b55904ab27f8252803794b13ad282a63a6860b521399816152	ebea9a47cc27a0b55904ab27f8252803794b13ad282a63a6860b521399816152
330	minecraft:wildflowers	net.minecraft.world.item.BlockItem	block.minecraft.wildflowers	64	64	0	0	1	False	True	False	True	True	["minecraft:vanilla"]	COMMON	NONE	False	False	{"present":false}	1289	7897e560ed357f70ff76403c4c2f11abe4f3a2b36d0ae68d2b018849b74afdb5	7897e560ed357f70ff76403c4c2f11abe4f3a2b36d0ae68d2b018849b74afdb5
331	minecraft:leaf_litter	net.minecraft.world.item.BlockItem	block.minecraft.leaf_litter	64	64	0	0	1	False	True	False	True	True	["minecraft:vanilla"]	COMMON	NONE	False	False	{"present":false}	1126	029d47a119ef24729649072441bf6d440bc55552e626b4ccd03af149644cd2e2	029d47a119ef24729649072441bf6d440bc55552e626b4ccd03af149644cd2e2
332	minecraft:moss_carpet	net.minecraft.world.item.BlockItem	block.minecraft.moss_carpet	64	64	0	0	1	False	True	False	True	True	["minecraft:vanilla"]	COMMON	NONE	False	False	{"present":false}	678	f2052659b2b0b70084c943f8ea613ddcc37f35f1d15aa76601caa3be58635e95	f2052659b2b0b70084c943f8ea613ddcc37f35f1d15aa76601caa3be58635e95
333	minecraft:moss_block	net.minecraft.world.item.BlockItem	block.minecraft.moss_block	64	64	0	0	1	False	True	False	True	True	["minecraft:vanilla"]	COMMON	NONE	False	False	{"present":false}	1139	1e2fa9b243fb11b4a32190eaf69cf04ee4b0b69f183c478147716dbd4bcab617	1e2fa9b243fb11b4a32190eaf69cf04ee4b0b69f183c478147716dbd4bcab617
334	minecraft:pale_moss_carpet	net.minecraft.world.item.BlockItem	block.minecraft.pale_moss_carpet	64	64	0	0	1	False	True	False	True	True	["minecraft:vanilla"]	COMMON	NONE	False	False	{"present":false}	1015	b440241517b3a4a6ffcc4357d21cf9420b769f474b0cfadda6665f9518f6bf52	b440241517b3a4a6ffcc4357d21cf9420b769f474b0cfadda6665f9518f6bf52
335	minecraft:pale_hanging_moss	net.minecraft.world.item.BlockItem	block.minecraft.pale_hanging_moss	64	64	0	0	1	False	True	False	True	True	["minecraft:vanilla"]	COMMON	NONE	False	False	{"present":false}	646	d052891bf4f1530309b45d06bd92ad7690dfd415901db7848abcdddcdddfc515	d052891bf4f1530309b45d06bd92ad7690dfd415901db7848abcdddcdddfc515
336	minecraft:pale_moss_block	net.minecraft.world.item.BlockItem	block.minecraft.pale_moss_block	64	64	0	0	1	False	True	False	True	True	["minecraft:vanilla"]	COMMON	NONE	False	False	{"present":false}	679	c8759a13b2efcce5e7cefcbdeaf46f306495884d3ff23ad08e445c8cc42a73a7	c8759a13b2efcce5e7cefcbdeaf46f306495884d3ff23ad08e445c8cc42a73a7
337	minecraft:hanging_roots	net.minecraft.world.item.BlockItem	block.minecraft.hanging_roots	64	64	0	0	1	False	True	False	True	True	["minecraft:vanilla"]	COMMON	NONE	False	False	{"present":false}	855	aedfc04936d2a6941467a09ef23ce23260840d97c39ac6d08071c384ef5554c1	aedfc04936d2a6941467a09ef23ce23260840d97c39ac6d08071c384ef5554c1
338	minecraft:big_dripleaf	net.minecraft.world.item.BlockItem	block.minecraft.big_dripleaf	64	64	0	0	1	False	True	False	True	True	["minecraft:vanilla"]	COMMON	NONE	False	False	{"present":false}	36	2a14a5fcd32eafb3d7b48cd2ce7001019cec109a8937860f861dc1c8ac99bdce	2a14a5fcd32eafb3d7b48cd2ce7001019cec109a8937860f861dc1c8ac99bdce
339	minecraft:small_dripleaf	net.minecraft.world.item.DoubleHighBlockItem	block.minecraft.small_dripleaf	64	64	0	0	1	False	True	False	True	True	["minecraft:vanilla"]	COMMON	NONE	False	False	{"present":false}	1668	c21abd9eb903103e51c2a104348b9a1fa521c837f5591002eaa9f17f00169afe	c21abd9eb903103e51c2a104348b9a1fa521c837f5591002eaa9f17f00169afe
340	minecraft:bamboo	net.minecraft.world.item.BlockItem	block.minecraft.bamboo	64	64	0	0	1	False	True	False	True	True	["minecraft:vanilla"]	COMMON	NONE	False	False	{"present":false}	1453	06b481d033677555fec5bd7f751e601accf112eb1422631571bb3071d68e2d5e	06b481d033677555fec5bd7f751e601accf112eb1422631571bb3071d68e2d5e
341	minecraft:oak_slab	net.minecraft.world.item.BlockItem	block.minecraft.oak_slab	64	64	0	0	1	False	True	False	True	True	["minecraft:vanilla"]	COMMON	NONE	False	False	{"present":false}	804	26471eca10396e05a4e4b60000b92b217ddf9600ab5bc13078a8f306667a2394	26471eca10396e05a4e4b60000b92b217ddf9600ab5bc13078a8f306667a2394
342	minecraft:spruce_slab	net.minecraft.world.item.BlockItem	block.minecraft.spruce_slab	64	64	0	0	1	False	True	False	True	True	["minecraft:vanilla"]	COMMON	NONE	False	False	{"present":false}	111	a0989cdbcca89755f17049e5c90159ea51fff380cb05c7dac9184e731b0399fc	a0989cdbcca89755f17049e5c90159ea51fff380cb05c7dac9184e731b0399fc
343	minecraft:birch_slab	net.minecraft.world.item.BlockItem	block.minecraft.birch_slab	64	64	0	0	1	False	True	False	True	True	["minecraft:vanilla"]	COMMON	NONE	False	False	{"present":false}	924	ae3914918a30bfe69262012549e6f8349baa8c9b89d8c40546ca731ec52ef00b	ae3914918a30bfe69262012549e6f8349baa8c9b89d8c40546ca731ec52ef00b
344	minecraft:jungle_slab	net.minecraft.world.item.BlockItem	block.minecraft.jungle_slab	64	64	0	0	1	False	True	False	True	True	["minecraft:vanilla"]	COMMON	NONE	False	False	{"present":false}	1597	a4808bfb102eda02fc4129c07dade2d8f6beecde7d6e8a719504ba6692942bb0	a4808bfb102eda02fc4129c07dade2d8f6beecde7d6e8a719504ba6692942bb0
345	minecraft:acacia_slab	net.minecraft.world.item.BlockItem	block.minecraft.acacia_slab	64	64	0	0	1	False	True	False	True	True	["minecraft:vanilla"]	COMMON	NONE	False	False	{"present":false}	1129	90c203bee0066d71dad1547072bf209f11f3a3631b1699573ce82c019ee9948a	90c203bee0066d71dad1547072bf209f11f3a3631b1699573ce82c019ee9948a
346	minecraft:cherry_slab	net.minecraft.world.item.BlockItem	block.minecraft.cherry_slab	64	64	0	0	1	False	True	False	True	True	["minecraft:vanilla"]	COMMON	NONE	False	False	{"present":false}	573	5c74a951713f1189df5da7c6e9ac1512d651e7b2075d58f2f64b0d13fd420676	5c74a951713f1189df5da7c6e9ac1512d651e7b2075d58f2f64b0d13fd420676
347	minecraft:dark_oak_slab	net.minecraft.world.item.BlockItem	block.minecraft.dark_oak_slab	64	64	0	0	1	False	True	False	True	True	["minecraft:vanilla"]	COMMON	NONE	False	False	{"present":false}	17	0063d19204fc88e066db9bee4b62ee443b691ad4bf07e16ec47af80c46251f3a	0063d19204fc88e066db9bee4b62ee443b691ad4bf07e16ec47af80c46251f3a
348	minecraft:pale_oak_slab	net.minecraft.world.item.BlockItem	block.minecraft.pale_oak_slab	64	64	0	0	1	False	True	False	True	True	["minecraft:vanilla"]	COMMON	NONE	False	False	{"present":false}	1679	3b0a9663100065db71c4feff13c20424b835434412c46cc89f4c21245dc54c40	3b0a9663100065db71c4feff13c20424b835434412c46cc89f4c21245dc54c40
349	minecraft:mangrove_slab	net.minecraft.world.item.BlockItem	block.minecraft.mangrove_slab	64	64	0	0	1	False	True	False	True	True	["minecraft:vanilla"]	COMMON	NONE	False	False	{"present":false}	1099	add8dd490d7d96c0ed0569e7ed82ecdb34cba121ccfc7cf58ee4e606f6e86719	add8dd490d7d96c0ed0569e7ed82ecdb34cba121ccfc7cf58ee4e606f6e86719
350	minecraft:poplar_slab	net.minecraft.world.item.BlockItem	block.minecraft.poplar_slab	64	64	0	0	1	False	True	False	True	True	["minecraft:vanilla"]	COMMON	NONE	False	False	{"present":false}	1382	d313651c4f6eaa6d9a01ca10892fe277208488bcc1c191f8a3e398e2b0228057	d313651c4f6eaa6d9a01ca10892fe277208488bcc1c191f8a3e398e2b0228057
351	minecraft:bamboo_slab	net.minecraft.world.item.BlockItem	block.minecraft.bamboo_slab	64	64	0	0	1	False	True	False	True	True	["minecraft:vanilla"]	COMMON	NONE	False	False	{"present":false}	963	9357c07cf6a6660e2804d49ab9e7149f802caef2892883ca8356b5d5458aa5a7	9357c07cf6a6660e2804d49ab9e7149f802caef2892883ca8356b5d5458aa5a7
352	minecraft:bamboo_mosaic_slab	net.minecraft.world.item.BlockItem	block.minecraft.bamboo_mosaic_slab	64	64	0	0	1	False	True	False	True	True	["minecraft:vanilla"]	COMMON	NONE	False	False	{"present":false}	741	8b967e5fa0a5b03c242d6d919b991bf534738cd9604b7f90cc201c29f98b8adb	8b967e5fa0a5b03c242d6d919b991bf534738cd9604b7f90cc201c29f98b8adb
353	minecraft:crimson_slab	net.minecraft.world.item.BlockItem	block.minecraft.crimson_slab	64	64	0	0	1	False	True	False	True	True	["minecraft:vanilla"]	COMMON	NONE	False	False	{"present":false}	888	a6e907a2c7bc85fecaefca2a197256cec221a65b16bd1d3d897f5aa0a4050085	a6e907a2c7bc85fecaefca2a197256cec221a65b16bd1d3d897f5aa0a4050085
354	minecraft:warped_slab	net.minecraft.world.item.BlockItem	block.minecraft.warped_slab	64	64	0	0	1	False	True	False	True	True	["minecraft:vanilla"]	COMMON	NONE	False	False	{"present":false}	1238	83df3a18a03f441fc88c7652ca29c307ffbba434521f4dc28c6bbebee2b96138	83df3a18a03f441fc88c7652ca29c307ffbba434521f4dc28c6bbebee2b96138
355	minecraft:stone_slab	net.minecraft.world.item.BlockItem	block.minecraft.stone_slab	64	64	0	0	1	False	True	False	True	True	["minecraft:vanilla"]	COMMON	NONE	False	False	{"present":false}	755	794e022d78989b5ba6d9956422454d8dbb84ebe73d091b47cdca22161b2a02c2	794e022d78989b5ba6d9956422454d8dbb84ebe73d091b47cdca22161b2a02c2
356	minecraft:smooth_stone_slab	net.minecraft.world.item.BlockItem	block.minecraft.smooth_stone_slab	64	64	0	0	1	False	True	False	True	True	["minecraft:vanilla"]	COMMON	NONE	False	False	{"present":false}	9	27c4fa697a2bcab38e0f1ab5a2dc5c9876b0f74b2e6b8d824c86c8f0e51a1755	27c4fa697a2bcab38e0f1ab5a2dc5c9876b0f74b2e6b8d824c86c8f0e51a1755
357	minecraft:sandstone_slab	net.minecraft.world.item.BlockItem	block.minecraft.sandstone_slab	64	64	0	0	1	False	True	False	True	True	["minecraft:vanilla"]	COMMON	NONE	False	False	{"present":false}	686	997f80bd5a0103f7c7cd983b1b4e2bdfde088af8ebc9e82bc4c35dbefbad6647	997f80bd5a0103f7c7cd983b1b4e2bdfde088af8ebc9e82bc4c35dbefbad6647
358	minecraft:cut_sandstone_slab	net.minecraft.world.item.BlockItem	block.minecraft.cut_sandstone_slab	64	64	0	0	1	False	True	False	True	True	["minecraft:vanilla"]	COMMON	NONE	False	False	{"present":false}	617	af11a187df508d29889f4ce4f66ed17e07209145d60d052396c872af1ff5af28	af11a187df508d29889f4ce4f66ed17e07209145d60d052396c872af1ff5af28
359	minecraft:petrified_oak_slab	net.minecraft.world.item.BlockItem	block.minecraft.petrified_oak_slab	64	64	0	0	1	False	True	False	True	True	["minecraft:vanilla"]	COMMON	NONE	False	False	{"present":false}	364	c386ffaf119feaa5bc4f9e9367da84d79b000d55b1b6ba3686da621d614658d8	c386ffaf119feaa5bc4f9e9367da84d79b000d55b1b6ba3686da621d614658d8
360	minecraft:cobblestone_slab	net.minecraft.world.item.BlockItem	block.minecraft.cobblestone_slab	64	64	0	0	1	False	True	False	True	True	["minecraft:vanilla"]	COMMON	NONE	False	False	{"present":false}	1201	23f2b415e162a4f7bc6d356f76935026b6e0966afe37676e12b5c8ba788563e7	23f2b415e162a4f7bc6d356f76935026b6e0966afe37676e12b5c8ba788563e7
361	minecraft:brick_slab	net.minecraft.world.item.BlockItem	block.minecraft.brick_slab	64	64	0	0	1	False	True	False	True	True	["minecraft:vanilla"]	COMMON	NONE	False	False	{"present":false}	153	45fbad33eae7532be52b69031f39a4165b76752d8b740f21f1c13fb663b2249d	45fbad33eae7532be52b69031f39a4165b76752d8b740f21f1c13fb663b2249d
362	minecraft:stone_brick_slab	net.minecraft.world.item.BlockItem	block.minecraft.stone_brick_slab	64	64	0	0	1	False	True	False	True	True	["minecraft:vanilla"]	COMMON	NONE	False	False	{"present":false}	361	6a0f3be3e00d8d08b030b5b3df86aae4699185082200d6b383dac7356e768bb8	6a0f3be3e00d8d08b030b5b3df86aae4699185082200d6b383dac7356e768bb8
363	minecraft:mud_brick_slab	net.minecraft.world.item.BlockItem	block.minecraft.mud_brick_slab	64	64	0	0	1	False	True	False	True	True	["minecraft:vanilla"]	COMMON	NONE	False	False	{"present":false}	500	9113f2c891c7b1d3f7c114572454a31d98cf5ef5deaf5aba300abb5ab184ef5f	9113f2c891c7b1d3f7c114572454a31d98cf5ef5deaf5aba300abb5ab184ef5f
364	minecraft:nether_brick_slab	net.minecraft.world.item.BlockItem	block.minecraft.nether_brick_slab	64	64	0	0	1	False	True	False	True	True	["minecraft:vanilla"]	COMMON	NONE	False	False	{"present":false}	892	104cf477de70726425c3d02c02ffc579085040bdaa6825463e008736069af4dd	104cf477de70726425c3d02c02ffc579085040bdaa6825463e008736069af4dd
365	minecraft:quartz_slab	net.minecraft.world.item.BlockItem	block.minecraft.quartz_slab	64	64	0	0	1	False	True	False	True	True	["minecraft:vanilla"]	COMMON	NONE	False	False	{"present":false}	1014	f899485df909f8056c87740cce759688fd55094f9a33b4f1cbb038d6a6e5e45a	f899485df909f8056c87740cce759688fd55094f9a33b4f1cbb038d6a6e5e45a
366	minecraft:red_sandstone_slab	net.minecraft.world.item.BlockItem	block.minecraft.red_sandstone_slab	64	64	0	0	1	False	True	False	True	True	["minecraft:vanilla"]	COMMON	NONE	False	False	{"present":false}	992	7262a60fa1ebfa753115c2e5be0d8d3546be0233ace4a05a97732c147b13f708	7262a60fa1ebfa753115c2e5be0d8d3546be0233ace4a05a97732c147b13f708
367	minecraft:cut_red_sandstone_slab	net.minecraft.world.item.BlockItem	block.minecraft.cut_red_sandstone_slab	64	64	0	0	1	False	True	False	True	True	["minecraft:vanilla"]	COMMON	NONE	False	False	{"present":false}	1414	a742db20d5d01fafd06fa6d02dfa55b12e84bb8a5fa9e9c789cbf9ca4d64cc40	a742db20d5d01fafd06fa6d02dfa55b12e84bb8a5fa9e9c789cbf9ca4d64cc40
368	minecraft:purpur_slab	net.minecraft.world.item.BlockItem	block.minecraft.purpur_slab	64	64	0	0	1	False	True	False	True	True	["minecraft:vanilla"]	COMMON	NONE	False	False	{"present":false}	491	ae8ed1f827599a49ebf26cf0115622535842dd775ff23c2672b91fd771824ddc	ae8ed1f827599a49ebf26cf0115622535842dd775ff23c2672b91fd771824ddc
369	minecraft:prismarine_slab	net.minecraft.world.item.BlockItem	block.minecraft.prismarine_slab	64	64	0	0	1	False	True	False	True	True	["minecraft:vanilla"]	COMMON	NONE	False	False	{"present":false}	69	e214b92a58dbe080fe4d56b0a9568f2f844aeb51ab67348e22e1b33d88151368	e214b92a58dbe080fe4d56b0a9568f2f844aeb51ab67348e22e1b33d88151368
370	minecraft:prismarine_brick_slab	net.minecraft.world.item.BlockItem	block.minecraft.prismarine_brick_slab	64	64	0	0	1	False	True	False	True	True	["minecraft:vanilla"]	COMMON	NONE	False	False	{"present":false}	53	ef9d571c49d11b584b84c9c0e69bfd0e0fc719bec72a462440bba6d345ade83e	ef9d571c49d11b584b84c9c0e69bfd0e0fc719bec72a462440bba6d345ade83e
371	minecraft:dark_prismarine_slab	net.minecraft.world.item.BlockItem	block.minecraft.dark_prismarine_slab	64	64	0	0	1	False	True	False	True	True	["minecraft:vanilla"]	COMMON	NONE	False	False	{"present":false}	397	bae66f6bfa07709f22ff94c5550bdf750cba64a6a6f46bc462104304dcbf02a2	bae66f6bfa07709f22ff94c5550bdf750cba64a6a6f46bc462104304dcbf02a2
372	minecraft:smooth_quartz	net.minecraft.world.item.BlockItem	block.minecraft.smooth_quartz	64	64	0	0	1	False	True	False	True	True	["minecraft:vanilla"]	COMMON	NONE	False	False	{"present":false}	1007	7efe20a7f36941c49b3e1ebe8ede556b61edf742f3c577684805ae23b601760f	7efe20a7f36941c49b3e1ebe8ede556b61edf742f3c577684805ae23b601760f
373	minecraft:smooth_red_sandstone	net.minecraft.world.item.BlockItem	block.minecraft.smooth_red_sandstone	64	64	0	0	1	False	True	False	True	True	["minecraft:vanilla"]	COMMON	NONE	False	False	{"present":false}	1043	4a354d7268be95bcef487c89387aab61bb8d6969269947ed70950e0ed1d754e6	4a354d7268be95bcef487c89387aab61bb8d6969269947ed70950e0ed1d754e6
374	minecraft:smooth_sandstone	net.minecraft.world.item.BlockItem	block.minecraft.smooth_sandstone	64	64	0	0	1	False	True	False	True	True	["minecraft:vanilla"]	COMMON	NONE	False	False	{"present":false}	210	58b2acf10df1da6c347db1c6dd708fc259a86b3af407786c8d765f5acfc094d7	58b2acf10df1da6c347db1c6dd708fc259a86b3af407786c8d765f5acfc094d7
375	minecraft:smooth_stone	net.minecraft.world.item.BlockItem	block.minecraft.smooth_stone	64	64	0	0	1	False	True	False	True	True	["minecraft:vanilla"]	COMMON	NONE	False	False	{"present":false}	1252	4c8a857cf39539f8de8134fc75a15f6206eaf54994d9126e9ceb65e54b253763	4c8a857cf39539f8de8134fc75a15f6206eaf54994d9126e9ceb65e54b253763
376	minecraft:bricks	net.minecraft.world.item.BlockItem	block.minecraft.bricks	64	64	0	0	1	False	True	False	True	True	["minecraft:vanilla"]	COMMON	NONE	False	False	{"present":false}	518	ed0729cb21b539a30cb3fad618cc30a6612b1d86d57f4d6baeaaecbbc2bd8805	ed0729cb21b539a30cb3fad618cc30a6612b1d86d57f4d6baeaaecbbc2bd8805
377	minecraft:acacia_shelf	net.minecraft.world.item.BlockItem	block.minecraft.acacia_shelf	64	64	0	0	1	False	True	False	True	True	["minecraft:vanilla"]	COMMON	NONE	False	False	{"present":false}	1159	b9d2bd6ee5ac1d225c9126fb451f3255d93a8e18815a04616211a62867bcc5e6	b9d2bd6ee5ac1d225c9126fb451f3255d93a8e18815a04616211a62867bcc5e6
378	minecraft:bamboo_shelf	net.minecraft.world.item.BlockItem	block.minecraft.bamboo_shelf	64	64	0	0	1	False	True	False	True	True	["minecraft:vanilla"]	COMMON	NONE	False	False	{"present":false}	494	701aa23dee9e165ac09e0fba0140dd747462276fb935b3ccca37dcee10331887	701aa23dee9e165ac09e0fba0140dd747462276fb935b3ccca37dcee10331887
379	minecraft:birch_shelf	net.minecraft.world.item.BlockItem	block.minecraft.birch_shelf	64	64	0	0	1	False	True	False	True	True	["minecraft:vanilla"]	COMMON	NONE	False	False	{"present":false}	118	5c6b614367622101704bb41ddc2dfa62f3022bde630957afd106e9c3ebb4aa59	5c6b614367622101704bb41ddc2dfa62f3022bde630957afd106e9c3ebb4aa59
380	minecraft:cherry_shelf	net.minecraft.world.item.BlockItem	block.minecraft.cherry_shelf	64	64	0	0	1	False	True	False	True	True	["minecraft:vanilla"]	COMMON	NONE	False	False	{"present":false}	905	520372cafb566aa011f32fafb140363afa5d127deceeaba867df8100f4fa458d	520372cafb566aa011f32fafb140363afa5d127deceeaba867df8100f4fa458d
381	minecraft:crimson_shelf	net.minecraft.world.item.BlockItem	block.minecraft.crimson_shelf	64	64	0	0	1	False	True	False	True	True	["minecraft:vanilla"]	COMMON	NONE	False	False	{"present":false}	490	26c0968352893839da40b704fa0c2d085faa4cd17dd66ea8023a09ba01ef04bf	26c0968352893839da40b704fa0c2d085faa4cd17dd66ea8023a09ba01ef04bf
382	minecraft:dark_oak_shelf	net.minecraft.world.item.BlockItem	block.minecraft.dark_oak_shelf	64	64	0	0	1	False	True	False	True	True	["minecraft:vanilla"]	COMMON	NONE	False	False	{"present":false}	914	c492690ab0dfb5218ffe88cc8b2e28ba1808611e9e22df909463be7ca6c1232d	c492690ab0dfb5218ffe88cc8b2e28ba1808611e9e22df909463be7ca6c1232d
383	minecraft:jungle_shelf	net.minecraft.world.item.BlockItem	block.minecraft.jungle_shelf	64	64	0	0	1	False	True	False	True	True	["minecraft:vanilla"]	COMMON	NONE	False	False	{"present":false}	970	268abb4c184f53147285cfc2eb5617861d152648083a215abf10f6c7945a577c	268abb4c184f53147285cfc2eb5617861d152648083a215abf10f6c7945a577c
384	minecraft:mangrove_shelf	net.minecraft.world.item.BlockItem	block.minecraft.mangrove_shelf	64	64	0	0	1	False	True	False	True	True	["minecraft:vanilla"]	COMMON	NONE	False	False	{"present":false}	1086	1dee8ee5a0ed4dfe56e0c43cb5747d95a2d6c4216bd021e23e98083202fd99bf	1dee8ee5a0ed4dfe56e0c43cb5747d95a2d6c4216bd021e23e98083202fd99bf
385	minecraft:poplar_shelf	net.minecraft.world.item.BlockItem	block.minecraft.poplar_shelf	64	64	0	0	1	False	True	False	True	True	["minecraft:vanilla"]	COMMON	NONE	False	False	{"present":false}	811	b029b091470aaaccad466537f9e8ba303dad01edc8d55f5c5b358d6675d7c5e4	b029b091470aaaccad466537f9e8ba303dad01edc8d55f5c5b358d6675d7c5e4
386	minecraft:oak_shelf	net.minecraft.world.item.BlockItem	block.minecraft.oak_shelf	64	64	0	0	1	False	True	False	True	True	["minecraft:vanilla"]	COMMON	NONE	False	False	{"present":false}	369	3f8435d25999e856607758cc7688e77cfa730a76ee63493a1f2acabcc39d4aeb	3f8435d25999e856607758cc7688e77cfa730a76ee63493a1f2acabcc39d4aeb
387	minecraft:pale_oak_shelf	net.minecraft.world.item.BlockItem	block.minecraft.pale_oak_shelf	64	64	0	0	1	False	True	False	True	True	["minecraft:vanilla"]	COMMON	NONE	False	False	{"present":false}	1140	7af361be0a2b64f33cef6e009fcb5fb45945e874d1f5c43390f50f9c0de6b455	7af361be0a2b64f33cef6e009fcb5fb45945e874d1f5c43390f50f9c0de6b455
388	minecraft:spruce_shelf	net.minecraft.world.item.BlockItem	block.minecraft.spruce_shelf	64	64	0	0	1	False	True	False	True	True	["minecraft:vanilla"]	COMMON	NONE	False	False	{"present":false}	16	f49f94334c0692d7ac610d6bd7dce82532e31bc1fe7c2ab1cef62d4ca8daab43	f49f94334c0692d7ac610d6bd7dce82532e31bc1fe7c2ab1cef62d4ca8daab43
389	minecraft:warped_shelf	net.minecraft.world.item.BlockItem	block.minecraft.warped_shelf	64	64	0	0	1	False	True	False	True	True	["minecraft:vanilla"]	COMMON	NONE	False	False	{"present":false}	1241	bc28a3c9a03514ff552ae8d9a3c5ea38d63232e5fe0d47fa2b777ff0d35287cd	bc28a3c9a03514ff552ae8d9a3c5ea38d63232e5fe0d47fa2b777ff0d35287cd
390	minecraft:bookshelf	net.minecraft.world.item.BlockItem	block.minecraft.bookshelf	64	64	0	0	1	False	True	False	True	True	["minecraft:vanilla"]	COMMON	NONE	False	False	{"present":false}	623	7b5ec1717403679a44abb85686b5adfb52315848c987626e2b49aaf8f42c1f69	7b5ec1717403679a44abb85686b5adfb52315848c987626e2b49aaf8f42c1f69
391	minecraft:chiseled_bookshelf	net.minecraft.world.item.BlockItem	block.minecraft.chiseled_bookshelf	64	64	0	0	1	False	True	False	True	True	["minecraft:vanilla"]	COMMON	NONE	False	False	{"present":false}	1490	7195f7ca59bb7bdf59970a6b43ef412b3787b4c5f050485224b49aa4d58423fb	7195f7ca59bb7bdf59970a6b43ef412b3787b4c5f050485224b49aa4d58423fb
392	minecraft:decorated_pot	net.minecraft.world.item.BlockItem	block.minecraft.decorated_pot	64	64	0	0	1	False	True	False	True	True	["minecraft:vanilla"]	COMMON	NONE	False	False	{"present":false}	301	e2d9290924bb345fccaab46fe1fd898b4ab76e8f252ade967b4ece9b473e4108	e2d9290924bb345fccaab46fe1fd898b4ab76e8f252ade967b4ece9b473e4108
393	minecraft:mossy_cobblestone	net.minecraft.world.item.BlockItem	block.minecraft.mossy_cobblestone	64	64	0	0	1	False	True	False	True	True	["minecraft:vanilla"]	COMMON	NONE	False	False	{"present":false}	1313	1a4ba0d75a35c1b18439b38e5106675dcf436dd4c72a3a77ede68493be6d6629	1a4ba0d75a35c1b18439b38e5106675dcf436dd4c72a3a77ede68493be6d6629
394	minecraft:obsidian	net.minecraft.world.item.BlockItem	block.minecraft.obsidian	64	64	0	0	1	False	True	False	True	True	["minecraft:vanilla"]	COMMON	NONE	False	False	{"present":false}	885	212fd501d0c3d1e8b35af4da40faf046ae7a67fb26fe8a750c6f8fa46b06186a	212fd501d0c3d1e8b35af4da40faf046ae7a67fb26fe8a750c6f8fa46b06186a
395	minecraft:torch	net.minecraft.world.item.StandingAndWallBlockItem	block.minecraft.torch	64	64	0	0	1	False	True	False	True	True	["minecraft:vanilla"]	COMMON	NONE	False	False	{"present":false}	717	0cc2a6897bb5028b3f19c0a90485fc2c320271a9b5d008e4482dcf81be581602	0cc2a6897bb5028b3f19c0a90485fc2c320271a9b5d008e4482dcf81be581602
396	minecraft:end_rod	net.minecraft.world.item.BlockItem	block.minecraft.end_rod	64	64	0	0	1	False	True	False	True	True	["minecraft:vanilla"]	COMMON	NONE	False	False	{"present":false}	1081	7a9c011a72001bfb1e2d1b5b7d8ed8eb7daf984444439706ae2449f4818eaf14	7a9c011a72001bfb1e2d1b5b7d8ed8eb7daf984444439706ae2449f4818eaf14
397	minecraft:chorus_plant	net.minecraft.world.item.BlockItem	block.minecraft.chorus_plant	64	64	0	0	1	False	True	False	True	True	["minecraft:vanilla"]	COMMON	NONE	False	False	{"present":false}	28	7988bb38d7bc7cf4913bfa1ff619dfecf2a77f3a0a8f46ea95cbc0cc1a1ca9e4	7988bb38d7bc7cf4913bfa1ff619dfecf2a77f3a0a8f46ea95cbc0cc1a1ca9e4
398	minecraft:chorus_flower	net.minecraft.world.item.BlockItem	block.minecraft.chorus_flower	64	64	0	0	1	False	True	False	True	True	["minecraft:vanilla"]	COMMON	NONE	False	False	{"present":false}	1326	ecf279b897204389959471652d6992b3abdece4fa1ade5c844e71ea0ed54d209	ecf279b897204389959471652d6992b3abdece4fa1ade5c844e71ea0ed54d209
399	minecraft:purpur_block	net.minecraft.world.item.BlockItem	block.minecraft.purpur_block	64	64	0	0	1	False	True	False	True	True	["minecraft:vanilla"]	COMMON	NONE	False	False	{"present":false}	1575	b4f853122af8854761e5e13a77620cfc553f4a2d04f6a675166db2ccdd243530	b4f853122af8854761e5e13a77620cfc553f4a2d04f6a675166db2ccdd243530
400	minecraft:purpur_pillar	net.minecraft.world.item.BlockItem	block.minecraft.purpur_pillar	64	64	0	0	1	False	True	False	True	True	["minecraft:vanilla"]	COMMON	NONE	False	False	{"present":false}	58	f57c76ce33332f11db8e41c90cf1c84a5f40ac0ad5d6b5e8c630ba394191cf16	f57c76ce33332f11db8e41c90cf1c84a5f40ac0ad5d6b5e8c630ba394191cf16
401	minecraft:purpur_stairs	net.minecraft.world.item.BlockItem	block.minecraft.purpur_stairs	64	64	0	0	1	False	True	False	True	True	["minecraft:vanilla"]	COMMON	NONE	False	False	{"present":false}	457	7660aeb660ea622de68d6fdadc352af0b4ec1fbd963b303ce151b864b7956b8e	7660aeb660ea622de68d6fdadc352af0b4ec1fbd963b303ce151b864b7956b8e
402	minecraft:spawner	net.minecraft.world.item.BlockItem	block.minecraft.spawner	64	64	0	0	1	False	True	False	True	True	["minecraft:vanilla"]	COMMON	NONE	False	False	{"present":false}	553	b11a263ca68fee693fa74781b84746533d3a7dfe7b6e3fc939b8590c727ee1c5	b11a263ca68fee693fa74781b84746533d3a7dfe7b6e3fc939b8590c727ee1c5
403	minecraft:creaking_heart	net.minecraft.world.item.BlockItem	block.minecraft.creaking_heart	64	64	0	0	1	False	True	False	True	True	["minecraft:vanilla"]	COMMON	NONE	False	False	{"present":false}	273	5e4f7fd25bc3ae13f89aee2cdaf4404ca8a938375bbeffe94ad7c1c6780d491a	5e4f7fd25bc3ae13f89aee2cdaf4404ca8a938375bbeffe94ad7c1c6780d491a
404	minecraft:chest	net.minecraft.world.item.BlockItem	block.minecraft.chest	64	64	0	0	1	False	True	False	True	True	["minecraft:vanilla"]	COMMON	NONE	False	False	{"present":false}	59	01c38052deb54215f1a027e6f0de5b5d9ee6f959d3251fb8c2df9c56ef36726a	01c38052deb54215f1a027e6f0de5b5d9ee6f959d3251fb8c2df9c56ef36726a
405	minecraft:crafting_table	net.minecraft.world.item.BlockItem	block.minecraft.crafting_table	64	64	0	0	1	False	True	False	True	True	["minecraft:vanilla"]	COMMON	NONE	False	False	{"present":false}	524	7a762cf11483a99e6c8be01ffdbcca17bfa391af779244e30ec144c61de3fd5f	7a762cf11483a99e6c8be01ffdbcca17bfa391af779244e30ec144c61de3fd5f
406	minecraft:farmland	net.minecraft.world.item.BlockItem	block.minecraft.farmland	64	64	0	0	1	False	True	False	True	True	["minecraft:vanilla"]	COMMON	NONE	False	False	{"present":false}	1088	57be78b2c748f403e3d1abe51a33514043442826140316fdd754ceb28851706d	57be78b2c748f403e3d1abe51a33514043442826140316fdd754ceb28851706d
407	minecraft:furnace	net.minecraft.world.item.BlockItem	block.minecraft.furnace	64	64	0	0	1	False	True	False	True	True	["minecraft:vanilla"]	COMMON	NONE	False	False	{"present":false}	1257	c4fb13c1ed44b6aeed66262f8d9860480ae0b2e8faf71e998118016839322d32	c4fb13c1ed44b6aeed66262f8d9860480ae0b2e8faf71e998118016839322d32
408	minecraft:ladder	net.minecraft.world.item.BlockItem	block.minecraft.ladder	64	64	0	0	1	False	True	False	True	True	["minecraft:vanilla"]	COMMON	NONE	False	False	{"present":false}	996	ffd579a0b2174a0db9aae5a7973d451edfdf9bcb79232f5e1d63eee7560d6799	ffd579a0b2174a0db9aae5a7973d451edfdf9bcb79232f5e1d63eee7560d6799
409	minecraft:cobblestone_stairs	net.minecraft.world.item.BlockItem	block.minecraft.cobblestone_stairs	64	64	0	0	1	False	True	False	True	True	["minecraft:vanilla"]	COMMON	NONE	False	False	{"present":false}	677	aa4aa30b6125096d69c4147291994c305ca3fab55bd8fa047d61d66b3e40141b	aa4aa30b6125096d69c4147291994c305ca3fab55bd8fa047d61d66b3e40141b
410	minecraft:snow	net.minecraft.world.item.BlockItem	block.minecraft.snow	64	64	0	0	1	False	True	False	True	True	["minecraft:vanilla"]	COMMON	NONE	False	False	{"present":false}	785	8c404c6be5f3542bba2bac1b5f849cf54d97eadb541e73a14c0f0e4a1471c5cc	8c404c6be5f3542bba2bac1b5f849cf54d97eadb541e73a14c0f0e4a1471c5cc
411	minecraft:ice	net.minecraft.world.item.BlockItem	block.minecraft.ice	64	64	0	0	1	False	True	False	True	True	["minecraft:vanilla"]	COMMON	NONE	False	False	{"present":false}	148	5eec46119a8068fe1d924469adc679d816d90cb9985ffccfc2006bd660b01aaa	5eec46119a8068fe1d924469adc679d816d90cb9985ffccfc2006bd660b01aaa
412	minecraft:snow_block	net.minecraft.world.item.BlockItem	block.minecraft.snow_block	64	64	0	0	1	False	True	False	True	True	["minecraft:vanilla"]	COMMON	NONE	False	False	{"present":false}	930	37c8e5ef05594d7a40e1c731b9c37ae388c6e1c4894d3138676295585d8595e1	37c8e5ef05594d7a40e1c731b9c37ae388c6e1c4894d3138676295585d8595e1
413	minecraft:cactus	net.minecraft.world.item.BlockItem	block.minecraft.cactus	64	64	0	0	1	False	True	False	True	True	["minecraft:vanilla"]	COMMON	NONE	False	False	{"present":false}	1120	0a9b95d1366cde5e0e75a8fe467027d9bec7f3f73071a65f4f62c340b4dd82b2	0a9b95d1366cde5e0e75a8fe467027d9bec7f3f73071a65f4f62c340b4dd82b2
414	minecraft:cactus_flower	net.minecraft.world.item.BlockItem	block.minecraft.cactus_flower	64	64	0	0	1	False	True	False	True	True	["minecraft:vanilla"]	COMMON	NONE	False	False	{"present":false}	628	a8545d84c45397526f106ba15cc8a1fe58f570f821adae6e2faa1f2a7069d797	a8545d84c45397526f106ba15cc8a1fe58f570f821adae6e2faa1f2a7069d797
415	minecraft:clay	net.minecraft.world.item.BlockItem	block.minecraft.clay	64	64	0	0	1	False	True	False	True	True	["minecraft:vanilla"]	COMMON	NONE	False	False	{"present":false}	858	97206ce60c1f0375cc89026d470c78b431e6c0746b586cf3018b66d0aa664398	97206ce60c1f0375cc89026d470c78b431e6c0746b586cf3018b66d0aa664398
416	minecraft:jukebox	net.minecraft.world.item.BlockItem	block.minecraft.jukebox	64	64	0	0	1	False	True	False	True	True	["minecraft:vanilla"]	COMMON	NONE	False	False	{"present":false}	411	979282d80a49601381b323cff1b9cddd5b8e56748c0cbcad463839d7bd7f68c2	979282d80a49601381b323cff1b9cddd5b8e56748c0cbcad463839d7bd7f68c2
417	minecraft:oak_fence	net.minecraft.world.item.BlockItem	block.minecraft.oak_fence	64	64	0	0	1	False	True	False	True	True	["minecraft:vanilla"]	COMMON	NONE	False	False	{"present":false}	390	cc1dcc5077af6f20b41f0361ee75d053ddcaea242b01813bcbc6a264a7bf4094	cc1dcc5077af6f20b41f0361ee75d053ddcaea242b01813bcbc6a264a7bf4094
418	minecraft:spruce_fence	net.minecraft.world.item.BlockItem	block.minecraft.spruce_fence	64	64	0	0	1	False	True	False	True	True	["minecraft:vanilla"]	COMMON	NONE	False	False	{"present":false}	1660	2743d1a1e0fe1175127f1fd3b316a2f78cbbd50c8c61488d744beb9919864f38	2743d1a1e0fe1175127f1fd3b316a2f78cbbd50c8c61488d744beb9919864f38
419	minecraft:birch_fence	net.minecraft.world.item.BlockItem	block.minecraft.birch_fence	64	64	0	0	1	False	True	False	True	True	["minecraft:vanilla"]	COMMON	NONE	False	False	{"present":false}	451	46ee2947978535fbcd5c70393eae5419124f42a7625c78f224609df1fd2bfd85	46ee2947978535fbcd5c70393eae5419124f42a7625c78f224609df1fd2bfd85
420	minecraft:jungle_fence	net.minecraft.world.item.BlockItem	block.minecraft.jungle_fence	64	64	0	0	1	False	True	False	True	True	["minecraft:vanilla"]	COMMON	NONE	False	False	{"present":false}	1638	7d839d5bd186ae606dab0e13c819141fae4cc65407cca89faa96f281b2432728	7d839d5bd186ae606dab0e13c819141fae4cc65407cca89faa96f281b2432728
421	minecraft:acacia_fence	net.minecraft.world.item.BlockItem	block.minecraft.acacia_fence	64	64	0	0	1	False	True	False	True	True	["minecraft:vanilla"]	COMMON	NONE	False	False	{"present":false}	577	20fe84567f46dc39f5b38282e05a2743f7c1b391c230a4dca8cc954f1341a5d5	20fe84567f46dc39f5b38282e05a2743f7c1b391c230a4dca8cc954f1341a5d5
422	minecraft:cherry_fence	net.minecraft.world.item.BlockItem	block.minecraft.cherry_fence	64	64	0	0	1	False	True	False	True	True	["minecraft:vanilla"]	COMMON	NONE	False	False	{"present":false}	381	7036be86e6a8b28b6b8d37aabdae4deaa5f849a84aeb728420b43ca650ed48b9	7036be86e6a8b28b6b8d37aabdae4deaa5f849a84aeb728420b43ca650ed48b9
423	minecraft:dark_oak_fence	net.minecraft.world.item.BlockItem	block.minecraft.dark_oak_fence	64	64	0	0	1	False	True	False	True	True	["minecraft:vanilla"]	COMMON	NONE	False	False	{"present":false}	509	ce16603b998d791ed6c84ed64819864ed2be40899d1630591869bf5610d43531	ce16603b998d791ed6c84ed64819864ed2be40899d1630591869bf5610d43531
424	minecraft:pale_oak_fence	net.minecraft.world.item.BlockItem	block.minecraft.pale_oak_fence	64	64	0	0	1	False	True	False	True	True	["minecraft:vanilla"]	COMMON	NONE	False	False	{"present":false}	801	1844cff3ac821a0f52fbb26885597ebd94cdee85a8b872d2746420953e189f62	1844cff3ac821a0f52fbb26885597ebd94cdee85a8b872d2746420953e189f62
425	minecraft:mangrove_fence	net.minecraft.world.item.BlockItem	block.minecraft.mangrove_fence	64	64	0	0	1	False	True	False	True	True	["minecraft:vanilla"]	COMMON	NONE	False	False	{"present":false}	1277	dc732212a5b773512c714dcf42a57862669bf7ca1b7d55e0e2b8d7518728b373	dc732212a5b773512c714dcf42a57862669bf7ca1b7d55e0e2b8d7518728b373
426	minecraft:poplar_fence	net.minecraft.world.item.BlockItem	block.minecraft.poplar_fence	64	64	0	0	1	False	True	False	True	True	["minecraft:vanilla"]	COMMON	NONE	False	False	{"present":false}	358	bc6ed9bded4cb21ad90d34725056827cad2c3556a5eead9c3d3a577036e76d3b	bc6ed9bded4cb21ad90d34725056827cad2c3556a5eead9c3d3a577036e76d3b
427	minecraft:bamboo_fence	net.minecraft.world.item.BlockItem	block.minecraft.bamboo_fence	64	64	0	0	1	False	True	False	True	True	["minecraft:vanilla"]	COMMON	NONE	False	False	{"present":false}	1231	7d1475e5ba22a89cc72d260f8d9985824da8375d5a25f95208cc4140d5513c22	7d1475e5ba22a89cc72d260f8d9985824da8375d5a25f95208cc4140d5513c22
428	minecraft:crimson_fence	net.minecraft.world.item.BlockItem	block.minecraft.crimson_fence	64	64	0	0	1	False	True	False	True	True	["minecraft:vanilla"]	COMMON	NONE	False	False	{"present":false}	768	1a2aef79753cb97e4c52cfbf285432efd5599ff0cbf499c7b3b34a72c27a0317	1a2aef79753cb97e4c52cfbf285432efd5599ff0cbf499c7b3b34a72c27a0317
429	minecraft:warped_fence	net.minecraft.world.item.BlockItem	block.minecraft.warped_fence	64	64	0	0	1	False	True	False	True	True	["minecraft:vanilla"]	COMMON	NONE	False	False	{"present":false}	1284	b0405d0cd3353f7d1036b6f5b3422646cdd8adcc15c15dfd47c4829405f87dcf	b0405d0cd3353f7d1036b6f5b3422646cdd8adcc15c15dfd47c4829405f87dcf
430	minecraft:pumpkin	net.minecraft.world.item.BlockItem	block.minecraft.pumpkin	64	64	0	0	1	False	True	False	True	True	["minecraft:vanilla"]	COMMON	NONE	False	False	{"present":false}	1268	fe55e0ee3fd664dc53558481d0a29da9e874bb2fc5b0c0be16534c9efa4894f1	fe55e0ee3fd664dc53558481d0a29da9e874bb2fc5b0c0be16534c9efa4894f1
431	minecraft:carved_pumpkin	net.minecraft.world.item.BlockItem	block.minecraft.carved_pumpkin	64	64	0	0	1	False	True	False	True	True	["minecraft:vanilla"]	COMMON	NONE	False	False	{"present":false}	828	5126a7463f1173b604e413f420e09517d992b30625d77d31d8955f92c319811d	5126a7463f1173b604e413f420e09517d992b30625d77d31d8955f92c319811d
432	minecraft:jack_o_lantern	net.minecraft.world.item.BlockItem	block.minecraft.jack_o_lantern	64	64	0	0	1	False	True	False	True	True	["minecraft:vanilla"]	COMMON	NONE	False	False	{"present":false}	376	69a0a7888ed8bd994aacaa9188cdc5133e06ebdf1ee939f9d8ff2d6591bfe2b5	69a0a7888ed8bd994aacaa9188cdc5133e06ebdf1ee939f9d8ff2d6591bfe2b5
433	minecraft:netherrack	net.minecraft.world.item.BlockItem	block.minecraft.netherrack	64	64	0	0	1	False	True	False	True	True	["minecraft:vanilla"]	COMMON	NONE	False	False	{"present":false}	14	a0c03786f322fff374827c62bcc3e90b812c44c62689b7418b6a1c449816cd4e	a0c03786f322fff374827c62bcc3e90b812c44c62689b7418b6a1c449816cd4e
434	minecraft:soul_sand	net.minecraft.world.item.BlockItem	block.minecraft.soul_sand	64	64	0	0	1	False	True	False	True	True	["minecraft:vanilla"]	COMMON	NONE	False	False	{"present":false}	196	cb9b7e689e4910f297e0fb3443fd6724dbc7aa898ea0fabf8a4d8988b664e642	cb9b7e689e4910f297e0fb3443fd6724dbc7aa898ea0fabf8a4d8988b664e642
435	minecraft:soul_soil	net.minecraft.world.item.BlockItem	block.minecraft.soul_soil	64	64	0	0	1	False	True	False	True	True	["minecraft:vanilla"]	COMMON	NONE	False	False	{"present":false}	1237	118f152d45f639564432d69a430d6dd7d2e19a3d9dd486931524b63fed7d9e8e	118f152d45f639564432d69a430d6dd7d2e19a3d9dd486931524b63fed7d9e8e
436	minecraft:basalt	net.minecraft.world.item.BlockItem	block.minecraft.basalt	64	64	0	0	1	False	True	False	True	True	["minecraft:vanilla"]	COMMON	NONE	False	False	{"present":false}	877	bb60f82497faad97e18436881c0eda589ac409ac08e776cab3fdbafa21acc949	bb60f82497faad97e18436881c0eda589ac409ac08e776cab3fdbafa21acc949
437	minecraft:polished_basalt	net.minecraft.world.item.BlockItem	block.minecraft.polished_basalt	64	64	0	0	1	False	True	False	True	True	["minecraft:vanilla"]	COMMON	NONE	False	False	{"present":false}	307	9a6ede67dbbe3b69fbc8f62536604a810580e27b63ba273362dea9d6b6ae2394	9a6ede67dbbe3b69fbc8f62536604a810580e27b63ba273362dea9d6b6ae2394
438	minecraft:smooth_basalt	net.minecraft.world.item.BlockItem	block.minecraft.smooth_basalt	64	64	0	0	1	False	True	False	True	True	["minecraft:vanilla"]	COMMON	NONE	False	False	{"present":false}	667	5ab846d740c6f7e34f1f53830b9dca0d5dc29abc1d32198331aa96743ae6a3a0	5ab846d740c6f7e34f1f53830b9dca0d5dc29abc1d32198331aa96743ae6a3a0
439	minecraft:soul_torch	net.minecraft.world.item.StandingAndWallBlockItem	block.minecraft.soul_torch	64	64	0	0	1	False	True	False	True	True	["minecraft:vanilla"]	COMMON	NONE	False	False	{"present":false}	1613	4ff9148e597a43b3095307cede929f86e4d003d1f8e14d5d789640e36f9b10e9	4ff9148e597a43b3095307cede929f86e4d003d1f8e14d5d789640e36f9b10e9
440	minecraft:copper_torch	net.minecraft.world.item.StandingAndWallBlockItem	block.minecraft.copper_torch	64	64	0	0	1	False	True	False	True	True	["minecraft:vanilla"]	COMMON	NONE	False	False	{"present":false}	835	7e7eb10f0141eba03c36b056886de15509db952d8f08eddaf2268368d354585a	7e7eb10f0141eba03c36b056886de15509db952d8f08eddaf2268368d354585a
441	minecraft:glowstone	net.minecraft.world.item.BlockItem	block.minecraft.glowstone	64	64	0	0	1	False	True	False	True	True	["minecraft:vanilla"]	COMMON	NONE	False	False	{"present":false}	1049	e58adf2073f9b93767e708967bfbec4179424a9924296fa68bd858fe389db54f	e58adf2073f9b93767e708967bfbec4179424a9924296fa68bd858fe389db54f
442	minecraft:infested_stone	net.minecraft.world.item.BlockItem	block.minecraft.infested_stone	64	64	0	0	1	False	True	False	True	True	["minecraft:vanilla"]	COMMON	NONE	False	False	{"present":false}	497	42ff8d1059e3200e707d011684c6af30398bc934645812acbcedd55e8fa1dbfa	42ff8d1059e3200e707d011684c6af30398bc934645812acbcedd55e8fa1dbfa
443	minecraft:infested_cobblestone	net.minecraft.world.item.BlockItem	block.minecraft.infested_cobblestone	64	64	0	0	1	False	True	False	True	True	["minecraft:vanilla"]	COMMON	NONE	False	False	{"present":false}	1160	af3cb1b3be4775ab2ee0eab21077fa83d3dc6f23c2ca6216a40812335bbf16a7	af3cb1b3be4775ab2ee0eab21077fa83d3dc6f23c2ca6216a40812335bbf16a7
444	minecraft:infested_stone_bricks	net.minecraft.world.item.BlockItem	block.minecraft.infested_stone_bricks	64	64	0	0	1	False	True	False	True	True	["minecraft:vanilla"]	COMMON	NONE	False	False	{"present":false}	763	f449697f8c8915c9e12c3620ae189ba5e18f9026235cafe18ecc7aa3d2f18a83	f449697f8c8915c9e12c3620ae189ba5e18f9026235cafe18ecc7aa3d2f18a83
445	minecraft:infested_mossy_stone_bricks	net.minecraft.world.item.BlockItem	block.minecraft.infested_mossy_stone_bricks	64	64	0	0	1	False	True	False	True	True	["minecraft:vanilla"]	COMMON	NONE	False	False	{"present":false}	846	dcc6751a601f73af3ac4fb897474ae02cc8929c8541d55348e2c703b4b800faa	dcc6751a601f73af3ac4fb897474ae02cc8929c8541d55348e2c703b4b800faa
446	minecraft:infested_cracked_stone_bricks	net.minecraft.world.item.BlockItem	block.minecraft.infested_cracked_stone_bricks	64	64	0	0	1	False	True	False	True	True	["minecraft:vanilla"]	COMMON	NONE	False	False	{"present":false}	233	a4ccb017d456a40e066a659c1e0b06b7bb052746c6adabefdb0e49a388d60b4a	a4ccb017d456a40e066a659c1e0b06b7bb052746c6adabefdb0e49a388d60b4a
447	minecraft:infested_chiseled_stone_bricks	net.minecraft.world.item.BlockItem	block.minecraft.infested_chiseled_stone_bricks	64	64	0	0	1	False	True	False	True	True	["minecraft:vanilla"]	COMMON	NONE	False	False	{"present":false}	881	3de80597b47a45de5810b28bb8895117a081ee306f3d7beb9354a4d9943e9233	3de80597b47a45de5810b28bb8895117a081ee306f3d7beb9354a4d9943e9233
448	minecraft:infested_deepslate	net.minecraft.world.item.BlockItem	block.minecraft.infested_deepslate	64	64	0	0	1	False	True	False	True	True	["minecraft:vanilla"]	COMMON	NONE	False	False	{"present":false}	1228	c4219d12acb41782a26d77af6e7796dcc635b11a3e701f9af9c7ef640bd2e555	c4219d12acb41782a26d77af6e7796dcc635b11a3e701f9af9c7ef640bd2e555
449	minecraft:stone_bricks	net.minecraft.world.item.BlockItem	block.minecraft.stone_bricks	64	64	0	0	1	False	True	False	True	True	["minecraft:vanilla"]	COMMON	NONE	False	False	{"present":false}	562	4b79257fb71a8a12d55a91bfcaec28a927b745296901e3cb73a3cd106d8fc8db	4b79257fb71a8a12d55a91bfcaec28a927b745296901e3cb73a3cd106d8fc8db
450	minecraft:mossy_stone_bricks	net.minecraft.world.item.BlockItem	block.minecraft.mossy_stone_bricks	64	64	0	0	1	False	True	False	True	True	["minecraft:vanilla"]	COMMON	NONE	False	False	{"present":false}	93	2d905b2668dd5aaaccdc79b5391d4cbde4c79be796a4c8037a75c71f9e237dc6	2d905b2668dd5aaaccdc79b5391d4cbde4c79be796a4c8037a75c71f9e237dc6
451	minecraft:cracked_stone_bricks	net.minecraft.world.item.BlockItem	block.minecraft.cracked_stone_bricks	64	64	0	0	1	False	True	False	True	True	["minecraft:vanilla"]	COMMON	NONE	False	False	{"present":false}	1658	02a76d49420126388bfb302c34c675fc90ab716ebbe41491ea18a09ce16d6023	02a76d49420126388bfb302c34c675fc90ab716ebbe41491ea18a09ce16d6023
452	minecraft:chiseled_stone_bricks	net.minecraft.world.item.BlockItem	block.minecraft.chiseled_stone_bricks	64	64	0	0	1	False	True	False	True	True	["minecraft:vanilla"]	COMMON	NONE	False	False	{"present":false}	1537	533272a4fdccf63a555d088e0cc6bcf955c1d55966634ee713fc0a83a5e2dcec	533272a4fdccf63a555d088e0cc6bcf955c1d55966634ee713fc0a83a5e2dcec
453	minecraft:packed_mud	net.minecraft.world.item.BlockItem	block.minecraft.packed_mud	64	64	0	0	1	False	True	False	True	True	["minecraft:vanilla"]	COMMON	NONE	False	False	{"present":false}	726	94dab0d8c729a994510f1e9daf1e5b891c8966cd03dd8c05b97c22ef6ac42d7f	94dab0d8c729a994510f1e9daf1e5b891c8966cd03dd8c05b97c22ef6ac42d7f
454	minecraft:mud_bricks	net.minecraft.world.item.BlockItem	block.minecraft.mud_bricks	64	64	0	0	1	False	True	False	True	True	["minecraft:vanilla"]	COMMON	NONE	False	False	{"present":false}	1618	d26b3a520cbd095f4d11541cfff82a31f775feedb8d05e588631b8544063c3e7	d26b3a520cbd095f4d11541cfff82a31f775feedb8d05e588631b8544063c3e7
455	minecraft:deepslate_bricks	net.minecraft.world.item.BlockItem	block.minecraft.deepslate_bricks	64	64	0	0	1	False	True	False	True	True	["minecraft:vanilla"]	COMMON	NONE	False	False	{"present":false}	594	140c6018020bcb69a512f2a44ac7b119fec91d738dacdf8e6a3c89a8e449fd6d	140c6018020bcb69a512f2a44ac7b119fec91d738dacdf8e6a3c89a8e449fd6d
456	minecraft:cracked_deepslate_bricks	net.minecraft.world.item.BlockItem	block.minecraft.cracked_deepslate_bricks	64	64	0	0	1	False	True	False	True	True	["minecraft:vanilla"]	COMMON	NONE	False	False	{"present":false}	1536	94a8b5eab606be78041d9a2418af7cfbb840cd39e95702229eb4fe390669dfc6	94a8b5eab606be78041d9a2418af7cfbb840cd39e95702229eb4fe390669dfc6
457	minecraft:deepslate_tiles	net.minecraft.world.item.BlockItem	block.minecraft.deepslate_tiles	64	64	0	0	1	False	True	False	True	True	["minecraft:vanilla"]	COMMON	NONE	False	False	{"present":false}	936	a31e6906bc08d98760b70f22cbc2455667fe4661dbe1bcb36547f1b61fa0c05e	a31e6906bc08d98760b70f22cbc2455667fe4661dbe1bcb36547f1b61fa0c05e
458	minecraft:cracked_deepslate_tiles	net.minecraft.world.item.BlockItem	block.minecraft.cracked_deepslate_tiles	64	64	0	0	1	False	True	False	True	True	["minecraft:vanilla"]	COMMON	NONE	False	False	{"present":false}	245	56f54f9a618d08cc60399cfda84e805d41e1ffe676c5bc9ad956478d44314f43	56f54f9a618d08cc60399cfda84e805d41e1ffe676c5bc9ad956478d44314f43
459	minecraft:chiseled_deepslate	net.minecraft.world.item.BlockItem	block.minecraft.chiseled_deepslate	64	64	0	0	1	False	True	False	True	True	["minecraft:vanilla"]	COMMON	NONE	False	False	{"present":false}	511	05b69857a9e5e6b8598c0f948b924107ff84d8310b0cda6b39d3b1ad880c4d76	05b69857a9e5e6b8598c0f948b924107ff84d8310b0cda6b39d3b1ad880c4d76
460	minecraft:reinforced_deepslate	net.minecraft.world.item.BlockItem	block.minecraft.reinforced_deepslate	64	64	0	0	1	False	True	False	True	True	["minecraft:vanilla"]	COMMON	NONE	False	False	{"present":false}	507	709ff5f0c00babd9b59dc2cf4f328346163d470976a1267a15cce1be11efef54	709ff5f0c00babd9b59dc2cf4f328346163d470976a1267a15cce1be11efef54
461	minecraft:brown_mushroom_block	net.minecraft.world.item.BlockItem	block.minecraft.brown_mushroom_block	64	64	0	0	1	False	True	False	True	True	["minecraft:vanilla"]	COMMON	NONE	False	False	{"present":false}	1456	4848c7378da6293b87b5bc16d02755b5aa92208acd7c9eaf5e7b8319a2d59fe7	4848c7378da6293b87b5bc16d02755b5aa92208acd7c9eaf5e7b8319a2d59fe7
462	minecraft:red_mushroom_block	net.minecraft.world.item.BlockItem	block.minecraft.red_mushroom_block	64	64	0	0	1	False	True	False	True	True	["minecraft:vanilla"]	COMMON	NONE	False	False	{"present":false}	1017	c6624c36e0cb090cd809122994fe832aa2c424cf9358fa4dc2494ce88b562069	c6624c36e0cb090cd809122994fe832aa2c424cf9358fa4dc2494ce88b562069
463	minecraft:mushroom_stem	net.minecraft.world.item.BlockItem	block.minecraft.mushroom_stem	64	64	0	0	1	False	True	False	True	True	["minecraft:vanilla"]	COMMON	NONE	False	False	{"present":false}	1031	7fc18a70b50bb04dad3faf72e612850f917b12dba28fc92007b39fc345eec2f0	7fc18a70b50bb04dad3faf72e612850f917b12dba28fc92007b39fc345eec2f0
464	minecraft:iron_bars	net.minecraft.world.item.BlockItem	block.minecraft.iron_bars	64	64	0	0	1	False	True	False	True	True	["minecraft:vanilla"]	COMMON	NONE	False	False	{"present":false}	382	7e2a0d36cf44cc4cd54728f52cc8ca2afcbf18477262c1a460d1797c71b21971	7e2a0d36cf44cc4cd54728f52cc8ca2afcbf18477262c1a460d1797c71b21971
465	minecraft:copper_bars	net.minecraft.world.item.BlockItem	block.minecraft.copper_bars	64	64	0	0	1	False	True	False	True	True	["minecraft:vanilla"]	COMMON	NONE	False	False	{"present":false}	121	a84f3a25628d2134166c99db81a843510049264b5229e0480f933962b63d0db0	a84f3a25628d2134166c99db81a843510049264b5229e0480f933962b63d0db0
466	minecraft:exposed_copper_bars	net.minecraft.world.item.BlockItem	block.minecraft.exposed_copper_bars	64	64	0	0	1	False	True	False	True	True	["minecraft:vanilla"]	COMMON	NONE	False	False	{"present":false}	590	b0c11a5158d27950aaebf893bd41e979148428dfa784cb0bc9ba7a7aca939d56	b0c11a5158d27950aaebf893bd41e979148428dfa784cb0bc9ba7a7aca939d56
467	minecraft:weathered_copper_bars	net.minecraft.world.item.BlockItem	block.minecraft.weathered_copper_bars	64	64	0	0	1	False	True	False	True	True	["minecraft:vanilla"]	COMMON	NONE	False	False	{"present":false}	1688	1fe37adb038ed6d42d9d74b73345281ea9bb98b9f29b3592d6ee5d6cc7e3dc56	1fe37adb038ed6d42d9d74b73345281ea9bb98b9f29b3592d6ee5d6cc7e3dc56
468	minecraft:oxidized_copper_bars	net.minecraft.world.item.BlockItem	block.minecraft.oxidized_copper_bars	64	64	0	0	1	False	True	False	True	True	["minecraft:vanilla"]	COMMON	NONE	False	False	{"present":false}	1278	ac2c6250a730088394791361a7457de16e194df96ce6c29c49546b59034e4c3a	ac2c6250a730088394791361a7457de16e194df96ce6c29c49546b59034e4c3a
469	minecraft:waxed_copper_bars	net.minecraft.world.item.BlockItem	block.minecraft.waxed_copper_bars	64	64	0	0	1	False	True	False	True	True	["minecraft:vanilla"]	COMMON	NONE	False	False	{"present":false}	246	69bef40b6b0459ce2e708a5ea34e0e7c92ad4b9c6ff8aa612c6dd6a2a2df9429	69bef40b6b0459ce2e708a5ea34e0e7c92ad4b9c6ff8aa612c6dd6a2a2df9429
470	minecraft:waxed_exposed_copper_bars	net.minecraft.world.item.BlockItem	block.minecraft.waxed_exposed_copper_bars	64	64	0	0	1	False	True	False	True	True	["minecraft:vanilla"]	COMMON	NONE	False	False	{"present":false}	719	ef824b3ffced216828d44516172145894ee30f367863b8da21334444d253fc38	ef824b3ffced216828d44516172145894ee30f367863b8da21334444d253fc38
471	minecraft:waxed_weathered_copper_bars	net.minecraft.world.item.BlockItem	block.minecraft.waxed_weathered_copper_bars	64	64	0	0	1	False	True	False	True	True	["minecraft:vanilla"]	COMMON	NONE	False	False	{"present":false}	894	b283091f204178dcc5f000a73c12be7d4b202c329df59237a342f2c11ad4d0cf	b283091f204178dcc5f000a73c12be7d4b202c329df59237a342f2c11ad4d0cf
472	minecraft:waxed_oxidized_copper_bars	net.minecraft.world.item.BlockItem	block.minecraft.waxed_oxidized_copper_bars	64	64	0	0	1	False	True	False	True	True	["minecraft:vanilla"]	COMMON	NONE	False	False	{"present":false}	66	47984c18488b8c14c9b0ff66603e305b3e669b759a7131698ae038f03969f37e	47984c18488b8c14c9b0ff66603e305b3e669b759a7131698ae038f03969f37e
473	minecraft:iron_chain	net.minecraft.world.item.BlockItem	block.minecraft.iron_chain	64	64	0	0	1	False	True	False	True	True	["minecraft:vanilla"]	COMMON	NONE	False	False	{"present":false}	1503	22e9d7c4c47c3568c08b88b24a5cd3a036cb6f8353ab904b7fc7c60a3b9a8355	22e9d7c4c47c3568c08b88b24a5cd3a036cb6f8353ab904b7fc7c60a3b9a8355
474	minecraft:copper_chain	net.minecraft.world.item.BlockItem	block.minecraft.copper_chain	64	64	0	0	1	False	True	False	True	True	["minecraft:vanilla"]	COMMON	NONE	False	False	{"present":false}	971	a6f63b77c9d60441e059d639f8c236e0651ef06e7d780d1da903e1b2282d1327	a6f63b77c9d60441e059d639f8c236e0651ef06e7d780d1da903e1b2282d1327
475	minecraft:exposed_copper_chain	net.minecraft.world.item.BlockItem	block.minecraft.exposed_copper_chain	64	64	0	0	1	False	True	False	True	True	["minecraft:vanilla"]	COMMON	NONE	False	False	{"present":false}	1055	fdaccf760c800dcf3a86614a6042ac0a1ff99cd74d54ee7edffa491c7d8c0fa9	fdaccf760c800dcf3a86614a6042ac0a1ff99cd74d54ee7edffa491c7d8c0fa9
476	minecraft:weathered_copper_chain	net.minecraft.world.item.BlockItem	block.minecraft.weathered_copper_chain	64	64	0	0	1	False	True	False	True	True	["minecraft:vanilla"]	COMMON	NONE	False	False	{"present":false}	1272	95641def7f88d2a48681a5d87a84ca62ab5c8020235fb29400e95e16b97291b0	95641def7f88d2a48681a5d87a84ca62ab5c8020235fb29400e95e16b97291b0
477	minecraft:oxidized_copper_chain	net.minecraft.world.item.BlockItem	block.minecraft.oxidized_copper_chain	64	64	0	0	1	False	True	False	True	True	["minecraft:vanilla"]	COMMON	NONE	False	False	{"present":false}	431	0b66b9f92620093ff2ba6c0dddd4cdb2fd0033cebac7715f65b81489199d4f39	0b66b9f92620093ff2ba6c0dddd4cdb2fd0033cebac7715f65b81489199d4f39
478	minecraft:waxed_copper_chain	net.minecraft.world.item.BlockItem	block.minecraft.waxed_copper_chain	64	64	0	0	1	False	True	False	True	True	["minecraft:vanilla"]	COMMON	NONE	False	False	{"present":false}	252	4582ff02d19d6ae82aad4359d679366f2713c067cdc82f6e637ec0cdfa8f659b	4582ff02d19d6ae82aad4359d679366f2713c067cdc82f6e637ec0cdfa8f659b
479	minecraft:waxed_exposed_copper_chain	net.minecraft.world.item.BlockItem	block.minecraft.waxed_exposed_copper_chain	64	64	0	0	1	False	True	False	True	True	["minecraft:vanilla"]	COMMON	NONE	False	False	{"present":false}	333	d09ecfacef207c631c34048bda50e4a80f6d83b238b3c2676f6f558db0915542	d09ecfacef207c631c34048bda50e4a80f6d83b238b3c2676f6f558db0915542
480	minecraft:waxed_weathered_copper_chain	net.minecraft.world.item.BlockItem	block.minecraft.waxed_weathered_copper_chain	64	64	0	0	1	False	True	False	True	True	["minecraft:vanilla"]	COMMON	NONE	False	False	{"present":false}	1556	09006cf90abcd5360f024671dde4b2a647e1e67d74c9ff51a2846b9fcd744d5d	09006cf90abcd5360f024671dde4b2a647e1e67d74c9ff51a2846b9fcd744d5d
481	minecraft:waxed_oxidized_copper_chain	net.minecraft.world.item.BlockItem	block.minecraft.waxed_oxidized_copper_chain	64	64	0	0	1	False	True	False	True	True	["minecraft:vanilla"]	COMMON	NONE	False	False	{"present":false}	1041	4912a9d088422597ffa1454c3628bf967d4a6ec3ac8416c5566f03fbf3089694	4912a9d088422597ffa1454c3628bf967d4a6ec3ac8416c5566f03fbf3089694
482	minecraft:glass_pane	net.minecraft.world.item.BlockItem	block.minecraft.glass_pane	64	64	0	0	1	False	True	False	True	True	["minecraft:vanilla"]	COMMON	NONE	False	False	{"present":false}	1397	1d1fe6f39e7d78380cc52f9b8e752afe269a009720680031e70cb94273453fc0	1d1fe6f39e7d78380cc52f9b8e752afe269a009720680031e70cb94273453fc0
483	minecraft:melon	net.minecraft.world.item.BlockItem	block.minecraft.melon	64	64	0	0	1	False	True	False	True	True	["minecraft:vanilla"]	COMMON	NONE	False	False	{"present":false}	1368	f9c9c23b55f3f40c5020ceb70de41b8fa9af3c013438b1bf3214691fbee17303	f9c9c23b55f3f40c5020ceb70de41b8fa9af3c013438b1bf3214691fbee17303
484	minecraft:vine	net.minecraft.world.item.BlockItem	block.minecraft.vine	64	64	0	0	1	False	True	False	True	True	["minecraft:vanilla"]	COMMON	NONE	False	False	{"present":false}	21	9c5ffa9874ef79b852f9046ae1cb3ebbb6454d5e62f19f68beff56fea02034c0	9c5ffa9874ef79b852f9046ae1cb3ebbb6454d5e62f19f68beff56fea02034c0
485	minecraft:glow_lichen	net.minecraft.world.item.BlockItem	block.minecraft.glow_lichen	64	64	0	0	1	False	True	False	True	True	["minecraft:vanilla"]	COMMON	NONE	False	False	{"present":false}	119	c09eda3c9a73b8a7b0ce7d32a1bdf18dc427de59d818dac8b8f72541468f757b	c09eda3c9a73b8a7b0ce7d32a1bdf18dc427de59d818dac8b8f72541468f757b
486	minecraft:resin_clump	net.minecraft.world.item.BlockItem	item.minecraft.resin_clump	64	64	0	0	1	False	True	False	True	True	["minecraft:vanilla"]	COMMON	NONE	False	False	{"present":false}	8	80673eb07d7d44fd46095815cea47e8734c7b296bd9f6cffd47b0b4225acc19d	80673eb07d7d44fd46095815cea47e8734c7b296bd9f6cffd47b0b4225acc19d
487	minecraft:resin_block	net.minecraft.world.item.BlockItem	block.minecraft.resin_block	64	64	0	0	1	False	True	False	True	True	["minecraft:vanilla"]	COMMON	NONE	False	False	{"present":false}	770	134dca293b2771e63aa2cfa958dab5577ecb8fe4fe0b83764a6407ef07c2bcb1	134dca293b2771e63aa2cfa958dab5577ecb8fe4fe0b83764a6407ef07c2bcb1
488	minecraft:resin_bricks	net.minecraft.world.item.BlockItem	block.minecraft.resin_bricks	64	64	0	0	1	False	True	False	True	True	["minecraft:vanilla"]	COMMON	NONE	False	False	{"present":false}	969	b12f22b9e7d5f9e355e7daaa2fce281694fec7ec34c6a5ce1bdae671a7d65653	b12f22b9e7d5f9e355e7daaa2fce281694fec7ec34c6a5ce1bdae671a7d65653
489	minecraft:resin_brick_stairs	net.minecraft.world.item.BlockItem	block.minecraft.resin_brick_stairs	64	64	0	0	1	False	True	False	True	True	["minecraft:vanilla"]	COMMON	NONE	False	False	{"present":false}	533	0e569875216afaea4708006942ee76d3a8002a40eb5c2f42bf034405b0f3f8ce	0e569875216afaea4708006942ee76d3a8002a40eb5c2f42bf034405b0f3f8ce
490	minecraft:resin_brick_slab	net.minecraft.world.item.BlockItem	block.minecraft.resin_brick_slab	64	64	0	0	1	False	True	False	True	True	["minecraft:vanilla"]	COMMON	NONE	False	False	{"present":false}	486	09464df60aaa0d06729f218694676efef7291d9f7ab7ebddc7b2695ed07efb4f	09464df60aaa0d06729f218694676efef7291d9f7ab7ebddc7b2695ed07efb4f
491	minecraft:resin_brick_wall	net.minecraft.world.item.BlockItem	block.minecraft.resin_brick_wall	64	64	0	0	1	False	True	False	True	True	["minecraft:vanilla"]	COMMON	NONE	False	False	{"present":false}	950	fba46319dcf881aff1a626e9de7df5d551e90e4181e9c48e745d4e246a388d3e	fba46319dcf881aff1a626e9de7df5d551e90e4181e9c48e745d4e246a388d3e
492	minecraft:chiseled_resin_bricks	net.minecraft.world.item.BlockItem	block.minecraft.chiseled_resin_bricks	64	64	0	0	1	False	True	False	True	True	["minecraft:vanilla"]	COMMON	NONE	False	False	{"present":false}	87	01acb62b188e7edfbd699239650dd678f6e1dd61ab5419b9dc91fc0a5794312b	01acb62b188e7edfbd699239650dd678f6e1dd61ab5419b9dc91fc0a5794312b
493	minecraft:brick_stairs	net.minecraft.world.item.BlockItem	block.minecraft.brick_stairs	64	64	0	0	1	False	True	False	True	True	["minecraft:vanilla"]	COMMON	NONE	False	False	{"present":false}	655	3724b7dab67c2a1f4457c8ff268b63ee5792f570a89a849a3839805840200a62	3724b7dab67c2a1f4457c8ff268b63ee5792f570a89a849a3839805840200a62
494	minecraft:stone_brick_stairs	net.minecraft.world.item.BlockItem	block.minecraft.stone_brick_stairs	64	64	0	0	1	False	True	False	True	True	["minecraft:vanilla"]	COMMON	NONE	False	False	{"present":false}	1063	a27cf3a488c84652b0341a6ec4e5e83bffdaf0417516e94c6819775c9c867d94	a27cf3a488c84652b0341a6ec4e5e83bffdaf0417516e94c6819775c9c867d94
495	minecraft:mud_brick_stairs	net.minecraft.world.item.BlockItem	block.minecraft.mud_brick_stairs	64	64	0	0	1	False	True	False	True	True	["minecraft:vanilla"]	COMMON	NONE	False	False	{"present":false}	1012	98e40a9801870d3a7fb69bd54bbb50cb01dae6bb538039e1c08136d7f1afd43c	98e40a9801870d3a7fb69bd54bbb50cb01dae6bb538039e1c08136d7f1afd43c
496	minecraft:mycelium	net.minecraft.world.item.BlockItem	block.minecraft.mycelium	64	64	0	0	1	False	True	False	True	True	["minecraft:vanilla"]	COMMON	NONE	False	False	{"present":false}	34	63bb481b6b167675b481206f3c2c49d0e3bfbf8868881bd04bc4362695649abf	63bb481b6b167675b481206f3c2c49d0e3bfbf8868881bd04bc4362695649abf
497	minecraft:lily_pad	net.minecraft.world.item.PlaceOnWaterBlockItem	block.minecraft.lily_pad	64	64	0	0	1	False	True	False	True	True	["minecraft:vanilla"]	COMMON	NONE	False	False	{"present":false}	1412	ba1dc5467e9e52734756646f90efc628899aaeb773ebb42747177457826418a3	ba1dc5467e9e52734756646f90efc628899aaeb773ebb42747177457826418a3
498	minecraft:nether_bricks	net.minecraft.world.item.BlockItem	block.minecraft.nether_bricks	64	64	0	0	1	False	True	False	True	True	["minecraft:vanilla"]	COMMON	NONE	False	False	{"present":false}	701	81ba475c22242347b1b05ad4c59a41f3ee2e74f59cacdf842ed53fd9d328798a	81ba475c22242347b1b05ad4c59a41f3ee2e74f59cacdf842ed53fd9d328798a
499	minecraft:cracked_nether_bricks	net.minecraft.world.item.BlockItem	block.minecraft.cracked_nether_bricks	64	64	0	0	1	False	True	False	True	True	["minecraft:vanilla"]	COMMON	NONE	False	False	{"present":false}	1216	bf5a08384bdab970f2b1d01252c58b413b9fb4f6bafc85b71051c239a1a7e3c8	bf5a08384bdab970f2b1d01252c58b413b9fb4f6bafc85b71051c239a1a7e3c8
500	minecraft:chiseled_nether_bricks	net.minecraft.world.item.BlockItem	block.minecraft.chiseled_nether_bricks	64	64	0	0	1	False	True	False	True	True	["minecraft:vanilla"]	COMMON	NONE	False	False	{"present":false}	1474	aa1030f6ee1190f018ecb4b560c6f15e061f8485163262a7982e4be2d2b51f2a	aa1030f6ee1190f018ecb4b560c6f15e061f8485163262a7982e4be2d2b51f2a
501	minecraft:nether_brick_fence	net.minecraft.world.item.BlockItem	block.minecraft.nether_brick_fence	64	64	0	0	1	False	True	False	True	True	["minecraft:vanilla"]	COMMON	NONE	False	False	{"present":false}	604	0bfb559b4331bdeb71a40dd2e2bde790c27f5e1291f65445255851dd31983764	0bfb559b4331bdeb71a40dd2e2bde790c27f5e1291f65445255851dd31983764
502	minecraft:nether_brick_stairs	net.minecraft.world.item.BlockItem	block.minecraft.nether_brick_stairs	64	64	0	0	1	False	True	False	True	True	["minecraft:vanilla"]	COMMON	NONE	False	False	{"present":false}	611	614f6a94b8aa205808d663edf193b4c6ce7a6c24a4a4d9371ae3cc90a028fcc3	614f6a94b8aa205808d663edf193b4c6ce7a6c24a4a4d9371ae3cc90a028fcc3
503	minecraft:sculk	net.minecraft.world.item.BlockItem	block.minecraft.sculk	64	64	0	0	1	False	True	False	True	True	["minecraft:vanilla"]	COMMON	NONE	False	False	{"present":false}	634	bf6954f4361a895a463b72682b2544cdfec73c8864730e1d659fe26190508860	bf6954f4361a895a463b72682b2544cdfec73c8864730e1d659fe26190508860
504	minecraft:sculk_vein	net.minecraft.world.item.BlockItem	block.minecraft.sculk_vein	64	64	0	0	1	False	True	False	True	True	["minecraft:vanilla"]	COMMON	NONE	False	False	{"present":false}	1104	e1be32bf3f44fe91e63d0959af202ac72a804d870140b8eb1322dfa9066c1a7e	e1be32bf3f44fe91e63d0959af202ac72a804d870140b8eb1322dfa9066c1a7e
505	minecraft:sculk_catalyst	net.minecraft.world.item.BlockItem	block.minecraft.sculk_catalyst	64	64	0	0	1	False	True	False	True	True	["minecraft:vanilla"]	COMMON	NONE	False	False	{"present":false}	33	13b1d0a649a24f08de4d7c3dcc30eb884eff973130f674ade33bd6cae16876b0	13b1d0a649a24f08de4d7c3dcc30eb884eff973130f674ade33bd6cae16876b0
506	minecraft:sculk_shrieker	net.minecraft.world.item.BlockItem	block.minecraft.sculk_shrieker	64	64	0	0	1	False	True	False	True	True	["minecraft:vanilla"]	COMMON	NONE	False	False	{"present":false}	1635	fbbb15dd691a2df8b8c74d7c709dcf0f1c581522a9a6ac51961c8803b83b2b4d	fbbb15dd691a2df8b8c74d7c709dcf0f1c581522a9a6ac51961c8803b83b2b4d
507	minecraft:enchanting_table	net.minecraft.world.item.BlockItem	block.minecraft.enchanting_table	64	64	0	0	1	False	True	False	True	True	["minecraft:vanilla"]	COMMON	NONE	False	False	{"present":false}	1426	9b480dd11e6a7ceb6c3b66fc47b24b2c5df539c124edb4bab35b7fc546bf0eb6	9b480dd11e6a7ceb6c3b66fc47b24b2c5df539c124edb4bab35b7fc546bf0eb6
508	minecraft:end_portal_frame	net.minecraft.world.item.BlockItem	block.minecraft.end_portal_frame	64	64	0	0	1	False	True	False	True	True	["minecraft:vanilla"]	COMMON	NONE	False	False	{"present":false}	860	da2c541ff6e0a2bf9cab3a6e02a3e2fdc2c38579d7aae24bd5af253e7868c7d8	da2c541ff6e0a2bf9cab3a6e02a3e2fdc2c38579d7aae24bd5af253e7868c7d8
509	minecraft:end_stone	net.minecraft.world.item.BlockItem	block.minecraft.end_stone	64	64	0	0	1	False	True	False	True	True	["minecraft:vanilla"]	COMMON	NONE	False	False	{"present":false}	351	1d7d24a8f88bc929c45b55aac4271858728131f4e35d01d07beaa0e40f780b60	1d7d24a8f88bc929c45b55aac4271858728131f4e35d01d07beaa0e40f780b60
510	minecraft:end_stone_bricks	net.minecraft.world.item.BlockItem	block.minecraft.end_stone_bricks	64	64	0	0	1	False	True	False	True	True	["minecraft:vanilla"]	COMMON	NONE	False	False	{"present":false}	501	cd98b449492b1e695843ebd76c653f0ebb0200c640feb1c8c529be646118b4fc	cd98b449492b1e695843ebd76c653f0ebb0200c640feb1c8c529be646118b4fc
511	minecraft:dragon_egg	net.minecraft.world.item.BlockItem	block.minecraft.dragon_egg	64	64	0	0	1	False	True	False	True	True	["minecraft:vanilla"]	EPIC	NONE	False	False	{"present":false}	1224	36d0d3db0a561e187909319a75c48deb50ccc85559e1eb331a1235b383101e91	36d0d3db0a561e187909319a75c48deb50ccc85559e1eb331a1235b383101e91
512	minecraft:sandstone_stairs	net.minecraft.world.item.BlockItem	block.minecraft.sandstone_stairs	64	64	0	0	1	False	True	False	True	True	["minecraft:vanilla"]	COMMON	NONE	False	False	{"present":false}	750	66a10f72212ca6b1f8f9b8c2cf9e239b0ffae83b4d33ed0e06a05bf8ad077a3e	66a10f72212ca6b1f8f9b8c2cf9e239b0ffae83b4d33ed0e06a05bf8ad077a3e
513	minecraft:ender_chest	net.minecraft.world.item.BlockItem	block.minecraft.ender_chest	64	64	0	0	1	False	True	False	True	True	["minecraft:vanilla"]	COMMON	NONE	False	False	{"present":false}	727	cdf08359333453dd40c50df0c30cb9ffbe11a788b63125079302e335f4a89117	cdf08359333453dd40c50df0c30cb9ffbe11a788b63125079302e335f4a89117
514	minecraft:emerald_block	net.minecraft.world.item.BlockItem	block.minecraft.emerald_block	64	64	0	0	1	False	True	False	True	True	["minecraft:vanilla"]	COMMON	NONE	False	False	{"present":false}	73	e6966e9bf656bfc9df6b8a6ce2a4c8f6326541216b5aa37be658a24fdf34aefb	e6966e9bf656bfc9df6b8a6ce2a4c8f6326541216b5aa37be658a24fdf34aefb
515	minecraft:oak_stairs	net.minecraft.world.item.BlockItem	block.minecraft.oak_stairs	64	64	0	0	1	False	True	False	True	True	["minecraft:vanilla"]	COMMON	NONE	False	False	{"present":false}	776	dc4b0846039ca4784b878a339eb00b3750b202310687f40452ac6d7b4a61904b	dc4b0846039ca4784b878a339eb00b3750b202310687f40452ac6d7b4a61904b
516	minecraft:spruce_stairs	net.minecraft.world.item.BlockItem	block.minecraft.spruce_stairs	64	64	0	0	1	False	True	False	True	True	["minecraft:vanilla"]	COMMON	NONE	False	False	{"present":false}	981	88ed0673f3ac4f27bd051a0fbb0091c1c1495b151f9bb2d24371bb26a0184c7b	88ed0673f3ac4f27bd051a0fbb0091c1c1495b151f9bb2d24371bb26a0184c7b
517	minecraft:birch_stairs	net.minecraft.world.item.BlockItem	block.minecraft.birch_stairs	64	64	0	0	1	False	True	False	True	True	["minecraft:vanilla"]	COMMON	NONE	False	False	{"present":false}	1091	947f43fb5474cabb40c51b1b7a4f04fecc0f7195cccebb1351e7657ed21fad15	947f43fb5474cabb40c51b1b7a4f04fecc0f7195cccebb1351e7657ed21fad15
518	minecraft:jungle_stairs	net.minecraft.world.item.BlockItem	block.minecraft.jungle_stairs	64	64	0	0	1	False	True	False	True	True	["minecraft:vanilla"]	COMMON	NONE	False	False	{"present":false}	756	fb5a9bc8a337a7dd6f399b5ababda6efc94a3fda8852ec929b96f3406cb16a7b	fb5a9bc8a337a7dd6f399b5ababda6efc94a3fda8852ec929b96f3406cb16a7b
519	minecraft:acacia_stairs	net.minecraft.world.item.BlockItem	block.minecraft.acacia_stairs	64	64	0	0	1	False	True	False	True	True	["minecraft:vanilla"]	COMMON	NONE	False	False	{"present":false}	1192	3193421246ec36573f87e6bdc51a724dcb74b7f8f350adf7f3b7264d5a562575	3193421246ec36573f87e6bdc51a724dcb74b7f8f350adf7f3b7264d5a562575
520	minecraft:cherry_stairs	net.minecraft.world.item.BlockItem	block.minecraft.cherry_stairs	64	64	0	0	1	False	True	False	True	True	["minecraft:vanilla"]	COMMON	NONE	False	False	{"present":false}	844	29a64f7c1e3e5c0afd283c069855791ecc7eb5abb11d58271d61dfde87294502	29a64f7c1e3e5c0afd283c069855791ecc7eb5abb11d58271d61dfde87294502
521	minecraft:dark_oak_stairs	net.minecraft.world.item.BlockItem	block.minecraft.dark_oak_stairs	64	64	0	0	1	False	True	False	True	True	["minecraft:vanilla"]	COMMON	NONE	False	False	{"present":false}	595	3b054a39890bfc90957b7530223f9a6bfa648cf972a66245e2b6090ca2950a4c	3b054a39890bfc90957b7530223f9a6bfa648cf972a66245e2b6090ca2950a4c
522	minecraft:pale_oak_stairs	net.minecraft.world.item.BlockItem	block.minecraft.pale_oak_stairs	64	64	0	0	1	False	True	False	True	True	["minecraft:vanilla"]	COMMON	NONE	False	False	{"present":false}	626	b19a9d019be0e822259b89bf9c951624795a2ab30b22faa420bf5679a7d350df	b19a9d019be0e822259b89bf9c951624795a2ab30b22faa420bf5679a7d350df
523	minecraft:mangrove_stairs	net.minecraft.world.item.BlockItem	block.minecraft.mangrove_stairs	64	64	0	0	1	False	True	False	True	True	["minecraft:vanilla"]	COMMON	NONE	False	False	{"present":false}	51	66699b8e96b44e05125a629fb3f875d0a0bf11c7658d59a7da98cdd1b807be26	66699b8e96b44e05125a629fb3f875d0a0bf11c7658d59a7da98cdd1b807be26
524	minecraft:poplar_stairs	net.minecraft.world.item.BlockItem	block.minecraft.poplar_stairs	64	64	0	0	1	False	True	False	True	True	["minecraft:vanilla"]	COMMON	NONE	False	False	{"present":false}	912	c26d33bb2bc17a2e69832f8d61f47fac9883bb95c8ce2d7b52519006253cd319	c26d33bb2bc17a2e69832f8d61f47fac9883bb95c8ce2d7b52519006253cd319
525	minecraft:bamboo_stairs	net.minecraft.world.item.BlockItem	block.minecraft.bamboo_stairs	64	64	0	0	1	False	True	False	True	True	["minecraft:vanilla"]	COMMON	NONE	False	False	{"present":false}	1445	7bffdb6a366d4eb1514a59f47c9e83ee910ed176103cf20262574a1a8f738b08	7bffdb6a366d4eb1514a59f47c9e83ee910ed176103cf20262574a1a8f738b08
526	minecraft:bamboo_mosaic_stairs	net.minecraft.world.item.BlockItem	block.minecraft.bamboo_mosaic_stairs	64	64	0	0	1	False	True	False	True	True	["minecraft:vanilla"]	COMMON	NONE	False	False	{"present":false}	1234	4a4c8b561844042fc6c7c56bc933d7dd49c6e2c5a4656ffc11a586d6fe359613	4a4c8b561844042fc6c7c56bc933d7dd49c6e2c5a4656ffc11a586d6fe359613
527	minecraft:crimson_stairs	net.minecraft.world.item.BlockItem	block.minecraft.crimson_stairs	64	64	0	0	1	False	True	False	True	True	["minecraft:vanilla"]	COMMON	NONE	False	False	{"present":false}	1602	471e4fb30f4bdf608a21fd6b83bb13309bd0e47e80cae383c6ed4ed15680a11b	471e4fb30f4bdf608a21fd6b83bb13309bd0e47e80cae383c6ed4ed15680a11b
528	minecraft:warped_stairs	net.minecraft.world.item.BlockItem	block.minecraft.warped_stairs	64	64	0	0	1	False	True	False	True	True	["minecraft:vanilla"]	COMMON	NONE	False	False	{"present":false}	879	646bb7c1e5cc33d3f95daad0a29ff20facc801d117bb3da8a82c33cf30a53a24	646bb7c1e5cc33d3f95daad0a29ff20facc801d117bb3da8a82c33cf30a53a24
529	minecraft:command_block	net.minecraft.world.item.GameMasterBlockItem	block.minecraft.command_block	64	64	0	0	1	False	True	False	True	True	["minecraft:vanilla"]	EPIC	NONE	False	False	{"present":false}	955	892ce7455a8412130acb68aa99e8466ead112d74fa4a8c4a26374fe203048cb9	892ce7455a8412130acb68aa99e8466ead112d74fa4a8c4a26374fe203048cb9
530	minecraft:beacon	net.minecraft.world.item.BlockItem	block.minecraft.beacon	64	64	0	0	1	False	True	False	True	True	["minecraft:vanilla"]	RARE	NONE	False	False	{"present":false}	205	af966a1c0deb499e0e11cdd1a0aad7dce393f69fc04775a0325c551d8a3a1f4f	af966a1c0deb499e0e11cdd1a0aad7dce393f69fc04775a0325c551d8a3a1f4f
531	minecraft:cobblestone_wall	net.minecraft.world.item.BlockItem	block.minecraft.cobblestone_wall	64	64	0	0	1	False	True	False	True	True	["minecraft:vanilla"]	COMMON	NONE	False	False	{"present":false}	367	190a36e782b8a56db1184568960444d3b5212e72d1e0fc26784d57c498dfea55	190a36e782b8a56db1184568960444d3b5212e72d1e0fc26784d57c498dfea55
532	minecraft:mossy_cobblestone_wall	net.minecraft.world.item.BlockItem	block.minecraft.mossy_cobblestone_wall	64	64	0	0	1	False	True	False	True	True	["minecraft:vanilla"]	COMMON	NONE	False	False	{"present":false}	352	0a5b2b2bda5ee48b418d0976db6bd89c2cca3b63b1d01a39d16985b1a38b52a9	0a5b2b2bda5ee48b418d0976db6bd89c2cca3b63b1d01a39d16985b1a38b52a9
533	minecraft:brick_wall	net.minecraft.world.item.BlockItem	block.minecraft.brick_wall	64	64	0	0	1	False	True	False	True	True	["minecraft:vanilla"]	COMMON	NONE	False	False	{"present":false}	1545	161bbb8976a9a8b8813bb7221b6ca1ba3ed07294fe3b99f37526eaa9a2e5e3b7	161bbb8976a9a8b8813bb7221b6ca1ba3ed07294fe3b99f37526eaa9a2e5e3b7
534	minecraft:prismarine_wall	net.minecraft.world.item.BlockItem	block.minecraft.prismarine_wall	64	64	0	0	1	False	True	False	True	True	["minecraft:vanilla"]	COMMON	NONE	False	False	{"present":false}	215	ecebdace7ad529e56eab5b032704ebf84497c2ab309bfee2ccdb641aac468ed4	ecebdace7ad529e56eab5b032704ebf84497c2ab309bfee2ccdb641aac468ed4
535	minecraft:red_sandstone_wall	net.minecraft.world.item.BlockItem	block.minecraft.red_sandstone_wall	64	64	0	0	1	False	True	False	True	True	["minecraft:vanilla"]	COMMON	NONE	False	False	{"present":false}	640	82b60894f7976d0cfcbb5387e9f08e7e9eb8b843daaa0213300667127137962b	82b60894f7976d0cfcbb5387e9f08e7e9eb8b843daaa0213300667127137962b
536	minecraft:mossy_stone_brick_wall	net.minecraft.world.item.BlockItem	block.minecraft.mossy_stone_brick_wall	64	64	0	0	1	False	True	False	True	True	["minecraft:vanilla"]	COMMON	NONE	False	False	{"present":false}	90	c359168462d13a0e482218592ae71740ab5c07e45cf9d31326f50180e6c4ec5f	c359168462d13a0e482218592ae71740ab5c07e45cf9d31326f50180e6c4ec5f
537	minecraft:granite_wall	net.minecraft.world.item.BlockItem	block.minecraft.granite_wall	64	64	0	0	1	False	True	False	True	True	["minecraft:vanilla"]	COMMON	NONE	False	False	{"present":false}	1502	c4d605408f6961bbd8f781dffbb7884eead5c91f80b2e0d4341eea6f147a23b5	c4d605408f6961bbd8f781dffbb7884eead5c91f80b2e0d4341eea6f147a23b5
538	minecraft:stone_brick_wall	net.minecraft.world.item.BlockItem	block.minecraft.stone_brick_wall	64	64	0	0	1	False	True	False	True	True	["minecraft:vanilla"]	COMMON	NONE	False	False	{"present":false}	1371	ef579ba72ea72ab0e6ce603f26688f53d1bb64714bbed840cc2e24e86a90b0f5	ef579ba72ea72ab0e6ce603f26688f53d1bb64714bbed840cc2e24e86a90b0f5
539	minecraft:mud_brick_wall	net.minecraft.world.item.BlockItem	block.minecraft.mud_brick_wall	64	64	0	0	1	False	True	False	True	True	["minecraft:vanilla"]	COMMON	NONE	False	False	{"present":false}	274	ef5d6d53e468549cba0b9f2fc142c55c66538db6ac1b041902bfb0d12fb9a77b	ef5d6d53e468549cba0b9f2fc142c55c66538db6ac1b041902bfb0d12fb9a77b
540	minecraft:nether_brick_wall	net.minecraft.world.item.BlockItem	block.minecraft.nether_brick_wall	64	64	0	0	1	False	True	False	True	True	["minecraft:vanilla"]	COMMON	NONE	False	False	{"present":false}	1250	c2ea25458093e3184792e1dd23b826ef2348363ae6e52e2cbe51ad08126f8f95	c2ea25458093e3184792e1dd23b826ef2348363ae6e52e2cbe51ad08126f8f95
541	minecraft:andesite_wall	net.minecraft.world.item.BlockItem	block.minecraft.andesite_wall	64	64	0	0	1	False	True	False	True	True	["minecraft:vanilla"]	COMMON	NONE	False	False	{"present":false}	723	362a867afd7ad3ba37ac8508fa7b85053ce1ad1960ccc1bc89bbd0cdc0f70892	362a867afd7ad3ba37ac8508fa7b85053ce1ad1960ccc1bc89bbd0cdc0f70892
542	minecraft:red_nether_brick_wall	net.minecraft.world.item.BlockItem	block.minecraft.red_nether_brick_wall	64	64	0	0	1	False	True	False	True	True	["minecraft:vanilla"]	COMMON	NONE	False	False	{"present":false}	1305	772a86ee56192afe7005f4e4c0ae6e8ed7c412f275288a14684f3620a66e763e	772a86ee56192afe7005f4e4c0ae6e8ed7c412f275288a14684f3620a66e763e
543	minecraft:sandstone_wall	net.minecraft.world.item.BlockItem	block.minecraft.sandstone_wall	64	64	0	0	1	False	True	False	True	True	["minecraft:vanilla"]	COMMON	NONE	False	False	{"present":false}	1652	8e3e56e162c92eae662cff8a243d480e07bbfd89f38a857b6ab9174413aa636f	8e3e56e162c92eae662cff8a243d480e07bbfd89f38a857b6ab9174413aa636f
544	minecraft:end_stone_brick_wall	net.minecraft.world.item.BlockItem	block.minecraft.end_stone_brick_wall	64	64	0	0	1	False	True	False	True	True	["minecraft:vanilla"]	COMMON	NONE	False	False	{"present":false}	666	417a013a989cd933d5c77cebd0aa16f79cc782e506cde0a1365597883baea370	417a013a989cd933d5c77cebd0aa16f79cc782e506cde0a1365597883baea370
545	minecraft:diorite_wall	net.minecraft.world.item.BlockItem	block.minecraft.diorite_wall	64	64	0	0	1	False	True	False	True	True	["minecraft:vanilla"]	COMMON	NONE	False	False	{"present":false}	62	bb742d07df9bcd5e0fc2b7a78e6730a954c36f210e57913224b3c3ef97be04fa	bb742d07df9bcd5e0fc2b7a78e6730a954c36f210e57913224b3c3ef97be04fa
546	minecraft:blackstone_wall	net.minecraft.world.item.BlockItem	block.minecraft.blackstone_wall	64	64	0	0	1	False	True	False	True	True	["minecraft:vanilla"]	COMMON	NONE	False	False	{"present":false}	116	b404725de04bff6dca4eee6d0ecd4a01c36b866f7bfe0e9dd816e9107efadbb9	b404725de04bff6dca4eee6d0ecd4a01c36b866f7bfe0e9dd816e9107efadbb9
547	minecraft:polished_blackstone_wall	net.minecraft.world.item.BlockItem	block.minecraft.polished_blackstone_wall	64	64	0	0	1	False	True	False	True	True	["minecraft:vanilla"]	COMMON	NONE	False	False	{"present":false}	515	0d3faca1d9fbe912cd3e647559c02f677cb081cd24fa96d6d720a1b761645e3d	0d3faca1d9fbe912cd3e647559c02f677cb081cd24fa96d6d720a1b761645e3d
548	minecraft:polished_blackstone_brick_wall	net.minecraft.world.item.BlockItem	block.minecraft.polished_blackstone_brick_wall	64	64	0	0	1	False	True	False	True	True	["minecraft:vanilla"]	COMMON	NONE	False	False	{"present":false}	742	f8110b5f92f376909b101e1a4174f7b6b4dc8e9806d6284868795793972d6829	f8110b5f92f376909b101e1a4174f7b6b4dc8e9806d6284868795793972d6829
549	minecraft:cobbled_deepslate_wall	net.minecraft.world.item.BlockItem	block.minecraft.cobbled_deepslate_wall	64	64	0	0	1	False	True	False	True	True	["minecraft:vanilla"]	COMMON	NONE	False	False	{"present":false}	318	e380eb8391633d8287e8c76f3b4c3a16c4a0c3c83f41a1c91dbd093d0ddc6d9d	e380eb8391633d8287e8c76f3b4c3a16c4a0c3c83f41a1c91dbd093d0ddc6d9d
550	minecraft:polished_deepslate_wall	net.minecraft.world.item.BlockItem	block.minecraft.polished_deepslate_wall	64	64	0	0	1	False	True	False	True	True	["minecraft:vanilla"]	COMMON	NONE	False	False	{"present":false}	471	9569096fd9aa077c2153d3837eb802de3674a33ff9bd80aff63b6e52aa264ed3	9569096fd9aa077c2153d3837eb802de3674a33ff9bd80aff63b6e52aa264ed3
551	minecraft:deepslate_brick_wall	net.minecraft.world.item.BlockItem	block.minecraft.deepslate_brick_wall	64	64	0	0	1	False	True	False	True	True	["minecraft:vanilla"]	COMMON	NONE	False	False	{"present":false}	1166	4eb8666ced2713bde2ea76c69ff8292b28c5302adc0567a882197939b49222cf	4eb8666ced2713bde2ea76c69ff8292b28c5302adc0567a882197939b49222cf
552	minecraft:deepslate_tile_wall	net.minecraft.world.item.BlockItem	block.minecraft.deepslate_tile_wall	64	64	0	0	1	False	True	False	True	True	["minecraft:vanilla"]	COMMON	NONE	False	False	{"present":false}	1005	150e951c6e718d60387a86a614ec0e1ab8f03271db84fb5b2f01ba309e840aad	150e951c6e718d60387a86a614ec0e1ab8f03271db84fb5b2f01ba309e840aad
553	minecraft:anvil	net.minecraft.world.item.BlockItem	block.minecraft.anvil	64	64	0	0	1	False	True	False	True	True	["minecraft:vanilla"]	COMMON	NONE	False	False	{"present":false}	1666	d7edd54d8b46ae994fe4cd50691cd36878292acdcd3b04ed12f5a3fd05bff59a	d7edd54d8b46ae994fe4cd50691cd36878292acdcd3b04ed12f5a3fd05bff59a
554	minecraft:chipped_anvil	net.minecraft.world.item.BlockItem	block.minecraft.chipped_anvil	64	64	0	0	1	False	True	False	True	True	["minecraft:vanilla"]	COMMON	NONE	False	False	{"present":false}	1196	43a5590fee3058879e30948b3da9ee09ef44abfb82efa04b3658b01e3da4b891	43a5590fee3058879e30948b3da9ee09ef44abfb82efa04b3658b01e3da4b891
555	minecraft:damaged_anvil	net.minecraft.world.item.BlockItem	block.minecraft.damaged_anvil	64	64	0	0	1	False	True	False	True	True	["minecraft:vanilla"]	COMMON	NONE	False	False	{"present":false}	167	a835681fe880415f33688f828c9b191e047125745c7195dbec764690d09ee378	a835681fe880415f33688f828c9b191e047125745c7195dbec764690d09ee378
556	minecraft:chiseled_quartz_block	net.minecraft.world.item.BlockItem	block.minecraft.chiseled_quartz_block	64	64	0	0	1	False	True	False	True	True	["minecraft:vanilla"]	COMMON	NONE	False	False	{"present":false}	551	65e205bb59fd076f194d0aedb2f245657d4224b50f64daa5ccf7ef3a68edc4b0	65e205bb59fd076f194d0aedb2f245657d4224b50f64daa5ccf7ef3a68edc4b0
557	minecraft:quartz_block	net.minecraft.world.item.BlockItem	block.minecraft.quartz_block	64	64	0	0	1	False	True	False	True	True	["minecraft:vanilla"]	COMMON	NONE	False	False	{"present":false}	734	19a342d435fdbae3b926166d4f8330861c9d2fc51ce87c70bfaffd845e5cac3d	19a342d435fdbae3b926166d4f8330861c9d2fc51ce87c70bfaffd845e5cac3d
558	minecraft:quartz_bricks	net.minecraft.world.item.BlockItem	block.minecraft.quartz_bricks	64	64	0	0	1	False	True	False	True	True	["minecraft:vanilla"]	COMMON	NONE	False	False	{"present":false}	1481	7fa19bb2a9a71111ca0773efb35b0234ef880d89319c2ea994390794d905c82d	7fa19bb2a9a71111ca0773efb35b0234ef880d89319c2ea994390794d905c82d
559	minecraft:quartz_pillar	net.minecraft.world.item.BlockItem	block.minecraft.quartz_pillar	64	64	0	0	1	False	True	False	True	True	["minecraft:vanilla"]	COMMON	NONE	False	False	{"present":false}	466	9b02c21143fd2fd10cb4b4b74b719c2b24b381a34c8af3188855cafc8d5369b5	9b02c21143fd2fd10cb4b4b74b719c2b24b381a34c8af3188855cafc8d5369b5
560	minecraft:quartz_stairs	net.minecraft.world.item.BlockItem	block.minecraft.quartz_stairs	64	64	0	0	1	False	True	False	True	True	["minecraft:vanilla"]	COMMON	NONE	False	False	{"present":false}	818	aebd97cec6d74facfe44eb66179c2373bb8c0712b9a28ecb3fa30ff15a133a13	aebd97cec6d74facfe44eb66179c2373bb8c0712b9a28ecb3fa30ff15a133a13
561	minecraft:white_terracotta	net.minecraft.world.item.BlockItem	block.minecraft.white_terracotta	64	64	0	0	1	False	True	False	True	True	["minecraft:vanilla"]	COMMON	NONE	False	False	{"present":false}	1540	8de8710c34b85e584df76f61153fe9f9eab74e046adabef762d0a494b77be9d2	8de8710c34b85e584df76f61153fe9f9eab74e046adabef762d0a494b77be9d2
562	minecraft:orange_terracotta	net.minecraft.world.item.BlockItem	block.minecraft.orange_terracotta	64	64	0	0	1	False	True	False	True	True	["minecraft:vanilla"]	COMMON	NONE	False	False	{"present":false}	123	0f09ec057820d1255416be97be0669e0184220104e7294005fd6e724feb1d30e	0f09ec057820d1255416be97be0669e0184220104e7294005fd6e724feb1d30e
563	minecraft:magenta_terracotta	net.minecraft.world.item.BlockItem	block.minecraft.magenta_terracotta	64	64	0	0	1	False	True	False	True	True	["minecraft:vanilla"]	COMMON	NONE	False	False	{"present":false}	168	c5163983ba9f7fd4c0b49dd458ac6d3d5bc0d5116df057ed6f035c2da88a0e87	c5163983ba9f7fd4c0b49dd458ac6d3d5bc0d5116df057ed6f035c2da88a0e87
564	minecraft:light_blue_terracotta	net.minecraft.world.item.BlockItem	block.minecraft.light_blue_terracotta	64	64	0	0	1	False	True	False	True	True	["minecraft:vanilla"]	COMMON	NONE	False	False	{"present":false}	596	d40ce36c650613841f8b281a682c5b88dfa26035bd5119977e76d629e4c76f76	d40ce36c650613841f8b281a682c5b88dfa26035bd5119977e76d629e4c76f76
565	minecraft:yellow_terracotta	net.minecraft.world.item.BlockItem	block.minecraft.yellow_terracotta	64	64	0	0	1	False	True	False	True	True	["minecraft:vanilla"]	COMMON	NONE	False	False	{"present":false}	792	0efef6081fa32b3fcb2b387722bfe2933bd2da5361d32341bc94d17b32fabdd1	0efef6081fa32b3fcb2b387722bfe2933bd2da5361d32341bc94d17b32fabdd1
566	minecraft:lime_terracotta	net.minecraft.world.item.BlockItem	block.minecraft.lime_terracotta	64	64	0	0	1	False	True	False	True	True	["minecraft:vanilla"]	COMMON	NONE	False	False	{"present":false}	974	b22c42adea18f3b5005eb079aeb717e07123e0ae10fac5241fc9a97c98100642	b22c42adea18f3b5005eb079aeb717e07123e0ae10fac5241fc9a97c98100642
567	minecraft:pink_terracotta	net.minecraft.world.item.BlockItem	block.minecraft.pink_terracotta	64	64	0	0	1	False	True	False	True	True	["minecraft:vanilla"]	COMMON	NONE	False	False	{"present":false}	884	85056a9994cd1c2a0452908862e5fc10ee525461b239e56d0c33042ebb4e7b33	85056a9994cd1c2a0452908862e5fc10ee525461b239e56d0c33042ebb4e7b33
568	minecraft:gray_terracotta	net.minecraft.world.item.BlockItem	block.minecraft.gray_terracotta	64	64	0	0	1	False	True	False	True	True	["minecraft:vanilla"]	COMMON	NONE	False	False	{"present":false}	1417	313c3322ca20821e32747bc8270c847f7032e1926b9baab30bb7fef03ffab44a	313c3322ca20821e32747bc8270c847f7032e1926b9baab30bb7fef03ffab44a
569	minecraft:light_gray_terracotta	net.minecraft.world.item.BlockItem	block.minecraft.light_gray_terracotta	64	64	0	0	1	False	True	False	True	True	["minecraft:vanilla"]	COMMON	NONE	False	False	{"present":false}	268	6820d623dde24c2edb9d34a13a7fab7d41bbec889fa8073fd2397917f8c82488	6820d623dde24c2edb9d34a13a7fab7d41bbec889fa8073fd2397917f8c82488
570	minecraft:cyan_terracotta	net.minecraft.world.item.BlockItem	block.minecraft.cyan_terracotta	64	64	0	0	1	False	True	False	True	True	["minecraft:vanilla"]	COMMON	NONE	False	False	{"present":false}	848	aa36b26b5f93c08c29e6d9c4b70fa044d8cfc7853b467a8749c9aabefe6d39bf	aa36b26b5f93c08c29e6d9c4b70fa044d8cfc7853b467a8749c9aabefe6d39bf
571	minecraft:purple_terracotta	net.minecraft.world.item.BlockItem	block.minecraft.purple_terracotta	64	64	0	0	1	False	True	False	True	True	["minecraft:vanilla"]	COMMON	NONE	False	False	{"present":false}	1034	8c9309282b60c9f43702b9ce314bdf3c45622ff22b8878cd5acf4246605c68bd	8c9309282b60c9f43702b9ce314bdf3c45622ff22b8878cd5acf4246605c68bd
572	minecraft:blue_terracotta	net.minecraft.world.item.BlockItem	block.minecraft.blue_terracotta	64	64	0	0	1	False	True	False	True	True	["minecraft:vanilla"]	COMMON	NONE	False	False	{"present":false}	552	12fc8e79488fdaf73ee904c946d463d0d042eef6e1d752b2785d543150344153	12fc8e79488fdaf73ee904c946d463d0d042eef6e1d752b2785d543150344153
573	minecraft:brown_terracotta	net.minecraft.world.item.BlockItem	block.minecraft.brown_terracotta	64	64	0	0	1	False	True	False	True	True	["minecraft:vanilla"]	COMMON	NONE	False	False	{"present":false}	96	6ddedd64e3f61752ab513f0331009763ebef5ef5bf7d9df6b2499e41a8c5c4ef	6ddedd64e3f61752ab513f0331009763ebef5ef5bf7d9df6b2499e41a8c5c4ef
574	minecraft:green_terracotta	net.minecraft.world.item.BlockItem	block.minecraft.green_terracotta	64	64	0	0	1	False	True	False	True	True	["minecraft:vanilla"]	COMMON	NONE	False	False	{"present":false}	660	338d8555b0e0deb76f3a937c993cad8d6200ad59fec3e5781306f771bc19f914	338d8555b0e0deb76f3a937c993cad8d6200ad59fec3e5781306f771bc19f914
575	minecraft:red_terracotta	net.minecraft.world.item.BlockItem	block.minecraft.red_terracotta	64	64	0	0	1	False	True	False	True	True	["minecraft:vanilla"]	COMMON	NONE	False	False	{"present":false}	217	bc8103dbdea107a36cdfb1f28fc6d762bcf10006b8a776e3193431b2208794f1	bc8103dbdea107a36cdfb1f28fc6d762bcf10006b8a776e3193431b2208794f1
576	minecraft:black_terracotta	net.minecraft.world.item.BlockItem	block.minecraft.black_terracotta	64	64	0	0	1	False	True	False	True	True	["minecraft:vanilla"]	COMMON	NONE	False	False	{"present":false}	919	bd011ed4b06d8756168cb158ecb9e67cc68bfb2b80762fc5943f3f1072ee0b1c	bd011ed4b06d8756168cb158ecb9e67cc68bfb2b80762fc5943f3f1072ee0b1c
577	minecraft:barrier	net.minecraft.world.item.BlockItem	block.minecraft.barrier	64	64	0	0	1	False	True	False	True	True	["minecraft:vanilla"]	EPIC	NONE	False	False	{"present":false}	544	235a60899d28eae7cabacd99ee11ed541e8d9f0d49a80ece84dc07bcfffddc25	235a60899d28eae7cabacd99ee11ed541e8d9f0d49a80ece84dc07bcfffddc25
578	minecraft:light	net.minecraft.world.item.BlockItem	block.minecraft.light	64	64	0	0	1	False	True	False	True	True	["minecraft:vanilla"]	EPIC	NONE	False	False	{"present":false}	1596	ff0d2560332a57076491116409d5bf798f9745c4b18704e4ef93ab7e7592e3e4	ff0d2560332a57076491116409d5bf798f9745c4b18704e4ef93ab7e7592e3e4
579	minecraft:hay_block	net.minecraft.world.item.BlockItem	block.minecraft.hay_block	64	64	0	0	1	False	True	False	True	True	["minecraft:vanilla"]	COMMON	NONE	False	False	{"present":false}	228	6b4d6c606a37fb0ae36fbe0c2333d059a329c7f69fcf8461b2e6fffd7aa70952	6b4d6c606a37fb0ae36fbe0c2333d059a329c7f69fcf8461b2e6fffd7aa70952
580	minecraft:white_carpet	net.minecraft.world.item.BlockItem	block.minecraft.white_carpet	64	64	0	0	1	False	True	False	True	True	["minecraft:vanilla"]	COMMON	NONE	False	False	{"present":false}	906	b74891a39d41ad6a988caf3047bd2c5c45838ca924092ec4718338d117a7fed9	b74891a39d41ad6a988caf3047bd2c5c45838ca924092ec4718338d117a7fed9
581	minecraft:orange_carpet	net.minecraft.world.item.BlockItem	block.minecraft.orange_carpet	64	64	0	0	1	False	True	False	True	True	["minecraft:vanilla"]	COMMON	NONE	False	False	{"present":false}	306	143109cfba70a14d41044cc53812c971926a757db003c644be89d7e0c170515a	143109cfba70a14d41044cc53812c971926a757db003c644be89d7e0c170515a
582	minecraft:magenta_carpet	net.minecraft.world.item.BlockItem	block.minecraft.magenta_carpet	64	64	0	0	1	False	True	False	True	True	["minecraft:vanilla"]	COMMON	NONE	False	False	{"present":false}	794	4fd722205ed9efc2cdaca18f65ded0c72c27bc54177d7386baa9d2ac7d840e19	4fd722205ed9efc2cdaca18f65ded0c72c27bc54177d7386baa9d2ac7d840e19
583	minecraft:light_blue_carpet	net.minecraft.world.item.BlockItem	block.minecraft.light_blue_carpet	64	64	0	0	1	False	True	False	True	True	["minecraft:vanilla"]	COMMON	NONE	False	False	{"present":false}	179	de29f0007275ff19d241df7799c610bc4f687a4075749553f922ecd2974a9c16	de29f0007275ff19d241df7799c610bc4f687a4075749553f922ecd2974a9c16
584	minecraft:yellow_carpet	net.minecraft.world.item.BlockItem	block.minecraft.yellow_carpet	64	64	0	0	1	False	True	False	True	True	["minecraft:vanilla"]	COMMON	NONE	False	False	{"present":false}	994	b16b6646c2eeda127e94df8dafd53d6bd02f2cbdd84ca7b06099e47a425b1a19	b16b6646c2eeda127e94df8dafd53d6bd02f2cbdd84ca7b06099e47a425b1a19
585	minecraft:lime_carpet	net.minecraft.world.item.BlockItem	block.minecraft.lime_carpet	64	64	0	0	1	False	True	False	True	True	["minecraft:vanilla"]	COMMON	NONE	False	False	{"present":false}	496	a512d5ee14eed8234018a226bf65c4ce146694cb391e37883db9bf9506cd84a4	a512d5ee14eed8234018a226bf65c4ce146694cb391e37883db9bf9506cd84a4
586	minecraft:pink_carpet	net.minecraft.world.item.BlockItem	block.minecraft.pink_carpet	64	64	0	0	1	False	True	False	True	True	["minecraft:vanilla"]	COMMON	NONE	False	False	{"present":false}	1678	296d9f5cbdd047b334b9e467412ea57ed1f1ef2e64e0ca18f73a301f9300b20e	296d9f5cbdd047b334b9e467412ea57ed1f1ef2e64e0ca18f73a301f9300b20e
587	minecraft:gray_carpet	net.minecraft.world.item.BlockItem	block.minecraft.gray_carpet	64	64	0	0	1	False	True	False	True	True	["minecraft:vanilla"]	COMMON	NONE	False	False	{"present":false}	1070	a718efed4e486cde95d5a24961684598186823a49b19ef45cb8686dc4fb26104	a718efed4e486cde95d5a24961684598186823a49b19ef45cb8686dc4fb26104
588	minecraft:light_gray_carpet	net.minecraft.world.item.BlockItem	block.minecraft.light_gray_carpet	64	64	0	0	1	False	True	False	True	True	["minecraft:vanilla"]	COMMON	NONE	False	False	{"present":false}	388	011d0a3df714877443df359fe86c055f6b33229ddfbdc6c9942e86fd935b148e	011d0a3df714877443df359fe86c055f6b33229ddfbdc6c9942e86fd935b148e
589	minecraft:cyan_carpet	net.minecraft.world.item.BlockItem	block.minecraft.cyan_carpet	64	64	0	0	1	False	True	False	True	True	["minecraft:vanilla"]	COMMON	NONE	False	False	{"present":false}	535	bab4b57abd2dc2162d61a8833edfbdac9015d5eaa3eeb03c79baebf7c33afe21	bab4b57abd2dc2162d61a8833edfbdac9015d5eaa3eeb03c79baebf7c33afe21
590	minecraft:purple_carpet	net.minecraft.world.item.BlockItem	block.minecraft.purple_carpet	64	64	0	0	1	False	True	False	True	True	["minecraft:vanilla"]	COMMON	NONE	False	False	{"present":false}	1191	796502ab01dbf3f0caf7ebece01e4619c94f56512c692a29ef6c9764ce6c1d6a	796502ab01dbf3f0caf7ebece01e4619c94f56512c692a29ef6c9764ce6c1d6a
591	minecraft:blue_carpet	net.minecraft.world.item.BlockItem	block.minecraft.blue_carpet	64	64	0	0	1	False	True	False	True	True	["minecraft:vanilla"]	COMMON	NONE	False	False	{"present":false}	177	2c974ede52b3b6d0e0dd425bb9bb91fb340de57c414222232863c0577d4c8bd4	2c974ede52b3b6d0e0dd425bb9bb91fb340de57c414222232863c0577d4c8bd4
592	minecraft:brown_carpet	net.minecraft.world.item.BlockItem	block.minecraft.brown_carpet	64	64	0	0	1	False	True	False	True	True	["minecraft:vanilla"]	COMMON	NONE	False	False	{"present":false}	845	e1b98dd82b5785d6a26ea3472ebf4ab1f7edc491151022bdff7239efb8fbcac7	e1b98dd82b5785d6a26ea3472ebf4ab1f7edc491151022bdff7239efb8fbcac7
593	minecraft:green_carpet	net.minecraft.world.item.BlockItem	block.minecraft.green_carpet	64	64	0	0	1	False	True	False	True	True	["minecraft:vanilla"]	COMMON	NONE	False	False	{"present":false}	1223	80e6357dd389f938133ff8c4de500a9b6bd3bf3faf7466420c16d56b945bfec1	80e6357dd389f938133ff8c4de500a9b6bd3bf3faf7466420c16d56b945bfec1
594	minecraft:red_carpet	net.minecraft.world.item.BlockItem	block.minecraft.red_carpet	64	64	0	0	1	False	True	False	True	True	["minecraft:vanilla"]	COMMON	NONE	False	False	{"present":false}	972	c0a6b2ee7b8c177f9c6d61657b48b3ddbf42c94b4a977c5966bded74116ad4a9	c0a6b2ee7b8c177f9c6d61657b48b3ddbf42c94b4a977c5966bded74116ad4a9
595	minecraft:black_carpet	net.minecraft.world.item.BlockItem	block.minecraft.black_carpet	64	64	0	0	1	False	True	False	True	True	["minecraft:vanilla"]	COMMON	NONE	False	False	{"present":false}	583	44bbf1d04e8c0d44fe540a82043333d708d97f997b89a64cf46bc06d75c346a8	44bbf1d04e8c0d44fe540a82043333d708d97f997b89a64cf46bc06d75c346a8
596	minecraft:terracotta	net.minecraft.world.item.BlockItem	block.minecraft.terracotta	64	64	0	0	1	False	True	False	True	True	["minecraft:vanilla"]	COMMON	NONE	False	False	{"present":false}	189	db277d6ad98288f9bacee819d223cb06f02fce5c835ac6e0632f22aee45b192c	db277d6ad98288f9bacee819d223cb06f02fce5c835ac6e0632f22aee45b192c
597	minecraft:packed_ice	net.minecraft.world.item.BlockItem	block.minecraft.packed_ice	64	64	0	0	1	False	True	False	True	True	["minecraft:vanilla"]	COMMON	NONE	False	False	{"present":false}	635	9dc3e4cef1b8d2c1c85f6197941f48369cb6d403fcf5fdc79567b2572bf47ffd	9dc3e4cef1b8d2c1c85f6197941f48369cb6d403fcf5fdc79567b2572bf47ffd
598	minecraft:dirt_path	net.minecraft.world.item.BlockItem	block.minecraft.dirt_path	64	64	0	0	1	False	True	False	True	True	["minecraft:vanilla"]	COMMON	NONE	False	False	{"present":false}	1550	ccfd2c72abe21045f8b9dc1adc2cb021e02c49a18bc152864049f51d84f4d93e	ccfd2c72abe21045f8b9dc1adc2cb021e02c49a18bc152864049f51d84f4d93e
599	minecraft:sunflower	net.minecraft.world.item.DoubleHighBlockItem	block.minecraft.sunflower	64	64	0	0	1	False	True	False	True	True	["minecraft:vanilla"]	COMMON	NONE	False	False	{"present":false}	522	cb36aadcaca5e35caf558875a768aa4fb3743795ae31d4ece9f0673f134d3bb9	cb36aadcaca5e35caf558875a768aa4fb3743795ae31d4ece9f0673f134d3bb9
600	minecraft:lilac	net.minecraft.world.item.DoubleHighBlockItem	block.minecraft.lilac	64	64	0	0	1	False	True	False	True	True	["minecraft:vanilla"]	COMMON	NONE	False	False	{"present":false}	1370	762e9dd1ff44ed2af4adab2db970ab06bd354b76973b512b25b5ce4ea4e3ea76	762e9dd1ff44ed2af4adab2db970ab06bd354b76973b512b25b5ce4ea4e3ea76
601	minecraft:rose_bush	net.minecraft.world.item.DoubleHighBlockItem	block.minecraft.rose_bush	64	64	0	0	1	False	True	False	True	True	["minecraft:vanilla"]	COMMON	NONE	False	False	{"present":false}	816	aa7ff1ea54f43bc4d416b0716d363b9ec59c70e3cef8042b03772351d2c497cd	aa7ff1ea54f43bc4d416b0716d363b9ec59c70e3cef8042b03772351d2c497cd
602	minecraft:peony	net.minecraft.world.item.DoubleHighBlockItem	block.minecraft.peony	64	64	0	0	1	False	True	False	True	True	["minecraft:vanilla"]	COMMON	NONE	False	False	{"present":false}	1059	575384410b5874a3089e2626c15c1c0dee20cfb1c99a0a5e5f7e9d850ea4e069	575384410b5874a3089e2626c15c1c0dee20cfb1c99a0a5e5f7e9d850ea4e069
603	minecraft:tall_grass	net.minecraft.world.item.DoubleHighBlockItem	block.minecraft.tall_grass	64	64	0	0	1	False	True	False	True	True	["minecraft:vanilla"]	COMMON	NONE	False	False	{"present":false}	1478	48f4f4c7a576b0c9a91e65212340e8b84da605fb65f62f9a9a17f9c560134157	48f4f4c7a576b0c9a91e65212340e8b84da605fb65f62f9a9a17f9c560134157
604	minecraft:large_fern	net.minecraft.world.item.DoubleHighBlockItem	block.minecraft.large_fern	64	64	0	0	1	False	True	False	True	True	["minecraft:vanilla"]	COMMON	NONE	False	False	{"present":false}	993	d1900685238fccc5a3e31d5e6262c8cfda7807e1875620bc418d9665a6a5b01d	d1900685238fccc5a3e31d5e6262c8cfda7807e1875620bc418d9665a6a5b01d
605	minecraft:white_stained_glass	net.minecraft.world.item.BlockItem	block.minecraft.white_stained_glass	64	64	0	0	1	False	True	False	True	True	["minecraft:vanilla"]	COMMON	NONE	False	False	{"present":false}	325	3ac4825cf8bd9402fb93db480a51d3db1abecfc0109428247df56b4b53539a7b	3ac4825cf8bd9402fb93db480a51d3db1abecfc0109428247df56b4b53539a7b
606	minecraft:orange_stained_glass	net.minecraft.world.item.BlockItem	block.minecraft.orange_stained_glass	64	64	0	0	1	False	True	False	True	True	["minecraft:vanilla"]	COMMON	NONE	False	False	{"present":false}	943	868dc90d2cb96f83f8565bc725299d92ff22a6edd9dabe1123cd2f96870e5eeb	868dc90d2cb96f83f8565bc725299d92ff22a6edd9dabe1123cd2f96870e5eeb
607	minecraft:magenta_stained_glass	net.minecraft.world.item.BlockItem	block.minecraft.magenta_stained_glass	64	64	0	0	1	False	True	False	True	True	["minecraft:vanilla"]	COMMON	NONE	False	False	{"present":false}	378	7b5e7bead98359d9154b2ba5256df97c892cb2dea1ba8d7a1df45e8a20345a5a	7b5e7bead98359d9154b2ba5256df97c892cb2dea1ba8d7a1df45e8a20345a5a
608	minecraft:light_blue_stained_glass	net.minecraft.world.item.BlockItem	block.minecraft.light_blue_stained_glass	64	64	0	0	1	False	True	False	True	True	["minecraft:vanilla"]	COMMON	NONE	False	False	{"present":false}	730	f0548c2c2d19821dad8c7ae64146c7c35dfab4f861b30713c7d3aa1e11b21630	f0548c2c2d19821dad8c7ae64146c7c35dfab4f861b30713c7d3aa1e11b21630
609	minecraft:yellow_stained_glass	net.minecraft.world.item.BlockItem	block.minecraft.yellow_stained_glass	64	64	0	0	1	False	True	False	True	True	["minecraft:vanilla"]	COMMON	NONE	False	False	{"present":false}	915	32e9df52b87e4af19dd4fa026e380c2406eb3ee6d77beae8a35c239909098fc0	32e9df52b87e4af19dd4fa026e380c2406eb3ee6d77beae8a35c239909098fc0
610	minecraft:lime_stained_glass	net.minecraft.world.item.BlockItem	block.minecraft.lime_stained_glass	64	64	0	0	1	False	True	False	True	True	["minecraft:vanilla"]	COMMON	NONE	False	False	{"present":false}	685	bfe110aaaee1a472890523196f97bb1dc14bdb420cf76ed71392943f04a99a9a	bfe110aaaee1a472890523196f97bb1dc14bdb420cf76ed71392943f04a99a9a
611	minecraft:pink_stained_glass	net.minecraft.world.item.BlockItem	block.minecraft.pink_stained_glass	64	64	0	0	1	False	True	False	True	True	["minecraft:vanilla"]	COMMON	NONE	False	False	{"present":false}	12	10176cd17cdc1184f4aa5f8bf2804ad0fefc30fa80cd4c00a32c3e7791c22c43	10176cd17cdc1184f4aa5f8bf2804ad0fefc30fa80cd4c00a32c3e7791c22c43
612	minecraft:gray_stained_glass	net.minecraft.world.item.BlockItem	block.minecraft.gray_stained_glass	64	64	0	0	1	False	True	False	True	True	["minecraft:vanilla"]	COMMON	NONE	False	False	{"present":false}	1455	9af349b5148b666d589d0a7db57380cc377be9c044816bd0de2783f7c9b0a609	9af349b5148b666d589d0a7db57380cc377be9c044816bd0de2783f7c9b0a609
613	minecraft:light_gray_stained_glass	net.minecraft.world.item.BlockItem	block.minecraft.light_gray_stained_glass	64	64	0	0	1	False	True	False	True	True	["minecraft:vanilla"]	COMMON	NONE	False	False	{"present":false}	348	239fedf7446d18e0a19e665260a620c7d58b12577fc18396c8cb2ce50e88b671	239fedf7446d18e0a19e665260a620c7d58b12577fc18396c8cb2ce50e88b671
614	minecraft:cyan_stained_glass	net.minecraft.world.item.BlockItem	block.minecraft.cyan_stained_glass	64	64	0	0	1	False	True	False	True	True	["minecraft:vanilla"]	COMMON	NONE	False	False	{"present":false}	1563	e9f6db6c18cd9453f90360abeed3a8261a902b68cf49e05a48cb2a5909a978b8	e9f6db6c18cd9453f90360abeed3a8261a902b68cf49e05a48cb2a5909a978b8
615	minecraft:purple_stained_glass	net.minecraft.world.item.BlockItem	block.minecraft.purple_stained_glass	64	64	0	0	1	False	True	False	True	True	["minecraft:vanilla"]	COMMON	NONE	False	False	{"present":false}	1349	8c347cb3c9e149801ddb9866ae3f65a89408ce20c3daf14fc13daafbfd473c33	8c347cb3c9e149801ddb9866ae3f65a89408ce20c3daf14fc13daafbfd473c33
616	minecraft:blue_stained_glass	net.minecraft.world.item.BlockItem	block.minecraft.blue_stained_glass	64	64	0	0	1	False	True	False	True	True	["minecraft:vanilla"]	COMMON	NONE	False	False	{"present":false}	1492	017f938a49dd5a459f824f857a516368251ce4b52f376e0ddfce3678ca593ad0	017f938a49dd5a459f824f857a516368251ce4b52f376e0ddfce3678ca593ad0
617	minecraft:brown_stained_glass	net.minecraft.world.item.BlockItem	block.minecraft.brown_stained_glass	64	64	0	0	1	False	True	False	True	True	["minecraft:vanilla"]	COMMON	NONE	False	False	{"present":false}	665	e4ee7cf0be103dc74afa6f5ff0561c7c2e672fdae4eae3c7057af2e704f35ae3	e4ee7cf0be103dc74afa6f5ff0561c7c2e672fdae4eae3c7057af2e704f35ae3
618	minecraft:green_stained_glass	net.minecraft.world.item.BlockItem	block.minecraft.green_stained_glass	64	64	0	0	1	False	True	False	True	True	["minecraft:vanilla"]	COMMON	NONE	False	False	{"present":false}	135	fcb535580ecbe1e68dcda82ec847107f0b5efd2b53d12b41fc0a7b7f6d30958d	fcb535580ecbe1e68dcda82ec847107f0b5efd2b53d12b41fc0a7b7f6d30958d
619	minecraft:red_stained_glass	net.minecraft.world.item.BlockItem	block.minecraft.red_stained_glass	64	64	0	0	1	False	True	False	True	True	["minecraft:vanilla"]	COMMON	NONE	False	False	{"present":false}	947	67a307b2ce525222c3ea8ff56d10c99818b8985096c02621cd12eb8893da5aa2	67a307b2ce525222c3ea8ff56d10c99818b8985096c02621cd12eb8893da5aa2
620	minecraft:black_stained_glass	net.minecraft.world.item.BlockItem	block.minecraft.black_stained_glass	64	64	0	0	1	False	True	False	True	True	["minecraft:vanilla"]	COMMON	NONE	False	False	{"present":false}	615	f1719126487dc484d46e12b8be89e3934ddf6f902bea942baf639d24a24fb239	f1719126487dc484d46e12b8be89e3934ddf6f902bea942baf639d24a24fb239
621	minecraft:white_stained_glass_pane	net.minecraft.world.item.BlockItem	block.minecraft.white_stained_glass_pane	64	64	0	0	1	False	True	False	True	True	["minecraft:vanilla"]	COMMON	NONE	False	False	{"present":false}	72	2412fe0ef4d672326f01544149dbbb284a9cee1d54952a9b9a47c1203bf876df	2412fe0ef4d672326f01544149dbbb284a9cee1d54952a9b9a47c1203bf876df
622	minecraft:orange_stained_glass_pane	net.minecraft.world.item.BlockItem	block.minecraft.orange_stained_glass_pane	64	64	0	0	1	False	True	False	True	True	["minecraft:vanilla"]	COMMON	NONE	False	False	{"present":false}	475	49f16b9972ae475aad0d7cccf308010d397c5b6a9c500b9c785a9b49c427aa11	49f16b9972ae475aad0d7cccf308010d397c5b6a9c500b9c785a9b49c427aa11
623	minecraft:magenta_stained_glass_pane	net.minecraft.world.item.BlockItem	block.minecraft.magenta_stained_glass_pane	64	64	0	0	1	False	True	False	True	True	["minecraft:vanilla"]	COMMON	NONE	False	False	{"present":false}	1489	5d96a6771e065887639a97696cc033580468a9f73fd6719ddd54767116da83b3	5d96a6771e065887639a97696cc033580468a9f73fd6719ddd54767116da83b3
624	minecraft:light_blue_stained_glass_pane	net.minecraft.world.item.BlockItem	block.minecraft.light_blue_stained_glass_pane	64	64	0	0	1	False	True	False	True	True	["minecraft:vanilla"]	COMMON	NONE	False	False	{"present":false}	875	8885049e94a152b971761ba9563da74c80d677e54b1bb14c3ba3fcbf2a1ee9fe	8885049e94a152b971761ba9563da74c80d677e54b1bb14c3ba3fcbf2a1ee9fe
625	minecraft:yellow_stained_glass_pane	net.minecraft.world.item.BlockItem	block.minecraft.yellow_stained_glass_pane	64	64	0	0	1	False	True	False	True	True	["minecraft:vanilla"]	COMMON	NONE	False	False	{"present":false}	1236	9c75fa382ab60e0cf2ca8b59ed2ae7a287f4756308e87cd1567bde196e2bc29c	9c75fa382ab60e0cf2ca8b59ed2ae7a287f4756308e87cd1567bde196e2bc29c
626	minecraft:lime_stained_glass_pane	net.minecraft.world.item.BlockItem	block.minecraft.lime_stained_glass_pane	64	64	0	0	1	False	True	False	True	True	["minecraft:vanilla"]	COMMON	NONE	False	False	{"present":false}	1570	b37773b2d942977b827130bb89020614642ac81cfd6d86a050b7f3afe37d8a37	b37773b2d942977b827130bb89020614642ac81cfd6d86a050b7f3afe37d8a37
627	minecraft:pink_stained_glass_pane	net.minecraft.world.item.BlockItem	block.minecraft.pink_stained_glass_pane	64	64	0	0	1	False	True	False	True	True	["minecraft:vanilla"]	COMMON	NONE	False	False	{"present":false}	1385	d9b9cb0e98c986a6f9715c9e58955b3edf3d7f6a46ba97ffb494c451fd88d30e	d9b9cb0e98c986a6f9715c9e58955b3edf3d7f6a46ba97ffb494c451fd88d30e
628	minecraft:gray_stained_glass_pane	net.minecraft.world.item.BlockItem	block.minecraft.gray_stained_glass_pane	64	64	0	0	1	False	True	False	True	True	["minecraft:vanilla"]	COMMON	NONE	False	False	{"present":false}	840	084bdfd2e91bda952a1e4081597aa28a116e687004b537e9fdd1a0ce7ef526c9	084bdfd2e91bda952a1e4081597aa28a116e687004b537e9fdd1a0ce7ef526c9
629	minecraft:light_gray_stained_glass_pane	net.minecraft.world.item.BlockItem	block.minecraft.light_gray_stained_glass_pane	64	64	0	0	1	False	True	False	True	True	["minecraft:vanilla"]	COMMON	NONE	False	False	{"present":false}	260	fe803521974690efa1989c4b3f84d715679df7bf08405e71c9465f083ec3f12e	fe803521974690efa1989c4b3f84d715679df7bf08405e71c9465f083ec3f12e
630	minecraft:cyan_stained_glass_pane	net.minecraft.world.item.BlockItem	block.minecraft.cyan_stained_glass_pane	64	64	0	0	1	False	True	False	True	True	["minecraft:vanilla"]	COMMON	NONE	False	False	{"present":false}	787	a5ff2c8d476c637242d4e82ab816d609ca8df86ec1da2af24f8c880493ff4535	a5ff2c8d476c637242d4e82ab816d609ca8df86ec1da2af24f8c880493ff4535
631	minecraft:purple_stained_glass_pane	net.minecraft.world.item.BlockItem	block.minecraft.purple_stained_glass_pane	64	64	0	0	1	False	True	False	True	True	["minecraft:vanilla"]	COMMON	NONE	False	False	{"present":false}	1143	51de1695b6d2654bda59d00a67afa40a9b92f89ace99c5c7b8997a37ec78e7b7	51de1695b6d2654bda59d00a67afa40a9b92f89ace99c5c7b8997a37ec78e7b7
632	minecraft:blue_stained_glass_pane	net.minecraft.world.item.BlockItem	block.minecraft.blue_stained_glass_pane	64	64	0	0	1	False	True	False	True	True	["minecraft:vanilla"]	COMMON	NONE	False	False	{"present":false}	1163	b2b1a02b144e596e2d831b18fac7f37687224a5c61a6b4419a653b35dab4ac2a	b2b1a02b144e596e2d831b18fac7f37687224a5c61a6b4419a653b35dab4ac2a
633	minecraft:brown_stained_glass_pane	net.minecraft.world.item.BlockItem	block.minecraft.brown_stained_glass_pane	64	64	0	0	1	False	True	False	True	True	["minecraft:vanilla"]	COMMON	NONE	False	False	{"present":false}	151	bfd741a71bd97198b85b70f632c2d9163f3b93823521b49cd1ca9889453f1416	bfd741a71bd97198b85b70f632c2d9163f3b93823521b49cd1ca9889453f1416
634	minecraft:green_stained_glass_pane	net.minecraft.world.item.BlockItem	block.minecraft.green_stained_glass_pane	64	64	0	0	1	False	True	False	True	True	["minecraft:vanilla"]	COMMON	NONE	False	False	{"present":false}	1505	966f3e89d9febda45aff1a9a3aca0df6d27a319251d17ca9ed48619ea4a30908	966f3e89d9febda45aff1a9a3aca0df6d27a319251d17ca9ed48619ea4a30908
635	minecraft:red_stained_glass_pane	net.minecraft.world.item.BlockItem	block.minecraft.red_stained_glass_pane	64	64	0	0	1	False	True	False	True	True	["minecraft:vanilla"]	COMMON	NONE	False	False	{"present":false}	1322	29c18223637342155d38d3e6f7b71c20da541da7e36c870315ab3bab8d979f25	29c18223637342155d38d3e6f7b71c20da541da7e36c870315ab3bab8d979f25
636	minecraft:black_stained_glass_pane	net.minecraft.world.item.BlockItem	block.minecraft.black_stained_glass_pane	64	64	0	0	1	False	True	False	True	True	["minecraft:vanilla"]	COMMON	NONE	False	False	{"present":false}	1185	ec033b6420ca18f8161d6bac1d53eb0965633316b8e9bb4b715c0b0d349673f5	ec033b6420ca18f8161d6bac1d53eb0965633316b8e9bb4b715c0b0d349673f5
637	minecraft:prismarine	net.minecraft.world.item.BlockItem	block.minecraft.prismarine	64	64	0	0	1	False	True	False	True	True	["minecraft:vanilla"]	COMMON	NONE	False	False	{"present":false}	1663	3e13a4ee264fd728ef350139abd497d8ed04cf97937d39b88a3bd1cdd4c88925	3e13a4ee264fd728ef350139abd497d8ed04cf97937d39b88a3bd1cdd4c88925
638	minecraft:prismarine_bricks	net.minecraft.world.item.BlockItem	block.minecraft.prismarine_bricks	64	64	0	0	1	False	True	False	True	True	["minecraft:vanilla"]	COMMON	NONE	False	False	{"present":false}	753	3a0b2fd0a71a2d033a3117876f5df0411ff23555ed8dc99d8ee11083f2f14f48	3a0b2fd0a71a2d033a3117876f5df0411ff23555ed8dc99d8ee11083f2f14f48
639	minecraft:dark_prismarine	net.minecraft.world.item.BlockItem	block.minecraft.dark_prismarine	64	64	0	0	1	False	True	False	True	True	["minecraft:vanilla"]	COMMON	NONE	False	False	{"present":false}	296	bb70a69edd55cda0c44e62be2e304a3e6a400f436fb5728f4dcfee99e2f6b9a2	bb70a69edd55cda0c44e62be2e304a3e6a400f436fb5728f4dcfee99e2f6b9a2
640	minecraft:prismarine_stairs	net.minecraft.world.item.BlockItem	block.minecraft.prismarine_stairs	64	64	0	0	1	False	True	False	True	True	["minecraft:vanilla"]	COMMON	NONE	False	False	{"present":false}	606	5796fbce26da2ae73b261dcfe7b930a8599339359dc63da366a495a248261303	5796fbce26da2ae73b261dcfe7b930a8599339359dc63da366a495a248261303
641	minecraft:prismarine_brick_stairs	net.minecraft.world.item.BlockItem	block.minecraft.prismarine_brick_stairs	64	64	0	0	1	False	True	False	True	True	["minecraft:vanilla"]	COMMON	NONE	False	False	{"present":false}	1587	32155327c1f92106ea02542c943bdd4720ba7013ef4c293c67447147679e07de	32155327c1f92106ea02542c943bdd4720ba7013ef4c293c67447147679e07de
642	minecraft:dark_prismarine_stairs	net.minecraft.world.item.BlockItem	block.minecraft.dark_prismarine_stairs	64	64	0	0	1	False	True	False	True	True	["minecraft:vanilla"]	COMMON	NONE	False	False	{"present":false}	1686	8b73e70be57452649fa73db36fb3486fb6d4d0c1b7980b494bc56d9505ec6a11	8b73e70be57452649fa73db36fb3486fb6d4d0c1b7980b494bc56d9505ec6a11
643	minecraft:sea_lantern	net.minecraft.world.item.BlockItem	block.minecraft.sea_lantern	64	64	0	0	1	False	True	False	True	True	["minecraft:vanilla"]	COMMON	NONE	False	False	{"present":false}	998	f27c483cfb7715c1d869ec3e7bfc7bfb0aac9e5b846e0e12fcc7384f026ffb19	f27c483cfb7715c1d869ec3e7bfc7bfb0aac9e5b846e0e12fcc7384f026ffb19
644	minecraft:red_sandstone	net.minecraft.world.item.BlockItem	block.minecraft.red_sandstone	64	64	0	0	1	False	True	False	True	True	["minecraft:vanilla"]	COMMON	NONE	False	False	{"present":false}	421	b32d6ec2e4afce421342e119bc09ea11990765f4347d6f920b87d8e7d75f15a8	b32d6ec2e4afce421342e119bc09ea11990765f4347d6f920b87d8e7d75f15a8
645	minecraft:chiseled_red_sandstone	net.minecraft.world.item.BlockItem	block.minecraft.chiseled_red_sandstone	64	64	0	0	1	False	True	False	True	True	["minecraft:vanilla"]	COMMON	NONE	False	False	{"present":false}	353	4c92a0a066e21252463226d9af023b3a6a5a5af4982ad0ee0331668f8af8b63b	4c92a0a066e21252463226d9af023b3a6a5a5af4982ad0ee0331668f8af8b63b
646	minecraft:cut_red_sandstone	net.minecraft.world.item.BlockItem	block.minecraft.cut_red_sandstone	64	64	0	0	1	False	True	False	True	True	["minecraft:vanilla"]	COMMON	NONE	False	False	{"present":false}	913	09977162a86b10c5469f847adf861b1c476d114437b3704c1588b96e813e6823	09977162a86b10c5469f847adf861b1c476d114437b3704c1588b96e813e6823
647	minecraft:red_sandstone_stairs	net.minecraft.world.item.BlockItem	block.minecraft.red_sandstone_stairs	64	64	0	0	1	False	True	False	True	True	["minecraft:vanilla"]	COMMON	NONE	False	False	{"present":false}	578	1eb838ef1862a3d6692ebb80a7a79c34ecbb1bffbab143483dcca487277d49e4	1eb838ef1862a3d6692ebb80a7a79c34ecbb1bffbab143483dcca487277d49e4
648	minecraft:repeating_command_block	net.minecraft.world.item.GameMasterBlockItem	block.minecraft.repeating_command_block	64	64	0	0	1	False	True	False	True	True	["minecraft:vanilla"]	EPIC	NONE	False	False	{"present":false}	1649	1d48223761060ce311c1fdf64043642e2c4fc52a99ced2fda794a60f51ac95ec	1d48223761060ce311c1fdf64043642e2c4fc52a99ced2fda794a60f51ac95ec
649	minecraft:chain_command_block	net.minecraft.world.item.GameMasterBlockItem	block.minecraft.chain_command_block	64	64	0	0	1	False	True	False	True	True	["minecraft:vanilla"]	EPIC	NONE	False	False	{"present":false}	1133	b6e168bbf61a42cadd1cff3bd7d01533e8e1e7c3229edf56f464c62680166e84	b6e168bbf61a42cadd1cff3bd7d01533e8e1e7c3229edf56f464c62680166e84
650	minecraft:magma_block	net.minecraft.world.item.BlockItem	block.minecraft.magma_block	64	64	0	0	1	False	True	False	True	True	["minecraft:vanilla"]	COMMON	NONE	False	False	{"present":false}	681	97c448300230fc2e93eef9d794de8d7c8bed8db25254e4ab505544582bbfd889	97c448300230fc2e93eef9d794de8d7c8bed8db25254e4ab505544582bbfd889
651	minecraft:nether_wart_block	net.minecraft.world.item.BlockItem	block.minecraft.nether_wart_block	64	64	0	0	1	False	True	False	True	True	["minecraft:vanilla"]	COMMON	NONE	False	False	{"present":false}	129	bb7564e91b2729beeb6e41af56965700271c6e1647182d1e1dc12ce93e0931c2	bb7564e91b2729beeb6e41af56965700271c6e1647182d1e1dc12ce93e0931c2
652	minecraft:warped_wart_block	net.minecraft.world.item.BlockItem	block.minecraft.warped_wart_block	64	64	0	0	1	False	True	False	True	True	["minecraft:vanilla"]	COMMON	NONE	False	False	{"present":false}	1198	79e38e6dfdd567f45e2da96dcd97d2c65dc1e3cfdebdbb18514c8b377fcfe279	79e38e6dfdd567f45e2da96dcd97d2c65dc1e3cfdebdbb18514c8b377fcfe279
653	minecraft:red_nether_bricks	net.minecraft.world.item.BlockItem	block.minecraft.red_nether_bricks	64	64	0	0	1	False	True	False	True	True	["minecraft:vanilla"]	COMMON	NONE	False	False	{"present":false}	999	bb516803fe7313af3b234bc5af215490b8c43229aada489c089a3830f94373df	bb516803fe7313af3b234bc5af215490b8c43229aada489c089a3830f94373df
654	minecraft:bone_block	net.minecraft.world.item.BlockItem	block.minecraft.bone_block	64	64	0	0	1	False	True	False	True	True	["minecraft:vanilla"]	COMMON	NONE	False	False	{"present":false}	374	3f58210f814c2bedcdf093ce3e40e2b575f9102d7df418c99d879f7a6ce1b353	3f58210f814c2bedcdf093ce3e40e2b575f9102d7df418c99d879f7a6ce1b353
655	minecraft:structure_void	net.minecraft.world.item.BlockItem	block.minecraft.structure_void	64	64	0	0	1	False	True	False	True	True	["minecraft:vanilla"]	EPIC	NONE	False	False	{"present":false}	893	5cfe3d1eb2b8d5703a3a1e60b54215951d39d801281e1235081fb90b2fb980d0	5cfe3d1eb2b8d5703a3a1e60b54215951d39d801281e1235081fb90b2fb980d0
656	minecraft:shulker_box	net.minecraft.world.item.BlockItem	block.minecraft.shulker_box	1	1	0	0	1	False	False	False	False	True	["minecraft:vanilla"]	COMMON	NONE	False	False	{"present":false}	539	29a97b7c8bac416f2057632e27e73565287da7866f7387dad4591c975c209cc3	29a97b7c8bac416f2057632e27e73565287da7866f7387dad4591c975c209cc3
657	minecraft:white_shulker_box	net.minecraft.world.item.BlockItem	block.minecraft.white_shulker_box	1	1	0	0	1	False	False	False	False	True	["minecraft:vanilla"]	COMMON	NONE	False	False	{"present":false}	825	8a050bc3d6128bfe46da1d4f25d483224e151c92e9ec881046f1bd46627b186a	8a050bc3d6128bfe46da1d4f25d483224e151c92e9ec881046f1bd46627b186a
658	minecraft:orange_shulker_box	net.minecraft.world.item.BlockItem	block.minecraft.orange_shulker_box	1	1	0	0	1	False	False	False	False	True	["minecraft:vanilla"]	COMMON	NONE	False	False	{"present":false}	272	6a13088b2bfa3b94319f96ab72603ecd6506b28ebb99a884804a30e0742f0a7b	6a13088b2bfa3b94319f96ab72603ecd6506b28ebb99a884804a30e0742f0a7b
659	minecraft:magenta_shulker_box	net.minecraft.world.item.BlockItem	block.minecraft.magenta_shulker_box	1	1	0	0	1	False	False	False	False	True	["minecraft:vanilla"]	COMMON	NONE	False	False	{"present":false}	1011	9417ca460e083bb803c7ed55629de2cae686166ed3bf59d7d109be09da349040	9417ca460e083bb803c7ed55629de2cae686166ed3bf59d7d109be09da349040
660	minecraft:light_blue_shulker_box	net.minecraft.world.item.BlockItem	block.minecraft.light_blue_shulker_box	1	1	0	0	1	False	False	False	False	True	["minecraft:vanilla"]	COMMON	NONE	False	False	{"present":false}	1393	13e729f8824a277c82f11c736bc43a0d552705673b0a37b346c78074f72baff2	13e729f8824a277c82f11c736bc43a0d552705673b0a37b346c78074f72baff2
661	minecraft:yellow_shulker_box	net.minecraft.world.item.BlockItem	block.minecraft.yellow_shulker_box	1	1	0	0	1	False	False	False	False	True	["minecraft:vanilla"]	COMMON	NONE	False	False	{"present":false}	1687	174e0798a412ca1d7c64987f033e78d50e3da852903d1ed098246cb54b641973	174e0798a412ca1d7c64987f033e78d50e3da852903d1ed098246cb54b641973
662	minecraft:lime_shulker_box	net.minecraft.world.item.BlockItem	block.minecraft.lime_shulker_box	1	1	0	0	1	False	False	False	False	True	["minecraft:vanilla"]	COMMON	NONE	False	False	{"present":false}	1171	fe59c050f67d05ab1e8f31178ffc4bb74c715902b25b32cf39fa6d6f8442cf8f	fe59c050f67d05ab1e8f31178ffc4bb74c715902b25b32cf39fa6d6f8442cf8f
663	minecraft:pink_shulker_box	net.minecraft.world.item.BlockItem	block.minecraft.pink_shulker_box	1	1	0	0	1	False	False	False	False	True	["minecraft:vanilla"]	COMMON	NONE	False	False	{"present":false}	1642	07749041075fb69c9ceb0ebbff59ca254875c26bef060972ae4fc1a691bcc29a	07749041075fb69c9ceb0ebbff59ca254875c26bef060972ae4fc1a691bcc29a
664	minecraft:gray_shulker_box	net.minecraft.world.item.BlockItem	block.minecraft.gray_shulker_box	1	1	0	0	1	False	False	False	False	True	["minecraft:vanilla"]	COMMON	NONE	False	False	{"present":false}	911	2bd8d4d0f2dd5ea4ee6e4184a83cd37ebe347ccd1ed91fc57ab1892bc9538db2	2bd8d4d0f2dd5ea4ee6e4184a83cd37ebe347ccd1ed91fc57ab1892bc9538db2
665	minecraft:light_gray_shulker_box	net.minecraft.world.item.BlockItem	block.minecraft.light_gray_shulker_box	1	1	0	0	1	False	False	False	False	True	["minecraft:vanilla"]	COMMON	NONE	False	False	{"present":false}	887	0e408c75e155477b632f3f5e0030eb5f5c9efc999fb282576ebaf364726864ad	0e408c75e155477b632f3f5e0030eb5f5c9efc999fb282576ebaf364726864ad
666	minecraft:cyan_shulker_box	net.minecraft.world.item.BlockItem	block.minecraft.cyan_shulker_box	1	1	0	0	1	False	False	False	False	True	["minecraft:vanilla"]	COMMON	NONE	False	False	{"present":false}	1168	9e59b355b2e95b21a115a8211cb4a745e5bd7577142adebadac8d4dafbf8ce7f	9e59b355b2e95b21a115a8211cb4a745e5bd7577142adebadac8d4dafbf8ce7f
667	minecraft:purple_shulker_box	net.minecraft.world.item.BlockItem	block.minecraft.purple_shulker_box	1	1	0	0	1	False	False	False	False	True	["minecraft:vanilla"]	COMMON	NONE	False	False	{"present":false}	1285	756540bd0cb81e71ba320c4b787c4104b02bc605c4e3d05c24d14c8f34a8afcb	756540bd0cb81e71ba320c4b787c4104b02bc605c4e3d05c24d14c8f34a8afcb
668	minecraft:blue_shulker_box	net.minecraft.world.item.BlockItem	block.minecraft.blue_shulker_box	1	1	0	0	1	False	False	False	False	True	["minecraft:vanilla"]	COMMON	NONE	False	False	{"present":false}	1161	f5181d1f44fbb16acf649957456e3284fc33d4dec342ad849e4e3631aa583d94	f5181d1f44fbb16acf649957456e3284fc33d4dec342ad849e4e3631aa583d94
669	minecraft:brown_shulker_box	net.minecraft.world.item.BlockItem	block.minecraft.brown_shulker_box	1	1	0	0	1	False	False	False	False	True	["minecraft:vanilla"]	COMMON	NONE	False	False	{"present":false}	1123	ab45a386f24a05f6073f9654e8538fdd4ceb74c24caa9bc4d58dd30dcee32b19	ab45a386f24a05f6073f9654e8538fdd4ceb74c24caa9bc4d58dd30dcee32b19
670	minecraft:green_shulker_box	net.minecraft.world.item.BlockItem	block.minecraft.green_shulker_box	1	1	0	0	1	False	False	False	False	True	["minecraft:vanilla"]	COMMON	NONE	False	False	{"present":false}	621	c92f4dab02342fba0c1bc527867f4429aaead6fad6297d0f50d6ba39b9ef9c7f	c92f4dab02342fba0c1bc527867f4429aaead6fad6297d0f50d6ba39b9ef9c7f
671	minecraft:red_shulker_box	net.minecraft.world.item.BlockItem	block.minecraft.red_shulker_box	1	1	0	0	1	False	False	False	False	True	["minecraft:vanilla"]	COMMON	NONE	False	False	{"present":false}	937	bd15a3e1e9441f8341a89154cd3b535da811e376758bc080528e4c0996af3057	bd15a3e1e9441f8341a89154cd3b535da811e376758bc080528e4c0996af3057
672	minecraft:black_shulker_box	net.minecraft.world.item.BlockItem	block.minecraft.black_shulker_box	1	1	0	0	1	False	False	False	False	True	["minecraft:vanilla"]	COMMON	NONE	False	False	{"present":false}	23	171ca690d614ebe763a43cb390072d4a6bdbb562ce73f0f75b916e05dc5d4e37	171ca690d614ebe763a43cb390072d4a6bdbb562ce73f0f75b916e05dc5d4e37
673	minecraft:white_glazed_terracotta	net.minecraft.world.item.BlockItem	block.minecraft.white_glazed_terracotta	64	64	0	0	1	False	True	False	True	True	["minecraft:vanilla"]	COMMON	NONE	False	False	{"present":false}	689	d4fc4cf5517934ba36ccbbceff4e34e5dcbd16bff583ab069636c2d37b58e44a	d4fc4cf5517934ba36ccbbceff4e34e5dcbd16bff583ab069636c2d37b58e44a
674	minecraft:orange_glazed_terracotta	net.minecraft.world.item.BlockItem	block.minecraft.orange_glazed_terracotta	64	64	0	0	1	False	True	False	True	True	["minecraft:vanilla"]	COMMON	NONE	False	False	{"present":false}	1124	0d4e01357ecb1ff5fd4eea82e83ebff0a97cff756656a1e53b4e9a9f68b6f9ee	0d4e01357ecb1ff5fd4eea82e83ebff0a97cff756656a1e53b4e9a9f68b6f9ee
675	minecraft:magenta_glazed_terracotta	net.minecraft.world.item.BlockItem	block.minecraft.magenta_glazed_terracotta	64	64	0	0	1	False	True	False	True	True	["minecraft:vanilla"]	COMMON	NONE	False	False	{"present":false}	1331	df961b7df1ba788f0d0d7a33b774073bbbb7972d804bfc0bc4e316fa4738e8ec	df961b7df1ba788f0d0d7a33b774073bbbb7972d804bfc0bc4e316fa4738e8ec
676	minecraft:light_blue_glazed_terracotta	net.minecraft.world.item.BlockItem	block.minecraft.light_blue_glazed_terracotta	64	64	0	0	1	False	True	False	True	True	["minecraft:vanilla"]	COMMON	NONE	False	False	{"present":false}	404	6572ec1a3aa3c3a09ad6e445e89a8cf1e79ad237bb5216532fc73bdf07c257ff	6572ec1a3aa3c3a09ad6e445e89a8cf1e79ad237bb5216532fc73bdf07c257ff
677	minecraft:yellow_glazed_terracotta	net.minecraft.world.item.BlockItem	block.minecraft.yellow_glazed_terracotta	64	64	0	0	1	False	True	False	True	True	["minecraft:vanilla"]	COMMON	NONE	False	False	{"present":false}	1451	79a2aa55aa49f50122b2ac231228a3de540ccfbc425f7ea0cffb34563e53dadd	79a2aa55aa49f50122b2ac231228a3de540ccfbc425f7ea0cffb34563e53dadd
678	minecraft:lime_glazed_terracotta	net.minecraft.world.item.BlockItem	block.minecraft.lime_glazed_terracotta	64	64	0	0	1	False	True	False	True	True	["minecraft:vanilla"]	COMMON	NONE	False	False	{"present":false}	1538	dde9a02336ed7602efc38fe50b490dad50405473156c0c57088226a607f7ea93	dde9a02336ed7602efc38fe50b490dad50405473156c0c57088226a607f7ea93
679	minecraft:pink_glazed_terracotta	net.minecraft.world.item.BlockItem	block.minecraft.pink_glazed_terracotta	64	64	0	0	1	False	True	False	True	True	["minecraft:vanilla"]	COMMON	NONE	False	False	{"present":false}	1551	ec84f0165cd5f6edcfce119c918abbe9e902bfe6bd77d2d1fcb57af2951de023	ec84f0165cd5f6edcfce119c918abbe9e902bfe6bd77d2d1fcb57af2951de023
680	minecraft:gray_glazed_terracotta	net.minecraft.world.item.BlockItem	block.minecraft.gray_glazed_terracotta	64	64	0	0	1	False	True	False	True	True	["minecraft:vanilla"]	COMMON	NONE	False	False	{"present":false}	675	502e3dace878477d451941d8b47c37a97812ac761793e40d216714a1ddd063a1	502e3dace878477d451941d8b47c37a97812ac761793e40d216714a1ddd063a1
681	minecraft:light_gray_glazed_terracotta	net.minecraft.world.item.BlockItem	block.minecraft.light_gray_glazed_terracotta	64	64	0	0	1	False	True	False	True	True	["minecraft:vanilla"]	COMMON	NONE	False	False	{"present":false}	22	8eb8976f4cf3dc47fd6e56effd692be02689a5bbecd9b08ae0d273778594a163	8eb8976f4cf3dc47fd6e56effd692be02689a5bbecd9b08ae0d273778594a163
682	minecraft:cyan_glazed_terracotta	net.minecraft.world.item.BlockItem	block.minecraft.cyan_glazed_terracotta	64	64	0	0	1	False	True	False	True	True	["minecraft:vanilla"]	COMMON	NONE	False	False	{"present":false}	1287	986263a6642c7d7b4dcd47a60add24d96d05bb147406812b1ced4f6f75d069b8	986263a6642c7d7b4dcd47a60add24d96d05bb147406812b1ced4f6f75d069b8
683	minecraft:purple_glazed_terracotta	net.minecraft.world.item.BlockItem	block.minecraft.purple_glazed_terracotta	64	64	0	0	1	False	True	False	True	True	["minecraft:vanilla"]	COMMON	NONE	False	False	{"present":false}	99	49a87477178aa7ae0593ba09aa58e27adf3be3e8d1d534216c1ce52833e3b103	49a87477178aa7ae0593ba09aa58e27adf3be3e8d1d534216c1ce52833e3b103
684	minecraft:blue_glazed_terracotta	net.minecraft.world.item.BlockItem	block.minecraft.blue_glazed_terracotta	64	64	0	0	1	False	True	False	True	True	["minecraft:vanilla"]	COMMON	NONE	False	False	{"present":false}	1367	132b1dc2f8c20f94cd462e2d65ada0fa6e2e66e9966dc79567f446d87a3a1067	132b1dc2f8c20f94cd462e2d65ada0fa6e2e66e9966dc79567f446d87a3a1067
685	minecraft:brown_glazed_terracotta	net.minecraft.world.item.BlockItem	block.minecraft.brown_glazed_terracotta	64	64	0	0	1	False	True	False	True	True	["minecraft:vanilla"]	COMMON	NONE	False	False	{"present":false}	1249	e28a8ef1da2a3d0359a6e6f9c0cee7252f16bd7ad10c1df1d163e64f42bdf0c5	e28a8ef1da2a3d0359a6e6f9c0cee7252f16bd7ad10c1df1d163e64f42bdf0c5
686	minecraft:green_glazed_terracotta	net.minecraft.world.item.BlockItem	block.minecraft.green_glazed_terracotta	64	64	0	0	1	False	True	False	True	True	["minecraft:vanilla"]	COMMON	NONE	False	False	{"present":false}	1355	9b3beb3cf167e8a77f721e16587bb02327f0d402c2e82ebcb53c4c816905bb66	9b3beb3cf167e8a77f721e16587bb02327f0d402c2e82ebcb53c4c816905bb66
687	minecraft:red_glazed_terracotta	net.minecraft.world.item.BlockItem	block.minecraft.red_glazed_terracotta	64	64	0	0	1	False	True	False	True	True	["minecraft:vanilla"]	COMMON	NONE	False	False	{"present":false}	24	bb3fc9103d587b752655261c961e502c942ae214831eacd43a6e00bda49bd892	bb3fc9103d587b752655261c961e502c942ae214831eacd43a6e00bda49bd892
688	minecraft:black_glazed_terracotta	net.minecraft.world.item.BlockItem	block.minecraft.black_glazed_terracotta	64	64	0	0	1	False	True	False	True	True	["minecraft:vanilla"]	COMMON	NONE	False	False	{"present":false}	322	71a3311500ae15a58c0577cff1f6baf69467860e3f692eb94358023cbbe2f7c2	71a3311500ae15a58c0577cff1f6baf69467860e3f692eb94358023cbbe2f7c2
689	minecraft:white_concrete	net.minecraft.world.item.BlockItem	block.minecraft.white_concrete	64	64	0	0	1	False	True	False	True	True	["minecraft:vanilla"]	COMMON	NONE	False	False	{"present":false}	1434	5054dc774b1ece8d32af9e1983dd1f9f5e2fe03f03206dc9220e59790406e033	5054dc774b1ece8d32af9e1983dd1f9f5e2fe03f03206dc9220e59790406e033
690	minecraft:orange_concrete	net.minecraft.world.item.BlockItem	block.minecraft.orange_concrete	64	64	0	0	1	False	True	False	True	True	["minecraft:vanilla"]	COMMON	NONE	False	False	{"present":false}	290	140e6ae978f4f1550cfeac7767005faa083aeff3f0b3f735ceab97c71e4190aa	140e6ae978f4f1550cfeac7767005faa083aeff3f0b3f735ceab97c71e4190aa
691	minecraft:magenta_concrete	net.minecraft.world.item.BlockItem	block.minecraft.magenta_concrete	64	64	0	0	1	False	True	False	True	True	["minecraft:vanilla"]	COMMON	NONE	False	False	{"present":false}	162	53cb66c22e0d4eaf2faa567ede439bea832bc54be026c68854f95c493c4558e2	53cb66c22e0d4eaf2faa567ede439bea832bc54be026c68854f95c493c4558e2
692	minecraft:light_blue_concrete	net.minecraft.world.item.BlockItem	block.minecraft.light_blue_concrete	64	64	0	0	1	False	True	False	True	True	["minecraft:vanilla"]	COMMON	NONE	False	False	{"present":false}	851	abbda0d67b9a7873ca7a27ceeacb0e1055237598391be5c422682781221dd95d	abbda0d67b9a7873ca7a27ceeacb0e1055237598391be5c422682781221dd95d
693	minecraft:yellow_concrete	net.minecraft.world.item.BlockItem	block.minecraft.yellow_concrete	64	64	0	0	1	False	True	False	True	True	["minecraft:vanilla"]	COMMON	NONE	False	False	{"present":false}	711	ddd8f6d04a78d5c04479dc93e2885846bc7ab6cbb76bc0a6ce8b34691873fa49	ddd8f6d04a78d5c04479dc93e2885846bc7ab6cbb76bc0a6ce8b34691873fa49
694	minecraft:lime_concrete	net.minecraft.world.item.BlockItem	block.minecraft.lime_concrete	64	64	0	0	1	False	True	False	True	True	["minecraft:vanilla"]	COMMON	NONE	False	False	{"present":false}	262	4801ec2b44f9dc4905795186fbfad770873b9adba9733d772daf9d5350072aef	4801ec2b44f9dc4905795186fbfad770873b9adba9733d772daf9d5350072aef
695	minecraft:pink_concrete	net.minecraft.world.item.BlockItem	block.minecraft.pink_concrete	64	64	0	0	1	False	True	False	True	True	["minecraft:vanilla"]	COMMON	NONE	False	False	{"present":false}	1531	ed9218ea5e88cbfbc84ad666e4d2d8a41c279cdacb228c73be2e52d90084490a	ed9218ea5e88cbfbc84ad666e4d2d8a41c279cdacb228c73be2e52d90084490a
696	minecraft:gray_concrete	net.minecraft.world.item.BlockItem	block.minecraft.gray_concrete	64	64	0	0	1	False	True	False	True	True	["minecraft:vanilla"]	COMMON	NONE	False	False	{"present":false}	748	62443665f7b5ae5ad7ec4296daefe61e8a0a3b07934b3c803e2c5b999799afd3	62443665f7b5ae5ad7ec4296daefe61e8a0a3b07934b3c803e2c5b999799afd3
697	minecraft:light_gray_concrete	net.minecraft.world.item.BlockItem	block.minecraft.light_gray_concrete	64	64	0	0	1	False	True	False	True	True	["minecraft:vanilla"]	COMMON	NONE	False	False	{"present":false}	1033	5bd306354c276c1648c2952e36ee4a6abc8ad5ce8b2863b73769619872a70651	5bd306354c276c1648c2952e36ee4a6abc8ad5ce8b2863b73769619872a70651
698	minecraft:cyan_concrete	net.minecraft.world.item.BlockItem	block.minecraft.cyan_concrete	64	64	0	0	1	False	True	False	True	True	["minecraft:vanilla"]	COMMON	NONE	False	False	{"present":false}	931	50925a7b8a8a031117a6d88707d828c1cd4c642105ecd19cfe85df44d7c04ba0	50925a7b8a8a031117a6d88707d828c1cd4c642105ecd19cfe85df44d7c04ba0
699	minecraft:purple_concrete	net.minecraft.world.item.BlockItem	block.minecraft.purple_concrete	64	64	0	0	1	False	True	False	True	True	["minecraft:vanilla"]	COMMON	NONE	False	False	{"present":false}	504	df5da1e1ff201054a48ba1c1abd481d789f7f64be8d183d7e14c1d8840d86765	df5da1e1ff201054a48ba1c1abd481d789f7f64be8d183d7e14c1d8840d86765
700	minecraft:blue_concrete	net.minecraft.world.item.BlockItem	block.minecraft.blue_concrete	64	64	0	0	1	False	True	False	True	True	["minecraft:vanilla"]	COMMON	NONE	False	False	{"present":false}	204	bf11a31b2bbf2d3c9eaf845a7dc5b11a3769b910ce2471239cf9bb1362552142	bf11a31b2bbf2d3c9eaf845a7dc5b11a3769b910ce2471239cf9bb1362552142
701	minecraft:brown_concrete	net.minecraft.world.item.BlockItem	block.minecraft.brown_concrete	64	64	0	0	1	False	True	False	True	True	["minecraft:vanilla"]	COMMON	NONE	False	False	{"present":false}	761	bb66b68bd6c9c06ce31f81849e59d8a3df26d5802799ca777c880c1ef3772f09	bb66b68bd6c9c06ce31f81849e59d8a3df26d5802799ca777c880c1ef3772f09
702	minecraft:green_concrete	net.minecraft.world.item.BlockItem	block.minecraft.green_concrete	64	64	0	0	1	False	True	False	True	True	["minecraft:vanilla"]	COMMON	NONE	False	False	{"present":false}	538	52dc43197affd2b131bb1e3fb559209481ec0694c7651c5554db46c483a4e66f	52dc43197affd2b131bb1e3fb559209481ec0694c7651c5554db46c483a4e66f
703	minecraft:red_concrete	net.minecraft.world.item.BlockItem	block.minecraft.red_concrete	64	64	0	0	1	False	True	False	True	True	["minecraft:vanilla"]	COMMON	NONE	False	False	{"present":false}	1229	2c10489ff4676c5d19de252c0f3e8de1d973b51ee8e3d8afec887e425d34ed19	2c10489ff4676c5d19de252c0f3e8de1d973b51ee8e3d8afec887e425d34ed19
704	minecraft:black_concrete	net.minecraft.world.item.BlockItem	block.minecraft.black_concrete	64	64	0	0	1	False	True	False	True	True	["minecraft:vanilla"]	COMMON	NONE	False	False	{"present":false}	105	9f8d9bdb0b4140768e921c6fa58800c4128d043ac3611c88e15662037eaabe2f	9f8d9bdb0b4140768e921c6fa58800c4128d043ac3611c88e15662037eaabe2f
705	minecraft:white_concrete_stairs	net.minecraft.world.item.BlockItem	block.minecraft.white_concrete_stairs	64	64	0	0	1	False	True	False	True	True	["minecraft:vanilla"]	COMMON	NONE	False	False	{"present":false}	1396	7af648096b6dd7876ac89688e53fdf6628fa81f1a8844ecc5e19d3e9d0e5d1b0	7af648096b6dd7876ac89688e53fdf6628fa81f1a8844ecc5e19d3e9d0e5d1b0
706	minecraft:orange_concrete_stairs	net.minecraft.world.item.BlockItem	block.minecraft.orange_concrete_stairs	64	64	0	0	1	False	True	False	True	True	["minecraft:vanilla"]	COMMON	NONE	False	False	{"present":false}	1554	42428be782f25002457935a1ea3b5edf842190bc0c5e1ea4d17cb61c4fbc63bd	42428be782f25002457935a1ea3b5edf842190bc0c5e1ea4d17cb61c4fbc63bd
707	minecraft:magenta_concrete_stairs	net.minecraft.world.item.BlockItem	block.minecraft.magenta_concrete_stairs	64	64	0	0	1	False	True	False	True	True	["minecraft:vanilla"]	COMMON	NONE	False	False	{"present":false}	1535	9afe98e58814e4fe952baf8acf5a8d80881fd48a447359806d30f05e240bfa22	9afe98e58814e4fe952baf8acf5a8d80881fd48a447359806d30f05e240bfa22
708	minecraft:light_blue_concrete_stairs	net.minecraft.world.item.BlockItem	block.minecraft.light_blue_concrete_stairs	64	64	0	0	1	False	True	False	True	True	["minecraft:vanilla"]	COMMON	NONE	False	False	{"present":false}	547	b733d65496937c62eb1565f2d7837d5e2ebd340819be9627a93d22a4ed625fe7	b733d65496937c62eb1565f2d7837d5e2ebd340819be9627a93d22a4ed625fe7
709	minecraft:yellow_concrete_stairs	net.minecraft.world.item.BlockItem	block.minecraft.yellow_concrete_stairs	64	64	0	0	1	False	True	False	True	True	["minecraft:vanilla"]	COMMON	NONE	False	False	{"present":false}	55	d1dc8c1089a9af1298e7a1e319aa6729465cad66b3e3e1146ee91590e49c03a4	d1dc8c1089a9af1298e7a1e319aa6729465cad66b3e3e1146ee91590e49c03a4
710	minecraft:lime_concrete_stairs	net.minecraft.world.item.BlockItem	block.minecraft.lime_concrete_stairs	64	64	0	0	1	False	True	False	True	True	["minecraft:vanilla"]	COMMON	NONE	False	False	{"present":false}	1101	28511b3e26e101fb4334d4ac6f84c13acd5eaaad771f10caa208cec837d75ded	28511b3e26e101fb4334d4ac6f84c13acd5eaaad771f10caa208cec837d75ded
711	minecraft:pink_concrete_stairs	net.minecraft.world.item.BlockItem	block.minecraft.pink_concrete_stairs	64	64	0	0	1	False	True	False	True	True	["minecraft:vanilla"]	COMMON	NONE	False	False	{"present":false}	1610	2d78203a8b7a1a2d17d0c00610b27c37933bb98d3165079b0f3bd2e7cc53f5a3	2d78203a8b7a1a2d17d0c00610b27c37933bb98d3165079b0f3bd2e7cc53f5a3
712	minecraft:gray_concrete_stairs	net.minecraft.world.item.BlockItem	block.minecraft.gray_concrete_stairs	64	64	0	0	1	False	True	False	True	True	["minecraft:vanilla"]	COMMON	NONE	False	False	{"present":false}	271	3d159c539727a9dfd4ffc5162eb2fa2f4df259b21cbd60a71572107adfd34735	3d159c539727a9dfd4ffc5162eb2fa2f4df259b21cbd60a71572107adfd34735
713	minecraft:light_gray_concrete_stairs	net.minecraft.world.item.BlockItem	block.minecraft.light_gray_concrete_stairs	64	64	0	0	1	False	True	False	True	True	["minecraft:vanilla"]	COMMON	NONE	False	False	{"present":false}	64	fec376a2045e2478fc39c3afe2796487fb8298ea0d4bc54988aebbdfcd313bfb	fec376a2045e2478fc39c3afe2796487fb8298ea0d4bc54988aebbdfcd313bfb
714	minecraft:cyan_concrete_stairs	net.minecraft.world.item.BlockItem	block.minecraft.cyan_concrete_stairs	64	64	0	0	1	False	True	False	True	True	["minecraft:vanilla"]	COMMON	NONE	False	False	{"present":false}	1343	3f0324638405c51c3e1c8e1dc852fa06f6d129cdf8a838637c15ff418ff6b520	3f0324638405c51c3e1c8e1dc852fa06f6d129cdf8a838637c15ff418ff6b520
715	minecraft:purple_concrete_stairs	net.minecraft.world.item.BlockItem	block.minecraft.purple_concrete_stairs	64	64	0	0	1	False	True	False	True	True	["minecraft:vanilla"]	COMMON	NONE	False	False	{"present":false}	1338	1022b1a1d3628bf19aaafcc44c3900b915b42b4a564aa06691f91751ab80ff70	1022b1a1d3628bf19aaafcc44c3900b915b42b4a564aa06691f91751ab80ff70
716	minecraft:blue_concrete_stairs	net.minecraft.world.item.BlockItem	block.minecraft.blue_concrete_stairs	64	64	0	0	1	False	True	False	True	True	["minecraft:vanilla"]	COMMON	NONE	False	False	{"present":false}	652	50c50c1e7aa8f210cbf73766c85749b1eb974174be0ae3124e7855b1b2f4af84	50c50c1e7aa8f210cbf73766c85749b1eb974174be0ae3124e7855b1b2f4af84
717	minecraft:brown_concrete_stairs	net.minecraft.world.item.BlockItem	block.minecraft.brown_concrete_stairs	64	64	0	0	1	False	True	False	True	True	["minecraft:vanilla"]	COMMON	NONE	False	False	{"present":false}	1655	341990439243fd09f26cc9e1bde36b774873feeca830e385f90c2c24b743b39c	341990439243fd09f26cc9e1bde36b774873feeca830e385f90c2c24b743b39c
718	minecraft:green_concrete_stairs	net.minecraft.world.item.BlockItem	block.minecraft.green_concrete_stairs	64	64	0	0	1	False	True	False	True	True	["minecraft:vanilla"]	COMMON	NONE	False	False	{"present":false}	88	49c740497e89cfbe100fe951fdbe84ef8225284f17e6d3217b2d5126d2f6613f	49c740497e89cfbe100fe951fdbe84ef8225284f17e6d3217b2d5126d2f6613f
719	minecraft:red_concrete_stairs	net.minecraft.world.item.BlockItem	block.minecraft.red_concrete_stairs	64	64	0	0	1	False	True	False	True	True	["minecraft:vanilla"]	COMMON	NONE	False	False	{"present":false}	355	ff6e33ee87412817caedb2d8392787c6f407b699beb44126ed1917809509a5ac	ff6e33ee87412817caedb2d8392787c6f407b699beb44126ed1917809509a5ac
720	minecraft:black_concrete_stairs	net.minecraft.world.item.BlockItem	block.minecraft.black_concrete_stairs	64	64	0	0	1	False	True	False	True	True	["minecraft:vanilla"]	COMMON	NONE	False	False	{"present":false}	299	53213ed8383ec4995d128e8f8a15b3362c03e49c2ad5bd48ea3e10c918fe4b78	53213ed8383ec4995d128e8f8a15b3362c03e49c2ad5bd48ea3e10c918fe4b78
721	minecraft:white_concrete_slab	net.minecraft.world.item.BlockItem	block.minecraft.white_concrete_slab	64	64	0	0	1	False	True	False	True	True	["minecraft:vanilla"]	COMMON	NONE	False	False	{"present":false}	1648	c16ce5e4f96955ca07acb2a04f67cf214a912147f022a7608150ef5bac38059e	c16ce5e4f96955ca07acb2a04f67cf214a912147f022a7608150ef5bac38059e
722	minecraft:orange_concrete_slab	net.minecraft.world.item.BlockItem	block.minecraft.orange_concrete_slab	64	64	0	0	1	False	True	False	True	True	["minecraft:vanilla"]	COMMON	NONE	False	False	{"present":false}	89	808c603834ac1ecb2e01228fe20f2966ec8988d9051e6354278f5bd750bcc4d0	808c603834ac1ecb2e01228fe20f2966ec8988d9051e6354278f5bd750bcc4d0
723	minecraft:magenta_concrete_slab	net.minecraft.world.item.BlockItem	block.minecraft.magenta_concrete_slab	64	64	0	0	1	False	True	False	True	True	["minecraft:vanilla"]	COMMON	NONE	False	False	{"present":false}	332	64973ac34153b8439caf8251740cd96c0c142c106085e53b18a3e669d19d6a64	64973ac34153b8439caf8251740cd96c0c142c106085e53b18a3e669d19d6a64
724	minecraft:light_blue_concrete_slab	net.minecraft.world.item.BlockItem	block.minecraft.light_blue_concrete_slab	64	64	0	0	1	False	True	False	True	True	["minecraft:vanilla"]	COMMON	NONE	False	False	{"present":false}	484	8a8726c7e725eb53fc660b54e396bc1bd1e9bda80a368649fbd492c693713f8e	8a8726c7e725eb53fc660b54e396bc1bd1e9bda80a368649fbd492c693713f8e
725	minecraft:yellow_concrete_slab	net.minecraft.world.item.BlockItem	block.minecraft.yellow_concrete_slab	64	64	0	0	1	False	True	False	True	True	["minecraft:vanilla"]	COMMON	NONE	False	False	{"present":false}	1208	62d516bce780ce2f532c3522db2d298a46f4a19c169cb66326208be2989d6b5c	62d516bce780ce2f532c3522db2d298a46f4a19c169cb66326208be2989d6b5c
726	minecraft:lime_concrete_slab	net.minecraft.world.item.BlockItem	block.minecraft.lime_concrete_slab	64	64	0	0	1	False	True	False	True	True	["minecraft:vanilla"]	COMMON	NONE	False	False	{"present":false}	961	bfc00ef5dc1832c2d3068a3b59cfa0a39f23657c0a92b0ef3eb9abac0710b6a4	bfc00ef5dc1832c2d3068a3b59cfa0a39f23657c0a92b0ef3eb9abac0710b6a4
727	minecraft:pink_concrete_slab	net.minecraft.world.item.BlockItem	block.minecraft.pink_concrete_slab	64	64	0	0	1	False	True	False	True	True	["minecraft:vanilla"]	COMMON	NONE	False	False	{"present":false}	530	14faf891009aad30f31a7fdd5fa39b2c9a364c0b8af57c98b6f3cacc77339713	14faf891009aad30f31a7fdd5fa39b2c9a364c0b8af57c98b6f3cacc77339713
728	minecraft:gray_concrete_slab	net.minecraft.world.item.BlockItem	block.minecraft.gray_concrete_slab	64	64	0	0	1	False	True	False	True	True	["minecraft:vanilla"]	COMMON	NONE	False	False	{"present":false}	1344	9a3f91766e1df24a747cd6c29743004ff77c81bcc2cf8da7680d5b90badf2ed2	9a3f91766e1df24a747cd6c29743004ff77c81bcc2cf8da7680d5b90badf2ed2
729	minecraft:light_gray_concrete_slab	net.minecraft.world.item.BlockItem	block.minecraft.light_gray_concrete_slab	64	64	0	0	1	False	True	False	True	True	["minecraft:vanilla"]	COMMON	NONE	False	False	{"present":false}	1000	c996c26665017d444d0094d26a25e84470f4cd62a30d11946e28210e6b1cfd96	c996c26665017d444d0094d26a25e84470f4cd62a30d11946e28210e6b1cfd96
730	minecraft:cyan_concrete_slab	net.minecraft.world.item.BlockItem	block.minecraft.cyan_concrete_slab	64	64	0	0	1	False	True	False	True	True	["minecraft:vanilla"]	COMMON	NONE	False	False	{"present":false}	289	21923a3879f3cf1fb7e6dc0fa6fa8cbc25492234baf40b5ebce6b888f41179bf	21923a3879f3cf1fb7e6dc0fa6fa8cbc25492234baf40b5ebce6b888f41179bf
731	minecraft:purple_concrete_slab	net.minecraft.world.item.BlockItem	block.minecraft.purple_concrete_slab	64	64	0	0	1	False	True	False	True	True	["minecraft:vanilla"]	COMMON	NONE	False	False	{"present":false}	219	7c97353585c52f97a395acab16286bedf2a4c253cfd8923444bbd8f665b6ae8f	7c97353585c52f97a395acab16286bedf2a4c253cfd8923444bbd8f665b6ae8f
732	minecraft:blue_concrete_slab	net.minecraft.world.item.BlockItem	block.minecraft.blue_concrete_slab	64	64	0	0	1	False	True	False	True	True	["minecraft:vanilla"]	COMMON	NONE	False	False	{"present":false}	958	23779d2d6e1c9a8b1ab0ae3d17ddefb110c385d641df57368b904272c0cd7d2b	23779d2d6e1c9a8b1ab0ae3d17ddefb110c385d641df57368b904272c0cd7d2b
733	minecraft:brown_concrete_slab	net.minecraft.world.item.BlockItem	block.minecraft.brown_concrete_slab	64	64	0	0	1	False	True	False	True	True	["minecraft:vanilla"]	COMMON	NONE	False	False	{"present":false}	453	f7dc733320d7f1f91b3e5544816352da17527b8a7e5cc02bc4ce550e3ef0b534	f7dc733320d7f1f91b3e5544816352da17527b8a7e5cc02bc4ce550e3ef0b534
734	minecraft:green_concrete_slab	net.minecraft.world.item.BlockItem	block.minecraft.green_concrete_slab	64	64	0	0	1	False	True	False	True	True	["minecraft:vanilla"]	COMMON	NONE	False	False	{"present":false}	995	631a281557c43a85c81268adac7c8567c42e36022d67361fb55d015ff43ce333	631a281557c43a85c81268adac7c8567c42e36022d67361fb55d015ff43ce333
735	minecraft:red_concrete_slab	net.minecraft.world.item.BlockItem	block.minecraft.red_concrete_slab	64	64	0	0	1	False	True	False	True	True	["minecraft:vanilla"]	COMMON	NONE	False	False	{"present":false}	1577	d01f4b42ff8f52472e00120a67f34278ec310cbed13273f190d05a4a11f592c5	d01f4b42ff8f52472e00120a67f34278ec310cbed13273f190d05a4a11f592c5
736	minecraft:black_concrete_slab	net.minecraft.world.item.BlockItem	block.minecraft.black_concrete_slab	64	64	0	0	1	False	True	False	True	True	["minecraft:vanilla"]	COMMON	NONE	False	False	{"present":false}	1328	5eae0ce2554443a5a40b1dd51dd22155f10319db49cc36471b550aac0e2f7e7e	5eae0ce2554443a5a40b1dd51dd22155f10319db49cc36471b550aac0e2f7e7e
737	minecraft:white_concrete_powder	net.minecraft.world.item.BlockItem	block.minecraft.white_concrete_powder	64	64	0	0	1	False	True	False	True	True	["minecraft:vanilla"]	COMMON	NONE	False	False	{"present":false}	852	109f334a11599b1f6bfded38b6e79206e20d43aac655d40fb2ff0e10b611433a	109f334a11599b1f6bfded38b6e79206e20d43aac655d40fb2ff0e10b611433a
738	minecraft:orange_concrete_powder	net.minecraft.world.item.BlockItem	block.minecraft.orange_concrete_powder	64	64	0	0	1	False	True	False	True	True	["minecraft:vanilla"]	COMMON	NONE	False	False	{"present":false}	1056	e6e4968f58b9c295d1c860cabb510a904010687fb61a74e8df776a3a36f471e2	e6e4968f58b9c295d1c860cabb510a904010687fb61a74e8df776a3a36f471e2
739	minecraft:magenta_concrete_powder	net.minecraft.world.item.BlockItem	block.minecraft.magenta_concrete_powder	64	64	0	0	1	False	True	False	True	True	["minecraft:vanilla"]	COMMON	NONE	False	False	{"present":false}	103	31ef4873881d41866cf573161668caf120f61effb88e03cdb2df858a55d5641d	31ef4873881d41866cf573161668caf120f61effb88e03cdb2df858a55d5641d
740	minecraft:light_blue_concrete_powder	net.minecraft.world.item.BlockItem	block.minecraft.light_blue_concrete_powder	64	64	0	0	1	False	True	False	True	True	["minecraft:vanilla"]	COMMON	NONE	False	False	{"present":false}	1	28eedf522a454eef798ea3486c686c48b1f69f4bffb436b81f4681a8e3ddf8d8	28eedf522a454eef798ea3486c686c48b1f69f4bffb436b81f4681a8e3ddf8d8
741	minecraft:yellow_concrete_powder	net.minecraft.world.item.BlockItem	block.minecraft.yellow_concrete_powder	64	64	0	0	1	False	True	False	True	True	["minecraft:vanilla"]	COMMON	NONE	False	False	{"present":false}	725	3b81cd1423d9085b12975a0b852d288d7d0774f7f74626c9a5a77a456fb70312	3b81cd1423d9085b12975a0b852d288d7d0774f7f74626c9a5a77a456fb70312
742	minecraft:lime_concrete_powder	net.minecraft.world.item.BlockItem	block.minecraft.lime_concrete_powder	64	64	0	0	1	False	True	False	True	True	["minecraft:vanilla"]	COMMON	NONE	False	False	{"present":false}	220	7f2afbfd1a17b962ae0d7d8331848ca75a772140c4184bf2ff3ed7131060aced	7f2afbfd1a17b962ae0d7d8331848ca75a772140c4184bf2ff3ed7131060aced
743	minecraft:pink_concrete_powder	net.minecraft.world.item.BlockItem	block.minecraft.pink_concrete_powder	64	64	0	0	1	False	True	False	True	True	["minecraft:vanilla"]	COMMON	NONE	False	False	{"present":false}	962	92e185cbcf19aa4669d912f43f5c33b363c12a1b0bb6f1dd87d71456fd568dba	92e185cbcf19aa4669d912f43f5c33b363c12a1b0bb6f1dd87d71456fd568dba
744	minecraft:gray_concrete_powder	net.minecraft.world.item.BlockItem	block.minecraft.gray_concrete_powder	64	64	0	0	1	False	True	False	True	True	["minecraft:vanilla"]	COMMON	NONE	False	False	{"present":false}	292	002808a54ae1f4bf211063ae0869101017e8fdd64ca225b805e7204c5f309c17	002808a54ae1f4bf211063ae0869101017e8fdd64ca225b805e7204c5f309c17
745	minecraft:light_gray_concrete_powder	net.minecraft.world.item.BlockItem	block.minecraft.light_gray_concrete_powder	64	64	0	0	1	False	True	False	True	True	["minecraft:vanilla"]	COMMON	NONE	False	False	{"present":false}	483	fbda75101bb232f1784c616cdfd8438926695df53bc8cb3876973700d0f775e7	fbda75101bb232f1784c616cdfd8438926695df53bc8cb3876973700d0f775e7
746	minecraft:cyan_concrete_powder	net.minecraft.world.item.BlockItem	block.minecraft.cyan_concrete_powder	64	64	0	0	1	False	True	False	True	True	["minecraft:vanilla"]	COMMON	NONE	False	False	{"present":false}	1307	8db86b2c145147e5d30599ef3d55f1b9b437036866f598e2800b2150aa1f4bdf	8db86b2c145147e5d30599ef3d55f1b9b437036866f598e2800b2150aa1f4bdf
747	minecraft:purple_concrete_powder	net.minecraft.world.item.BlockItem	block.minecraft.purple_concrete_powder	64	64	0	0	1	False	True	False	True	True	["minecraft:vanilla"]	COMMON	NONE	False	False	{"present":false}	1197	ec08fd0db1bb1adbcc139249b673b0a1ae6ce4b2444e9c1ebf8083b32bdb1196	ec08fd0db1bb1adbcc139249b673b0a1ae6ce4b2444e9c1ebf8083b32bdb1196
748	minecraft:blue_concrete_powder	net.minecraft.world.item.BlockItem	block.minecraft.blue_concrete_powder	64	64	0	0	1	False	True	False	True	True	["minecraft:vanilla"]	COMMON	NONE	False	False	{"present":false}	67	ec0ad2cc2320be6d2e31ee989eca2b9e7ffd40c728321e311034dd92c19440f7	ec0ad2cc2320be6d2e31ee989eca2b9e7ffd40c728321e311034dd92c19440f7
749	minecraft:brown_concrete_powder	net.minecraft.world.item.BlockItem	block.minecraft.brown_concrete_powder	64	64	0	0	1	False	True	False	True	True	["minecraft:vanilla"]	COMMON	NONE	False	False	{"present":false}	1018	ae59a1d28cac8d262bf6542145e8eb08d40b7d71de3326f848eb5c5d8ccd29d4	ae59a1d28cac8d262bf6542145e8eb08d40b7d71de3326f848eb5c5d8ccd29d4
750	minecraft:green_concrete_powder	net.minecraft.world.item.BlockItem	block.minecraft.green_concrete_powder	64	64	0	0	1	False	True	False	True	True	["minecraft:vanilla"]	COMMON	NONE	False	False	{"present":false}	1398	2cacc82e5eb28488e14c93e1b796153f30caa0ef1098650230192527bf2504c2	2cacc82e5eb28488e14c93e1b796153f30caa0ef1098650230192527bf2504c2
751	minecraft:red_concrete_powder	net.minecraft.world.item.BlockItem	block.minecraft.red_concrete_powder	64	64	0	0	1	False	True	False	True	True	["minecraft:vanilla"]	COMMON	NONE	False	False	{"present":false}	1019	9da0ec2b3c3bef72e3ac9cfd40469c9c874a8ae09fad4ef5cc938186c3dfb932	9da0ec2b3c3bef72e3ac9cfd40469c9c874a8ae09fad4ef5cc938186c3dfb932
752	minecraft:black_concrete_powder	net.minecraft.world.item.BlockItem	block.minecraft.black_concrete_powder	64	64	0	0	1	False	True	False	True	True	["minecraft:vanilla"]	COMMON	NONE	False	False	{"present":false}	1438	827e798650829d1361bed1d3d80c6652a09f339ca19a9757e2d0442be890402a	827e798650829d1361bed1d3d80c6652a09f339ca19a9757e2d0442be890402a
753	minecraft:turtle_egg	net.minecraft.world.item.BlockItem	block.minecraft.turtle_egg	64	64	0	0	1	False	True	False	True	True	["minecraft:vanilla"]	COMMON	NONE	False	False	{"present":false}	213	1e58b78aa12e831d0d3421b5058dd9e766ceb43d69735857542e6897175535cc	1e58b78aa12e831d0d3421b5058dd9e766ceb43d69735857542e6897175535cc
754	minecraft:sniffer_egg	net.minecraft.world.item.BlockItem	block.minecraft.sniffer_egg	64	64	0	0	1	False	True	False	True	True	["minecraft:vanilla"]	UNCOMMON	NONE	False	False	{"present":false}	132	7d47a6240886f8c60f1578c7749d89a81d8469a980df4c03f3fe767ce060312b	7d47a6240886f8c60f1578c7749d89a81d8469a980df4c03f3fe767ce060312b
755	minecraft:dried_ghast	net.minecraft.world.item.BlockItem	block.minecraft.dried_ghast	64	64	0	0	1	False	True	False	True	True	["minecraft:vanilla"]	COMMON	NONE	False	False	{"present":false}	1347	47ea967e086f42173c8343b411b41b3d1474e22b650c4f647cd757e9949b4a91	47ea967e086f42173c8343b411b41b3d1474e22b650c4f647cd757e9949b4a91
756	minecraft:dead_tube_coral_block	net.minecraft.world.item.BlockItem	block.minecraft.dead_tube_coral_block	64	64	0	0	1	False	True	False	True	True	["minecraft:vanilla"]	COMMON	NONE	False	False	{"present":false}	1290	3ec6a2427082677089d0b60d43908e3dc9d1c15c6582bfdf3f14bfd0332addd0	3ec6a2427082677089d0b60d43908e3dc9d1c15c6582bfdf3f14bfd0332addd0
757	minecraft:dead_brain_coral_block	net.minecraft.world.item.BlockItem	block.minecraft.dead_brain_coral_block	64	64	0	0	1	False	True	False	True	True	["minecraft:vanilla"]	COMMON	NONE	False	False	{"present":false}	71	5398780ebf39fae46027cf2d2b1727b6f8d4438d7bf5bc6a820a8be95b9728f1	5398780ebf39fae46027cf2d2b1727b6f8d4438d7bf5bc6a820a8be95b9728f1
758	minecraft:dead_bubble_coral_block	net.minecraft.world.item.BlockItem	block.minecraft.dead_bubble_coral_block	64	64	0	0	1	False	True	False	True	True	["minecraft:vanilla"]	COMMON	NONE	False	False	{"present":false}	922	0c1ee962cd2346f89f291aed188f76530716876437218a36485f72e75357d0aa	0c1ee962cd2346f89f291aed188f76530716876437218a36485f72e75357d0aa
759	minecraft:dead_fire_coral_block	net.minecraft.world.item.BlockItem	block.minecraft.dead_fire_coral_block	64	64	0	0	1	False	True	False	True	True	["minecraft:vanilla"]	COMMON	NONE	False	False	{"present":false}	362	d1d564b53a3feb8313fe155fa37fcdc91d0d661f2641d1532f6ea0c74f5264a0	d1d564b53a3feb8313fe155fa37fcdc91d0d661f2641d1532f6ea0c74f5264a0
760	minecraft:dead_horn_coral_block	net.minecraft.world.item.BlockItem	block.minecraft.dead_horn_coral_block	64	64	0	0	1	False	True	False	True	True	["minecraft:vanilla"]	COMMON	NONE	False	False	{"present":false}	102	f98785aa6a0c9d984419a19b85a033badf23dcfcb853257d0c7c9a311c6a07c2	f98785aa6a0c9d984419a19b85a033badf23dcfcb853257d0c7c9a311c6a07c2
761	minecraft:tube_coral_block	net.minecraft.world.item.BlockItem	block.minecraft.tube_coral_block	64	64	0	0	1	False	True	False	True	True	["minecraft:vanilla"]	COMMON	NONE	False	False	{"present":false}	1432	b866d825fa1ffcd0d6b7f7ddd48ec4ffeb14c38ba3e895595aa6b3393c50553e	b866d825fa1ffcd0d6b7f7ddd48ec4ffeb14c38ba3e895595aa6b3393c50553e
762	minecraft:brain_coral_block	net.minecraft.world.item.BlockItem	block.minecraft.brain_coral_block	64	64	0	0	1	False	True	False	True	True	["minecraft:vanilla"]	COMMON	NONE	False	False	{"present":false}	1281	4d7be6836bcaa601da49ec1f61496fd3cc46503b4d36c7ef004d80cb0637694e	4d7be6836bcaa601da49ec1f61496fd3cc46503b4d36c7ef004d80cb0637694e
763	minecraft:bubble_coral_block	net.minecraft.world.item.BlockItem	block.minecraft.bubble_coral_block	64	64	0	0	1	False	True	False	True	True	["minecraft:vanilla"]	COMMON	NONE	False	False	{"present":false}	1227	47e19bfc7ce20322b916128ee6d0b41add2d08f7f448a3c73754d885f59bd05b	47e19bfc7ce20322b916128ee6d0b41add2d08f7f448a3c73754d885f59bd05b
764	minecraft:fire_coral_block	net.minecraft.world.item.BlockItem	block.minecraft.fire_coral_block	64	64	0	0	1	False	True	False	True	True	["minecraft:vanilla"]	COMMON	NONE	False	False	{"present":false}	1165	713f7fe1670905e264a2f934dc371a46c43bdb7a8b22d0fb76ce14d9523097e6	713f7fe1670905e264a2f934dc371a46c43bdb7a8b22d0fb76ce14d9523097e6
765	minecraft:horn_coral_block	net.minecraft.world.item.BlockItem	block.minecraft.horn_coral_block	64	64	0	0	1	False	True	False	True	True	["minecraft:vanilla"]	COMMON	NONE	False	False	{"present":false}	1390	0d469a13e8272979499892115750bfdd0183b61bdacf84118d55afb15f27483f	0d469a13e8272979499892115750bfdd0183b61bdacf84118d55afb15f27483f
766	minecraft:tube_coral	net.minecraft.world.item.BlockItem	block.minecraft.tube_coral	64	64	0	0	1	False	True	False	True	True	["minecraft:vanilla"]	COMMON	NONE	False	False	{"present":false}	495	d871f16d33aebe8fd95c7a9fb8010a8b3d28652df83d5d65e3acd276ca78a936	d871f16d33aebe8fd95c7a9fb8010a8b3d28652df83d5d65e3acd276ca78a936
767	minecraft:brain_coral	net.minecraft.world.item.BlockItem	block.minecraft.brain_coral	64	64	0	0	1	False	True	False	True	True	["minecraft:vanilla"]	COMMON	NONE	False	False	{"present":false}	300	7e8cd2e2ae90b6c33d0bbeca26a7530552921169edcd2072dae1d1fb24342b73	7e8cd2e2ae90b6c33d0bbeca26a7530552921169edcd2072dae1d1fb24342b73
768	minecraft:bubble_coral	net.minecraft.world.item.BlockItem	block.minecraft.bubble_coral	64	64	0	0	1	False	True	False	True	True	["minecraft:vanilla"]	COMMON	NONE	False	False	{"present":false}	1032	2f3edb8b39a7d561826edf0751ddb7bdf44b2145f9115ef3920e1e21550d7330	2f3edb8b39a7d561826edf0751ddb7bdf44b2145f9115ef3920e1e21550d7330
769	minecraft:fire_coral	net.minecraft.world.item.BlockItem	block.minecraft.fire_coral	64	64	0	0	1	False	True	False	True	True	["minecraft:vanilla"]	COMMON	NONE	False	False	{"present":false}	1240	4a7158e69fd1a6808d2580c37a5175050b5b0e7ab9f1517e9faf712c2b72d407	4a7158e69fd1a6808d2580c37a5175050b5b0e7ab9f1517e9faf712c2b72d407
770	minecraft:horn_coral	net.minecraft.world.item.BlockItem	block.minecraft.horn_coral	64	64	0	0	1	False	True	False	True	True	["minecraft:vanilla"]	COMMON	NONE	False	False	{"present":false}	1508	21f85a550d196cd51f7f606f4fbac3e1bc6a8742442bc875b1cbb0106e61b765	21f85a550d196cd51f7f606f4fbac3e1bc6a8742442bc875b1cbb0106e61b765
771	minecraft:dead_brain_coral	net.minecraft.world.item.BlockItem	block.minecraft.dead_brain_coral	64	64	0	0	1	False	True	False	True	True	["minecraft:vanilla"]	COMMON	NONE	False	False	{"present":false}	94	9d9b05c909bd6bdbf19beaa33eff8e3394bd2d7d8e5021838e43133220e802f9	9d9b05c909bd6bdbf19beaa33eff8e3394bd2d7d8e5021838e43133220e802f9
772	minecraft:dead_bubble_coral	net.minecraft.world.item.BlockItem	block.minecraft.dead_bubble_coral	64	64	0	0	1	False	True	False	True	True	["minecraft:vanilla"]	COMMON	NONE	False	False	{"present":false}	1580	146776e61190a82ea8f13db635b86450be39087373bf7ad8f8459fcacbf105da	146776e61190a82ea8f13db635b86450be39087373bf7ad8f8459fcacbf105da
773	minecraft:dead_fire_coral	net.minecraft.world.item.BlockItem	block.minecraft.dead_fire_coral	64	64	0	0	1	False	True	False	True	True	["minecraft:vanilla"]	COMMON	NONE	False	False	{"present":false}	470	12fe93d82520e167f9a3d327e88da542a8e0ecb4380f604a192950a4003e5bb1	12fe93d82520e167f9a3d327e88da542a8e0ecb4380f604a192950a4003e5bb1
774	minecraft:dead_horn_coral	net.minecraft.world.item.BlockItem	block.minecraft.dead_horn_coral	64	64	0	0	1	False	True	False	True	True	["minecraft:vanilla"]	COMMON	NONE	False	False	{"present":false}	736	e7dbb3159d56420458f8c3bc7a0a109a84c8bdc650e67d2eb39f71dadc3fd481	e7dbb3159d56420458f8c3bc7a0a109a84c8bdc650e67d2eb39f71dadc3fd481
775	minecraft:dead_tube_coral	net.minecraft.world.item.BlockItem	block.minecraft.dead_tube_coral	64	64	0	0	1	False	True	False	True	True	["minecraft:vanilla"]	COMMON	NONE	False	False	{"present":false}	927	2b3d6e3338e92aaddd1d50397e752658730e8c1afa8355732ec327e0dcd9f562	2b3d6e3338e92aaddd1d50397e752658730e8c1afa8355732ec327e0dcd9f562
776	minecraft:tube_coral_fan	net.minecraft.world.item.StandingAndWallBlockItem	block.minecraft.tube_coral_fan	64	64	0	0	1	False	True	False	True	True	["minecraft:vanilla"]	COMMON	NONE	False	False	{"present":false}	1624	938ffa656138bd0f4ae68d375a073fa2f6f41324ac43a1d121e946839bcb0c23	938ffa656138bd0f4ae68d375a073fa2f6f41324ac43a1d121e946839bcb0c23
777	minecraft:brain_coral_fan	net.minecraft.world.item.StandingAndWallBlockItem	block.minecraft.brain_coral_fan	64	64	0	0	1	False	True	False	True	True	["minecraft:vanilla"]	COMMON	NONE	False	False	{"present":false}	182	06fef9d5f4f0d609a03a7380d688cfa1a5129596a99e850e9b797dc5ae047a51	06fef9d5f4f0d609a03a7380d688cfa1a5129596a99e850e9b797dc5ae047a51
778	minecraft:bubble_coral_fan	net.minecraft.world.item.StandingAndWallBlockItem	block.minecraft.bubble_coral_fan	64	64	0	0	1	False	True	False	True	True	["minecraft:vanilla"]	COMMON	NONE	False	False	{"present":false}	1670	c6c3bf3fca4b2e21f0970c5e614018763715b718bcacc2d69835403c7010e8d3	c6c3bf3fca4b2e21f0970c5e614018763715b718bcacc2d69835403c7010e8d3
779	minecraft:fire_coral_fan	net.minecraft.world.item.StandingAndWallBlockItem	block.minecraft.fire_coral_fan	64	64	0	0	1	False	True	False	True	True	["minecraft:vanilla"]	COMMON	NONE	False	False	{"present":false}	203	b034764559d86f45999b3d974c110f7e270857562fa28236a344e5795d7af3ac	b034764559d86f45999b3d974c110f7e270857562fa28236a344e5795d7af3ac
780	minecraft:horn_coral_fan	net.minecraft.world.item.StandingAndWallBlockItem	block.minecraft.horn_coral_fan	64	64	0	0	1	False	True	False	True	True	["minecraft:vanilla"]	COMMON	NONE	False	False	{"present":false}	330	c42c9ccd66cd49134d9ff1e7283d82527a62bf1aa94d848fe76cd1b0037d60c1	c42c9ccd66cd49134d9ff1e7283d82527a62bf1aa94d848fe76cd1b0037d60c1
781	minecraft:dead_tube_coral_fan	net.minecraft.world.item.StandingAndWallBlockItem	block.minecraft.dead_tube_coral_fan	64	64	0	0	1	False	True	False	True	True	["minecraft:vanilla"]	COMMON	NONE	False	False	{"present":false}	1684	f86245b26f637f0c6e1a83ec09131f1af6d77ce11c08e97883476d2fedaf2ff6	f86245b26f637f0c6e1a83ec09131f1af6d77ce11c08e97883476d2fedaf2ff6
782	minecraft:dead_brain_coral_fan	net.minecraft.world.item.StandingAndWallBlockItem	block.minecraft.dead_brain_coral_fan	64	64	0	0	1	False	True	False	True	True	["minecraft:vanilla"]	COMMON	NONE	False	False	{"present":false}	827	f192f72b7c8b08a7f0c9863c062033460ebcc1af2c88e5acf106e27c3ed64da1	f192f72b7c8b08a7f0c9863c062033460ebcc1af2c88e5acf106e27c3ed64da1
783	minecraft:dead_bubble_coral_fan	net.minecraft.world.item.StandingAndWallBlockItem	block.minecraft.dead_bubble_coral_fan	64	64	0	0	1	False	True	False	True	True	["minecraft:vanilla"]	COMMON	NONE	False	False	{"present":false}	1425	d08addbcaf7eb99540a3c869b5c8864c0cba581533ff91444645cba4bf715241	d08addbcaf7eb99540a3c869b5c8864c0cba581533ff91444645cba4bf715241
784	minecraft:dead_fire_coral_fan	net.minecraft.world.item.StandingAndWallBlockItem	block.minecraft.dead_fire_coral_fan	64	64	0	0	1	False	True	False	True	True	["minecraft:vanilla"]	COMMON	NONE	False	False	{"present":false}	479	51b3647dcbb3391152250c17209aa6cf6dd05c70b1114cfe60221931b3d3f777	51b3647dcbb3391152250c17209aa6cf6dd05c70b1114cfe60221931b3d3f777
785	minecraft:dead_horn_coral_fan	net.minecraft.world.item.StandingAndWallBlockItem	block.minecraft.dead_horn_coral_fan	64	64	0	0	1	False	True	False	True	True	["minecraft:vanilla"]	COMMON	NONE	False	False	{"present":false}	1459	0ff6a5fea34277c5571d39d83c0611bac75776e83129162ea8667dc4175d8674	0ff6a5fea34277c5571d39d83c0611bac75776e83129162ea8667dc4175d8674
786	minecraft:blue_ice	net.minecraft.world.item.BlockItem	block.minecraft.blue_ice	64	64	0	0	1	False	True	False	True	True	["minecraft:vanilla"]	COMMON	NONE	False	False	{"present":false}	226	e0f288f9921f3123836e9f471d8ae3c5a351dffda9dad882fd12613e757f3459	e0f288f9921f3123836e9f471d8ae3c5a351dffda9dad882fd12613e757f3459
787	minecraft:conduit	net.minecraft.world.item.BlockItem	block.minecraft.conduit	64	64	0	0	1	False	True	False	True	True	["minecraft:vanilla"]	UNCOMMON	NONE	False	False	{"present":false}	988	4ab567503248e90f46cf93430a2c0604daf94bb5ebb4d5698ec39d9682f5a082	4ab567503248e90f46cf93430a2c0604daf94bb5ebb4d5698ec39d9682f5a082
788	minecraft:polished_granite_stairs	net.minecraft.world.item.BlockItem	block.minecraft.polished_granite_stairs	64	64	0	0	1	False	True	False	True	True	["minecraft:vanilla"]	COMMON	NONE	False	False	{"present":false}	1149	ab890bd9bf19def6b9bb8c39bee14b4828fdc7bd2a54776311e92fe482d013af	ab890bd9bf19def6b9bb8c39bee14b4828fdc7bd2a54776311e92fe482d013af
789	minecraft:smooth_red_sandstone_stairs	net.minecraft.world.item.BlockItem	block.minecraft.smooth_red_sandstone_stairs	64	64	0	0	1	False	True	False	True	True	["minecraft:vanilla"]	COMMON	NONE	False	False	{"present":false}	603	703843617467e53138e6e212667633abab5175131a46deda2a6d1fd41552b350	703843617467e53138e6e212667633abab5175131a46deda2a6d1fd41552b350
790	minecraft:mossy_stone_brick_stairs	net.minecraft.world.item.BlockItem	block.minecraft.mossy_stone_brick_stairs	64	64	0	0	1	False	True	False	True	True	["minecraft:vanilla"]	COMMON	NONE	False	False	{"present":false}	1497	83208e5441d90e0067e0ef6bf491847caa2e82810995d7ffc3c959c223fbd4b7	83208e5441d90e0067e0ef6bf491847caa2e82810995d7ffc3c959c223fbd4b7
791	minecraft:polished_diorite_stairs	net.minecraft.world.item.BlockItem	block.minecraft.polished_diorite_stairs	64	64	0	0	1	False	True	False	True	True	["minecraft:vanilla"]	COMMON	NONE	False	False	{"present":false}	636	ef3b6f9791619a24b88061883bcea2930cc3002255b0aa33111bfe87c3811d1f	ef3b6f9791619a24b88061883bcea2930cc3002255b0aa33111bfe87c3811d1f
792	minecraft:mossy_cobblestone_stairs	net.minecraft.world.item.BlockItem	block.minecraft.mossy_cobblestone_stairs	64	64	0	0	1	False	True	False	True	True	["minecraft:vanilla"]	COMMON	NONE	False	False	{"present":false}	582	adc179f8ad7f3bfcf5edfaf504dd890c1718efa46907b47afeaeb2acbbc4d578	adc179f8ad7f3bfcf5edfaf504dd890c1718efa46907b47afeaeb2acbbc4d578
793	minecraft:end_stone_brick_stairs	net.minecraft.world.item.BlockItem	block.minecraft.end_stone_brick_stairs	64	64	0	0	1	False	True	False	True	True	["minecraft:vanilla"]	COMMON	NONE	False	False	{"present":false}	1265	57b9d489839eb6630d0b311d062f02e2c6a4089df949e22657e4cf2996d62074	57b9d489839eb6630d0b311d062f02e2c6a4089df949e22657e4cf2996d62074
794	minecraft:stone_stairs	net.minecraft.world.item.BlockItem	block.minecraft.stone_stairs	64	64	0	0	1	False	True	False	True	True	["minecraft:vanilla"]	COMMON	NONE	False	False	{"present":false}	1546	7d98e94353a86247ba47398bdece38af8b6c3d36cfd9fabe46c4e6e24d5386ef	7d98e94353a86247ba47398bdece38af8b6c3d36cfd9fabe46c4e6e24d5386ef
795	minecraft:smooth_sandstone_stairs	net.minecraft.world.item.BlockItem	block.minecraft.smooth_sandstone_stairs	64	64	0	0	1	False	True	False	True	True	["minecraft:vanilla"]	COMMON	NONE	False	False	{"present":false}	340	fb8ca0fde2871c82316089edd3430bb95ed0625e70c42710ab8980ce238d35e4	fb8ca0fde2871c82316089edd3430bb95ed0625e70c42710ab8980ce238d35e4
796	minecraft:smooth_quartz_stairs	net.minecraft.world.item.BlockItem	block.minecraft.smooth_quartz_stairs	64	64	0	0	1	False	True	False	True	True	["minecraft:vanilla"]	COMMON	NONE	False	False	{"present":false}	293	f9ee7ac85c7571b670c2e7618078b5b9c0791d8c456f3faf26309e18940df25c	f9ee7ac85c7571b670c2e7618078b5b9c0791d8c456f3faf26309e18940df25c
797	minecraft:granite_stairs	net.minecraft.world.item.BlockItem	block.minecraft.granite_stairs	64	64	0	0	1	False	True	False	True	True	["minecraft:vanilla"]	COMMON	NONE	False	False	{"present":false}	641	ac926e0a43219edaa6169f07b42a88bdcbdb3968c030535b2b1d5073d0e0c19a	ac926e0a43219edaa6169f07b42a88bdcbdb3968c030535b2b1d5073d0e0c19a
798	minecraft:andesite_stairs	net.minecraft.world.item.BlockItem	block.minecraft.andesite_stairs	64	64	0	0	1	False	True	False	True	True	["minecraft:vanilla"]	COMMON	NONE	False	False	{"present":false}	1330	728ca3fcd1999686e03bb0159894a543c67680e536ce4cc636762c7eb003b51b	728ca3fcd1999686e03bb0159894a543c67680e536ce4cc636762c7eb003b51b
799	minecraft:red_nether_brick_stairs	net.minecraft.world.item.BlockItem	block.minecraft.red_nether_brick_stairs	64	64	0	0	1	False	True	False	True	True	["minecraft:vanilla"]	COMMON	NONE	False	False	{"present":false}	891	173fb9e6d570c98bddd9b81451fc728df4f95f63c5202636d0c32d9f0b36ad18	173fb9e6d570c98bddd9b81451fc728df4f95f63c5202636d0c32d9f0b36ad18
800	minecraft:polished_andesite_stairs	net.minecraft.world.item.BlockItem	block.minecraft.polished_andesite_stairs	64	64	0	0	1	False	True	False	True	True	["minecraft:vanilla"]	COMMON	NONE	False	False	{"present":false}	100	65898c7a4c5f61b74c203c7d45a30ef041a4c1dc8b543613345cb606232444f1	65898c7a4c5f61b74c203c7d45a30ef041a4c1dc8b543613345cb606232444f1
801	minecraft:diorite_stairs	net.minecraft.world.item.BlockItem	block.minecraft.diorite_stairs	64	64	0	0	1	False	True	False	True	True	["minecraft:vanilla"]	COMMON	NONE	False	False	{"present":false}	1568	2a1a11800d56de1187a6bb6bc95105c531808851e46a6a87bc5f69c0b2cc1bd3	2a1a11800d56de1187a6bb6bc95105c531808851e46a6a87bc5f69c0b2cc1bd3
802	minecraft:cobbled_deepslate_stairs	net.minecraft.world.item.BlockItem	block.minecraft.cobbled_deepslate_stairs	64	64	0	0	1	False	True	False	True	True	["minecraft:vanilla"]	COMMON	NONE	False	False	{"present":false}	948	d23afaf24a26047c96adb4bded0e328baf470514f793ff260cae567734c92190	d23afaf24a26047c96adb4bded0e328baf470514f793ff260cae567734c92190
803	minecraft:polished_deepslate_stairs	net.minecraft.world.item.BlockItem	block.minecraft.polished_deepslate_stairs	64	64	0	0	1	False	True	False	True	True	["minecraft:vanilla"]	COMMON	NONE	False	False	{"present":false}	1519	639f3474af7a989537476b4933c7902e1ccc46f9dde836a7acadd8d1c1ddc707	639f3474af7a989537476b4933c7902e1ccc46f9dde836a7acadd8d1c1ddc707
804	minecraft:deepslate_brick_stairs	net.minecraft.world.item.BlockItem	block.minecraft.deepslate_brick_stairs	64	64	0	0	1	False	True	False	True	True	["minecraft:vanilla"]	COMMON	NONE	False	False	{"present":false}	324	0bafb9480b7f06b85a7f1078c90537dccffb8d332264633b22eaf1ec312b9eec	0bafb9480b7f06b85a7f1078c90537dccffb8d332264633b22eaf1ec312b9eec
805	minecraft:deepslate_tile_stairs	net.minecraft.world.item.BlockItem	block.minecraft.deepslate_tile_stairs	64	64	0	0	1	False	True	False	True	True	["minecraft:vanilla"]	COMMON	NONE	False	False	{"present":false}	1077	6faed28094c3e39f0f10c007a362db958f06b1204d865b925439db5a3fff3b73	6faed28094c3e39f0f10c007a362db958f06b1204d865b925439db5a3fff3b73
806	minecraft:polished_granite_slab	net.minecraft.world.item.BlockItem	block.minecraft.polished_granite_slab	64	64	0	0	1	False	True	False	True	True	["minecraft:vanilla"]	COMMON	NONE	False	False	{"present":false}	1260	1d1ab98834e162d4ce5d62ef4aedeac216ad04603ce58407911e87eece691df2	1d1ab98834e162d4ce5d62ef4aedeac216ad04603ce58407911e87eece691df2
807	minecraft:smooth_red_sandstone_slab	net.minecraft.world.item.BlockItem	block.minecraft.smooth_red_sandstone_slab	64	64	0	0	1	False	True	False	True	True	["minecraft:vanilla"]	COMMON	NONE	False	False	{"present":false}	826	de344777e25cb70b67c0226d5f499ac720237e706923fe6e223bf3995be81b64	de344777e25cb70b67c0226d5f499ac720237e706923fe6e223bf3995be81b64
808	minecraft:mossy_stone_brick_slab	net.minecraft.world.item.BlockItem	block.minecraft.mossy_stone_brick_slab	64	64	0	0	1	False	True	False	True	True	["minecraft:vanilla"]	COMMON	NONE	False	False	{"present":false}	1261	d451b9d127a454c70ffc21df2aaa831f1d9c218a46741bf9e7fdce3fccfe0101	d451b9d127a454c70ffc21df2aaa831f1d9c218a46741bf9e7fdce3fccfe0101
809	minecraft:polished_diorite_slab	net.minecraft.world.item.BlockItem	block.minecraft.polished_diorite_slab	64	64	0	0	1	False	True	False	True	True	["minecraft:vanilla"]	COMMON	NONE	False	False	{"present":false}	112	8f553033a2a3be1d226a84cc94c9962c5d279833fd75a1c142558f0e983d40c1	8f553033a2a3be1d226a84cc94c9962c5d279833fd75a1c142558f0e983d40c1
810	minecraft:mossy_cobblestone_slab	net.minecraft.world.item.BlockItem	block.minecraft.mossy_cobblestone_slab	64	64	0	0	1	False	True	False	True	True	["minecraft:vanilla"]	COMMON	NONE	False	False	{"present":false}	1094	55e6a4da6d181d2737fd9522ed5e85850ca7feb3d2b8b9b2724006170c6f2f7d	55e6a4da6d181d2737fd9522ed5e85850ca7feb3d2b8b9b2724006170c6f2f7d
811	minecraft:end_stone_brick_slab	net.minecraft.world.item.BlockItem	block.minecraft.end_stone_brick_slab	64	64	0	0	1	False	True	False	True	True	["minecraft:vanilla"]	COMMON	NONE	False	False	{"present":false}	425	1865c971f5c724bc91def2f6c5fb135780ebbe848afe9846455d278a2e0aee92	1865c971f5c724bc91def2f6c5fb135780ebbe848afe9846455d278a2e0aee92
812	minecraft:smooth_sandstone_slab	net.minecraft.world.item.BlockItem	block.minecraft.smooth_sandstone_slab	64	64	0	0	1	False	True	False	True	True	["minecraft:vanilla"]	COMMON	NONE	False	False	{"present":false}	752	a15990c57314d508f0478840e638b6650a6a631e578e899db8303ba62f61a8dc	a15990c57314d508f0478840e638b6650a6a631e578e899db8303ba62f61a8dc
813	minecraft:smooth_quartz_slab	net.minecraft.world.item.BlockItem	block.minecraft.smooth_quartz_slab	64	64	0	0	1	False	True	False	True	True	["minecraft:vanilla"]	COMMON	NONE	False	False	{"present":false}	1561	194aebafe9fe22cb42a2dc25e8148c03373a763529fbb12d8ca8297ffbe6e1ef	194aebafe9fe22cb42a2dc25e8148c03373a763529fbb12d8ca8297ffbe6e1ef
814	minecraft:granite_slab	net.minecraft.world.item.BlockItem	block.minecraft.granite_slab	64	64	0	0	1	False	True	False	True	True	["minecraft:vanilla"]	COMMON	NONE	False	False	{"present":false}	614	e964bd49a8f261cd02d8ff75df2a5ff482e6120c3ce5261b0fc2a2a3e906a21d	e964bd49a8f261cd02d8ff75df2a5ff482e6120c3ce5261b0fc2a2a3e906a21d
815	minecraft:andesite_slab	net.minecraft.world.item.BlockItem	block.minecraft.andesite_slab	64	64	0	0	1	False	True	False	True	True	["minecraft:vanilla"]	COMMON	NONE	False	False	{"present":false}	39	803485c6647709ee04f73c3b28d7cbee0169d4cc0098450c473974fb54923b8b	803485c6647709ee04f73c3b28d7cbee0169d4cc0098450c473974fb54923b8b
816	minecraft:red_nether_brick_slab	net.minecraft.world.item.BlockItem	block.minecraft.red_nether_brick_slab	64	64	0	0	1	False	True	False	True	True	["minecraft:vanilla"]	COMMON	NONE	False	False	{"present":false}	1244	d60359bb281fb06ab5b1b54626ef1552d81df1ddf2bf71576aeb9124c617d83e	d60359bb281fb06ab5b1b54626ef1552d81df1ddf2bf71576aeb9124c617d83e
817	minecraft:polished_andesite_slab	net.minecraft.world.item.BlockItem	block.minecraft.polished_andesite_slab	64	64	0	0	1	False	True	False	True	True	["minecraft:vanilla"]	COMMON	NONE	False	False	{"present":false}	707	58b760ef674d7d2cce752476c20f66d3e7dfc7fc28c442249ab59d77880f07ec	58b760ef674d7d2cce752476c20f66d3e7dfc7fc28c442249ab59d77880f07ec
818	minecraft:diorite_slab	net.minecraft.world.item.BlockItem	block.minecraft.diorite_slab	64	64	0	0	1	False	True	False	True	True	["minecraft:vanilla"]	COMMON	NONE	False	False	{"present":false}	328	1ab36761dfc3065676f18aa46fb32099ff4534ea09940dab1a69bcf059a491e3	1ab36761dfc3065676f18aa46fb32099ff4534ea09940dab1a69bcf059a491e3
819	minecraft:cobbled_deepslate_slab	net.minecraft.world.item.BlockItem	block.minecraft.cobbled_deepslate_slab	64	64	0	0	1	False	True	False	True	True	["minecraft:vanilla"]	COMMON	NONE	False	False	{"present":false}	820	f87495518a6178d582ce64987030d5d31620376fa223461aa9d0842b196aa1a3	f87495518a6178d582ce64987030d5d31620376fa223461aa9d0842b196aa1a3
820	minecraft:polished_deepslate_slab	net.minecraft.world.item.BlockItem	block.minecraft.polished_deepslate_slab	64	64	0	0	1	False	True	False	True	True	["minecraft:vanilla"]	COMMON	NONE	False	False	{"present":false}	584	4c09b311b2e42c7900bece892ccbe86a798e964a5a4e9582386c0e4e4a80c5a0	4c09b311b2e42c7900bece892ccbe86a798e964a5a4e9582386c0e4e4a80c5a0
821	minecraft:deepslate_brick_slab	net.minecraft.world.item.BlockItem	block.minecraft.deepslate_brick_slab	64	64	0	0	1	False	True	False	True	True	["minecraft:vanilla"]	COMMON	NONE	False	False	{"present":false}	1045	6e623ac021a9a354f82717ef003ac72d59057be4ca22bbe8467130df9851d45b	6e623ac021a9a354f82717ef003ac72d59057be4ca22bbe8467130df9851d45b
822	minecraft:deepslate_tile_slab	net.minecraft.world.item.BlockItem	block.minecraft.deepslate_tile_slab	64	64	0	0	1	False	True	False	True	True	["minecraft:vanilla"]	COMMON	NONE	False	False	{"present":false}	1464	7b2583d94ab1d60f7f6b75a54229e3764ee2f232544100bf1cae49fcf6515d8a	7b2583d94ab1d60f7f6b75a54229e3764ee2f232544100bf1cae49fcf6515d8a
823	minecraft:scaffolding	net.minecraft.world.item.ScaffoldingBlockItem	block.minecraft.scaffolding	64	64	0	0	1	False	True	False	True	True	["minecraft:vanilla"]	COMMON	NONE	False	False	{"present":false}	1175	065c275ef18254c283174bfa9c77598c8791c404bb55afdd001110379e08b4d9	065c275ef18254c283174bfa9c77598c8791c404bb55afdd001110379e08b4d9
824	minecraft:redstone	net.minecraft.world.item.BlockItem	item.minecraft.redstone	64	64	0	0	1	False	True	False	True	True	["minecraft:vanilla"]	COMMON	NONE	False	False	{"present":false}	649	100726a1b5c7adf10a6505a9f6894e09e86b8dcd13ef2b4d63a3017b0f54e0e2	100726a1b5c7adf10a6505a9f6894e09e86b8dcd13ef2b4d63a3017b0f54e0e2
825	minecraft:redstone_torch	net.minecraft.world.item.StandingAndWallBlockItem	block.minecraft.redstone_torch	64	64	0	0	1	False	True	False	True	True	["minecraft:vanilla"]	COMMON	NONE	False	False	{"present":false}	702	13abed62705ed77b2b65cf739d100985eb1a8d7248394150cc1ee8029ee42e85	13abed62705ed77b2b65cf739d100985eb1a8d7248394150cc1ee8029ee42e85
826	minecraft:redstone_block	net.minecraft.world.item.BlockItem	block.minecraft.redstone_block	64	64	0	0	1	False	True	False	True	True	["minecraft:vanilla"]	COMMON	NONE	False	False	{"present":false}	588	f103feff6e13f546c00e1817b8480a544195479bf95ab6933650b00a1b6c44cc	f103feff6e13f546c00e1817b8480a544195479bf95ab6933650b00a1b6c44cc
827	minecraft:repeater	net.minecraft.world.item.BlockItem	block.minecraft.repeater	64	64	0	0	1	False	True	False	True	True	["minecraft:vanilla"]	COMMON	NONE	False	False	{"present":false}	862	09b9b28dd49f0fbc2cb0d7135f60907f14cea6d8d2dd9ae5584f43137c6d94fc	09b9b28dd49f0fbc2cb0d7135f60907f14cea6d8d2dd9ae5584f43137c6d94fc
828	minecraft:comparator	net.minecraft.world.item.BlockItem	block.minecraft.comparator	64	64	0	0	1	False	True	False	True	True	["minecraft:vanilla"]	COMMON	NONE	False	False	{"present":false}	1533	8d7bfa7258593b3d21e04f039aa24b31ca7518590805da1b6a3167aa2c1b1df3	8d7bfa7258593b3d21e04f039aa24b31ca7518590805da1b6a3167aa2c1b1df3
829	minecraft:piston	net.minecraft.world.item.BlockItem	block.minecraft.piston	64	64	0	0	1	False	True	False	True	True	["minecraft:vanilla"]	COMMON	NONE	False	False	{"present":false}	1591	d8703b2a925fe58be7a7db2f1ed8da6eabb94dc82c7293a7ef74ea2ff450b5d4	d8703b2a925fe58be7a7db2f1ed8da6eabb94dc82c7293a7ef74ea2ff450b5d4
830	minecraft:sticky_piston	net.minecraft.world.item.BlockItem	block.minecraft.sticky_piston	64	64	0	0	1	False	True	False	True	True	["minecraft:vanilla"]	COMMON	NONE	False	False	{"present":false}	833	6e54aae73d590048b893e2bebf44f381aa16454b40525e5bdb36d758b19b69cd	6e54aae73d590048b893e2bebf44f381aa16454b40525e5bdb36d758b19b69cd
831	minecraft:slime_block	net.minecraft.world.item.BlockItem	block.minecraft.slime_block	64	64	0	0	1	False	True	False	True	True	["minecraft:vanilla"]	COMMON	NONE	False	False	{"present":false}	897	5ab99f8fdc291b18de1ee02284c9345f09959c993a0c12825da484b6f538d8a3	5ab99f8fdc291b18de1ee02284c9345f09959c993a0c12825da484b6f538d8a3
832	minecraft:honey_block	net.minecraft.world.item.BlockItem	block.minecraft.honey_block	64	64	0	0	1	False	True	False	True	True	["minecraft:vanilla"]	COMMON	NONE	False	False	{"present":false}	693	a75b5e42e95458310fbc27a5cf06742953a0d0baead570567fdaf44fa78b23a6	a75b5e42e95458310fbc27a5cf06742953a0d0baead570567fdaf44fa78b23a6
833	minecraft:observer	net.minecraft.world.item.BlockItem	block.minecraft.observer	64	64	0	0	1	False	True	False	True	True	["minecraft:vanilla"]	COMMON	NONE	False	False	{"present":false}	1419	d3a7b6ded9b69d821fa036bb8596a1e8039525512a2a7058470a1da1f90de63c	d3a7b6ded9b69d821fa036bb8596a1e8039525512a2a7058470a1da1f90de63c
834	minecraft:hopper	net.minecraft.world.item.BlockItem	block.minecraft.hopper	64	64	0	0	1	False	True	False	True	True	["minecraft:vanilla"]	COMMON	NONE	False	False	{"present":false}	1604	dac5fa4da2e353833685a888c5be9630c0137139892d16eb573e14a060636ef1	dac5fa4da2e353833685a888c5be9630c0137139892d16eb573e14a060636ef1
835	minecraft:dispenser	net.minecraft.world.item.BlockItem	block.minecraft.dispenser	64	64	0	0	1	False	True	False	True	True	["minecraft:vanilla"]	COMMON	NONE	False	False	{"present":false}	1520	3bb9c737ca30851c36095bd3d0b5759d67cd2871d8ee73ae9c685c2372047de1	3bb9c737ca30851c36095bd3d0b5759d67cd2871d8ee73ae9c685c2372047de1
836	minecraft:dropper	net.minecraft.world.item.BlockItem	block.minecraft.dropper	64	64	0	0	1	False	True	False	True	True	["minecraft:vanilla"]	COMMON	NONE	False	False	{"present":false}	671	18d1f78da052640d38d7f2435ad5e38c50310db8fbb45cacf15b24af23c26807	18d1f78da052640d38d7f2435ad5e38c50310db8fbb45cacf15b24af23c26807
837	minecraft:lectern	net.minecraft.world.item.BlockItem	block.minecraft.lectern	64	64	0	0	1	False	True	False	True	True	["minecraft:vanilla"]	COMMON	NONE	False	False	{"present":false}	291	cd940ef97e7ea0c6ccdd3a2d3de4e30dee0a6de5de5e69e662920117874b4b6d	cd940ef97e7ea0c6ccdd3a2d3de4e30dee0a6de5de5e69e662920117874b4b6d
838	minecraft:target	net.minecraft.world.item.BlockItem	block.minecraft.target	64	64	0	0	1	False	True	False	True	True	["minecraft:vanilla"]	COMMON	NONE	False	False	{"present":false}	1463	50bcbe50af61d14602adb21e8d24a994a718dd288c60002dcf7aa655da5e710c	50bcbe50af61d14602adb21e8d24a994a718dd288c60002dcf7aa655da5e710c
839	minecraft:lever	net.minecraft.world.item.BlockItem	block.minecraft.lever	64	64	0	0	1	False	True	False	True	True	["minecraft:vanilla"]	COMMON	NONE	False	False	{"present":false}	1023	a09df201f0d517c3bc0af604c9ec2f6d75c5a40be1f1106d815d7ceb0b68ff35	a09df201f0d517c3bc0af604c9ec2f6d75c5a40be1f1106d815d7ceb0b68ff35
840	minecraft:lightning_rod	net.minecraft.world.item.BlockItem	block.minecraft.lightning_rod	64	64	0	0	1	False	True	False	True	True	["minecraft:vanilla"]	COMMON	NONE	False	False	{"present":false}	259	cde930db896a555690c04ab16191479091eaf8db3a7743559dcd313a462dbbaf	cde930db896a555690c04ab16191479091eaf8db3a7743559dcd313a462dbbaf
841	minecraft:exposed_lightning_rod	net.minecraft.world.item.BlockItem	block.minecraft.exposed_lightning_rod	64	64	0	0	1	False	True	False	True	True	["minecraft:vanilla"]	COMMON	NONE	False	False	{"present":false}	512	8d8ae662ac6f981b06dbd3b2993ddd90fd43902d8568a971bdbf39c6cdf4748c	8d8ae662ac6f981b06dbd3b2993ddd90fd43902d8568a971bdbf39c6cdf4748c
842	minecraft:weathered_lightning_rod	net.minecraft.world.item.BlockItem	block.minecraft.weathered_lightning_rod	64	64	0	0	1	False	True	False	True	True	["minecraft:vanilla"]	COMMON	NONE	False	False	{"present":false}	1482	27542f1b168d96b34c0161aca6f11fc4bc848e6eb4ac4a4e90e64d15cbe02260	27542f1b168d96b34c0161aca6f11fc4bc848e6eb4ac4a4e90e64d15cbe02260
843	minecraft:oxidized_lightning_rod	net.minecraft.world.item.BlockItem	block.minecraft.oxidized_lightning_rod	64	64	0	0	1	False	True	False	True	True	["minecraft:vanilla"]	COMMON	NONE	False	False	{"present":false}	1674	2379f5ccd0a6a62a8e6c2b88368cf534c1bf54d3fc674eb0cb0626bfaf35a182	2379f5ccd0a6a62a8e6c2b88368cf534c1bf54d3fc674eb0cb0626bfaf35a182
844	minecraft:waxed_lightning_rod	net.minecraft.world.item.BlockItem	block.minecraft.waxed_lightning_rod	64	64	0	0	1	False	True	False	True	True	["minecraft:vanilla"]	COMMON	NONE	False	False	{"present":false}	1559	b1bdac4b6808bd68336a4c70f67dabfdbdcc86217c5b7b2bccae038761055eea	b1bdac4b6808bd68336a4c70f67dabfdbdcc86217c5b7b2bccae038761055eea
845	minecraft:waxed_exposed_lightning_rod	net.minecraft.world.item.BlockItem	block.minecraft.waxed_exposed_lightning_rod	64	64	0	0	1	False	True	False	True	True	["minecraft:vanilla"]	COMMON	NONE	False	False	{"present":false}	1442	770221f8b47eaab3a92ee787478ade43eb2f7e1efb7c7a6e6bb61360b0665373	770221f8b47eaab3a92ee787478ade43eb2f7e1efb7c7a6e6bb61360b0665373
846	minecraft:waxed_weathered_lightning_rod	net.minecraft.world.item.BlockItem	block.minecraft.waxed_weathered_lightning_rod	64	64	0	0	1	False	True	False	True	True	["minecraft:vanilla"]	COMMON	NONE	False	False	{"present":false}	658	f78b229b1d2df91438232cce90519bcb91f445e7dfad32bbe7479bc13fedd3ad	f78b229b1d2df91438232cce90519bcb91f445e7dfad32bbe7479bc13fedd3ad
847	minecraft:waxed_oxidized_lightning_rod	net.minecraft.world.item.BlockItem	block.minecraft.waxed_oxidized_lightning_rod	64	64	0	0	1	False	True	False	True	True	["minecraft:vanilla"]	COMMON	NONE	False	False	{"present":false}	1044	fc5b94622bacce8a2430d3b9ca3b2cf50cb1d17eaf559514c6a406cd56289d74	fc5b94622bacce8a2430d3b9ca3b2cf50cb1d17eaf559514c6a406cd56289d74
848	minecraft:daylight_detector	net.minecraft.world.item.BlockItem	block.minecraft.daylight_detector	64	64	0	0	1	False	True	False	True	True	["minecraft:vanilla"]	COMMON	NONE	False	False	{"present":false}	829	32b8cd37880fa3e2960ff52a38147ce4975b2720266d2483c473910b6b4d4ada	32b8cd37880fa3e2960ff52a38147ce4975b2720266d2483c473910b6b4d4ada
849	minecraft:sculk_sensor	net.minecraft.world.item.BlockItem	block.minecraft.sculk_sensor	64	64	0	0	1	False	True	False	True	True	["minecraft:vanilla"]	COMMON	NONE	False	False	{"present":false}	514	8d1e6f0811b061568f14f1b4b6dc930cf1b0a665d5bfa8d3603af88c274fd882	8d1e6f0811b061568f14f1b4b6dc930cf1b0a665d5bfa8d3603af88c274fd882
850	minecraft:calibrated_sculk_sensor	net.minecraft.world.item.BlockItem	block.minecraft.calibrated_sculk_sensor	64	64	0	0	1	False	True	False	True	True	["minecraft:vanilla"]	COMMON	NONE	False	False	{"present":false}	1454	220a27c2dbd4be03cbebb38a8aa8c44d86d7dae7de5825d7b16bcc1aa88ec1d1	220a27c2dbd4be03cbebb38a8aa8c44d86d7dae7de5825d7b16bcc1aa88ec1d1
851	minecraft:tripwire_hook	net.minecraft.world.item.BlockItem	block.minecraft.tripwire_hook	64	64	0	0	1	False	True	False	True	True	["minecraft:vanilla"]	COMMON	NONE	False	False	{"present":false}	895	e73424805f73ffa0279da31571dc2c45c29ae48a226e14acc6e70eefaebcff2b	e73424805f73ffa0279da31571dc2c45c29ae48a226e14acc6e70eefaebcff2b
852	minecraft:trapped_chest	net.minecraft.world.item.BlockItem	block.minecraft.trapped_chest	64	64	0	0	1	False	True	False	True	True	["minecraft:vanilla"]	COMMON	NONE	False	False	{"present":false}	444	e33cd8f64bc28573071447fff53ad1533fd374c5cf447f2c8900a8eb12dfec6b	e33cd8f64bc28573071447fff53ad1533fd374c5cf447f2c8900a8eb12dfec6b
853	minecraft:tnt	net.minecraft.world.item.BlockItem	block.minecraft.tnt	64	64	0	0	1	False	True	False	True	True	["minecraft:vanilla"]	COMMON	NONE	False	False	{"present":false}	780	f835bd974a85b006e4bd6867a55a603768d7c1261ad86e3db7e7dac8d5302302	f835bd974a85b006e4bd6867a55a603768d7c1261ad86e3db7e7dac8d5302302
854	minecraft:redstone_lamp	net.minecraft.world.item.BlockItem	block.minecraft.redstone_lamp	64	64	0	0	1	False	True	False	True	True	["minecraft:vanilla"]	COMMON	NONE	False	False	{"present":false}	1253	495fddd5983e1f0649827e32f47e3bd64872796dda78bf6ba21463741caa0e91	495fddd5983e1f0649827e32f47e3bd64872796dda78bf6ba21463741caa0e91
855	minecraft:note_block	net.minecraft.world.item.BlockItem	block.minecraft.note_block	64	64	0	0	1	False	True	False	True	True	["minecraft:vanilla"]	COMMON	NONE	False	False	{"present":false}	250	9b7663bbe699f3f78447ced4d22f00bd5f814fabc9f713dad5fbfc4587ac461a	9b7663bbe699f3f78447ced4d22f00bd5f814fabc9f713dad5fbfc4587ac461a
856	minecraft:stone_button	net.minecraft.world.item.BlockItem	block.minecraft.stone_button	64	64	0	0	1	False	True	False	True	True	["minecraft:vanilla"]	COMMON	NONE	False	False	{"present":false}	230	c76fb920878ae6b35caabf2c4fb759533b686cce48a56c39282bdccae6ef8da4	c76fb920878ae6b35caabf2c4fb759533b686cce48a56c39282bdccae6ef8da4
857	minecraft:polished_blackstone_button	net.minecraft.world.item.BlockItem	block.minecraft.polished_blackstone_button	64	64	0	0	1	False	True	False	True	True	["minecraft:vanilla"]	COMMON	NONE	False	False	{"present":false}	735	bcbc437859b24d43795bed7a66b50f61787c9f7b913fc7a1453ad32775cbd45e	bcbc437859b24d43795bed7a66b50f61787c9f7b913fc7a1453ad32775cbd45e
858	minecraft:oak_button	net.minecraft.world.item.BlockItem	block.minecraft.oak_button	64	64	0	0	1	False	True	False	True	True	["minecraft:vanilla"]	COMMON	NONE	False	False	{"present":false}	354	9373eef3a2cb1f2f73f9c536357110cd92bdcd73a059172eddacc7302a3024c5	9373eef3a2cb1f2f73f9c536357110cd92bdcd73a059172eddacc7302a3024c5
859	minecraft:spruce_button	net.minecraft.world.item.BlockItem	block.minecraft.spruce_button	64	64	0	0	1	False	True	False	True	True	["minecraft:vanilla"]	COMMON	NONE	False	False	{"present":false}	739	1ac0e98f527965f9b017d52664344ecc26d1f169537475fcd188660474c09479	1ac0e98f527965f9b017d52664344ecc26d1f169537475fcd188660474c09479
860	minecraft:birch_button	net.minecraft.world.item.BlockItem	block.minecraft.birch_button	64	64	0	0	1	False	True	False	True	True	["minecraft:vanilla"]	COMMON	NONE	False	False	{"present":false}	1467	3730d9b95952844c967f3f4e1eaa9ff5ee78c7694ce4339f9eb6d6d103299f9c	3730d9b95952844c967f3f4e1eaa9ff5ee78c7694ce4339f9eb6d6d103299f9c
861	minecraft:jungle_button	net.minecraft.world.item.BlockItem	block.minecraft.jungle_button	64	64	0	0	1	False	True	False	True	True	["minecraft:vanilla"]	COMMON	NONE	False	False	{"present":false}	1405	077ffd415c603a8c97636893b295ea71975136ccb29a1e5dcefa2c3bb4951124	077ffd415c603a8c97636893b295ea71975136ccb29a1e5dcefa2c3bb4951124
862	minecraft:acacia_button	net.minecraft.world.item.BlockItem	block.minecraft.acacia_button	64	64	0	0	1	False	True	False	True	True	["minecraft:vanilla"]	COMMON	NONE	False	False	{"present":false}	591	869a2a9ec83bfb02d63cd2c5d970bd78f4a49f0fa12de1ff430d12b3d0db6b8b	869a2a9ec83bfb02d63cd2c5d970bd78f4a49f0fa12de1ff430d12b3d0db6b8b
863	minecraft:cherry_button	net.minecraft.world.item.BlockItem	block.minecraft.cherry_button	64	64	0	0	1	False	True	False	True	True	["minecraft:vanilla"]	COMMON	NONE	False	False	{"present":false}	907	18ae06501b67f85e7ee5c56ff37301c7d9921406707d7d58b23535fb0ebe4355	18ae06501b67f85e7ee5c56ff37301c7d9921406707d7d58b23535fb0ebe4355
864	minecraft:dark_oak_button	net.minecraft.world.item.BlockItem	block.minecraft.dark_oak_button	64	64	0	0	1	False	True	False	True	True	["minecraft:vanilla"]	COMMON	NONE	False	False	{"present":false}	863	bbc4c0faa59a7bdfd90382a3af2cf41a91982a6f1e7c106ae59516aa84a34e1c	bbc4c0faa59a7bdfd90382a3af2cf41a91982a6f1e7c106ae59516aa84a34e1c
865	minecraft:pale_oak_button	net.minecraft.world.item.BlockItem	block.minecraft.pale_oak_button	64	64	0	0	1	False	True	False	True	True	["minecraft:vanilla"]	COMMON	NONE	False	False	{"present":false}	769	79a07405dc5c62d17d48b3394af4fd7024bd5023956566c2f63f9df17577458a	79a07405dc5c62d17d48b3394af4fd7024bd5023956566c2f63f9df17577458a
866	minecraft:mangrove_button	net.minecraft.world.item.BlockItem	block.minecraft.mangrove_button	64	64	0	0	1	False	True	False	True	True	["minecraft:vanilla"]	COMMON	NONE	False	False	{"present":false}	554	6430119eca52d9be5e33e9eff0042be4253d11bbdf95293f3292fc27f3dbeabe	6430119eca52d9be5e33e9eff0042be4253d11bbdf95293f3292fc27f3dbeabe
867	minecraft:poplar_button	net.minecraft.world.item.BlockItem	block.minecraft.poplar_button	64	64	0	0	1	False	True	False	True	True	["minecraft:vanilla"]	COMMON	NONE	False	False	{"present":false}	1150	159c616d44e896f8ecab032ca804ac606b0197d1e514aee960ec6785914fb163	159c616d44e896f8ecab032ca804ac606b0197d1e514aee960ec6785914fb163
868	minecraft:bamboo_button	net.minecraft.world.item.BlockItem	block.minecraft.bamboo_button	64	64	0	0	1	False	True	False	True	True	["minecraft:vanilla"]	COMMON	NONE	False	False	{"present":false}	759	8c0dd2f88d3050b3d908ed216d4c313b39262df5f6dfe6626288c5dd33a48d79	8c0dd2f88d3050b3d908ed216d4c313b39262df5f6dfe6626288c5dd33a48d79
869	minecraft:crimson_button	net.minecraft.world.item.BlockItem	block.minecraft.crimson_button	64	64	0	0	1	False	True	False	True	True	["minecraft:vanilla"]	COMMON	NONE	False	False	{"present":false}	1409	964c05cedb37c84dc79ee1a429a5144dfcb405ebc1a44e5b07fe70bc17a4083b	964c05cedb37c84dc79ee1a429a5144dfcb405ebc1a44e5b07fe70bc17a4083b
870	minecraft:warped_button	net.minecraft.world.item.BlockItem	block.minecraft.warped_button	64	64	0	0	1	False	True	False	True	True	["minecraft:vanilla"]	COMMON	NONE	False	False	{"present":false}	585	71a18fa93c7e94ee730e60677272337992d439a2d1fc4a15d6a6dbfd792d9897	71a18fa93c7e94ee730e60677272337992d439a2d1fc4a15d6a6dbfd792d9897
871	minecraft:stone_pressure_plate	net.minecraft.world.item.BlockItem	block.minecraft.stone_pressure_plate	64	64	0	0	1	False	True	False	True	True	["minecraft:vanilla"]	COMMON	NONE	False	False	{"present":false}	138	db4aad642bb2a0928d3f1832f48792eab3891514860a6094e0a6e07520339cd5	db4aad642bb2a0928d3f1832f48792eab3891514860a6094e0a6e07520339cd5
872	minecraft:polished_blackstone_pressure_plate	net.minecraft.world.item.BlockItem	block.minecraft.polished_blackstone_pressure_plate	64	64	0	0	1	False	True	False	True	True	["minecraft:vanilla"]	COMMON	NONE	False	False	{"present":false}	1562	b78fa8a1b52a4ea019c6c8e3d153c67a5018dea7fee877e9eb210ad38dcb3288	b78fa8a1b52a4ea019c6c8e3d153c67a5018dea7fee877e9eb210ad38dcb3288
873	minecraft:light_weighted_pressure_plate	net.minecraft.world.item.BlockItem	block.minecraft.light_weighted_pressure_plate	64	64	0	0	1	False	True	False	True	True	["minecraft:vanilla"]	COMMON	NONE	False	False	{"present":false}	1233	5fd1b419bd57f7f10abd7f2b0cca976a87d3a89cb38106423c4c253889be19fa	5fd1b419bd57f7f10abd7f2b0cca976a87d3a89cb38106423c4c253889be19fa
874	minecraft:heavy_weighted_pressure_plate	net.minecraft.world.item.BlockItem	block.minecraft.heavy_weighted_pressure_plate	64	64	0	0	1	False	True	False	True	True	["minecraft:vanilla"]	COMMON	NONE	False	False	{"present":false}	1391	0823d9a818a9109b58e35474c4c450e514fd90d2202cf7a09d6d45d23093e252	0823d9a818a9109b58e35474c4c450e514fd90d2202cf7a09d6d45d23093e252
875	minecraft:oak_pressure_plate	net.minecraft.world.item.BlockItem	block.minecraft.oak_pressure_plate	64	64	0	0	1	False	True	False	True	True	["minecraft:vanilla"]	COMMON	NONE	False	False	{"present":false}	688	ab0c1cae027c2412a2ccff3ba825a50fcc64c1bafbf16d6e65ef0e0e1faf61ec	ab0c1cae027c2412a2ccff3ba825a50fcc64c1bafbf16d6e65ef0e0e1faf61ec
876	minecraft:spruce_pressure_plate	net.minecraft.world.item.BlockItem	block.minecraft.spruce_pressure_plate	64	64	0	0	1	False	True	False	True	True	["minecraft:vanilla"]	COMMON	NONE	False	False	{"present":false}	385	85409fdaab939a839327985564a948d1152632a8f03c8fa7ad7fb72252a1b004	85409fdaab939a839327985564a948d1152632a8f03c8fa7ad7fb72252a1b004
877	minecraft:birch_pressure_plate	net.minecraft.world.item.BlockItem	block.minecraft.birch_pressure_plate	64	64	0	0	1	False	True	False	True	True	["minecraft:vanilla"]	COMMON	NONE	False	False	{"present":false}	5	aa00782e95087e4605dcee8a2b3d4f10ef500e9685fd437c733595f01d579cc1	aa00782e95087e4605dcee8a2b3d4f10ef500e9685fd437c733595f01d579cc1
878	minecraft:jungle_pressure_plate	net.minecraft.world.item.BlockItem	block.minecraft.jungle_pressure_plate	64	64	0	0	1	False	True	False	True	True	["minecraft:vanilla"]	COMMON	NONE	False	False	{"present":false}	949	4903ea2349693ad8f99d9098ecd7d000281a17b7d878e1d16dd0662a62ed6154	4903ea2349693ad8f99d9098ecd7d000281a17b7d878e1d16dd0662a62ed6154
879	minecraft:acacia_pressure_plate	net.minecraft.world.item.BlockItem	block.minecraft.acacia_pressure_plate	64	64	0	0	1	False	True	False	True	True	["minecraft:vanilla"]	COMMON	NONE	False	False	{"present":false}	1539	dfd05f83a5ede51db6ef891545ad513be8ba9541f454b17eb83f39479c476bd2	dfd05f83a5ede51db6ef891545ad513be8ba9541f454b17eb83f39479c476bd2
880	minecraft:cherry_pressure_plate	net.minecraft.world.item.BlockItem	block.minecraft.cherry_pressure_plate	64	64	0	0	1	False	True	False	True	True	["minecraft:vanilla"]	COMMON	NONE	False	False	{"present":false}	440	1bf8811d97e5d7508c66d8a924f9da6dc2254489200e3bb46c2d45d3120cc907	1bf8811d97e5d7508c66d8a924f9da6dc2254489200e3bb46c2d45d3120cc907
881	minecraft:dark_oak_pressure_plate	net.minecraft.world.item.BlockItem	block.minecraft.dark_oak_pressure_plate	64	64	0	0	1	False	True	False	True	True	["minecraft:vanilla"]	COMMON	NONE	False	False	{"present":false}	1500	9994769e0073e0c31a6b1fe410360379264236f0db554c3e99e69259cd45a76e	9994769e0073e0c31a6b1fe410360379264236f0db554c3e99e69259cd45a76e
882	minecraft:pale_oak_pressure_plate	net.minecraft.world.item.BlockItem	block.minecraft.pale_oak_pressure_plate	64	64	0	0	1	False	True	False	True	True	["minecraft:vanilla"]	COMMON	NONE	False	False	{"present":false}	1476	8c0bd4b2d284f0f55bd003ea0df7d04c4a1725fbcf0caf7f778b78216eef28f3	8c0bd4b2d284f0f55bd003ea0df7d04c4a1725fbcf0caf7f778b78216eef28f3
883	minecraft:mangrove_pressure_plate	net.minecraft.world.item.BlockItem	block.minecraft.mangrove_pressure_plate	64	64	0	0	1	False	True	False	True	True	["minecraft:vanilla"]	COMMON	NONE	False	False	{"present":false}	465	b181fd6850e8d5594e42b9304301855b646b529face423495e27b013ded72905	b181fd6850e8d5594e42b9304301855b646b529face423495e27b013ded72905
884	minecraft:poplar_pressure_plate	net.minecraft.world.item.BlockItem	block.minecraft.poplar_pressure_plate	64	64	0	0	1	False	True	False	True	True	["minecraft:vanilla"]	COMMON	NONE	False	False	{"present":false}	882	1860491083d69f418d9589bab7d2576c9646bcd275b7df90c9381abdac4089a7	1860491083d69f418d9589bab7d2576c9646bcd275b7df90c9381abdac4089a7
885	minecraft:bamboo_pressure_plate	net.minecraft.world.item.BlockItem	block.minecraft.bamboo_pressure_plate	64	64	0	0	1	False	True	False	True	True	["minecraft:vanilla"]	COMMON	NONE	False	False	{"present":false}	1317	3a8bcb2bdf120e3fc19dc70d1a7a7df197591f414c82cbf9a936eef3af6947ae	3a8bcb2bdf120e3fc19dc70d1a7a7df197591f414c82cbf9a936eef3af6947ae
886	minecraft:crimson_pressure_plate	net.minecraft.world.item.BlockItem	block.minecraft.crimson_pressure_plate	64	64	0	0	1	False	True	False	True	True	["minecraft:vanilla"]	COMMON	NONE	False	False	{"present":false}	608	f6126f06355e91de4799fa6510727a682ff017ed227233aa75b9b0da515d9b35	f6126f06355e91de4799fa6510727a682ff017ed227233aa75b9b0da515d9b35
887	minecraft:warped_pressure_plate	net.minecraft.world.item.BlockItem	block.minecraft.warped_pressure_plate	64	64	0	0	1	False	True	False	True	True	["minecraft:vanilla"]	COMMON	NONE	False	False	{"present":false}	1496	97342d57f9df09559ca63332b51cbb44c16d8f65b45a73ad8c67bcc3b46d8c8a	97342d57f9df09559ca63332b51cbb44c16d8f65b45a73ad8c67bcc3b46d8c8a
888	minecraft:iron_door	net.minecraft.world.item.DoubleHighBlockItem	block.minecraft.iron_door	64	64	0	0	1	False	True	False	True	True	["minecraft:vanilla"]	COMMON	NONE	False	False	{"present":false}	156	6ba2c644d56bbd6f9219ba5b718d1b07a50c36d45eeb0aeba4f1dc84cae5df9a	6ba2c644d56bbd6f9219ba5b718d1b07a50c36d45eeb0aeba4f1dc84cae5df9a
889	minecraft:oak_door	net.minecraft.world.item.DoubleHighBlockItem	block.minecraft.oak_door	64	64	0	0	1	False	True	False	True	True	["minecraft:vanilla"]	COMMON	NONE	False	False	{"present":false}	1297	4869b0f9519884b31fa485c082fcadc18ba8aa332222fca582f6d0ab699057f0	4869b0f9519884b31fa485c082fcadc18ba8aa332222fca582f6d0ab699057f0
890	minecraft:spruce_door	net.minecraft.world.item.DoubleHighBlockItem	block.minecraft.spruce_door	64	64	0	0	1	False	True	False	True	True	["minecraft:vanilla"]	COMMON	NONE	False	False	{"present":false}	889	422089231d24b59efe49d473cd9e80cbf043fce94bea9861bb86138703910549	422089231d24b59efe49d473cd9e80cbf043fce94bea9861bb86138703910549
891	minecraft:birch_door	net.minecraft.world.item.DoubleHighBlockItem	block.minecraft.birch_door	64	64	0	0	1	False	True	False	True	True	["minecraft:vanilla"]	COMMON	NONE	False	False	{"present":false}	1010	975ac9230b6a1561ba9d93f1bfc8c5ab518283273d6724eb26aa8dd526c19b0d	975ac9230b6a1561ba9d93f1bfc8c5ab518283273d6724eb26aa8dd526c19b0d
892	minecraft:jungle_door	net.minecraft.world.item.DoubleHighBlockItem	block.minecraft.jungle_door	64	64	0	0	1	False	True	False	True	True	["minecraft:vanilla"]	COMMON	NONE	False	False	{"present":false}	31	2a89ba15aa0832b7ffb7383a4e96e2f0f5c0604ff0ea813bc391ff0572e4c5b8	2a89ba15aa0832b7ffb7383a4e96e2f0f5c0604ff0ea813bc391ff0572e4c5b8
893	minecraft:acacia_door	net.minecraft.world.item.DoubleHighBlockItem	block.minecraft.acacia_door	64	64	0	0	1	False	True	False	True	True	["minecraft:vanilla"]	COMMON	NONE	False	False	{"present":false}	1616	d2adee4dcff807fc17ac1bdbcec0800d9fb013750dcd282c3c45b30c83bd9cd0	d2adee4dcff807fc17ac1bdbcec0800d9fb013750dcd282c3c45b30c83bd9cd0
894	minecraft:cherry_door	net.minecraft.world.item.DoubleHighBlockItem	block.minecraft.cherry_door	64	64	0	0	1	False	True	False	True	True	["minecraft:vanilla"]	COMMON	NONE	False	False	{"present":false}	1342	6439e148b0fc308645f9bd472a56344883477b038439950e1b82f80dcab3b9be	6439e148b0fc308645f9bd472a56344883477b038439950e1b82f80dcab3b9be
895	minecraft:dark_oak_door	net.minecraft.world.item.DoubleHighBlockItem	block.minecraft.dark_oak_door	64	64	0	0	1	False	True	False	True	True	["minecraft:vanilla"]	COMMON	NONE	False	False	{"present":false}	26	4f22a23b7d53aed6ce2d786826bc3337dfe4ee9888fd7cd0e77af4e4d52986d0	4f22a23b7d53aed6ce2d786826bc3337dfe4ee9888fd7cd0e77af4e4d52986d0
896	minecraft:pale_oak_door	net.minecraft.world.item.DoubleHighBlockItem	block.minecraft.pale_oak_door	64	64	0	0	1	False	True	False	True	True	["minecraft:vanilla"]	COMMON	NONE	False	False	{"present":false}	473	d4acc06236704969c0dbc730cc1a08249cd2dd646d0132d52e4e32593b6f1c00	d4acc06236704969c0dbc730cc1a08249cd2dd646d0132d52e4e32593b6f1c00
897	minecraft:mangrove_door	net.minecraft.world.item.DoubleHighBlockItem	block.minecraft.mangrove_door	64	64	0	0	1	False	True	False	True	True	["minecraft:vanilla"]	COMMON	NONE	False	False	{"present":false}	938	51569fa6797e2cd3f0a2e614fb287cd03fe98c617502f7356b5b3393cd25d8a6	51569fa6797e2cd3f0a2e614fb287cd03fe98c617502f7356b5b3393cd25d8a6
898	minecraft:poplar_door	net.minecraft.world.item.DoubleHighBlockItem	block.minecraft.poplar_door	64	64	0	0	1	False	True	False	True	True	["minecraft:vanilla"]	COMMON	NONE	False	False	{"present":false}	18	96a9314580fbc43c9880acb29e759ca865008cc1ab3c24744d030ca6182ad8fa	96a9314580fbc43c9880acb29e759ca865008cc1ab3c24744d030ca6182ad8fa
899	minecraft:bamboo_door	net.minecraft.world.item.DoubleHighBlockItem	block.minecraft.bamboo_door	64	64	0	0	1	False	True	False	True	True	["minecraft:vanilla"]	COMMON	NONE	False	False	{"present":false}	1296	eac5b00340133e23807e64d2dd4ef896202ad7eafc0284840a058b8c7b0bbdd7	eac5b00340133e23807e64d2dd4ef896202ad7eafc0284840a058b8c7b0bbdd7
900	minecraft:crimson_door	net.minecraft.world.item.DoubleHighBlockItem	block.minecraft.crimson_door	64	64	0	0	1	False	True	False	True	True	["minecraft:vanilla"]	COMMON	NONE	False	False	{"present":false}	42	4bf52bdfbbb223312fb4f24077b39efb7a5c92022e9eb1aa60e71a5f2ac83263	4bf52bdfbbb223312fb4f24077b39efb7a5c92022e9eb1aa60e71a5f2ac83263
901	minecraft:warped_door	net.minecraft.world.item.DoubleHighBlockItem	block.minecraft.warped_door	64	64	0	0	1	False	True	False	True	True	["minecraft:vanilla"]	COMMON	NONE	False	False	{"present":false}	1247	0feaeb943a513e482e0d6e5540e44aedffeb8b4c12ad94d2251f4fe338670460	0feaeb943a513e482e0d6e5540e44aedffeb8b4c12ad94d2251f4fe338670460
902	minecraft:copper_door	net.minecraft.world.item.DoubleHighBlockItem	block.minecraft.copper_door	64	64	0	0	1	False	True	False	True	True	["minecraft:vanilla"]	COMMON	NONE	False	False	{"present":false}	294	d971ea4edaace0fbe692fc1ab99c7a337c801a24698ec679942a22895b34150b	d971ea4edaace0fbe692fc1ab99c7a337c801a24698ec679942a22895b34150b
903	minecraft:exposed_copper_door	net.minecraft.world.item.DoubleHighBlockItem	block.minecraft.exposed_copper_door	64	64	0	0	1	False	True	False	True	True	["minecraft:vanilla"]	COMMON	NONE	False	False	{"present":false}	106	a71d17044232a3f7dae1324a249528d3f28bf8831e61fb24d649be5e47dc70f4	a71d17044232a3f7dae1324a249528d3f28bf8831e61fb24d649be5e47dc70f4
904	minecraft:weathered_copper_door	net.minecraft.world.item.DoubleHighBlockItem	block.minecraft.weathered_copper_door	64	64	0	0	1	False	True	False	True	True	["minecraft:vanilla"]	COMMON	NONE	False	False	{"present":false}	80	d5ef3ae0523e3e8f78e3dbf131eb032759b1fcf0dbad7f5f973902f812e020e9	d5ef3ae0523e3e8f78e3dbf131eb032759b1fcf0dbad7f5f973902f812e020e9
905	minecraft:oxidized_copper_door	net.minecraft.world.item.DoubleHighBlockItem	block.minecraft.oxidized_copper_door	64	64	0	0	1	False	True	False	True	True	["minecraft:vanilla"]	COMMON	NONE	False	False	{"present":false}	1184	17e8eb023a706e55f98d5623cfe0ceb977a3f12cc0b8564ceed548c63a12cb53	17e8eb023a706e55f98d5623cfe0ceb977a3f12cc0b8564ceed548c63a12cb53
906	minecraft:waxed_copper_door	net.minecraft.world.item.DoubleHighBlockItem	block.minecraft.waxed_copper_door	64	64	0	0	1	False	True	False	True	True	["minecraft:vanilla"]	COMMON	NONE	False	False	{"present":false}	485	df4fe7080f95062f69dd4961a88f36f0fe40e3246c17428eac602484683de1d3	df4fe7080f95062f69dd4961a88f36f0fe40e3246c17428eac602484683de1d3
907	minecraft:waxed_exposed_copper_door	net.minecraft.world.item.DoubleHighBlockItem	block.minecraft.waxed_exposed_copper_door	64	64	0	0	1	False	True	False	True	True	["minecraft:vanilla"]	COMMON	NONE	False	False	{"present":false}	837	a51e2de129b86c7942550da3dbdf455c49b5fc39280dbce450d72b034d1b0eb3	a51e2de129b86c7942550da3dbdf455c49b5fc39280dbce450d72b034d1b0eb3
908	minecraft:waxed_weathered_copper_door	net.minecraft.world.item.DoubleHighBlockItem	block.minecraft.waxed_weathered_copper_door	64	64	0	0	1	False	True	False	True	True	["minecraft:vanilla"]	COMMON	NONE	False	False	{"present":false}	1306	9edec552a0a6ab941f6212c2e2457b17ecf9f72c308fa4c737d5b8c124433b27	9edec552a0a6ab941f6212c2e2457b17ecf9f72c308fa4c737d5b8c124433b27
909	minecraft:waxed_oxidized_copper_door	net.minecraft.world.item.DoubleHighBlockItem	block.minecraft.waxed_oxidized_copper_door	64	64	0	0	1	False	True	False	True	True	["minecraft:vanilla"]	COMMON	NONE	False	False	{"present":false}	1035	fca58c44a92600f3d7228ccc4b01225cbdf51b0f5fed353072afb1356d6374df	fca58c44a92600f3d7228ccc4b01225cbdf51b0f5fed353072afb1356d6374df
910	minecraft:iron_trapdoor	net.minecraft.world.item.BlockItem	block.minecraft.iron_trapdoor	64	64	0	0	1	False	True	False	True	True	["minecraft:vanilla"]	COMMON	NONE	False	False	{"present":false}	1443	46d4278f407628dddda6aa5dae50de0d4733024e7be0b15af85d4385006b7230	46d4278f407628dddda6aa5dae50de0d4733024e7be0b15af85d4385006b7230
911	minecraft:oak_trapdoor	net.minecraft.world.item.BlockItem	block.minecraft.oak_trapdoor	64	64	0	0	1	False	True	False	True	True	["minecraft:vanilla"]	COMMON	NONE	False	False	{"present":false}	624	5f2e19bbabf353629d2673ee6fdbf98b3d14ff655a7072606199d07500bee1a0	5f2e19bbabf353629d2673ee6fdbf98b3d14ff655a7072606199d07500bee1a0
912	minecraft:spruce_trapdoor	net.minecraft.world.item.BlockItem	block.minecraft.spruce_trapdoor	64	64	0	0	1	False	True	False	True	True	["minecraft:vanilla"]	COMMON	NONE	False	False	{"present":false}	952	c7a9660e792e472ea70e24dafae39763bc0f2cb7328017b2245416dc86b596c4	c7a9660e792e472ea70e24dafae39763bc0f2cb7328017b2245416dc86b596c4
913	minecraft:birch_trapdoor	net.minecraft.world.item.BlockItem	block.minecraft.birch_trapdoor	64	64	0	0	1	False	True	False	True	True	["minecraft:vanilla"]	COMMON	NONE	False	False	{"present":false}	731	2d283febc2a5e57b5d841a48dbb1b4d34fc251e6546dfebf5b7a0216b64b75dd	2d283febc2a5e57b5d841a48dbb1b4d34fc251e6546dfebf5b7a0216b64b75dd
914	minecraft:jungle_trapdoor	net.minecraft.world.item.BlockItem	block.minecraft.jungle_trapdoor	64	64	0	0	1	False	True	False	True	True	["minecraft:vanilla"]	COMMON	NONE	False	False	{"present":false}	657	5aecace278f2d0d2b9599c71def39be5a127e166a3feb190cc07e1cf878830b6	5aecace278f2d0d2b9599c71def39be5a127e166a3feb190cc07e1cf878830b6
915	minecraft:acacia_trapdoor	net.minecraft.world.item.BlockItem	block.minecraft.acacia_trapdoor	64	64	0	0	1	False	True	False	True	True	["minecraft:vanilla"]	COMMON	NONE	False	False	{"present":false}	237	c754618badfff310e178d2444b23359e3648559d4d7e0f44db619856f101a63f	c754618badfff310e178d2444b23359e3648559d4d7e0f44db619856f101a63f
916	minecraft:cherry_trapdoor	net.minecraft.world.item.BlockItem	block.minecraft.cherry_trapdoor	64	64	0	0	1	False	True	False	True	True	["minecraft:vanilla"]	COMMON	NONE	False	False	{"present":false}	934	e71ed6d5c47fa245a5d10ad5feca7b1067c53f4707e7cbea1fc418897dd9e844	e71ed6d5c47fa245a5d10ad5feca7b1067c53f4707e7cbea1fc418897dd9e844
917	minecraft:dark_oak_trapdoor	net.minecraft.world.item.BlockItem	block.minecraft.dark_oak_trapdoor	64	64	0	0	1	False	True	False	True	True	["minecraft:vanilla"]	COMMON	NONE	False	False	{"present":false}	571	e76916c63303e62567a33c2012a1a70361b9c2360a68feebc5e92559981e96ee	e76916c63303e62567a33c2012a1a70361b9c2360a68feebc5e92559981e96ee
918	minecraft:pale_oak_trapdoor	net.minecraft.world.item.BlockItem	block.minecraft.pale_oak_trapdoor	64	64	0	0	1	False	True	False	True	True	["minecraft:vanilla"]	COMMON	NONE	False	False	{"present":false}	47	092c020ab98565ad9611e4ba1e8f404ecdff140d01ed97ff324cb54a1d6af730	092c020ab98565ad9611e4ba1e8f404ecdff140d01ed97ff324cb54a1d6af730
919	minecraft:mangrove_trapdoor	net.minecraft.world.item.BlockItem	block.minecraft.mangrove_trapdoor	64	64	0	0	1	False	True	False	True	True	["minecraft:vanilla"]	COMMON	NONE	False	False	{"present":false}	661	4dbf4f15cc4128beabc5c071fceabe80441dc0dd854f29277bdd94e5800d9cb6	4dbf4f15cc4128beabc5c071fceabe80441dc0dd854f29277bdd94e5800d9cb6
920	minecraft:poplar_trapdoor	net.minecraft.world.item.BlockItem	block.minecraft.poplar_trapdoor	64	64	0	0	1	False	True	False	True	True	["minecraft:vanilla"]	COMMON	NONE	False	False	{"present":false}	1269	fe56ddbcbf11bf05538f9090886ade2a000571456de21acd6fcbfda31770a498	fe56ddbcbf11bf05538f9090886ade2a000571456de21acd6fcbfda31770a498
921	minecraft:bamboo_trapdoor	net.minecraft.world.item.BlockItem	block.minecraft.bamboo_trapdoor	64	64	0	0	1	False	True	False	True	True	["minecraft:vanilla"]	COMMON	NONE	False	False	{"present":false}	371	df290b781064bd28191709c562119aa55e19258049881922db9b5b3afac49b9a	df290b781064bd28191709c562119aa55e19258049881922db9b5b3afac49b9a
922	minecraft:crimson_trapdoor	net.minecraft.world.item.BlockItem	block.minecraft.crimson_trapdoor	64	64	0	0	1	False	True	False	True	True	["minecraft:vanilla"]	COMMON	NONE	False	False	{"present":false}	700	81bcba994926a133b02b6ea7dc810f5a7b44b77b46bcc07dcfc3860fe92ba92e	81bcba994926a133b02b6ea7dc810f5a7b44b77b46bcc07dcfc3860fe92ba92e
923	minecraft:warped_trapdoor	net.minecraft.world.item.BlockItem	block.minecraft.warped_trapdoor	64	64	0	0	1	False	True	False	True	True	["minecraft:vanilla"]	COMMON	NONE	False	False	{"present":false}	1259	fa7d78b4fa97df8ef6022bd5519bff5748323612b2153b0d42f02ccd367a491e	fa7d78b4fa97df8ef6022bd5519bff5748323612b2153b0d42f02ccd367a491e
924	minecraft:copper_trapdoor	net.minecraft.world.item.BlockItem	block.minecraft.copper_trapdoor	64	64	0	0	1	False	True	False	True	True	["minecraft:vanilla"]	COMMON	NONE	False	False	{"present":false}	1026	ea7b4ec05ab2cc58b510fff43b8b100d57d0c80a7b5cbd900fd868f9881f0ea8	ea7b4ec05ab2cc58b510fff43b8b100d57d0c80a7b5cbd900fd868f9881f0ea8
925	minecraft:exposed_copper_trapdoor	net.minecraft.world.item.BlockItem	block.minecraft.exposed_copper_trapdoor	64	64	0	0	1	False	True	False	True	True	["minecraft:vanilla"]	COMMON	NONE	False	False	{"present":false}	900	e16862973f4f49148398178953d8c23934ff76f755d150339e34f4b4c0ea2ff5	e16862973f4f49148398178953d8c23934ff76f755d150339e34f4b4c0ea2ff5
926	minecraft:weathered_copper_trapdoor	net.minecraft.world.item.BlockItem	block.minecraft.weathered_copper_trapdoor	64	64	0	0	1	False	True	False	True	True	["minecraft:vanilla"]	COMMON	NONE	False	False	{"present":false}	806	67003ed6e8bdc271366f96e8b98e872885c73e136be4429c7a30741e0e66d30b	67003ed6e8bdc271366f96e8b98e872885c73e136be4429c7a30741e0e66d30b
927	minecraft:oxidized_copper_trapdoor	net.minecraft.world.item.BlockItem	block.minecraft.oxidized_copper_trapdoor	64	64	0	0	1	False	True	False	True	True	["minecraft:vanilla"]	COMMON	NONE	False	False	{"present":false}	130	de49034aed4c26c37d66936608319165f93aa99ba0f8549e5b049ff8500b5f09	de49034aed4c26c37d66936608319165f93aa99ba0f8549e5b049ff8500b5f09
928	minecraft:waxed_copper_trapdoor	net.minecraft.world.item.BlockItem	block.minecraft.waxed_copper_trapdoor	64	64	0	0	1	False	True	False	True	True	["minecraft:vanilla"]	COMMON	NONE	False	False	{"present":false}	1620	248d8d9419b487e295f8537fcab7c6ad7173d7617fbac7dc71277d14518425ba	248d8d9419b487e295f8537fcab7c6ad7173d7617fbac7dc71277d14518425ba
929	minecraft:waxed_exposed_copper_trapdoor	net.minecraft.world.item.BlockItem	block.minecraft.waxed_exposed_copper_trapdoor	64	64	0	0	1	False	True	False	True	True	["minecraft:vanilla"]	COMMON	NONE	False	False	{"present":false}	1114	45770a656365fb75a8be49d10d6b2cfc279e7d6cdefb8bdc65dce002106f33d2	45770a656365fb75a8be49d10d6b2cfc279e7d6cdefb8bdc65dce002106f33d2
930	minecraft:waxed_weathered_copper_trapdoor	net.minecraft.world.item.BlockItem	block.minecraft.waxed_weathered_copper_trapdoor	64	64	0	0	1	False	True	False	True	True	["minecraft:vanilla"]	COMMON	NONE	False	False	{"present":false}	965	064590721105d61de1f7b5e942c5415416c478e9cc67e74b89825cf7ceae9f39	064590721105d61de1f7b5e942c5415416c478e9cc67e74b89825cf7ceae9f39
931	minecraft:waxed_oxidized_copper_trapdoor	net.minecraft.world.item.BlockItem	block.minecraft.waxed_oxidized_copper_trapdoor	64	64	0	0	1	False	True	False	True	True	["minecraft:vanilla"]	COMMON	NONE	False	False	{"present":false}	831	3c31fc23a47497153a6ec88ebbf2b6139f863930d07a9c07a28b985b77081eaf	3c31fc23a47497153a6ec88ebbf2b6139f863930d07a9c07a28b985b77081eaf
932	minecraft:oak_fence_gate	net.minecraft.world.item.BlockItem	block.minecraft.oak_fence_gate	64	64	0	0	1	False	True	False	True	True	["minecraft:vanilla"]	COMMON	NONE	False	False	{"present":false}	191	2075e64effa52d6c27294264bab03a0ccef015743f740066e27ad172efbe68ae	2075e64effa52d6c27294264bab03a0ccef015743f740066e27ad172efbe68ae
933	minecraft:spruce_fence_gate	net.minecraft.world.item.BlockItem	block.minecraft.spruce_fence_gate	64	64	0	0	1	False	True	False	True	True	["minecraft:vanilla"]	COMMON	NONE	False	False	{"present":false}	1444	2be824a17a7a0e7c132e93aebbccaba67893a88ce68ca03dbac4e3981cfdbe9c	2be824a17a7a0e7c132e93aebbccaba67893a88ce68ca03dbac4e3981cfdbe9c
934	minecraft:birch_fence_gate	net.minecraft.world.item.BlockItem	block.minecraft.birch_fence_gate	64	64	0	0	1	False	True	False	True	True	["minecraft:vanilla"]	COMMON	NONE	False	False	{"present":false}	477	787254b58471e812ca2f2549f8dfb008ad91a54e173a71c251b8099f1a8a5051	787254b58471e812ca2f2549f8dfb008ad91a54e173a71c251b8099f1a8a5051
935	minecraft:jungle_fence_gate	net.minecraft.world.item.BlockItem	block.minecraft.jungle_fence_gate	64	64	0	0	1	False	True	False	True	True	["minecraft:vanilla"]	COMMON	NONE	False	False	{"present":false}	1392	1d19207fcb917ef48b46a90321f877e246f450efe0b5b6417a8b32ed06414520	1d19207fcb917ef48b46a90321f877e246f450efe0b5b6417a8b32ed06414520
936	minecraft:acacia_fence_gate	net.minecraft.world.item.BlockItem	block.minecraft.acacia_fence_gate	64	64	0	0	1	False	True	False	True	True	["minecraft:vanilla"]	COMMON	NONE	False	False	{"present":false}	187	f1c59d7d72fe4540a492bc8ba539fb89653f382ae6b9929e13fe41496997d024	f1c59d7d72fe4540a492bc8ba539fb89653f382ae6b9929e13fe41496997d024
937	minecraft:cherry_fence_gate	net.minecraft.world.item.BlockItem	block.minecraft.cherry_fence_gate	64	64	0	0	1	False	True	False	True	True	["minecraft:vanilla"]	COMMON	NONE	False	False	{"present":false}	1440	6f8c952991786f97679d1a624ab3b2d4ad7474708bcc0790d1e33d951f6bed26	6f8c952991786f97679d1a624ab3b2d4ad7474708bcc0790d1e33d951f6bed26
938	minecraft:dark_oak_fence_gate	net.minecraft.world.item.BlockItem	block.minecraft.dark_oak_fence_gate	64	64	0	0	1	False	True	False	True	True	["minecraft:vanilla"]	COMMON	NONE	False	False	{"present":false}	41	68199eabb675ba63fa4e770e685efd1e01631d553ce8e684dabc85441c1c491d	68199eabb675ba63fa4e770e685efd1e01631d553ce8e684dabc85441c1c491d
939	minecraft:pale_oak_fence_gate	net.minecraft.world.item.BlockItem	block.minecraft.pale_oak_fence_gate	64	64	0	0	1	False	True	False	True	True	["minecraft:vanilla"]	COMMON	NONE	False	False	{"present":false}	1466	b8988ec5ddcbec0263fd084ad934ebd000a644bcbc4b4ab47d4a46eac3bf2783	b8988ec5ddcbec0263fd084ad934ebd000a644bcbc4b4ab47d4a46eac3bf2783
940	minecraft:mangrove_fence_gate	net.minecraft.world.item.BlockItem	block.minecraft.mangrove_fence_gate	64	64	0	0	1	False	True	False	True	True	["minecraft:vanilla"]	COMMON	NONE	False	False	{"present":false}	510	b383e345b7ba6a57ec2181b2fc445a448ffc87744d2d00f5f3f04a68395271fb	b383e345b7ba6a57ec2181b2fc445a448ffc87744d2d00f5f3f04a68395271fb
941	minecraft:poplar_fence_gate	net.minecraft.world.item.BlockItem	block.minecraft.poplar_fence_gate	64	64	0	0	1	False	True	False	True	True	["minecraft:vanilla"]	COMMON	NONE	False	False	{"present":false}	377	311519e0f606dac20634ec6c073aa5e5a49356856e579a82a4ac981fa99a00fe	311519e0f606dac20634ec6c073aa5e5a49356856e579a82a4ac981fa99a00fe
942	minecraft:bamboo_fence_gate	net.minecraft.world.item.BlockItem	block.minecraft.bamboo_fence_gate	64	64	0	0	1	False	True	False	True	True	["minecraft:vanilla"]	COMMON	NONE	False	False	{"present":false}	1205	b99a5c2e5caa8705c024db368a0ebcc0c362d74343b29731bd881896b266ed1a	b99a5c2e5caa8705c024db368a0ebcc0c362d74343b29731bd881896b266ed1a
943	minecraft:crimson_fence_gate	net.minecraft.world.item.BlockItem	block.minecraft.crimson_fence_gate	64	64	0	0	1	False	True	False	True	True	["minecraft:vanilla"]	COMMON	NONE	False	False	{"present":false}	1475	368959b3935bc8e15773634baa6c9947ca9542e0249f164cd0c20c2fd1e91f60	368959b3935bc8e15773634baa6c9947ca9542e0249f164cd0c20c2fd1e91f60
944	minecraft:warped_fence_gate	net.minecraft.world.item.BlockItem	block.minecraft.warped_fence_gate	64	64	0	0	1	False	True	False	True	True	["minecraft:vanilla"]	COMMON	NONE	False	False	{"present":false}	320	fa849d1ed28b572d215b20aba180dc2abccde711c39d96ee5fdfa6cd57765fea	fa849d1ed28b572d215b20aba180dc2abccde711c39d96ee5fdfa6cd57765fea
945	minecraft:powered_rail	net.minecraft.world.item.BlockItem	block.minecraft.powered_rail	64	64	0	0	1	False	True	False	True	True	["minecraft:vanilla"]	COMMON	NONE	False	False	{"present":false}	1147	7d5e7a811c7da422b3298a5f62a35d90903e5fce20aa2d0cffed834c3171660c	7d5e7a811c7da422b3298a5f62a35d90903e5fce20aa2d0cffed834c3171660c
946	minecraft:detector_rail	net.minecraft.world.item.BlockItem	block.minecraft.detector_rail	64	64	0	0	1	False	True	False	True	True	["minecraft:vanilla"]	COMMON	NONE	False	False	{"present":false}	563	e5a9a1040843a83b46e295e70102297ada7d98965360ddcda221e650c625daf2	e5a9a1040843a83b46e295e70102297ada7d98965360ddcda221e650c625daf2
947	minecraft:rail	net.minecraft.world.item.BlockItem	block.minecraft.rail	64	64	0	0	1	False	True	False	True	True	["minecraft:vanilla"]	COMMON	NONE	False	False	{"present":false}	277	a0a21a27d06dd51695d31937015eb25d2f927ea789d446a9e1d702cf13b4f6ee	a0a21a27d06dd51695d31937015eb25d2f927ea789d446a9e1d702cf13b4f6ee
948	minecraft:activator_rail	net.minecraft.world.item.BlockItem	block.minecraft.activator_rail	64	64	0	0	1	False	True	False	True	True	["minecraft:vanilla"]	COMMON	NONE	False	False	{"present":false}	710	cd27d68699223ddb0c30a681208417071f883bad0fff51d4cbd61ee18e60ef73	cd27d68699223ddb0c30a681208417071f883bad0fff51d4cbd61ee18e60ef73
949	minecraft:saddle	net.minecraft.world.item.Item	item.minecraft.saddle	1	1	0	0	1	False	False	False	True	True	["minecraft:vanilla"]	COMMON	NONE	False	False	{"present":false}	644	9dc18a104fba9e79df666bbae21f51599eabf690b05ff401db14e705ce2aaf81	9dc18a104fba9e79df666bbae21f51599eabf690b05ff401db14e705ce2aaf81
950	minecraft:white_harness	net.minecraft.world.item.Item	item.minecraft.white_harness	1	1	0	0	1	False	False	False	True	True	["minecraft:vanilla"]	COMMON	NONE	False	False	{"present":false}	1210	48b85ab4e612c658ef1fdb93e0dc951c75d1068aac4c3be1f681ec4b909efc3a	48b85ab4e612c658ef1fdb93e0dc951c75d1068aac4c3be1f681ec4b909efc3a
951	minecraft:orange_harness	net.minecraft.world.item.Item	item.minecraft.orange_harness	1	1	0	0	1	False	False	False	True	True	["minecraft:vanilla"]	COMMON	NONE	False	False	{"present":false}	311	eabe1c501fa4f65dffdb787f8b5a0f2d4d4b489f2e352b1a3abdf30464604c6f	eabe1c501fa4f65dffdb787f8b5a0f2d4d4b489f2e352b1a3abdf30464604c6f
952	minecraft:magenta_harness	net.minecraft.world.item.Item	item.minecraft.magenta_harness	1	1	0	0	1	False	False	False	True	True	["minecraft:vanilla"]	COMMON	NONE	False	False	{"present":false}	1052	75104f3ee75467997ad6677abc6be068e009bbae1ca406968a75025998eaf5ec	75104f3ee75467997ad6677abc6be068e009bbae1ca406968a75025998eaf5ec
953	minecraft:light_blue_harness	net.minecraft.world.item.Item	item.minecraft.light_blue_harness	1	1	0	0	1	False	False	False	True	True	["minecraft:vanilla"]	COMMON	NONE	False	False	{"present":false}	303	547b74b81b5367585ba63adc4474a9b376dc837a117122d9f8a5386e285bad83	547b74b81b5367585ba63adc4474a9b376dc837a117122d9f8a5386e285bad83
954	minecraft:yellow_harness	net.minecraft.world.item.Item	item.minecraft.yellow_harness	1	1	0	0	1	False	False	False	True	True	["minecraft:vanilla"]	COMMON	NONE	False	False	{"present":false}	331	7ce1678a68679ee47766d12da21954f07de6b6b19fd7bd3fcd4254d38ac1e3a2	7ce1678a68679ee47766d12da21954f07de6b6b19fd7bd3fcd4254d38ac1e3a2
955	minecraft:lime_harness	net.minecraft.world.item.Item	item.minecraft.lime_harness	1	1	0	0	1	False	False	False	True	True	["minecraft:vanilla"]	COMMON	NONE	False	False	{"present":false}	214	8962d41aa51f81cbd2882639777544f8b71d9b8a0656b42f18f1b05bdc2ef1f0	8962d41aa51f81cbd2882639777544f8b71d9b8a0656b42f18f1b05bdc2ef1f0
956	minecraft:pink_harness	net.minecraft.world.item.Item	item.minecraft.pink_harness	1	1	0	0	1	False	False	False	True	True	["minecraft:vanilla"]	COMMON	NONE	False	False	{"present":false}	1218	ac2e31f830822892a39bd2b531721d8a0e84642cc42ecefd0c85fbeb801ff211	ac2e31f830822892a39bd2b531721d8a0e84642cc42ecefd0c85fbeb801ff211
957	minecraft:gray_harness	net.minecraft.world.item.Item	item.minecraft.gray_harness	1	1	0	0	1	False	False	False	True	True	["minecraft:vanilla"]	COMMON	NONE	False	False	{"present":false}	295	021ebc4403481b91b36e912db228d331afa84c94abde0f2494fd9f329403087e	021ebc4403481b91b36e912db228d331afa84c94abde0f2494fd9f329403087e
958	minecraft:light_gray_harness	net.minecraft.world.item.Item	item.minecraft.light_gray_harness	1	1	0	0	1	False	False	False	True	True	["minecraft:vanilla"]	COMMON	NONE	False	False	{"present":false}	1036	c26502ac848f6e50853e7c3533711434ab223d6cb064090bc83630c5fb17d633	c26502ac848f6e50853e7c3533711434ab223d6cb064090bc83630c5fb17d633
959	minecraft:cyan_harness	net.minecraft.world.item.Item	item.minecraft.cyan_harness	1	1	0	0	1	False	False	False	True	True	["minecraft:vanilla"]	COMMON	NONE	False	False	{"present":false}	1003	01a054430f6799f3b8355adb92ed796bea3de137f08b82f5e72ee09b262ea899	01a054430f6799f3b8355adb92ed796bea3de137f08b82f5e72ee09b262ea899
960	minecraft:purple_harness	net.minecraft.world.item.Item	item.minecraft.purple_harness	1	1	0	0	1	False	False	False	True	True	["minecraft:vanilla"]	COMMON	NONE	False	False	{"present":false}	728	9bb6b5efb001f79f715003192964f78093b87126f5902f79b8af2fe36e17327a	9bb6b5efb001f79f715003192964f78093b87126f5902f79b8af2fe36e17327a
961	minecraft:blue_harness	net.minecraft.world.item.Item	item.minecraft.blue_harness	1	1	0	0	1	False	False	False	True	True	["minecraft:vanilla"]	COMMON	NONE	False	False	{"present":false}	169	0510a6f8fa6ecb7d567d6259edd514ea78a8477f86ea0b5efd51cd773bd5a8a0	0510a6f8fa6ecb7d567d6259edd514ea78a8477f86ea0b5efd51cd773bd5a8a0
962	minecraft:brown_harness	net.minecraft.world.item.Item	item.minecraft.brown_harness	1	1	0	0	1	False	False	False	True	True	["minecraft:vanilla"]	COMMON	NONE	False	False	{"present":false}	1491	ff6a15a96baea719308df11ade42146ec90396be22542f05f2c011f4445302bc	ff6a15a96baea719308df11ade42146ec90396be22542f05f2c011f4445302bc
963	minecraft:green_harness	net.minecraft.world.item.Item	item.minecraft.green_harness	1	1	0	0	1	False	False	False	True	True	["minecraft:vanilla"]	COMMON	NONE	False	False	{"present":false}	817	731fad4b2c9dc94860f74f2431eb6567fc34f5464e25c221455e2690f34c3c2e	731fad4b2c9dc94860f74f2431eb6567fc34f5464e25c221455e2690f34c3c2e
964	minecraft:red_harness	net.minecraft.world.item.Item	item.minecraft.red_harness	1	1	0	0	1	False	False	False	True	True	["minecraft:vanilla"]	COMMON	NONE	False	False	{"present":false}	178	852aa0d93020bcb8af6e01666eeedb1b10672e5f7adf5c61f30af134be19d387	852aa0d93020bcb8af6e01666eeedb1b10672e5f7adf5c61f30af134be19d387
965	minecraft:black_harness	net.minecraft.world.item.Item	item.minecraft.black_harness	1	1	0	0	1	False	False	False	True	True	["minecraft:vanilla"]	COMMON	NONE	False	False	{"present":false}	925	db6a31ed6cf5edbee1b1b5efa113b83e96f7a88b7b7d87f36f37e1a3393dbf41	db6a31ed6cf5edbee1b1b5efa113b83e96f7a88b7b7d87f36f37e1a3393dbf41
966	minecraft:minecart	net.minecraft.world.item.MinecartItem	item.minecraft.minecart	1	1	0	0	1	False	False	False	True	True	["minecraft:vanilla"]	COMMON	NONE	False	False	{"present":false}	1360	dcf8f062b0e1ee7a19cc125aeb43fb8a7f89de969473ab38343652e016ae7d90	dcf8f062b0e1ee7a19cc125aeb43fb8a7f89de969473ab38343652e016ae7d90
967	minecraft:chest_minecart	net.minecraft.world.item.MinecartItem	item.minecraft.chest_minecart	1	1	0	0	1	False	False	False	True	True	["minecraft:vanilla"]	COMMON	NONE	False	False	{"present":false}	478	475b65bfc631ab8ba6390290a0fb1cc48192c249968968ff2ba5629a0d9678f7	475b65bfc631ab8ba6390290a0fb1cc48192c249968968ff2ba5629a0d9678f7
968	minecraft:furnace_minecart	net.minecraft.world.item.MinecartItem	item.minecraft.furnace_minecart	1	1	0	0	1	False	False	False	True	True	["minecraft:vanilla"]	COMMON	NONE	False	False	{"present":false}	706	8cc93239c70543c915ab6aa83337880d588a1ac6019a58bb3455e6a6054a1865	8cc93239c70543c915ab6aa83337880d588a1ac6019a58bb3455e6a6054a1865
969	minecraft:tnt_minecart	net.minecraft.world.item.MinecartItem	item.minecraft.tnt_minecart	1	1	0	0	1	False	False	False	True	True	["minecraft:vanilla"]	COMMON	NONE	False	False	{"present":false}	1437	0f0d81ac01ca669a58a2aa89bc4165a213b4b8e08c44d2bd8ef95610360202bf	0f0d81ac01ca669a58a2aa89bc4165a213b4b8e08c44d2bd8ef95610360202bf
970	minecraft:hopper_minecart	net.minecraft.world.item.MinecartItem	item.minecraft.hopper_minecart	1	1	0	0	1	False	False	False	True	True	["minecraft:vanilla"]	COMMON	NONE	False	False	{"present":false}	1162	c84cbdcf7085857b7000db9ae1a126153486473027b794e5fbc68990fd56a934	c84cbdcf7085857b7000db9ae1a126153486473027b794e5fbc68990fd56a934
971	minecraft:carrot_on_a_stick	net.minecraft.world.item.FoodOnAStickItem	item.minecraft.carrot_on_a_stick	1	1	25	0	1	False	False	True	True	True	["minecraft:vanilla"]	COMMON	NONE	False	False	{"present":false}	174	6ce47fe3ed9d2f847a9a55eec8e6fe994c58fac96032c75c6287664d6ac660b7	6ce47fe3ed9d2f847a9a55eec8e6fe994c58fac96032c75c6287664d6ac660b7
972	minecraft:warped_fungus_on_a_stick	net.minecraft.world.item.FoodOnAStickItem	item.minecraft.warped_fungus_on_a_stick	1	1	100	0	1	False	False	True	True	True	["minecraft:vanilla"]	COMMON	NONE	False	False	{"present":false}	158	d363be567a0ee868396cde151093004e1a0218df75d4d33a6b9a88ffffeba2bb	d363be567a0ee868396cde151093004e1a0218df75d4d33a6b9a88ffffeba2bb
973	minecraft:phantom_membrane	net.minecraft.world.item.Item	item.minecraft.phantom_membrane	64	64	0	0	1	False	True	False	True	True	["minecraft:vanilla"]	COMMON	NONE	False	False	{"present":false}	775	4b9a0b06193e3f5be8ab906f4f738750af64e4a6dfb41017d3de9e98787af257	4b9a0b06193e3f5be8ab906f4f738750af64e4a6dfb41017d3de9e98787af257
974	minecraft:elytra	net.minecraft.world.item.Item	item.minecraft.elytra	1	1	432	0	1	False	False	True	True	True	["minecraft:vanilla"]	EPIC	NONE	False	False	{"present":false}	1427	5b6bafb05fdb3837c0d627d93fe45753247e09199362e0712264c6ceada0ca1a	5b6bafb05fdb3837c0d627d93fe45753247e09199362e0712264c6ceada0ca1a
975	minecraft:oak_boat	net.minecraft.world.item.BoatItem	item.minecraft.oak_boat	1	1	0	0	1	False	False	False	True	True	["minecraft:vanilla"]	COMMON	NONE	False	False	{"present":false}	784	311d2fd1326d77676ad4f9e6b29f80d09024f978e6928539935006a8d0e7fc5d	311d2fd1326d77676ad4f9e6b29f80d09024f978e6928539935006a8d0e7fc5d
976	minecraft:oak_chest_boat	net.minecraft.world.item.BoatItem	item.minecraft.oak_chest_boat	1	1	0	0	1	False	False	False	True	True	["minecraft:vanilla"]	COMMON	NONE	False	False	{"present":false}	65	ca7aa7d8f0e78c162b00adcff0f91f8a3186ab205e0bc4284a39d686a2322d39	ca7aa7d8f0e78c162b00adcff0f91f8a3186ab205e0bc4284a39d686a2322d39
977	minecraft:spruce_boat	net.minecraft.world.item.BoatItem	item.minecraft.spruce_boat	1	1	0	0	1	False	False	False	True	True	["minecraft:vanilla"]	COMMON	NONE	False	False	{"present":false}	1173	11c3b7b3225a7ba0c8308587370aa8b8c1224f170bb83abe79808eba2ee1bb0a	11c3b7b3225a7ba0c8308587370aa8b8c1224f170bb83abe79808eba2ee1bb0a
978	minecraft:spruce_chest_boat	net.minecraft.world.item.BoatItem	item.minecraft.spruce_chest_boat	1	1	0	0	1	False	False	False	True	True	["minecraft:vanilla"]	COMMON	NONE	False	False	{"present":false}	437	5ff8b43bce2c47ba6da8723dd0c955cef42d754ac7bd642aa8878bc3855f0ac3	5ff8b43bce2c47ba6da8723dd0c955cef42d754ac7bd642aa8878bc3855f0ac3
979	minecraft:birch_boat	net.minecraft.world.item.BoatItem	item.minecraft.birch_boat	1	1	0	0	1	False	False	False	True	True	["minecraft:vanilla"]	COMMON	NONE	False	False	{"present":false}	870	038c31c74749108dda2143be7b7a1be9c298fc486979e5f328a2514b3f123764	038c31c74749108dda2143be7b7a1be9c298fc486979e5f328a2514b3f123764
980	minecraft:birch_chest_boat	net.minecraft.world.item.BoatItem	item.minecraft.birch_chest_boat	1	1	0	0	1	False	False	False	True	True	["minecraft:vanilla"]	COMMON	NONE	False	False	{"present":false}	659	a5f61d2ce4c29c5331226befc052e1a38e56a8c6f9bb8d8b6487225377a5513e	a5f61d2ce4c29c5331226befc052e1a38e56a8c6f9bb8d8b6487225377a5513e
981	minecraft:jungle_boat	net.minecraft.world.item.BoatItem	item.minecraft.jungle_boat	1	1	0	0	1	False	False	False	True	True	["minecraft:vanilla"]	COMMON	NONE	False	False	{"present":false}	1683	837b41ac31895569573b1a93878df19fdd209d53250fa9af76a79ca24a7deef3	837b41ac31895569573b1a93878df19fdd209d53250fa9af76a79ca24a7deef3
982	minecraft:jungle_chest_boat	net.minecraft.world.item.BoatItem	item.minecraft.jungle_chest_boat	1	1	0	0	1	False	False	False	True	True	["minecraft:vanilla"]	COMMON	NONE	False	False	{"present":false}	580	92379f820fabdda566f7ff6d4844ad8ce92ca8cd4827c6839cbe1d1e7724e331	92379f820fabdda566f7ff6d4844ad8ce92ca8cd4827c6839cbe1d1e7724e331
983	minecraft:acacia_boat	net.minecraft.world.item.BoatItem	item.minecraft.acacia_boat	1	1	0	0	1	False	False	False	True	True	["minecraft:vanilla"]	COMMON	NONE	False	False	{"present":false}	386	1ea28dff3d069f8f6b1a3aab9a1a4c30d8bb4b24cec40317b3aa6bf7174b3708	1ea28dff3d069f8f6b1a3aab9a1a4c30d8bb4b24cec40317b3aa6bf7174b3708
984	minecraft:acacia_chest_boat	net.minecraft.world.item.BoatItem	item.minecraft.acacia_chest_boat	1	1	0	0	1	False	False	False	True	True	["minecraft:vanilla"]	COMMON	NONE	False	False	{"present":false}	6	d43fe708856f3200ee05ea0a5a44222677a18212051e6047ea003b0ceded2638	d43fe708856f3200ee05ea0a5a44222677a18212051e6047ea003b0ceded2638
985	minecraft:cherry_boat	net.minecraft.world.item.BoatItem	item.minecraft.cherry_boat	1	1	0	0	1	False	False	False	True	True	["minecraft:vanilla"]	COMMON	NONE	False	False	{"present":false}	1631	5e5d35d6e5063126a4080341bbd2c1344561e7c60475a35b496d1a9015e7729a	5e5d35d6e5063126a4080341bbd2c1344561e7c60475a35b496d1a9015e7729a
986	minecraft:cherry_chest_boat	net.minecraft.world.item.BoatItem	item.minecraft.cherry_chest_boat	1	1	0	0	1	False	False	False	True	True	["minecraft:vanilla"]	COMMON	NONE	False	False	{"present":false}	1093	aee7cdbcbe3985a9b2f33bef31a3b28ca25c762f3bbce08d7bb837b0bb541e3c	aee7cdbcbe3985a9b2f33bef31a3b28ca25c762f3bbce08d7bb837b0bb541e3c
987	minecraft:dark_oak_boat	net.minecraft.world.item.BoatItem	item.minecraft.dark_oak_boat	1	1	0	0	1	False	False	False	True	True	["minecraft:vanilla"]	COMMON	NONE	False	False	{"present":false}	531	4cf203f45cfa15959e7c3dec48951f8463a29ada292112640aaa7dad7463492b	4cf203f45cfa15959e7c3dec48951f8463a29ada292112640aaa7dad7463492b
988	minecraft:dark_oak_chest_boat	net.minecraft.world.item.BoatItem	item.minecraft.dark_oak_chest_boat	1	1	0	0	1	False	False	False	True	True	["minecraft:vanilla"]	COMMON	NONE	False	False	{"present":false}	393	5e13f80dccc2f0feac2f36d48838e89f1e7ed4bf725843b3435eb4e4be25e6be	5e13f80dccc2f0feac2f36d48838e89f1e7ed4bf725843b3435eb4e4be25e6be
989	minecraft:pale_oak_boat	net.minecraft.world.item.BoatItem	item.minecraft.pale_oak_boat	1	1	0	0	1	False	False	False	True	True	["minecraft:vanilla"]	COMMON	NONE	False	False	{"present":false}	1312	8770127bd3d97d6a0a19f3d17ae48038bcfa2145dc53841ec593620396b759f1	8770127bd3d97d6a0a19f3d17ae48038bcfa2145dc53841ec593620396b759f1
990	minecraft:pale_oak_chest_boat	net.minecraft.world.item.BoatItem	item.minecraft.pale_oak_chest_boat	1	1	0	0	1	False	False	False	True	True	["minecraft:vanilla"]	COMMON	NONE	False	False	{"present":false}	796	db6aa0aaaeca00ec7a91d9cda6882712bef1f21bdd8719a69fd8ecf37ba63dff	db6aa0aaaeca00ec7a91d9cda6882712bef1f21bdd8719a69fd8ecf37ba63dff
991	minecraft:mangrove_boat	net.minecraft.world.item.BoatItem	item.minecraft.mangrove_boat	1	1	0	0	1	False	False	False	True	True	["minecraft:vanilla"]	COMMON	NONE	False	False	{"present":false}	201	045360de779aaf37ed9c57dfb7f14a295178f150233a88d95e8b50d91560476d	045360de779aaf37ed9c57dfb7f14a295178f150233a88d95e8b50d91560476d
992	minecraft:mangrove_chest_boat	net.minecraft.world.item.BoatItem	item.minecraft.mangrove_chest_boat	1	1	0	0	1	False	False	False	True	True	["minecraft:vanilla"]	COMMON	NONE	False	False	{"present":false}	7	fe99e3d5ef61306d7f3d0bdb25df6ceef64cbaef9e065f6a3ce0c9361324b561	fe99e3d5ef61306d7f3d0bdb25df6ceef64cbaef9e065f6a3ce0c9361324b561
993	minecraft:poplar_boat	net.minecraft.world.item.BoatItem	item.minecraft.poplar_boat	1	1	0	0	1	False	False	False	True	True	["minecraft:vanilla"]	COMMON	NONE	False	False	{"present":false}	1628	2dd698da07681768b78550f0273e8fe13ac5a20dce1d40095df2b3a82a2d8921	2dd698da07681768b78550f0273e8fe13ac5a20dce1d40095df2b3a82a2d8921
994	minecraft:poplar_chest_boat	net.minecraft.world.item.BoatItem	item.minecraft.poplar_chest_boat	1	1	0	0	1	False	False	False	True	True	["minecraft:vanilla"]	COMMON	NONE	False	False	{"present":false}	1436	d407a9e2af135edea9cb072ef0374fe001bdc0222944fcf59411d3c2035b48fc	d407a9e2af135edea9cb072ef0374fe001bdc0222944fcf59411d3c2035b48fc
995	minecraft:bamboo_raft	net.minecraft.world.item.BoatItem	item.minecraft.bamboo_raft	1	1	0	0	1	False	False	False	True	True	["minecraft:vanilla"]	COMMON	NONE	False	False	{"present":false}	1298	d5d3b47836bdd5613f7fb51dc6c3aa1afe86116f66de5209e2ea6b698e7e8b24	d5d3b47836bdd5613f7fb51dc6c3aa1afe86116f66de5209e2ea6b698e7e8b24
996	minecraft:bamboo_chest_raft	net.minecraft.world.item.BoatItem	item.minecraft.bamboo_chest_raft	1	1	0	0	1	False	False	False	True	True	["minecraft:vanilla"]	COMMON	NONE	False	False	{"present":false}	687	f91c9f7f33f56e282cf6b592187cdc25723fb923f9d56297ee86e3ee5679f002	f91c9f7f33f56e282cf6b592187cdc25723fb923f9d56297ee86e3ee5679f002
997	minecraft:structure_block	net.minecraft.world.item.GameMasterBlockItem	block.minecraft.structure_block	64	64	0	0	1	False	True	False	True	True	["minecraft:vanilla"]	EPIC	NONE	False	False	{"present":false}	344	f16221de04a8d82b7aa765d5d0c7c2503afa89122f43baef86010076a4a95bb3	f16221de04a8d82b7aa765d5d0c7c2503afa89122f43baef86010076a4a95bb3
998	minecraft:jigsaw	net.minecraft.world.item.GameMasterBlockItem	block.minecraft.jigsaw	64	64	0	0	1	False	True	False	True	True	["minecraft:vanilla"]	EPIC	NONE	False	False	{"present":false}	144	b95aef00643abcb07428727a3aa165dcd94613c4736718650ffb9317695c1b82	b95aef00643abcb07428727a3aa165dcd94613c4736718650ffb9317695c1b82
999	minecraft:test_block	net.minecraft.world.item.GameMasterBlockItem	block.minecraft.test_block	64	64	0	0	1	False	True	False	True	True	["minecraft:vanilla"]	EPIC	NONE	False	False	{"present":false}	435	ca476a3d55d8633dd76d206f12ae9f1e0c9b81f5905f0eb85325ed22669282d0	ca476a3d55d8633dd76d206f12ae9f1e0c9b81f5905f0eb85325ed22669282d0
1000	minecraft:test_instance_block	net.minecraft.world.item.GameMasterBlockItem	block.minecraft.test_instance_block	64	64	0	0	1	False	True	False	True	True	["minecraft:vanilla"]	EPIC	NONE	False	False	{"present":false}	1024	d7a22d6ff9ab81b29ace3c3f1bc5603bdd7e1e411f2d3e3089fdf545c31d51bc	d7a22d6ff9ab81b29ace3c3f1bc5603bdd7e1e411f2d3e3089fdf545c31d51bc
1001	minecraft:turtle_helmet	net.minecraft.world.item.Item	item.minecraft.turtle_helmet	1	1	275	0	1	False	False	True	True	True	["minecraft:vanilla"]	COMMON	NONE	False	True	{"present":false}	516	ff6d0dfdebe8c7b058223ef38707cd9a5a018f7b35424431c0b117b1eba7354e	ff6d0dfdebe8c7b058223ef38707cd9a5a018f7b35424431c0b117b1eba7354e
1002	minecraft:turtle_scute	net.minecraft.world.item.Item	item.minecraft.turtle_scute	64	64	0	0	1	False	True	False	True	True	["minecraft:vanilla"]	COMMON	NONE	False	False	{"present":false}	744	c09c5f84137bdf91cabc7c6d240810823b2a030d9e0398b9238afb5df375ffb1	c09c5f84137bdf91cabc7c6d240810823b2a030d9e0398b9238afb5df375ffb1
1003	minecraft:armadillo_scute	net.minecraft.world.item.Item	item.minecraft.armadillo_scute	64	64	0	0	1	False	True	False	True	True	["minecraft:vanilla"]	COMMON	NONE	False	False	{"present":false}	224	379ef9b9634f92c1c9c7faeceeebef40085ce3d3db0d9d86b08cfeca63269d93	379ef9b9634f92c1c9c7faeceeebef40085ce3d3db0d9d86b08cfeca63269d93
1004	minecraft:wolf_armor	net.minecraft.world.item.Item	item.minecraft.wolf_armor	1	1	64	0	1	False	False	True	True	True	["minecraft:vanilla"]	COMMON	NONE	False	False	{"present":false}	890	f2bc44ca4d290b1fadf83be351a98531452036e74510224282dc6f6bd6065b05	f2bc44ca4d290b1fadf83be351a98531452036e74510224282dc6f6bd6065b05
1005	minecraft:flint_and_steel	net.minecraft.world.item.FlintAndSteelItem	item.minecraft.flint_and_steel	1	1	64	0	1	False	False	True	True	True	["minecraft:vanilla"]	COMMON	NONE	False	False	{"present":false}	1057	e3e06c32a988338adb7bc58dacce165e8938007c66188e968b392db857344a3a	e3e06c32a988338adb7bc58dacce165e8938007c66188e968b392db857344a3a
1006	minecraft:bowl	net.minecraft.world.item.Item	item.minecraft.bowl	64	64	0	0	1	False	True	False	True	True	["minecraft:vanilla"]	COMMON	NONE	False	False	{"present":false}	1544	755ca4cacbe325240c5c28696ae626fe7ceb75db0c18730c30692fedef7416d0	755ca4cacbe325240c5c28696ae626fe7ceb75db0c18730c30692fedef7416d0
1007	minecraft:apple	net.minecraft.world.item.Item	item.minecraft.apple	64	64	0	0	1	False	True	False	True	True	["minecraft:vanilla"]	COMMON	EAT	False	False	{"present":false}	690	b216b335d1666a5ba8fceadc4212b72f518506efcac32dcebfbcc9094e1fa8bb	b216b335d1666a5ba8fceadc4212b72f518506efcac32dcebfbcc9094e1fa8bb
1008	minecraft:bow	net.minecraft.world.item.BowItem	item.minecraft.bow	1	1	384	0	1	False	False	True	True	True	["minecraft:vanilla"]	COMMON	BOW	False	True	{"present":false}	663	311272a7e6e5aaa40bb4039a83fb678b783d6007caac72d152351dff75780216	311272a7e6e5aaa40bb4039a83fb678b783d6007caac72d152351dff75780216
1009	minecraft:arrow	net.minecraft.world.item.ArrowItem	item.minecraft.arrow	64	64	0	0	1	False	True	False	True	True	["minecraft:vanilla"]	COMMON	NONE	False	False	{"present":false}	1122	3193f559d0280b180aa78d08b35b6d32b302ab12209b0e7ba354b8ecdb8dee9d	3193f559d0280b180aa78d08b35b6d32b302ab12209b0e7ba354b8ecdb8dee9d
1010	minecraft:coal	net.minecraft.world.item.Item	item.minecraft.coal	64	64	0	0	1	False	True	False	True	True	["minecraft:vanilla"]	COMMON	NONE	False	False	{"present":false}	983	7f1a3339bd6541bc4cbc75ba1d2f9be2555d7589e820744e443f989e1e7d5486	7f1a3339bd6541bc4cbc75ba1d2f9be2555d7589e820744e443f989e1e7d5486
1011	minecraft:charcoal	net.minecraft.world.item.Item	item.minecraft.charcoal	64	64	0	0	1	False	True	False	True	True	["minecraft:vanilla"]	COMMON	NONE	False	False	{"present":false}	619	517dbd5b77c5dbe4cfa15362a576f440c5cdb759524645c063a247004a49c9ad	517dbd5b77c5dbe4cfa15362a576f440c5cdb759524645c063a247004a49c9ad
1012	minecraft:diamond	net.minecraft.world.item.Item	item.minecraft.diamond	64	64	0	0	1	False	True	False	True	True	["minecraft:vanilla"]	COMMON	NONE	False	False	{"present":false}	865	84f7c91c8d54370af1ffa7b2525b92aeb74ff7408664167e2a90435bb108944f	84f7c91c8d54370af1ffa7b2525b92aeb74ff7408664167e2a90435bb108944f
1013	minecraft:emerald	net.minecraft.world.item.Item	item.minecraft.emerald	64	64	0	0	1	False	True	False	True	True	["minecraft:vanilla"]	COMMON	NONE	False	False	{"present":false}	45	777c97bb4e44e4ec3ba70ad42691597ad9cb9c345794aeeb6faac4543cad6c25	777c97bb4e44e4ec3ba70ad42691597ad9cb9c345794aeeb6faac4543cad6c25
1014	minecraft:lapis_lazuli	net.minecraft.world.item.Item	item.minecraft.lapis_lazuli	64	64	0	0	1	False	True	False	True	True	["minecraft:vanilla"]	COMMON	NONE	False	False	{"present":false}	593	b2c088a185393195b2b0e7899cb3cc858ab5ccb037f39154d4745078c2a96079	b2c088a185393195b2b0e7899cb3cc858ab5ccb037f39154d4745078c2a96079
1015	minecraft:quartz	net.minecraft.world.item.Item	item.minecraft.quartz	64	64	0	0	1	False	True	False	True	True	["minecraft:vanilla"]	COMMON	NONE	False	False	{"present":false}	502	c04b78a31e63e616b245b10b68dea24ac047577610959ff9226aad19671d2eff	c04b78a31e63e616b245b10b68dea24ac047577610959ff9226aad19671d2eff
1016	minecraft:amethyst_shard	net.minecraft.world.item.Item	item.minecraft.amethyst_shard	64	64	0	0	1	False	True	False	True	True	["minecraft:vanilla"]	COMMON	NONE	False	False	{"present":false}	954	84c3bcc9d4c93c84bd432d95e3ed3e5de4bba77e3668029ca7ae901573476a45	84c3bcc9d4c93c84bd432d95e3ed3e5de4bba77e3668029ca7ae901573476a45
1017	minecraft:raw_iron	net.minecraft.world.item.Item	item.minecraft.raw_iron	64	64	0	0	1	False	True	False	True	True	["minecraft:vanilla"]	COMMON	NONE	False	False	{"present":false}	1220	4cdf4bbb2fcd110fb982639b2f0d76e74c02eac94bc1973a58e97c3fbc474391	4cdf4bbb2fcd110fb982639b2f0d76e74c02eac94bc1973a58e97c3fbc474391
1018	minecraft:iron_ingot	net.minecraft.world.item.Item	item.minecraft.iron_ingot	64	64	0	0	1	False	True	False	True	True	["minecraft:vanilla"]	COMMON	NONE	False	False	{"present":false}	1179	fd0a030dc55e5374d1acd80d2c5ce88af80bb1f7944e3b5f2b353b30db69b4e0	fd0a030dc55e5374d1acd80d2c5ce88af80bb1f7944e3b5f2b353b30db69b4e0
1019	minecraft:raw_copper	net.minecraft.world.item.Item	item.minecraft.raw_copper	64	64	0	0	1	False	True	False	True	True	["minecraft:vanilla"]	COMMON	NONE	False	False	{"present":false}	1112	75e9f6f61976409f98fc0d68d0fccd4d519a79935e04a256a63695eb536a446b	75e9f6f61976409f98fc0d68d0fccd4d519a79935e04a256a63695eb536a446b
1020	minecraft:copper_ingot	net.minecraft.world.item.Item	item.minecraft.copper_ingot	64	64	0	0	1	False	True	False	True	True	["minecraft:vanilla"]	COMMON	NONE	False	False	{"present":false}	1087	020fe1ea83877dca5cccfdd425a3e046fd28f4051e70f37f3cb260ce74d3dbd1	020fe1ea83877dca5cccfdd425a3e046fd28f4051e70f37f3cb260ce74d3dbd1
1021	minecraft:raw_gold	net.minecraft.world.item.Item	item.minecraft.raw_gold	64	64	0	0	1	False	True	False	True	True	["minecraft:vanilla"]	COMMON	NONE	False	False	{"present":false}	740	f94184ee53dabf5f5568365f6d35a9571810e9f0157ba718a267ac85fbe099fc	f94184ee53dabf5f5568365f6d35a9571810e9f0157ba718a267ac85fbe099fc
1022	minecraft:gold_ingot	net.minecraft.world.item.Item	item.minecraft.gold_ingot	64	64	0	0	1	False	True	False	True	True	["minecraft:vanilla"]	COMMON	NONE	False	False	{"present":false}	468	77c9ce19d17290cb199cec2370937cba862595ca78c6695a234532268e337749	77c9ce19d17290cb199cec2370937cba862595ca78c6695a234532268e337749
1023	minecraft:netherite_ingot	net.minecraft.world.item.Item	item.minecraft.netherite_ingot	64	64	0	0	1	False	True	False	True	True	["minecraft:vanilla"]	COMMON	NONE	False	False	{"present":false}	173	455ad13acac86e0adca9463e83d122bebf109b4e2b79437c764239301711778c	455ad13acac86e0adca9463e83d122bebf109b4e2b79437c764239301711778c
1024	minecraft:netherite_scrap	net.minecraft.world.item.Item	item.minecraft.netherite_scrap	64	64	0	0	1	False	True	False	True	True	["minecraft:vanilla"]	COMMON	NONE	False	False	{"present":false}	1213	c1f9c342b752228081ac5fb9ee671feda300f637813cb297c7c2687668db5c29	c1f9c342b752228081ac5fb9ee671feda300f637813cb297c7c2687668db5c29
1025	minecraft:wooden_sword	net.minecraft.world.item.Item	item.minecraft.wooden_sword	1	1	59	0	1	False	False	True	True	True	["minecraft:vanilla"]	COMMON	NONE	False	True	{"present":false}	598	01ae9b65bf8031cab782b6d7dbcababe7d6188f159767706163de09ac7466757	01ae9b65bf8031cab782b6d7dbcababe7d6188f159767706163de09ac7466757
1026	minecraft:wooden_shovel	net.minecraft.world.item.Item	item.minecraft.wooden_shovel	1	1	59	0	1	False	False	True	True	True	["minecraft:vanilla"]	COMMON	NONE	False	True	{"present":false}	579	170eddf333c8b6832f02de94a69c9c439476dde95c7029bc8aaf700c288bde2e	170eddf333c8b6832f02de94a69c9c439476dde95c7029bc8aaf700c288bde2e
1027	minecraft:wooden_pickaxe	net.minecraft.world.item.Item	item.minecraft.wooden_pickaxe	1	1	59	0	1	False	False	True	True	True	["minecraft:vanilla"]	COMMON	NONE	False	True	{"present":false}	800	42f2a91046e84593173d157054b14298674cbafa32374b9c85bdca4402290628	42f2a91046e84593173d157054b14298674cbafa32374b9c85bdca4402290628
1028	minecraft:wooden_axe	net.minecraft.world.item.Item	item.minecraft.wooden_axe	1	1	59	0	1	False	False	True	True	True	["minecraft:vanilla"]	COMMON	NONE	False	True	{"present":false}	1511	3263277c857b1dd57e7435f819850bb12d3bdd07a63161c3bbd4b40d0453b035	3263277c857b1dd57e7435f819850bb12d3bdd07a63161c3bbd4b40d0453b035
1029	minecraft:wooden_hoe	net.minecraft.world.item.Item	item.minecraft.wooden_hoe	1	1	59	0	1	False	False	True	True	True	["minecraft:vanilla"]	COMMON	NONE	False	True	{"present":false}	1340	cb3a08c677b9cf636c68a38405a19aae9e8439e6d243cdc796eca50d201c63cc	cb3a08c677b9cf636c68a38405a19aae9e8439e6d243cdc796eca50d201c63cc
1030	minecraft:copper_sword	net.minecraft.world.item.Item	item.minecraft.copper_sword	1	1	190	0	1	False	False	True	True	True	["minecraft:vanilla"]	COMMON	NONE	False	True	{"present":false}	240	5881472c6a972350e907239db31f2356590bfbf165fd5c27a07f2acf0b2ee160	5881472c6a972350e907239db31f2356590bfbf165fd5c27a07f2acf0b2ee160
1031	minecraft:copper_shovel	net.minecraft.world.item.Item	item.minecraft.copper_shovel	1	1	190	0	1	False	False	True	True	True	["minecraft:vanilla"]	COMMON	NONE	False	True	{"present":false}	822	2703f79d34c737a63daff192b2a05dddc196dacfb78eb624747539c55a23a413	2703f79d34c737a63daff192b2a05dddc196dacfb78eb624747539c55a23a413
1032	minecraft:copper_pickaxe	net.minecraft.world.item.Item	item.minecraft.copper_pickaxe	1	1	190	0	1	False	False	True	True	True	["minecraft:vanilla"]	COMMON	NONE	False	True	{"present":false}	1085	53ec6f1e798abc035f9f17c3d8165f25364523a13443d607529ee294b6db80a5	53ec6f1e798abc035f9f17c3d8165f25364523a13443d607529ee294b6db80a5
1033	minecraft:copper_axe	net.minecraft.world.item.Item	item.minecraft.copper_axe	1	1	190	0	1	False	False	True	True	True	["minecraft:vanilla"]	COMMON	NONE	False	True	{"present":false}	830	7fe97a17f4971785f279ebe1c2b845414747bb46dc86bb2e1668b3a2c1540a1a	7fe97a17f4971785f279ebe1c2b845414747bb46dc86bb2e1668b3a2c1540a1a
1034	minecraft:copper_hoe	net.minecraft.world.item.Item	item.minecraft.copper_hoe	1	1	190	0	1	False	False	True	True	True	["minecraft:vanilla"]	COMMON	NONE	False	True	{"present":false}	901	c5aeea2195f44dcc32533f13d950d7f9774761d38769fbd46c453c9b5a5f24bc	c5aeea2195f44dcc32533f13d950d7f9774761d38769fbd46c453c9b5a5f24bc
1035	minecraft:stone_sword	net.minecraft.world.item.Item	item.minecraft.stone_sword	1	1	131	0	1	False	False	True	True	True	["minecraft:vanilla"]	COMMON	NONE	False	True	{"present":false}	1494	a6473258af8be2d1a19c236e223eb06ba10507c7d64798cd9a78604a5699bef4	a6473258af8be2d1a19c236e223eb06ba10507c7d64798cd9a78604a5699bef4
1036	minecraft:stone_shovel	net.minecraft.world.item.Item	item.minecraft.stone_shovel	1	1	131	0	1	False	False	True	True	True	["minecraft:vanilla"]	COMMON	NONE	False	True	{"present":false}	1137	33f8a6eb0d49057017a2e682474300d42c9d386414660995beb5d73b3274da8d	33f8a6eb0d49057017a2e682474300d42c9d386414660995beb5d73b3274da8d
1037	minecraft:stone_pickaxe	net.minecraft.world.item.Item	item.minecraft.stone_pickaxe	1	1	131	0	1	False	False	True	True	True	["minecraft:vanilla"]	COMMON	NONE	False	True	{"present":false}	74	d75face0b81193c00af34d658795ee1bc1082d026edd1570694345eb6a6451cb	d75face0b81193c00af34d658795ee1bc1082d026edd1570694345eb6a6451cb
1038	minecraft:stone_axe	net.minecraft.world.item.Item	item.minecraft.stone_axe	1	1	131	0	1	False	False	True	True	True	["minecraft:vanilla"]	COMMON	NONE	False	True	{"present":false}	609	592ed8b528ea08a4a2226c5139fd41aca69e6d602cddbddbd2d046805867cb17	592ed8b528ea08a4a2226c5139fd41aca69e6d602cddbddbd2d046805867cb17
1039	minecraft:stone_hoe	net.minecraft.world.item.Item	item.minecraft.stone_hoe	1	1	131	0	1	False	False	True	True	True	["minecraft:vanilla"]	COMMON	NONE	False	True	{"present":false}	1504	f0c00a45605f9d69860a5b9b183f60bfe505e4a4171fa6edae902f679a35af00	f0c00a45605f9d69860a5b9b183f60bfe505e4a4171fa6edae902f679a35af00
1040	minecraft:golden_sword	net.minecraft.world.item.Item	item.minecraft.golden_sword	1	1	32	0	1	False	False	True	True	True	["minecraft:vanilla"]	COMMON	NONE	False	True	{"present":false}	1460	a1ca1c7bcd6cf5228cb61d45eb55bab21217f89eda3c8cf6b7cb5696fc790820	a1ca1c7bcd6cf5228cb61d45eb55bab21217f89eda3c8cf6b7cb5696fc790820
1041	minecraft:golden_shovel	net.minecraft.world.item.Item	item.minecraft.golden_shovel	1	1	32	0	1	False	False	True	True	True	["minecraft:vanilla"]	COMMON	NONE	False	True	{"present":false}	1676	4579bada6237ec21990a6c408d33e337a5380ea4786fad39c11cd0e24f920f3e	4579bada6237ec21990a6c408d33e337a5380ea4786fad39c11cd0e24f920f3e
1042	minecraft:golden_pickaxe	net.minecraft.world.item.Item	item.minecraft.golden_pickaxe	1	1	32	0	1	False	False	True	True	True	["minecraft:vanilla"]	COMMON	NONE	False	True	{"present":false}	487	a311b2e680dbed78fcd0e6d6e79db717aeff81ba38efd28c298a1cd9da7d9f69	a311b2e680dbed78fcd0e6d6e79db717aeff81ba38efd28c298a1cd9da7d9f69
1043	minecraft:golden_axe	net.minecraft.world.item.Item	item.minecraft.golden_axe	1	1	32	0	1	False	False	True	True	True	["minecraft:vanilla"]	COMMON	NONE	False	True	{"present":false}	1488	8fd09d24cb1abd56ecce199b1383a3eee42e1d94533c412e22d6441ccd1e6a7a	8fd09d24cb1abd56ecce199b1383a3eee42e1d94533c412e22d6441ccd1e6a7a
1044	minecraft:golden_hoe	net.minecraft.world.item.Item	item.minecraft.golden_hoe	1	1	32	0	1	False	False	True	True	True	["minecraft:vanilla"]	COMMON	NONE	False	True	{"present":false}	256	b43fb5eacb2212bba5fccaf52b289e22f47b39070bc389d4ca1ee794dd391645	b43fb5eacb2212bba5fccaf52b289e22f47b39070bc389d4ca1ee794dd391645
1045	minecraft:iron_sword	net.minecraft.world.item.Item	item.minecraft.iron_sword	1	1	250	0	1	False	False	True	True	True	["minecraft:vanilla"]	COMMON	NONE	False	True	{"present":false}	1089	7f473203b4e0798cc2572985624eceb036f3b67d4e986c17451994ecf3a1db78	7f473203b4e0798cc2572985624eceb036f3b67d4e986c17451994ecf3a1db78
1046	minecraft:iron_shovel	net.minecraft.world.item.Item	item.minecraft.iron_shovel	1	1	250	0	1	False	False	True	True	True	["minecraft:vanilla"]	COMMON	NONE	False	True	{"present":false}	1619	e2d530f530ade32da8d87d66c4a85b0f83d9bded949c44aaff7c7c4d30e80e92	e2d530f530ade32da8d87d66c4a85b0f83d9bded949c44aaff7c7c4d30e80e92
1047	minecraft:iron_pickaxe	net.minecraft.world.item.Item	item.minecraft.iron_pickaxe	1	1	250	0	1	False	False	True	True	True	["minecraft:vanilla"]	COMMON	NONE	False	True	{"present":false}	812	6840c3076e7bf41ae61dc6f49dccacc31d2450237ee3ccd506e546cae30c49df	6840c3076e7bf41ae61dc6f49dccacc31d2450237ee3ccd506e546cae30c49df
1048	minecraft:iron_axe	net.minecraft.world.item.Item	item.minecraft.iron_axe	1	1	250	0	1	False	False	True	True	True	["minecraft:vanilla"]	COMMON	NONE	False	True	{"present":false}	1105	39d0e4173db8e02a4103d55472728b2762bc5dfd49598284c3f9d0cf926b8a9f	39d0e4173db8e02a4103d55472728b2762bc5dfd49598284c3f9d0cf926b8a9f
1049	minecraft:iron_hoe	net.minecraft.world.item.Item	item.minecraft.iron_hoe	1	1	250	0	1	False	False	True	True	True	["minecraft:vanilla"]	COMMON	NONE	False	True	{"present":false}	436	dff78a70f0d42d7a6c5d2cc0d2577dc5cc723998102d18673f97e88336120d98	dff78a70f0d42d7a6c5d2cc0d2577dc5cc723998102d18673f97e88336120d98
1050	minecraft:diamond_sword	net.minecraft.world.item.Item	item.minecraft.diamond_sword	1	1	1561	0	1	False	False	True	True	True	["minecraft:vanilla"]	COMMON	NONE	False	True	{"present":false}	951	ae94b400d0a04c2befcd2802e4011ab7bb5d993870b3d2192957f26293f3fdb8	ae94b400d0a04c2befcd2802e4011ab7bb5d993870b3d2192957f26293f3fdb8
1051	minecraft:diamond_shovel	net.minecraft.world.item.Item	item.minecraft.diamond_shovel	1	1	1561	0	1	False	False	True	True	True	["minecraft:vanilla"]	COMMON	NONE	False	True	{"present":false}	1595	4e120e20dd04eec11908a37fd03f0d0be1563d3d4e62a11714996ea59a7b13d8	4e120e20dd04eec11908a37fd03f0d0be1563d3d4e62a11714996ea59a7b13d8
1052	minecraft:diamond_pickaxe	net.minecraft.world.item.Item	item.minecraft.diamond_pickaxe	1	1	1561	0	1	False	False	True	True	True	["minecraft:vanilla"]	COMMON	NONE	False	True	{"present":false}	113	0467855f0cac6b7c8b85f2a0af9aa07e06e7441e7a14330f3e63e1eb91f9ed14	0467855f0cac6b7c8b85f2a0af9aa07e06e7441e7a14330f3e63e1eb91f9ed14
1053	minecraft:diamond_axe	net.minecraft.world.item.Item	item.minecraft.diamond_axe	1	1	1561	0	1	False	False	True	True	True	["minecraft:vanilla"]	COMMON	NONE	False	True	{"present":false}	1069	d9ab62460d26f4b6a79d7fa712561fdb91b0e62225245d63b1032ff98d9452be	d9ab62460d26f4b6a79d7fa712561fdb91b0e62225245d63b1032ff98d9452be
1054	minecraft:diamond_hoe	net.minecraft.world.item.Item	item.minecraft.diamond_hoe	1	1	1561	0	1	False	False	True	True	True	["minecraft:vanilla"]	COMMON	NONE	False	True	{"present":false}	1006	1c0ed361cc955422e714061a0d3e285fc1aaa2c5ef79f18d50d1278d6d180edf	1c0ed361cc955422e714061a0d3e285fc1aaa2c5ef79f18d50d1278d6d180edf
1055	minecraft:netherite_sword	net.minecraft.world.item.Item	item.minecraft.netherite_sword	1	1	2031	0	1	False	False	True	True	True	["minecraft:vanilla"]	COMMON	NONE	False	True	{"present":false}	1646	494b37fd859a26e055e9c9aa38c4e1747c8cc3c485f16bfe09a94ee20ed58d8b	494b37fd859a26e055e9c9aa38c4e1747c8cc3c485f16bfe09a94ee20ed58d8b
1056	minecraft:netherite_shovel	net.minecraft.world.item.Item	item.minecraft.netherite_shovel	1	1	2031	0	1	False	False	True	True	True	["minecraft:vanilla"]	COMMON	NONE	False	True	{"present":false}	672	2b46b1e609bc632e44cfa5d21c874f462779227c6a48b2188ae7096d22803bbd	2b46b1e609bc632e44cfa5d21c874f462779227c6a48b2188ae7096d22803bbd
1057	minecraft:netherite_pickaxe	net.minecraft.world.item.Item	item.minecraft.netherite_pickaxe	1	1	2031	0	1	False	False	True	True	True	["minecraft:vanilla"]	COMMON	NONE	False	True	{"present":false}	692	b669464805b017f7afe21a2d94d3ae52e3692581319a6228aa31319a9986fc79	b669464805b017f7afe21a2d94d3ae52e3692581319a6228aa31319a9986fc79
1058	minecraft:netherite_axe	net.minecraft.world.item.Item	item.minecraft.netherite_axe	1	1	2031	0	1	False	False	True	True	True	["minecraft:vanilla"]	COMMON	NONE	False	True	{"present":false}	824	da31bb2afd3c6181155424654850e0826153d7f1b299113eff84a3315413865c	da31bb2afd3c6181155424654850e0826153d7f1b299113eff84a3315413865c
1059	minecraft:netherite_hoe	net.minecraft.world.item.Item	item.minecraft.netherite_hoe	1	1	2031	0	1	False	False	True	True	True	["minecraft:vanilla"]	COMMON	NONE	False	True	{"present":false}	1400	69de3d5f07ff1c625596bb81ec517dfdc8f5fa0a026f2e0e1d85e692e34e55d6	69de3d5f07ff1c625596bb81ec517dfdc8f5fa0a026f2e0e1d85e692e34e55d6
1060	minecraft:stick	net.minecraft.world.item.Item	item.minecraft.stick	64	64	0	0	1	False	True	False	True	True	["minecraft:vanilla"]	COMMON	NONE	False	False	{"present":false}	395	a8dd6c934986a96efd7f608bbf9f50fec502b7c61a4adf9b7e5fc0c4ee94df9c	a8dd6c934986a96efd7f608bbf9f50fec502b7c61a4adf9b7e5fc0c4ee94df9c
1061	minecraft:mushroom_stew	net.minecraft.world.item.Item	item.minecraft.mushroom_stew	1	1	0	0	1	False	False	False	True	True	["minecraft:vanilla"]	COMMON	EAT	False	False	{"present":false}	939	e1225c99074a89b5c0bf301247676b437016e394939c40805f3804054cdbd339	e1225c99074a89b5c0bf301247676b437016e394939c40805f3804054cdbd339
1062	minecraft:string	net.minecraft.world.item.BlockItem	item.minecraft.string	64	64	0	0	1	False	True	False	True	True	["minecraft:vanilla"]	COMMON	NONE	False	False	{"present":false}	40	98d3d356581ee8ff1d970d27fa8e1742c522c724b0313beb873a1af5b586e660	98d3d356581ee8ff1d970d27fa8e1742c522c724b0313beb873a1af5b586e660
1063	minecraft:feather	net.minecraft.world.item.Item	item.minecraft.feather	64	64	0	0	1	False	True	False	True	True	["minecraft:vanilla"]	COMMON	NONE	False	False	{"present":false}	529	223205a1cf3b0e9848b1d6421ecddfcba7789d00082aedc328a960ba1aebefa3	223205a1cf3b0e9848b1d6421ecddfcba7789d00082aedc328a960ba1aebefa3
1064	minecraft:gunpowder	net.minecraft.world.item.Item	item.minecraft.gunpowder	64	64	0	0	1	False	True	False	True	True	["minecraft:vanilla"]	COMMON	NONE	False	False	{"present":false}	20	cac255f071c4ce7ef2f27956b93654178b7141efb36b08b909491ebd45066d1e	cac255f071c4ce7ef2f27956b93654178b7141efb36b08b909491ebd45066d1e
1065	minecraft:wheat_seeds	net.minecraft.world.item.BlockItem	item.minecraft.wheat_seeds	64	64	0	0	1	False	True	False	True	True	["minecraft:vanilla"]	COMMON	NONE	False	False	{"present":false}	933	cf6f8f0874234a71dce16f75e9aa20ed8c2633baa59a180fdcc78a6fa9dc3ddd	cf6f8f0874234a71dce16f75e9aa20ed8c2633baa59a180fdcc78a6fa9dc3ddd
1066	minecraft:wheat	net.minecraft.world.item.Item	item.minecraft.wheat	64	64	0	0	1	False	True	False	True	True	["minecraft:vanilla"]	COMMON	NONE	False	False	{"present":false}	137	8cafd32a0ff1b6be413000ba77171f6c96c7a452317ac15e036222fff75a0a87	8cafd32a0ff1b6be413000ba77171f6c96c7a452317ac15e036222fff75a0a87
1067	minecraft:bread	net.minecraft.world.item.Item	item.minecraft.bread	64	64	0	0	1	False	True	False	True	True	["minecraft:vanilla"]	COMMON	EAT	False	False	{"present":false}	1079	44ba886f771e71ad3aec922a372f2a31d2a2713ad05602639694e36dd9cf52cd	44ba886f771e71ad3aec922a372f2a31d2a2713ad05602639694e36dd9cf52cd
1068	minecraft:leather_helmet	net.minecraft.world.item.Item	item.minecraft.leather_helmet	1	1	55	0	1	False	False	True	True	True	["minecraft:vanilla"]	COMMON	NONE	False	True	{"present":false}	1377	b59d21570594ca198df05c22b37ac6af2a8d0ca7e3117fd41798878a2e384bbc	b59d21570594ca198df05c22b37ac6af2a8d0ca7e3117fd41798878a2e384bbc
1069	minecraft:leather_chestplate	net.minecraft.world.item.Item	item.minecraft.leather_chestplate	1	1	80	0	1	False	False	True	True	True	["minecraft:vanilla"]	COMMON	NONE	False	True	{"present":false}	745	4cb749cf71d1d65ced87c1c146537fa85e4d9e840f859e93dc2635a0c5344afa	4cb749cf71d1d65ced87c1c146537fa85e4d9e840f859e93dc2635a0c5344afa
1070	minecraft:leather_leggings	net.minecraft.world.item.Item	item.minecraft.leather_leggings	1	1	75	0	1	False	False	True	True	True	["minecraft:vanilla"]	COMMON	NONE	False	True	{"present":false}	810	d7940db174e9e282e9a98d7bd4d59bd8487ea05c9d215814bfbf56ea423a2855	d7940db174e9e282e9a98d7bd4d59bd8487ea05c9d215814bfbf56ea423a2855
1071	minecraft:leather_boots	net.minecraft.world.item.Item	item.minecraft.leather_boots	1	1	65	0	1	False	False	True	True	True	["minecraft:vanilla"]	COMMON	NONE	False	True	{"present":false}	986	1253528d09472b820322aa4fee03d2edcf86bdfd7454d4200984913068272e50	1253528d09472b820322aa4fee03d2edcf86bdfd7454d4200984913068272e50
1072	minecraft:copper_helmet	net.minecraft.world.item.Item	item.minecraft.copper_helmet	1	1	121	0	1	False	False	True	True	True	["minecraft:vanilla"]	COMMON	NONE	False	True	{"present":false}	684	aa83183d05bdc0576b1e2e1dba4e60aab42dfdf7d69fb819e8788aac2249a9ba	aa83183d05bdc0576b1e2e1dba4e60aab42dfdf7d69fb819e8788aac2249a9ba
1073	minecraft:copper_chestplate	net.minecraft.world.item.Item	item.minecraft.copper_chestplate	1	1	176	0	1	False	False	True	True	True	["minecraft:vanilla"]	COMMON	NONE	False	True	{"present":false}	1358	07dbf3897abee5a4503b426424f8ab9d5cb0216e0f5e2636d53b397de335b0ec	07dbf3897abee5a4503b426424f8ab9d5cb0216e0f5e2636d53b397de335b0ec
1074	minecraft:copper_leggings	net.minecraft.world.item.Item	item.minecraft.copper_leggings	1	1	165	0	1	False	False	True	True	True	["minecraft:vanilla"]	COMMON	NONE	False	True	{"present":false}	793	d290b056a044c48093a09e410f1a76e8568cf31c80b553e3161b486574248915	d290b056a044c48093a09e410f1a76e8568cf31c80b553e3161b486574248915
1075	minecraft:copper_boots	net.minecraft.world.item.Item	item.minecraft.copper_boots	1	1	143	0	1	False	False	True	True	True	["minecraft:vanilla"]	COMMON	NONE	False	True	{"present":false}	1348	45be1c2626d6588cc5e3277265df6e2c7e185fcc0c2f18be73d8c8c3b9f4394e	45be1c2626d6588cc5e3277265df6e2c7e185fcc0c2f18be73d8c8c3b9f4394e
1076	minecraft:chainmail_helmet	net.minecraft.world.item.Item	item.minecraft.chainmail_helmet	1	1	165	0	1	False	False	True	True	True	["minecraft:vanilla"]	UNCOMMON	NONE	False	True	{"present":false}	472	5fb9a4b4ee70d26bac8263c513aaa3c01fb3d3d92be07b978443869500d8b1be	5fb9a4b4ee70d26bac8263c513aaa3c01fb3d3d92be07b978443869500d8b1be
1077	minecraft:chainmail_chestplate	net.minecraft.world.item.Item	item.minecraft.chainmail_chestplate	1	1	240	0	1	False	False	True	True	True	["minecraft:vanilla"]	UNCOMMON	NONE	False	True	{"present":false}	185	9cff4e52087d18855a548f7e64e79cc33ee6318fc8afd665c9bce2c23f10ca75	9cff4e52087d18855a548f7e64e79cc33ee6318fc8afd665c9bce2c23f10ca75
1078	minecraft:chainmail_leggings	net.minecraft.world.item.Item	item.minecraft.chainmail_leggings	1	1	225	0	1	False	False	True	True	True	["minecraft:vanilla"]	UNCOMMON	NONE	False	True	{"present":false}	1106	1ed9d371bcd19bb7382ec5b3edf670bb2d5a25ffff096b079a23ff0ded280294	1ed9d371bcd19bb7382ec5b3edf670bb2d5a25ffff096b079a23ff0ded280294
1079	minecraft:chainmail_boots	net.minecraft.world.item.Item	item.minecraft.chainmail_boots	1	1	195	0	1	False	False	True	True	True	["minecraft:vanilla"]	UNCOMMON	NONE	False	True	{"present":false}	267	1d0106b83a4976d96dfe1603ecf479349409cfe4810c18d9174530b7a3aa1627	1d0106b83a4976d96dfe1603ecf479349409cfe4810c18d9174530b7a3aa1627
1080	minecraft:iron_helmet	net.minecraft.world.item.Item	item.minecraft.iron_helmet	1	1	165	0	1	False	False	True	True	True	["minecraft:vanilla"]	COMMON	NONE	False	True	{"present":false}	1534	37afb3211248477292c8c814129299b22389b4e529defca9530f51841fac47e5	37afb3211248477292c8c814129299b22389b4e529defca9530f51841fac47e5
1081	minecraft:iron_chestplate	net.minecraft.world.item.Item	item.minecraft.iron_chestplate	1	1	240	0	1	False	False	True	True	True	["minecraft:vanilla"]	COMMON	NONE	False	True	{"present":false}	1634	7b4b7ba654e79905ee15376a55390399be501097e0c791e7df043b9435e53214	7b4b7ba654e79905ee15376a55390399be501097e0c791e7df043b9435e53214
1082	minecraft:iron_leggings	net.minecraft.world.item.Item	item.minecraft.iron_leggings	1	1	225	0	1	False	False	True	True	True	["minecraft:vanilla"]	COMMON	NONE	False	True	{"present":false}	1469	5aa84b359555c4e328d84b63fa82e16bb5e45433bc0cd5ec0f7641d259e62f23	5aa84b359555c4e328d84b63fa82e16bb5e45433bc0cd5ec0f7641d259e62f23
1083	minecraft:iron_boots	net.minecraft.world.item.Item	item.minecraft.iron_boots	1	1	195	0	1	False	False	True	True	True	["minecraft:vanilla"]	COMMON	NONE	False	True	{"present":false}	1273	15a1b397dca549f70a1f7634e2ebddcbc0198eb0a66d12062d4a86b8523b6789	15a1b397dca549f70a1f7634e2ebddcbc0198eb0a66d12062d4a86b8523b6789
1084	minecraft:diamond_helmet	net.minecraft.world.item.Item	item.minecraft.diamond_helmet	1	1	363	0	1	False	False	True	True	True	["minecraft:vanilla"]	COMMON	NONE	False	True	{"present":false}	505	45e442bc91969246246d04addb0a27041bf20e6a71de77cf9866f609fdd0ce52	45e442bc91969246246d04addb0a27041bf20e6a71de77cf9866f609fdd0ce52
1085	minecraft:diamond_chestplate	net.minecraft.world.item.Item	item.minecraft.diamond_chestplate	1	1	528	0	1	False	False	True	True	True	["minecraft:vanilla"]	COMMON	NONE	False	True	{"present":false}	1532	6eedb4ec6d17a6aa21539a3945fba3447542bf92a98f12847052a6045f546235	6eedb4ec6d17a6aa21539a3945fba3447542bf92a98f12847052a6045f546235
1086	minecraft:diamond_leggings	net.minecraft.world.item.Item	item.minecraft.diamond_leggings	1	1	495	0	1	False	False	True	True	True	["minecraft:vanilla"]	COMMON	NONE	False	True	{"present":false}	1682	d872ba930159216943ee263bc5acc28a59a219748196a7d55bcd992ea76ccef9	d872ba930159216943ee263bc5acc28a59a219748196a7d55bcd992ea76ccef9
1087	minecraft:diamond_boots	net.minecraft.world.item.Item	item.minecraft.diamond_boots	1	1	429	0	1	False	False	True	True	True	["minecraft:vanilla"]	COMMON	NONE	False	True	{"present":false}	1630	dcbdc4ced9f4ce3f71d75b4989915b432684f5ac66fc9a3f80f5401249b15221	dcbdc4ced9f4ce3f71d75b4989915b432684f5ac66fc9a3f80f5401249b15221
1088	minecraft:golden_helmet	net.minecraft.world.item.Item	item.minecraft.golden_helmet	1	1	77	0	1	False	False	True	True	True	["minecraft:vanilla"]	COMMON	NONE	False	True	{"present":false}	1608	4ada51510267acb9d15e4be75824dceb07ba800d832379585287a2b434d8634d	4ada51510267acb9d15e4be75824dceb07ba800d832379585287a2b434d8634d
1089	minecraft:golden_chestplate	net.minecraft.world.item.Item	item.minecraft.golden_chestplate	1	1	112	0	1	False	False	True	True	True	["minecraft:vanilla"]	COMMON	NONE	False	True	{"present":false}	238	547e0777e76d9dad5157eafe2540eb5d7a7807351ad98a940762da82123efafa	547e0777e76d9dad5157eafe2540eb5d7a7807351ad98a940762da82123efafa
1090	minecraft:golden_leggings	net.minecraft.world.item.Item	item.minecraft.golden_leggings	1	1	105	0	1	False	False	True	True	True	["minecraft:vanilla"]	COMMON	NONE	False	True	{"present":false}	1103	3a0e4cb78b31a58a823746de5e3149bcccb315922bab4608fac7c0062ecb6369	3a0e4cb78b31a58a823746de5e3149bcccb315922bab4608fac7c0062ecb6369
1091	minecraft:golden_boots	net.minecraft.world.item.Item	item.minecraft.golden_boots	1	1	91	0	1	False	False	True	True	True	["minecraft:vanilla"]	COMMON	NONE	False	True	{"present":false}	1209	e8416117c0c6635fa150fef3704b473cc8d150984a78e4534ae160e03b3eca6a	e8416117c0c6635fa150fef3704b473cc8d150984a78e4534ae160e03b3eca6a
1092	minecraft:netherite_helmet	net.minecraft.world.item.Item	item.minecraft.netherite_helmet	1	1	407	0	1	False	False	True	True	True	["minecraft:vanilla"]	COMMON	NONE	False	True	{"present":false}	1067	09fb48f913914ad5a89953b69836f14026af75ccc5b9f7055a2e364120045f11	09fb48f913914ad5a89953b69836f14026af75ccc5b9f7055a2e364120045f11
1093	minecraft:netherite_chestplate	net.minecraft.world.item.Item	item.minecraft.netherite_chestplate	1	1	592	0	1	False	False	True	True	True	["minecraft:vanilla"]	COMMON	NONE	False	True	{"present":false}	722	31580448f237b5523da05be66b0f5191b1f2ec1866deb285841e12f16b515335	31580448f237b5523da05be66b0f5191b1f2ec1866deb285841e12f16b515335
1094	minecraft:netherite_leggings	net.minecraft.world.item.Item	item.minecraft.netherite_leggings	1	1	555	0	1	False	False	True	True	True	["minecraft:vanilla"]	COMMON	NONE	False	True	{"present":false}	79	215f5ebd2f8c77f0b627a9a3110c50608b4e515dfc009c788763e73c78decaac	215f5ebd2f8c77f0b627a9a3110c50608b4e515dfc009c788763e73c78decaac
1095	minecraft:netherite_boots	net.minecraft.world.item.Item	item.minecraft.netherite_boots	1	1	481	0	1	False	False	True	True	True	["minecraft:vanilla"]	COMMON	NONE	False	True	{"present":false}	313	494e39af6acb2e5a513267316aef3510ae7d3524174bde5ce70f12823c819ece	494e39af6acb2e5a513267316aef3510ae7d3524174bde5ce70f12823c819ece
1096	minecraft:flint	net.minecraft.world.item.Item	item.minecraft.flint	64	64	0	0	1	False	True	False	True	True	["minecraft:vanilla"]	COMMON	NONE	False	False	{"present":false}	1275	66701f0445387f6e9608f7c0bdd16643bf5202f167348afc88c9de858ee69e49	66701f0445387f6e9608f7c0bdd16643bf5202f167348afc88c9de858ee69e49
1097	minecraft:porkchop	net.minecraft.world.item.Item	item.minecraft.porkchop	64	64	0	0	1	False	True	False	True	True	["minecraft:vanilla"]	COMMON	EAT	False	False	{"present":false}	832	af60ba7fc0f50b5b62e92a5d9f486e015859b3baf678c7319c20f2c08d70c678	af60ba7fc0f50b5b62e92a5d9f486e015859b3baf678c7319c20f2c08d70c678
1098	minecraft:cooked_porkchop	net.minecraft.world.item.Item	item.minecraft.cooked_porkchop	64	64	0	0	1	False	True	False	True	True	["minecraft:vanilla"]	COMMON	EAT	False	False	{"present":false}	414	d72e4b07246e49f46c7525c2875810c2b1c7122be9dd38d6228e6c4f418770ee	d72e4b07246e49f46c7525c2875810c2b1c7122be9dd38d6228e6c4f418770ee
1099	minecraft:painting	net.minecraft.world.item.HangingEntityItem	item.minecraft.painting	64	64	0	0	1	False	True	False	True	True	["minecraft:vanilla"]	COMMON	NONE	False	False	{"present":false}	682	1d939433fe58eb0714bebaa2a4733118f3bebc16e5a9a2ac980dc0e3fac35920	1d939433fe58eb0714bebaa2a4733118f3bebc16e5a9a2ac980dc0e3fac35920
1100	minecraft:golden_apple	net.minecraft.world.item.Item	item.minecraft.golden_apple	64	64	0	0	1	False	True	False	True	True	["minecraft:vanilla"]	COMMON	EAT	False	False	{"present":false}	967	e74ac8cbec163109ac40b8e3f3122e761d331cff98784486ba114d5bdf379029	e74ac8cbec163109ac40b8e3f3122e761d331cff98784486ba114d5bdf379029
1101	minecraft:enchanted_golden_apple	net.minecraft.world.item.Item	item.minecraft.enchanted_golden_apple	64	64	0	0	1	False	True	False	True	True	["minecraft:vanilla"]	RARE	EAT	True	False	{"present":false}	953	4f0bc98ea17018db019d3abf4e2544a180e4c07bc21fa01135f3363ee2d3ff00	4f0bc98ea17018db019d3abf4e2544a180e4c07bc21fa01135f3363ee2d3ff00
1102	minecraft:oak_sign	net.minecraft.world.item.StandingAndWallBlockItem	block.minecraft.oak_sign	16	16	0	0	1	False	True	False	True	True	["minecraft:vanilla"]	COMMON	NONE	False	False	{"present":false}	1379	67dbcc3d3dbe399bf176c1cda10faee13efac0b1dd5eeed84f2e40eab8feb147	67dbcc3d3dbe399bf176c1cda10faee13efac0b1dd5eeed84f2e40eab8feb147
1103	minecraft:spruce_sign	net.minecraft.world.item.StandingAndWallBlockItem	block.minecraft.spruce_sign	16	16	0	0	1	False	True	False	True	True	["minecraft:vanilla"]	COMMON	NONE	False	False	{"present":false}	1524	8d3ffa63fff494fdd2e699a2178f3950ed341f552c32b79c27dca50d50e9baf4	8d3ffa63fff494fdd2e699a2178f3950ed341f552c32b79c27dca50d50e9baf4
1104	minecraft:birch_sign	net.minecraft.world.item.StandingAndWallBlockItem	block.minecraft.birch_sign	16	16	0	0	1	False	True	False	True	True	["minecraft:vanilla"]	COMMON	NONE	False	False	{"present":false}	662	d2c7b9600a5a318e36338273d1647e7808bac1d41853a630226d546a249857fd	d2c7b9600a5a318e36338273d1647e7808bac1d41853a630226d546a249857fd
1105	minecraft:jungle_sign	net.minecraft.world.item.StandingAndWallBlockItem	block.minecraft.jungle_sign	16	16	0	0	1	False	True	False	True	True	["minecraft:vanilla"]	COMMON	NONE	False	False	{"present":false}	253	319b2de0d5f379d603b1963643b8618dab270593eea5f0d6d4d9d1aa0564168d	319b2de0d5f379d603b1963643b8618dab270593eea5f0d6d4d9d1aa0564168d
1106	minecraft:acacia_sign	net.minecraft.world.item.StandingAndWallBlockItem	block.minecraft.acacia_sign	16	16	0	0	1	False	True	False	True	True	["minecraft:vanilla"]	COMMON	NONE	False	False	{"present":false}	605	0f977a1fc7258bc593707bd68e73de451b1d45e289c168af4975579a113c3a58	0f977a1fc7258bc593707bd68e73de451b1d45e289c168af4975579a113c3a58
1107	minecraft:cherry_sign	net.minecraft.world.item.StandingAndWallBlockItem	block.minecraft.cherry_sign	16	16	0	0	1	False	True	False	True	True	["minecraft:vanilla"]	COMMON	NONE	False	False	{"present":false}	712	fa2d02fd1f6024946d0975160e0d9abf71ee3499a2f8d5923126be3b4ed9dd18	fa2d02fd1f6024946d0975160e0d9abf71ee3499a2f8d5923126be3b4ed9dd18
1108	minecraft:dark_oak_sign	net.minecraft.world.item.StandingAndWallBlockItem	block.minecraft.dark_oak_sign	16	16	0	0	1	False	True	False	True	True	["minecraft:vanilla"]	COMMON	NONE	False	False	{"present":false}	1609	749f53cf7fd6cac5e109b0ed05fb3c33a137868120cc974f0e3e0c9cc4f6ebf6	749f53cf7fd6cac5e109b0ed05fb3c33a137868120cc974f0e3e0c9cc4f6ebf6
1109	minecraft:pale_oak_sign	net.minecraft.world.item.StandingAndWallBlockItem	block.minecraft.pale_oak_sign	16	16	0	0	1	False	True	False	True	True	["minecraft:vanilla"]	COMMON	NONE	False	False	{"present":false}	1654	bd88522683549cb1e974c9370cddc4ddb59a489a8ea2e96be591d248179c957b	bd88522683549cb1e974c9370cddc4ddb59a489a8ea2e96be591d248179c957b
1110	minecraft:mangrove_sign	net.minecraft.world.item.StandingAndWallBlockItem	block.minecraft.mangrove_sign	16	16	0	0	1	False	True	False	True	True	["minecraft:vanilla"]	COMMON	NONE	False	False	{"present":false}	391	71cb9f960a83caa9d9106081497669678dab9b678da57934cd70c2e086cda806	71cb9f960a83caa9d9106081497669678dab9b678da57934cd70c2e086cda806
1111	minecraft:poplar_sign	net.minecraft.world.item.StandingAndWallBlockItem	block.minecraft.poplar_sign	16	16	0	0	1	False	True	False	True	True	["minecraft:vanilla"]	COMMON	NONE	False	False	{"present":false}	980	c2fcf5c012a44027d90194d4a1d6e83ce144ccda388b58181f7aca26f47f6b84	c2fcf5c012a44027d90194d4a1d6e83ce144ccda388b58181f7aca26f47f6b84
1112	minecraft:bamboo_sign	net.minecraft.world.item.StandingAndWallBlockItem	block.minecraft.bamboo_sign	16	16	0	0	1	False	True	False	True	True	["minecraft:vanilla"]	COMMON	NONE	False	False	{"present":false}	363	a84cd40283d60a2a92d8305cd5584561a96007cd4935fb2da5395a2cb02d4aec	a84cd40283d60a2a92d8305cd5584561a96007cd4935fb2da5395a2cb02d4aec
1113	minecraft:crimson_sign	net.minecraft.world.item.StandingAndWallBlockItem	block.minecraft.crimson_sign	16	16	0	0	1	False	True	False	True	True	["minecraft:vanilla"]	COMMON	NONE	False	False	{"present":false}	957	60e4249800a37d9d7b9f3f55cf1c699c069fcf725b4960150706d140bd765bd8	60e4249800a37d9d7b9f3f55cf1c699c069fcf725b4960150706d140bd765bd8
1114	minecraft:warped_sign	net.minecraft.world.item.StandingAndWallBlockItem	block.minecraft.warped_sign	16	16	0	0	1	False	True	False	True	True	["minecraft:vanilla"]	COMMON	NONE	False	False	{"present":false}	1528	bf78d74ae7a26839c3611d1642d52f1a796297235ea3d5983d85996dfbf8da20	bf78d74ae7a26839c3611d1642d52f1a796297235ea3d5983d85996dfbf8da20
1115	minecraft:oak_hanging_sign	net.minecraft.world.item.HangingSignItem	block.minecraft.oak_hanging_sign	16	16	0	0	1	False	True	False	True	True	["minecraft:vanilla"]	COMMON	NONE	False	False	{"present":false}	1037	2a50fae4a38592f7e36ee800b15f38f13cb00433b7be10a6d21158670243c221	2a50fae4a38592f7e36ee800b15f38f13cb00433b7be10a6d21158670243c221
1116	minecraft:spruce_hanging_sign	net.minecraft.world.item.HangingSignItem	block.minecraft.spruce_hanging_sign	16	16	0	0	1	False	True	False	True	True	["minecraft:vanilla"]	COMMON	NONE	False	False	{"present":false}	164	71e87aaf63553386e5b62a42c2f7b82326dd936f534e1fc486cb49be9b16c6c8	71e87aaf63553386e5b62a42c2f7b82326dd936f534e1fc486cb49be9b16c6c8
1117	minecraft:birch_hanging_sign	net.minecraft.world.item.HangingSignItem	block.minecraft.birch_hanging_sign	16	16	0	0	1	False	True	False	True	True	["minecraft:vanilla"]	COMMON	NONE	False	False	{"present":false}	481	7aa8413c71ef4ee23457300614ebe7ac3ec97a3ed23dfc3b4cccd29fbd57c77f	7aa8413c71ef4ee23457300614ebe7ac3ec97a3ed23dfc3b4cccd29fbd57c77f
1118	minecraft:jungle_hanging_sign	net.minecraft.world.item.HangingSignItem	block.minecraft.jungle_hanging_sign	16	16	0	0	1	False	True	False	True	True	["minecraft:vanilla"]	COMMON	NONE	False	False	{"present":false}	1155	ce5cbd19f39e503501d80797ad3588c066b7f093494ff0b52fc2d9d0369eb2af	ce5cbd19f39e503501d80797ad3588c066b7f093494ff0b52fc2d9d0369eb2af
1119	minecraft:acacia_hanging_sign	net.minecraft.world.item.HangingSignItem	block.minecraft.acacia_hanging_sign	16	16	0	0	1	False	True	False	True	True	["minecraft:vanilla"]	COMMON	NONE	False	False	{"present":false}	1526	3ddc8c11b82f148c599418c12b18e0aae6bf17e9043f0073cedd59f1d1c40a82	3ddc8c11b82f148c599418c12b18e0aae6bf17e9043f0073cedd59f1d1c40a82
1120	minecraft:cherry_hanging_sign	net.minecraft.world.item.HangingSignItem	block.minecraft.cherry_hanging_sign	16	16	0	0	1	False	True	False	True	True	["minecraft:vanilla"]	COMMON	NONE	False	False	{"present":false}	418	056731aff4cdd9427367dcc6770fee5f4d6b14dd44577d07bbbd3c5ff2fce2e5	056731aff4cdd9427367dcc6770fee5f4d6b14dd44577d07bbbd3c5ff2fce2e5
1121	minecraft:dark_oak_hanging_sign	net.minecraft.world.item.HangingSignItem	block.minecraft.dark_oak_hanging_sign	16	16	0	0	1	False	True	False	True	True	["minecraft:vanilla"]	COMMON	NONE	False	False	{"present":false}	43	286490e5cc4cf407b36ecd192ebad349866290f3d63ec1a6b1355f4124884ee8	286490e5cc4cf407b36ecd192ebad349866290f3d63ec1a6b1355f4124884ee8
1122	minecraft:pale_oak_hanging_sign	net.minecraft.world.item.HangingSignItem	block.minecraft.pale_oak_hanging_sign	16	16	0	0	1	False	True	False	True	True	["minecraft:vanilla"]	COMMON	NONE	False	False	{"present":false}	778	d463a64ec5ec403f9dae3209668406e7186217756a8edbc06037434233ac1fbf	d463a64ec5ec403f9dae3209668406e7186217756a8edbc06037434233ac1fbf
1123	minecraft:mangrove_hanging_sign	net.minecraft.world.item.HangingSignItem	block.minecraft.mangrove_hanging_sign	16	16	0	0	1	False	True	False	True	True	["minecraft:vanilla"]	COMMON	NONE	False	False	{"present":false}	589	7d46193d3bc3b47ec16f9099ebf380b033bc796775079674f30528da7792c8f4	7d46193d3bc3b47ec16f9099ebf380b033bc796775079674f30528da7792c8f4
1124	minecraft:poplar_hanging_sign	net.minecraft.world.item.HangingSignItem	block.minecraft.poplar_hanging_sign	16	16	0	0	1	False	True	False	True	True	["minecraft:vanilla"]	COMMON	NONE	False	False	{"present":false}	1187	0456ef0aac7c96a562bf12938335362c5f63033294b38ac6ffe0c05c7bfd09a6	0456ef0aac7c96a562bf12938335362c5f63033294b38ac6ffe0c05c7bfd09a6
1125	minecraft:bamboo_hanging_sign	net.minecraft.world.item.HangingSignItem	block.minecraft.bamboo_hanging_sign	16	16	0	0	1	False	True	False	True	True	["minecraft:vanilla"]	COMMON	NONE	False	False	{"present":false}	1302	50145e8b1005425e9a37cddd61553a0c97734d366ccc6f7454704b7baaf67f32	50145e8b1005425e9a37cddd61553a0c97734d366ccc6f7454704b7baaf67f32
1126	minecraft:crimson_hanging_sign	net.minecraft.world.item.HangingSignItem	block.minecraft.crimson_hanging_sign	16	16	0	0	1	False	True	False	True	True	["minecraft:vanilla"]	COMMON	NONE	False	False	{"present":false}	798	ee590f4913a9755eb0ab0c92ecde3ff9fb093524fd342650b9404fe569814def	ee590f4913a9755eb0ab0c92ecde3ff9fb093524fd342650b9404fe569814def
1127	minecraft:warped_hanging_sign	net.minecraft.world.item.HangingSignItem	block.minecraft.warped_hanging_sign	16	16	0	0	1	False	True	False	True	True	["minecraft:vanilla"]	COMMON	NONE	False	False	{"present":false}	281	d2f2c4837dba57594c3012da22586d8a60d9c73091cf073bc4d7687cc55fc706	d2f2c4837dba57594c3012da22586d8a60d9c73091cf073bc4d7687cc55fc706
1128	minecraft:bucket	net.minecraft.world.item.BucketItem	item.minecraft.bucket	16	16	0	0	1	False	True	False	True	True	["minecraft:vanilla"]	COMMON	NONE	False	False	{"present":false}	1098	6fd26b8dfbbc6c2eaec9933af667105b0c6c4ee2b0e23ab23873573f4bf62e48	6fd26b8dfbbc6c2eaec9933af667105b0c6c4ee2b0e23ab23873573f4bf62e48
1129	minecraft:water_bucket	net.minecraft.world.item.BucketItem	item.minecraft.water_bucket	1	1	0	0	1	False	False	False	True	True	["minecraft:vanilla"]	COMMON	NONE	False	False	{"count":1,"item":"minecraft:bucket","present":true}	729	d2c653c64f1e41804dd231f059e013fe258fc3d0cbae58ea00214a289258654d	d2c653c64f1e41804dd231f059e013fe258fc3d0cbae58ea00214a289258654d
1130	minecraft:lava_bucket	net.minecraft.world.item.BucketItem	item.minecraft.lava_bucket	1	1	0	0	1	False	False	False	True	True	["minecraft:vanilla"]	COMMON	NONE	False	False	{"count":1,"item":"minecraft:bucket","present":true}	836	4e6ae29e2b224a402ef3b79ec00c93c2dd6c1387ddfe783a9795f04de621a7f7	4e6ae29e2b224a402ef3b79ec00c93c2dd6c1387ddfe783a9795f04de621a7f7
1131	minecraft:powder_snow_bucket	net.minecraft.world.item.SolidBucketItem	item.minecraft.powder_snow_bucket	1	1	0	0	1	False	False	False	True	True	["minecraft:vanilla"]	COMMON	NONE	False	False	{"present":false}	223	0a1a8551297520d0489ff74371da066dc74d67c3305fa5266c5dc2113f158de4	0a1a8551297520d0489ff74371da066dc74d67c3305fa5266c5dc2113f158de4
1132	minecraft:snowball	net.minecraft.world.item.SnowballItem	item.minecraft.snowball	16	16	0	0	1	False	True	False	True	True	["minecraft:vanilla"]	COMMON	NONE	False	False	{"present":false}	1195	445290e60c314513e3b6b85d79e239e2f1231c28c4ac41690c6da3eac1bf2841	445290e60c314513e3b6b85d79e239e2f1231c28c4ac41690c6da3eac1bf2841
1133	minecraft:leather	net.minecraft.world.item.Item	item.minecraft.leather	64	64	0	0	1	False	True	False	True	True	["minecraft:vanilla"]	COMMON	NONE	False	False	{"present":false}	424	eafdcfa3cac84896f2a62a7365f199b3f79bfbeb17d3e2ffa771d12ecd72ecdc	eafdcfa3cac84896f2a62a7365f199b3f79bfbeb17d3e2ffa771d12ecd72ecdc
1134	minecraft:milk_bucket	net.minecraft.world.item.Item	item.minecraft.milk_bucket	1	1	0	0	1	False	False	False	True	True	["minecraft:vanilla"]	COMMON	DRINK	False	False	{"count":1,"item":"minecraft:bucket","present":true}	1601	9e7f4c04d68b6dad8b59b79b35a0e815275627b73e739531b23fc1668369a6df	9e7f4c04d68b6dad8b59b79b35a0e815275627b73e739531b23fc1668369a6df
1135	minecraft:pufferfish_bucket	net.minecraft.world.item.MobBucketItem	item.minecraft.pufferfish_bucket	1	1	0	0	1	False	False	False	True	True	["minecraft:vanilla"]	COMMON	NONE	False	False	{"present":false}	616	ee055c2860d155b9c5938fac7b8eb188c3bbc2be30167f1ed7bc064adfaa64f0	ee055c2860d155b9c5938fac7b8eb188c3bbc2be30167f1ed7bc064adfaa64f0
1136	minecraft:salmon_bucket	net.minecraft.world.item.MobBucketItem	item.minecraft.salmon_bucket	1	1	0	0	1	False	False	False	True	True	["minecraft:vanilla"]	COMMON	NONE	False	False	{"present":false}	1413	b3b17ec5e534f760827f9a60c30f36a20fe6a9a539e4cf5887b0d22408934508	b3b17ec5e534f760827f9a60c30f36a20fe6a9a539e4cf5887b0d22408934508
1137	minecraft:cod_bucket	net.minecraft.world.item.MobBucketItem	item.minecraft.cod_bucket	1	1	0	0	1	False	False	False	True	True	["minecraft:vanilla"]	COMMON	NONE	False	False	{"present":false}	142	522ff4eeefa987d3fee642c0d643683430288f69582d16bb013f6cba7654c8c6	522ff4eeefa987d3fee642c0d643683430288f69582d16bb013f6cba7654c8c6
1138	minecraft:tropical_fish_bucket	net.minecraft.world.item.MobBucketItem	item.minecraft.tropical_fish_bucket	1	1	0	0	1	False	False	False	True	True	["minecraft:vanilla"]	COMMON	NONE	False	False	{"present":false}	1016	9c7f8520f676c171000f7a6c6d79b872472459562de3bb397894c2feab612829	9c7f8520f676c171000f7a6c6d79b872472459562de3bb397894c2feab612829
1139	minecraft:axolotl_bucket	net.minecraft.world.item.MobBucketItem	item.minecraft.axolotl_bucket	1	1	0	0	1	False	False	False	True	True	["minecraft:vanilla"]	COMMON	NONE	False	False	{"present":false}	926	cb1e4f0c0a172e8a22ad6acd9da0d636fd5368d19d7886c5098b827632a78a0a	cb1e4f0c0a172e8a22ad6acd9da0d636fd5368d19d7886c5098b827632a78a0a
1140	minecraft:sulfur_cube_bucket	net.minecraft.world.item.MobBucketItem	item.minecraft.sulfur_cube_bucket	1	1	0	0	1	False	False	False	True	True	["minecraft:vanilla"]	COMMON	NONE	False	False	{"present":false}	866	d42bbb0971a12be29a0efcb5227be5a4d170ef5fca31c2b8d293b092b6d714f3	d42bbb0971a12be29a0efcb5227be5a4d170ef5fca31c2b8d293b092b6d714f3
1141	minecraft:tadpole_bucket	net.minecraft.world.item.MobBucketItem	item.minecraft.tadpole_bucket	1	1	0	0	1	False	False	False	True	True	["minecraft:vanilla"]	COMMON	NONE	False	False	{"present":false}	1283	a936d7826c3a14aa19b4e1d4c1a44e3d1cad71c60f9e68e6b1c1aa2dd008d2fa	a936d7826c3a14aa19b4e1d4c1a44e3d1cad71c60f9e68e6b1c1aa2dd008d2fa
1142	minecraft:brick	net.minecraft.world.item.Item	item.minecraft.brick	64	64	0	0	1	False	True	False	True	True	["minecraft:vanilla"]	COMMON	NONE	False	False	{"present":false}	1199	59be7a8056fe36ca71a3b63129e56290493fdd7db33b6a731a36ffec90b3137e	59be7a8056fe36ca71a3b63129e56290493fdd7db33b6a731a36ffec90b3137e
1143	minecraft:clay_ball	net.minecraft.world.item.Item	item.minecraft.clay_ball	64	64	0	0	1	False	True	False	True	True	["minecraft:vanilla"]	COMMON	NONE	False	False	{"present":false}	886	2a1c5c4fb3ade743825f4a9a7392faade62633b3fd6c1426f8eb1bddd17efdba	2a1c5c4fb3ade743825f4a9a7392faade62633b3fd6c1426f8eb1bddd17efdba
1144	minecraft:dried_kelp_block	net.minecraft.world.item.BlockItem	block.minecraft.dried_kelp_block	64	64	0	0	1	False	True	False	True	True	["minecraft:vanilla"]	COMMON	NONE	False	False	{"present":false}	1452	b8f826ad5c4166d4fd83e306ffb67034b223b57ea6a30dd1b604432ddca53491	b8f826ad5c4166d4fd83e306ffb67034b223b57ea6a30dd1b604432ddca53491
1145	minecraft:paper	net.minecraft.world.item.Item	item.minecraft.paper	64	64	0	0	1	False	True	False	True	True	["minecraft:vanilla"]	COMMON	NONE	False	False	{"present":false}	460	c3a0b900de1f2810ac5d89add78f42eeac3ae9fe9ec1253991c3ea74fbe2e008	c3a0b900de1f2810ac5d89add78f42eeac3ae9fe9ec1253991c3ea74fbe2e008
1146	minecraft:book	net.minecraft.world.item.Item	item.minecraft.book	64	64	0	0	1	False	True	False	True	True	["minecraft:vanilla"]	COMMON	NONE	False	True	{"present":false}	1336	d70cc364365f9d88963b602a31a8e198f486374cadb6d026f7717c6c22086fbc	d70cc364365f9d88963b602a31a8e198f486374cadb6d026f7717c6c22086fbc
1147	minecraft:slime_ball	net.minecraft.world.item.Item	item.minecraft.slime_ball	64	64	0	0	1	False	True	False	True	True	["minecraft:vanilla"]	COMMON	NONE	False	False	{"present":false}	442	0f2f10d272a543a293f04144239714330962fcb6606bbaa268dc05a9919fc520	0f2f10d272a543a293f04144239714330962fcb6606bbaa268dc05a9919fc520
1148	minecraft:egg	net.minecraft.world.item.EggItem	item.minecraft.egg	16	16	0	0	1	False	True	False	True	True	["minecraft:vanilla"]	COMMON	NONE	False	False	{"present":false}	1076	99ae98ef48032030c135d8b91aa8c168dfaba9585a6192729737b886ae5abb0c	99ae98ef48032030c135d8b91aa8c168dfaba9585a6192729737b886ae5abb0c
1149	minecraft:blue_egg	net.minecraft.world.item.EggItem	item.minecraft.blue_egg	16	16	0	0	1	False	True	False	True	True	["minecraft:vanilla"]	COMMON	NONE	False	False	{"present":false}	399	21e1029f2b596ab248fba27cae75e62e8c4ee46e4e46788c498f1efab08a1d4a	21e1029f2b596ab248fba27cae75e62e8c4ee46e4e46788c498f1efab08a1d4a
1150	minecraft:brown_egg	net.minecraft.world.item.EggItem	item.minecraft.brown_egg	16	16	0	0	1	False	True	False	True	True	["minecraft:vanilla"]	COMMON	NONE	False	False	{"present":false}	979	5633fe1056059d0ac5d00c1a5572a532dc0a73ba0b741ccde339da463a9ab24f	5633fe1056059d0ac5d00c1a5572a532dc0a73ba0b741ccde339da463a9ab24f
1151	minecraft:compass	net.minecraft.world.item.CompassItem	item.minecraft.compass	64	64	0	0	1	False	True	False	True	True	["minecraft:vanilla"]	COMMON	NONE	False	False	{"present":false}	975	eef92dc69c5c0eeb16418b06f2bc08d7f7f25d7945ef308ceb767274d2f9f833	eef92dc69c5c0eeb16418b06f2bc08d7f7f25d7945ef308ceb767274d2f9f833
1152	minecraft:recovery_compass	net.minecraft.world.item.Item	item.minecraft.recovery_compass	64	64	0	0	1	False	True	False	True	True	["minecraft:vanilla"]	UNCOMMON	NONE	False	False	{"present":false}	278	b01b6fcff76334685a2ef83c18f0fdcd15b5309d193e2da3ef8f08f27debb24d	b01b6fcff76334685a2ef83c18f0fdcd15b5309d193e2da3ef8f08f27debb24d
1153	minecraft:bundle	net.minecraft.world.item.BundleItem	item.minecraft.bundle	1	1	0	0	1	False	False	False	True	True	["minecraft:vanilla"]	COMMON	BUNDLE	False	False	{"present":false}	664	17c990e9988c9701f5bd704eaa6f5bf619e9af48295aeb55e4b7385e863f877c	17c990e9988c9701f5bd704eaa6f5bf619e9af48295aeb55e4b7385e863f877c
1154	minecraft:white_bundle	net.minecraft.world.item.BundleItem	item.minecraft.white_bundle	1	1	0	0	1	False	False	False	True	True	["minecraft:vanilla"]	COMMON	BUNDLE	False	False	{"present":false}	297	7e9e4b8ac31a4efeeaf7f38b873aa771fc1a1445a7a4427a251de4ac819e780f	7e9e4b8ac31a4efeeaf7f38b873aa771fc1a1445a7a4427a251de4ac819e780f
1155	minecraft:orange_bundle	net.minecraft.world.item.BundleItem	item.minecraft.orange_bundle	1	1	0	0	1	False	False	False	True	True	["minecraft:vanilla"]	COMMON	BUNDLE	False	False	{"present":false}	1157	48d623653d9cfc5c5a982f0b9cc48ca15a7332cee09bcaadd1267f8405b9e947	48d623653d9cfc5c5a982f0b9cc48ca15a7332cee09bcaadd1267f8405b9e947
1156	minecraft:magenta_bundle	net.minecraft.world.item.BundleItem	item.minecraft.magenta_bundle	1	1	0	0	1	False	False	False	True	True	["minecraft:vanilla"]	COMMON	BUNDLE	False	False	{"present":false}	1288	595f22365bf3bf06a545254f2c99391feab7624e51d5f8ca98f836de0ea7f29c	595f22365bf3bf06a545254f2c99391feab7624e51d5f8ca98f836de0ea7f29c
1157	minecraft:light_blue_bundle	net.minecraft.world.item.BundleItem	item.minecraft.light_blue_bundle	1	1	0	0	1	False	False	False	True	True	["minecraft:vanilla"]	COMMON	BUNDLE	False	False	{"present":false}	449	73ed23445dc5eae309a947d83f64a88f7c187bb5a7ad643024ba5a614270da24	73ed23445dc5eae309a947d83f64a88f7c187bb5a7ad643024ba5a614270da24
1158	minecraft:yellow_bundle	net.minecraft.world.item.BundleItem	item.minecraft.yellow_bundle	1	1	0	0	1	False	False	False	True	True	["minecraft:vanilla"]	COMMON	BUNDLE	False	False	{"present":false}	1119	c4d9f89b67ae637674349c2ed6c4576945b0174580dc61d9163b7ba061eef1c3	c4d9f89b67ae637674349c2ed6c4576945b0174580dc61d9163b7ba061eef1c3
1159	minecraft:lime_bundle	net.minecraft.world.item.BundleItem	item.minecraft.lime_bundle	1	1	0	0	1	False	False	False	True	True	["minecraft:vanilla"]	COMMON	BUNDLE	False	False	{"present":false}	683	c3e82c68529fdb0b710d9321a7e7f0892b926f40cf328bcb78104263fd80ec03	c3e82c68529fdb0b710d9321a7e7f0892b926f40cf328bcb78104263fd80ec03
1160	minecraft:pink_bundle	net.minecraft.world.item.BundleItem	item.minecraft.pink_bundle	1	1	0	0	1	False	False	False	True	True	["minecraft:vanilla"]	COMMON	BUNDLE	False	False	{"present":false}	917	fec0254a77c5cc60f41fcafcff79c7eac803ee8b92299e18632a500a18d7e248	fec0254a77c5cc60f41fcafcff79c7eac803ee8b92299e18632a500a18d7e248
1161	minecraft:gray_bundle	net.minecraft.world.item.BundleItem	item.minecraft.gray_bundle	1	1	0	0	1	False	False	False	True	True	["minecraft:vanilla"]	COMMON	BUNDLE	False	False	{"present":false}	565	a042ee15ca8dd45b3a2995a434040259f1676f7b2b40ca8d856496ae2f0cb7ab	a042ee15ca8dd45b3a2995a434040259f1676f7b2b40ca8d856496ae2f0cb7ab
1162	minecraft:light_gray_bundle	net.minecraft.world.item.BundleItem	item.minecraft.light_gray_bundle	1	1	0	0	1	False	False	False	True	True	["minecraft:vanilla"]	COMMON	BUNDLE	False	False	{"present":false}	46	6990ee7cd3ac99ac08ddc68b213a9bf9d78d7cedc66543157f4e5e675b411519	6990ee7cd3ac99ac08ddc68b213a9bf9d78d7cedc66543157f4e5e675b411519
1163	minecraft:cyan_bundle	net.minecraft.world.item.BundleItem	item.minecraft.cyan_bundle	1	1	0	0	1	False	False	False	True	True	["minecraft:vanilla"]	COMMON	BUNDLE	False	False	{"present":false}	1514	ac5bdf4f80f0b26d86283bb17da61cf01a11f7123f7d802e969513a6255b3e30	ac5bdf4f80f0b26d86283bb17da61cf01a11f7123f7d802e969513a6255b3e30
1164	minecraft:purple_bundle	net.minecraft.world.item.BundleItem	item.minecraft.purple_bundle	1	1	0	0	1	False	False	False	True	True	["minecraft:vanilla"]	COMMON	BUNDLE	False	False	{"present":false}	1134	f36e8cd16aab5deebf79b7baa593abea8cdb3e17011aef85e3c29ff4b80ccd88	f36e8cd16aab5deebf79b7baa593abea8cdb3e17011aef85e3c29ff4b80ccd88
1165	minecraft:blue_bundle	net.minecraft.world.item.BundleItem	item.minecraft.blue_bundle	1	1	0	0	1	False	False	False	True	True	["minecraft:vanilla"]	COMMON	BUNDLE	False	False	{"present":false}	1075	244bbbdd78eb5054f7d39fa3095978b6a45521711b3bd3616c60ecb61b920b44	244bbbdd78eb5054f7d39fa3095978b6a45521711b3bd3616c60ecb61b920b44
1166	minecraft:brown_bundle	net.minecraft.world.item.BundleItem	item.minecraft.brown_bundle	1	1	0	0	1	False	False	False	True	True	["minecraft:vanilla"]	COMMON	BUNDLE	False	False	{"present":false}	737	6c34de5c76aabc546df5d76405c2c97fb7a1ace7cf185014b453eebe4327b51f	6c34de5c76aabc546df5d76405c2c97fb7a1ace7cf185014b453eebe4327b51f
1167	minecraft:green_bundle	net.minecraft.world.item.BundleItem	item.minecraft.green_bundle	1	1	0	0	1	False	False	False	True	True	["minecraft:vanilla"]	COMMON	BUNDLE	False	False	{"present":false}	1462	ad08a96a452dba5ed3855cf4c6e078d103f60d5dda68f062f260d6545ec987fe	ad08a96a452dba5ed3855cf4c6e078d103f60d5dda68f062f260d6545ec987fe
1168	minecraft:red_bundle	net.minecraft.world.item.BundleItem	item.minecraft.red_bundle	1	1	0	0	1	False	False	False	True	True	["minecraft:vanilla"]	COMMON	BUNDLE	False	False	{"present":false}	978	14b7443b705bbb79954fc56e02b80a7ef8c0b00e2391dba146a8f800a3bf2150	14b7443b705bbb79954fc56e02b80a7ef8c0b00e2391dba146a8f800a3bf2150
1169	minecraft:black_bundle	net.minecraft.world.item.BundleItem	item.minecraft.black_bundle	1	1	0	0	1	False	False	False	True	True	["minecraft:vanilla"]	COMMON	BUNDLE	False	False	{"present":false}	941	032dd789cbd2af0193397a3e29fd4d93a3b8a108a9371a719ca85323dab582b4	032dd789cbd2af0193397a3e29fd4d93a3b8a108a9371a719ca85323dab582b4
1170	minecraft:white_cushion	net.minecraft.world.item.CushionItem	item.minecraft.white_cushion	16	16	0	0	1	False	True	False	True	True	["minecraft:vanilla"]	COMMON	NONE	False	False	{"present":false}	212	727366d79a0f394fd8052fb90901e816b64cd84916fb25a713b771ffefb5a04d	727366d79a0f394fd8052fb90901e816b64cd84916fb25a713b771ffefb5a04d
1171	minecraft:orange_cushion	net.minecraft.world.item.CushionItem	item.minecraft.orange_cushion	16	16	0	0	1	False	True	False	True	True	["minecraft:vanilla"]	COMMON	NONE	False	False	{"present":false}	91	d57ac7c4b4ffc6703abcafd73be8f2233b99f6586c7bd90b02df3d470e46a4e9	d57ac7c4b4ffc6703abcafd73be8f2233b99f6586c7bd90b02df3d470e46a4e9
1172	minecraft:magenta_cushion	net.minecraft.world.item.CushionItem	item.minecraft.magenta_cushion	16	16	0	0	1	False	True	False	True	True	["minecraft:vanilla"]	COMMON	NONE	False	False	{"present":false}	713	cf3b3c8468d8c871c4241c77359cbf1459d3a555dc796ef094cde79c2f2828b4	cf3b3c8468d8c871c4241c77359cbf1459d3a555dc796ef094cde79c2f2828b4
1173	minecraft:light_blue_cushion	net.minecraft.world.item.CushionItem	item.minecraft.light_blue_cushion	16	16	0	0	1	False	True	False	True	True	["minecraft:vanilla"]	COMMON	NONE	False	False	{"present":false}	1177	fffc4abd1fd196a5f36e87af3b9601b14a032f906a0df202a9998fc4be4e48f8	fffc4abd1fd196a5f36e87af3b9601b14a032f906a0df202a9998fc4be4e48f8
1174	minecraft:yellow_cushion	net.minecraft.world.item.CushionItem	item.minecraft.yellow_cushion	16	16	0	0	1	False	True	False	True	True	["minecraft:vanilla"]	COMMON	NONE	False	False	{"present":false}	242	edc822900d1747e94983f010b8f860fb0e2622a3160b4a681ca2373b3ef11e24	edc822900d1747e94983f010b8f860fb0e2622a3160b4a681ca2373b3ef11e24
1175	minecraft:lime_cushion	net.minecraft.world.item.CushionItem	item.minecraft.lime_cushion	16	16	0	0	1	False	True	False	True	True	["minecraft:vanilla"]	COMMON	NONE	False	False	{"present":false}	1048	089ff7e70d9c7e6c46ca10bc47cd041c12abf472b535cef84bf7b53e7289bc9a	089ff7e70d9c7e6c46ca10bc47cd041c12abf472b535cef84bf7b53e7289bc9a
1176	minecraft:pink_cushion	net.minecraft.world.item.CushionItem	item.minecraft.pink_cushion	16	16	0	0	1	False	True	False	True	True	["minecraft:vanilla"]	COMMON	NONE	False	False	{"present":false}	188	32754551ef867f98892d87ae812d49207f4b1f43b6c1957205a849f9118b87ae	32754551ef867f98892d87ae812d49207f4b1f43b6c1957205a849f9118b87ae
1177	minecraft:gray_cushion	net.minecraft.world.item.CushionItem	item.minecraft.gray_cushion	16	16	0	0	1	False	True	False	True	True	["minecraft:vanilla"]	COMMON	NONE	False	False	{"present":false}	1111	f931e8a918b5ac005c9e27d9d851b701ccf279117a359bfca76b34676876fc6f	f931e8a918b5ac005c9e27d9d851b701ccf279117a359bfca76b34676876fc6f
1178	minecraft:light_gray_cushion	net.minecraft.world.item.CushionItem	item.minecraft.light_gray_cushion	16	16	0	0	1	False	True	False	True	True	["minecraft:vanilla"]	COMMON	NONE	False	False	{"present":false}	337	22c0195ff99f9b18535c737e9b0caa9b0c6bae7d7ed2a3a5f782a015651ce46f	22c0195ff99f9b18535c737e9b0caa9b0c6bae7d7ed2a3a5f782a015651ce46f
1179	minecraft:cyan_cushion	net.minecraft.world.item.CushionItem	item.minecraft.cyan_cushion	16	16	0	0	1	False	True	False	True	True	["minecraft:vanilla"]	COMMON	NONE	False	False	{"present":false}	1245	2cd6ccfb5c68afd4ece40a7a4c14cc4835d5f85fb285d009d3bc2f0e229cfefb	2cd6ccfb5c68afd4ece40a7a4c14cc4835d5f85fb285d009d3bc2f0e229cfefb
1180	minecraft:purple_cushion	net.minecraft.world.item.CushionItem	item.minecraft.purple_cushion	16	16	0	0	1	False	True	False	True	True	["minecraft:vanilla"]	COMMON	NONE	False	False	{"present":false}	1416	c6f3e1df0d13221dca994d8ea0dd620c5f0bbc59efea0ac5b4d4bdd894685a46	c6f3e1df0d13221dca994d8ea0dd620c5f0bbc59efea0ac5b4d4bdd894685a46
1181	minecraft:blue_cushion	net.minecraft.world.item.CushionItem	item.minecraft.blue_cushion	16	16	0	0	1	False	True	False	True	True	["minecraft:vanilla"]	COMMON	NONE	False	False	{"present":false}	1366	acc2b881536d963d39342889ddeca6a32db9634af4ed67b49e2fd584d2567395	acc2b881536d963d39342889ddeca6a32db9634af4ed67b49e2fd584d2567395
1182	minecraft:brown_cushion	net.minecraft.world.item.CushionItem	item.minecraft.brown_cushion	16	16	0	0	1	False	True	False	True	True	["minecraft:vanilla"]	COMMON	NONE	False	False	{"present":false}	1080	b95d9ec0da3e86cb5803d11b40ee5cab84ac5f192c06ec34555dff5164974355	b95d9ec0da3e86cb5803d11b40ee5cab84ac5f192c06ec34555dff5164974355
1183	minecraft:green_cushion	net.minecraft.world.item.CushionItem	item.minecraft.green_cushion	16	16	0	0	1	False	True	False	True	True	["minecraft:vanilla"]	COMMON	NONE	False	False	{"present":false}	92	e48a362df46eed68998511695e10dc7ad85a136ce50cca520019b9c9c75cc5cb	e48a362df46eed68998511695e10dc7ad85a136ce50cca520019b9c9c75cc5cb
1184	minecraft:red_cushion	net.minecraft.world.item.CushionItem	item.minecraft.red_cushion	16	16	0	0	1	False	True	False	True	True	["minecraft:vanilla"]	COMMON	NONE	False	False	{"present":false}	232	0ce280a8f5596eda2fedd521d34e6e776559559c04e2a84650a918f64b1284e7	0ce280a8f5596eda2fedd521d34e6e776559559c04e2a84650a918f64b1284e7
1185	minecraft:black_cushion	net.minecraft.world.item.CushionItem	item.minecraft.black_cushion	16	16	0	0	1	False	True	False	True	True	["minecraft:vanilla"]	COMMON	NONE	False	False	{"present":false}	1333	2e3faf14126e9d0fd5db86b9113f6aa5f963c4a69f734f58ed89ea792addf644	2e3faf14126e9d0fd5db86b9113f6aa5f963c4a69f734f58ed89ea792addf644
1186	minecraft:fishing_rod	net.minecraft.world.item.FishingRodItem	item.minecraft.fishing_rod	1	1	64	0	1	False	False	True	True	True	["minecraft:vanilla"]	COMMON	NONE	False	True	{"present":false}	315	86c267427a08873ffe9168ee9b87e8880ed70b74f23e0583747ab18455bbe5d0	86c267427a08873ffe9168ee9b87e8880ed70b74f23e0583747ab18455bbe5d0
1187	minecraft:clock	net.minecraft.world.item.Item	item.minecraft.clock	64	64	0	0	1	False	True	False	True	True	["minecraft:vanilla"]	COMMON	NONE	False	False	{"present":false}	1410	20b62eb55a3114e7c38c29e8a4912df94c80a2d0177d71b3d30623ab65df9bb3	20b62eb55a3114e7c38c29e8a4912df94c80a2d0177d71b3d30623ab65df9bb3
1188	minecraft:spyglass	net.minecraft.world.item.SpyglassItem	item.minecraft.spyglass	1	1	0	0	1	False	False	False	True	True	["minecraft:vanilla"]	COMMON	SPYGLASS	False	False	{"present":false}	211	69ec0fbaa3608ddc41f7f486045419a381bc7f88efc701758a47d4bee5446024	69ec0fbaa3608ddc41f7f486045419a381bc7f88efc701758a47d4bee5446024
1189	minecraft:glowstone_dust	net.minecraft.world.item.Item	item.minecraft.glowstone_dust	64	64	0	0	1	False	True	False	True	True	["minecraft:vanilla"]	COMMON	NONE	False	False	{"present":false}	155	924f08749dae757944a5f62a90a8c45f64d693b136f80c10293ead7dda9fc64e	924f08749dae757944a5f62a90a8c45f64d693b136f80c10293ead7dda9fc64e
1190	minecraft:cod	net.minecraft.world.item.Item	item.minecraft.cod	64	64	0	0	1	False	True	False	True	True	["minecraft:vanilla"]	COMMON	EAT	False	False	{"present":false}	1194	2dde342d5c42f514ca3067863c9b5a1c7a5ddc0ee8e906e569e9cb19ebbf5c00	2dde342d5c42f514ca3067863c9b5a1c7a5ddc0ee8e906e569e9cb19ebbf5c00
1191	minecraft:salmon	net.minecraft.world.item.Item	item.minecraft.salmon	64	64	0	0	1	False	True	False	True	True	["minecraft:vanilla"]	COMMON	EAT	False	False	{"present":false}	127	c17b8fdc353efed56c79b4a1855a2d88ead6ca02a2bb93f597255e8bb215aa80	c17b8fdc353efed56c79b4a1855a2d88ead6ca02a2bb93f597255e8bb215aa80
1192	minecraft:tropical_fish	net.minecraft.world.item.Item	item.minecraft.tropical_fish	64	64	0	0	1	False	True	False	True	True	["minecraft:vanilla"]	COMMON	EAT	False	False	{"present":false}	1256	5268bd954f0d317ee66050a7faff277a3401f79d436bbbb153ddc4d547050bf6	5268bd954f0d317ee66050a7faff277a3401f79d436bbbb153ddc4d547050bf6
1193	minecraft:pufferfish	net.minecraft.world.item.Item	item.minecraft.pufferfish	64	64	0	0	1	False	True	False	True	True	["minecraft:vanilla"]	COMMON	EAT	False	False	{"present":false}	1292	874ee6637c6a381281448dc424c96822d50848fde585a04b2b3ae1c639cad638	874ee6637c6a381281448dc424c96822d50848fde585a04b2b3ae1c639cad638
1194	minecraft:cooked_cod	net.minecraft.world.item.Item	item.minecraft.cooked_cod	64	64	0	0	1	False	True	False	True	True	["minecraft:vanilla"]	COMMON	EAT	False	False	{"present":false}	1420	b1c5099ce7f48765230ac4ca0ab57ff1dd3e8adc1fa8d1fbf2871a29c1d37dd8	b1c5099ce7f48765230ac4ca0ab57ff1dd3e8adc1fa8d1fbf2871a29c1d37dd8
1195	minecraft:cooked_salmon	net.minecraft.world.item.Item	item.minecraft.cooked_salmon	64	64	0	0	1	False	True	False	True	True	["minecraft:vanilla"]	COMMON	EAT	False	False	{"present":false}	774	2f24029e3bbacee0cdbbcef0f31ee51565205e2bd9f7ce30525fcf66592adf39	2f24029e3bbacee0cdbbcef0f31ee51565205e2bd9f7ce30525fcf66592adf39
1196	minecraft:ink_sac	net.minecraft.world.item.InkSacItem	item.minecraft.ink_sac	64	64	0	0	1	False	True	False	True	True	["minecraft:vanilla"]	COMMON	NONE	False	False	{"present":false}	1384	af5965c0333773af12e4636e9ae362453557f1e3158b2f13261654420a3a7064	af5965c0333773af12e4636e9ae362453557f1e3158b2f13261654420a3a7064
1197	minecraft:glow_ink_sac	net.minecraft.world.item.GlowInkSacItem	item.minecraft.glow_ink_sac	64	64	0	0	1	False	True	False	True	True	["minecraft:vanilla"]	COMMON	NONE	False	False	{"present":false}	902	e7f91318c30223e44afffbf49849ddb3d00acdb0e7e4b78a621c630fc69554d0	e7f91318c30223e44afffbf49849ddb3d00acdb0e7e4b78a621c630fc69554d0
1198	minecraft:cocoa_beans	net.minecraft.world.item.BlockItem	item.minecraft.cocoa_beans	64	64	0	0	1	False	True	False	True	True	["minecraft:vanilla"]	COMMON	NONE	False	False	{"present":false}	823	5d33e6a0bb1a1b5132f421230b219bc2cf1261f6208895014fc00857d909697b	5d33e6a0bb1a1b5132f421230b219bc2cf1261f6208895014fc00857d909697b
1199	minecraft:white_dye	net.minecraft.world.item.DyeItem	item.minecraft.white_dye	64	64	0	0	1	False	True	False	True	True	["minecraft:vanilla"]	COMMON	NONE	False	False	{"present":false}	559	c3e2d285f2bcd3b1384dadda883c01ed09d85620f9b3d38ba7ac070ce8314b72	c3e2d285f2bcd3b1384dadda883c01ed09d85620f9b3d38ba7ac070ce8314b72
1200	minecraft:orange_dye	net.minecraft.world.item.DyeItem	item.minecraft.orange_dye	64	64	0	0	1	False	True	False	True	True	["minecraft:vanilla"]	COMMON	NONE	False	False	{"present":false}	807	bb946b76ddafd33c85901d8e11866965862dc438b5c53c56d8ba0c290b77c71d	bb946b76ddafd33c85901d8e11866965862dc438b5c53c56d8ba0c290b77c71d
1201	minecraft:magenta_dye	net.minecraft.world.item.DyeItem	item.minecraft.magenta_dye	64	64	0	0	1	False	True	False	True	True	["minecraft:vanilla"]	COMMON	NONE	False	False	{"present":false}	854	1f0da75bca24e7851a4ce9937b5b80a0d93f5198f8a0f1c87b0ab2d93a3e7528	1f0da75bca24e7851a4ce9937b5b80a0d93f5198f8a0f1c87b0ab2d93a3e7528
1202	minecraft:light_blue_dye	net.minecraft.world.item.DyeItem	item.minecraft.light_blue_dye	64	64	0	0	1	False	True	False	True	True	["minecraft:vanilla"]	COMMON	NONE	False	False	{"present":false}	1280	13da36eb53826b5f9a207d68346a05d042223c18f15a181fc957fa978887e7dd	13da36eb53826b5f9a207d68346a05d042223c18f15a181fc957fa978887e7dd
1203	minecraft:yellow_dye	net.minecraft.world.item.DyeItem	item.minecraft.yellow_dye	64	64	0	0	1	False	True	False	True	True	["minecraft:vanilla"]	COMMON	NONE	False	False	{"present":false}	1324	9654d952bed6dbce143170d00a3f29a700fa6140d221e69fe7392701312c2973	9654d952bed6dbce143170d00a3f29a700fa6140d221e69fe7392701312c2973
1204	minecraft:lime_dye	net.minecraft.world.item.DyeItem	item.minecraft.lime_dye	64	64	0	0	1	False	True	False	True	True	["minecraft:vanilla"]	COMMON	NONE	False	False	{"present":false}	716	c774d105473b94c36b07816176de9b3ba5f764ab1c1a04d61b6345c7afbe61c3	c774d105473b94c36b07816176de9b3ba5f764ab1c1a04d61b6345c7afbe61c3
1205	minecraft:pink_dye	net.minecraft.world.item.DyeItem	item.minecraft.pink_dye	64	64	0	0	1	False	True	False	True	True	["minecraft:vanilla"]	COMMON	NONE	False	False	{"present":false}	1553	7423870131662df0e77d29c3b1b7ee4cc86106853f2b9ba5689c61e70d9cd0f8	7423870131662df0e77d29c3b1b7ee4cc86106853f2b9ba5689c61e70d9cd0f8
1206	minecraft:gray_dye	net.minecraft.world.item.DyeItem	item.minecraft.gray_dye	64	64	0	0	1	False	True	False	True	True	["minecraft:vanilla"]	COMMON	NONE	False	False	{"present":false}	282	65f2ceb2b2122d89ef938963277991f4525f4ab0ca2ae34b1dfc3a757a512998	65f2ceb2b2122d89ef938963277991f4525f4ab0ca2ae34b1dfc3a757a512998
1207	minecraft:light_gray_dye	net.minecraft.world.item.DyeItem	item.minecraft.light_gray_dye	64	64	0	0	1	False	True	False	True	True	["minecraft:vanilla"]	COMMON	NONE	False	False	{"present":false}	1588	4ac9733530a4f5708d16ec393c4cf3cea3329fe908cac2ef7643f007c552289a	4ac9733530a4f5708d16ec393c4cf3cea3329fe908cac2ef7643f007c552289a
1208	minecraft:cyan_dye	net.minecraft.world.item.DyeItem	item.minecraft.cyan_dye	64	64	0	0	1	False	True	False	True	True	["minecraft:vanilla"]	COMMON	NONE	False	False	{"present":false}	326	6e973b75a6c566b6e56a73ed3158022ae8f3fb8ab192ce665de122d8ad204ede	6e973b75a6c566b6e56a73ed3158022ae8f3fb8ab192ce665de122d8ad204ede
1209	minecraft:purple_dye	net.minecraft.world.item.DyeItem	item.minecraft.purple_dye	64	64	0	0	1	False	True	False	True	True	["minecraft:vanilla"]	COMMON	NONE	False	False	{"present":false}	527	24dfb13a7ec5205101afe292e35fce6d71fdaec7c426c26b1bb7b5ded874825d	24dfb13a7ec5205101afe292e35fce6d71fdaec7c426c26b1bb7b5ded874825d
1210	minecraft:blue_dye	net.minecraft.world.item.DyeItem	item.minecraft.blue_dye	64	64	0	0	1	False	True	False	True	True	["minecraft:vanilla"]	COMMON	NONE	False	False	{"present":false}	1167	4ce86972f3dd4a28db536a5238b459b9ce1fd6a244535375cfad6001b9092b08	4ce86972f3dd4a28db536a5238b459b9ce1fd6a244535375cfad6001b9092b08
1211	minecraft:brown_dye	net.minecraft.world.item.DyeItem	item.minecraft.brown_dye	64	64	0	0	1	False	True	False	True	True	["minecraft:vanilla"]	COMMON	NONE	False	False	{"present":false}	257	9e61a8229d115f472bd61f73619c6023d3f08cda00d43f8d5e24165dd7f79e2c	9e61a8229d115f472bd61f73619c6023d3f08cda00d43f8d5e24165dd7f79e2c
1212	minecraft:green_dye	net.minecraft.world.item.DyeItem	item.minecraft.green_dye	64	64	0	0	1	False	True	False	True	True	["minecraft:vanilla"]	COMMON	NONE	False	False	{"present":false}	52	d390eb056616433a9b1584b5010576846f8e95ed7d72dbed836860df6f3c972b	d390eb056616433a9b1584b5010576846f8e95ed7d72dbed836860df6f3c972b
1213	minecraft:red_dye	net.minecraft.world.item.DyeItem	item.minecraft.red_dye	64	64	0	0	1	False	True	False	True	True	["minecraft:vanilla"]	COMMON	NONE	False	False	{"present":false}	520	e20e5a478d32f57baa8c34d9a02f779cb029c3f1df3c648d7e978fe8f4e3b2c8	e20e5a478d32f57baa8c34d9a02f779cb029c3f1df3c648d7e978fe8f4e3b2c8
1214	minecraft:black_dye	net.minecraft.world.item.DyeItem	item.minecraft.black_dye	64	64	0	0	1	False	True	False	True	True	["minecraft:vanilla"]	COMMON	NONE	False	False	{"present":false}	751	9b2777f254f1e57b52c9edc854df6ed1b4ac45e8d460e5fe7c260c6254e571b6	9b2777f254f1e57b52c9edc854df6ed1b4ac45e8d460e5fe7c260c6254e571b6
1215	minecraft:bone_meal	net.minecraft.world.item.BoneMealItem	item.minecraft.bone_meal	64	64	0	0	1	False	True	False	True	True	["minecraft:vanilla"]	COMMON	NONE	False	False	{"present":false}	1062	e4bfb53173e1e517ff2c1d01b054c453d2ad85b36562433560509a7c9edadad9	e4bfb53173e1e517ff2c1d01b054c453d2ad85b36562433560509a7c9edadad9
1216	minecraft:bone	net.minecraft.world.item.Item	item.minecraft.bone	64	64	0	0	1	False	True	False	True	True	["minecraft:vanilla"]	COMMON	NONE	False	False	{"present":false}	1118	450037bcb6c6496ce198a23e3e0c28f0c6cd36bb42aebc2f6087d782b22eb477	450037bcb6c6496ce198a23e3e0c28f0c6cd36bb42aebc2f6087d782b22eb477
1217	minecraft:sugar	net.minecraft.world.item.Item	item.minecraft.sugar	64	64	0	0	1	False	True	False	True	True	["minecraft:vanilla"]	COMMON	NONE	False	False	{"present":false}	222	44e053bcfaecc7fec9a2fbbbf3827b07f60ac787981ad59d133966f48ce3c8e8	44e053bcfaecc7fec9a2fbbbf3827b07f60ac787981ad59d133966f48ce3c8e8
1218	minecraft:cake	net.minecraft.world.item.BlockItem	block.minecraft.cake	1	1	0	0	1	False	False	False	True	True	["minecraft:vanilla"]	COMMON	NONE	False	False	{"present":false}	412	d5db192deb67f8331d98e0e2c41c0236875d1f4bb62265919d622ff46a4f90ea	d5db192deb67f8331d98e0e2c41c0236875d1f4bb62265919d622ff46a4f90ea
1219	minecraft:white_bed	net.minecraft.world.item.BlockItem	block.minecraft.white_bed	1	1	0	0	1	False	False	False	True	True	["minecraft:vanilla"]	COMMON	NONE	False	False	{"present":false}	960	b14f26ab833e6c708991a40eec25efce0786f58370ce3cb8ccd1037b23c940cc	b14f26ab833e6c708991a40eec25efce0786f58370ce3cb8ccd1037b23c940cc
1220	minecraft:orange_bed	net.minecraft.world.item.BlockItem	block.minecraft.orange_bed	1	1	0	0	1	False	False	False	True	True	["minecraft:vanilla"]	COMMON	NONE	False	False	{"present":false}	1092	fa4d6bf56a363d4ec85ec7adae4638f662bb08ef2f8ee88a3202c4deb9e73667	fa4d6bf56a363d4ec85ec7adae4638f662bb08ef2f8ee88a3202c4deb9e73667
1221	minecraft:magenta_bed	net.minecraft.world.item.BlockItem	block.minecraft.magenta_bed	1	1	0	0	1	False	False	False	True	True	["minecraft:vanilla"]	COMMON	NONE	False	False	{"present":false}	258	c4396166e67428e50eb6f4a2fe758080762555ec3dbe475cf8dc9771d5ab44f6	c4396166e67428e50eb6f4a2fe758080762555ec3dbe475cf8dc9771d5ab44f6
1222	minecraft:light_blue_bed	net.minecraft.world.item.BlockItem	block.minecraft.light_blue_bed	1	1	0	0	1	False	False	False	True	True	["minecraft:vanilla"]	COMMON	NONE	False	False	{"present":false}	1406	2fbd0f6f4118a7c03372b4fa3e585f08c9f05f9e3ba5bf972084ab833e553c31	2fbd0f6f4118a7c03372b4fa3e585f08c9f05f9e3ba5bf972084ab833e553c31
1223	minecraft:yellow_bed	net.minecraft.world.item.BlockItem	block.minecraft.yellow_bed	1	1	0	0	1	False	False	False	True	True	["minecraft:vanilla"]	COMMON	NONE	False	False	{"present":false}	60	b01ba1eaa9b963f69327cb3f6459f5049da2198d54d95869680ea84a55e2692a	b01ba1eaa9b963f69327cb3f6459f5049da2198d54d95869680ea84a55e2692a
1224	minecraft:lime_bed	net.minecraft.world.item.BlockItem	block.minecraft.lime_bed	1	1	0	0	1	False	False	False	True	True	["minecraft:vanilla"]	COMMON	NONE	False	False	{"present":false}	935	2eb11d27af63b603e4e347a5ee8f430806241601c76e67a873565174b9e2f7de	2eb11d27af63b603e4e347a5ee8f430806241601c76e67a873565174b9e2f7de
1225	minecraft:pink_bed	net.minecraft.world.item.BlockItem	block.minecraft.pink_bed	1	1	0	0	1	False	False	False	True	True	["minecraft:vanilla"]	COMMON	NONE	False	False	{"present":false}	513	8fa8ad2be7b16f035dbb7a9380c6b2c1c887c6691d9c8fe77b57d6a5b9d15f71	8fa8ad2be7b16f035dbb7a9380c6b2c1c887c6691d9c8fe77b57d6a5b9d15f71
1226	minecraft:gray_bed	net.minecraft.world.item.BlockItem	block.minecraft.gray_bed	1	1	0	0	1	False	False	False	True	True	["minecraft:vanilla"]	COMMON	NONE	False	False	{"present":false}	1543	fd15aa3a483af8b7d1e7379fb8017544ecb40a9a8aee24efc404bd66e1dbea7a	fd15aa3a483af8b7d1e7379fb8017544ecb40a9a8aee24efc404bd66e1dbea7a
1227	minecraft:light_gray_bed	net.minecraft.world.item.BlockItem	block.minecraft.light_gray_bed	1	1	0	0	1	False	False	False	True	True	["minecraft:vanilla"]	COMMON	NONE	False	False	{"present":false}	1380	7090cb1994647d0dc3db41e7677c37efad5edb8d559272918d2a9695eb3375bf	7090cb1994647d0dc3db41e7677c37efad5edb8d559272918d2a9695eb3375bf
1228	minecraft:cyan_bed	net.minecraft.world.item.BlockItem	block.minecraft.cyan_bed	1	1	0	0	1	False	False	False	True	True	["minecraft:vanilla"]	COMMON	NONE	False	False	{"present":false}	1584	cb2667c1f17fd9dca53edb8ca79dba9490df7f796558ba3e751f2b13ae906f35	cb2667c1f17fd9dca53edb8ca79dba9490df7f796558ba3e751f2b13ae906f35
1229	minecraft:purple_bed	net.minecraft.world.item.BlockItem	block.minecraft.purple_bed	1	1	0	0	1	False	False	False	True	True	["minecraft:vanilla"]	COMMON	NONE	False	False	{"present":false}	1603	ca2826f429d4cceb088ac7aba62953c163b79bd83d611ea516fe4aa518fe0cf0	ca2826f429d4cceb088ac7aba62953c163b79bd83d611ea516fe4aa518fe0cf0
1230	minecraft:blue_bed	net.minecraft.world.item.BlockItem	block.minecraft.blue_bed	1	1	0	0	1	False	False	False	True	True	["minecraft:vanilla"]	COMMON	NONE	False	False	{"present":false}	1316	b621e221b05ad34562271ae45b420949473bd1b65e5ebe421aacbabee6090498	b621e221b05ad34562271ae45b420949473bd1b65e5ebe421aacbabee6090498
1231	minecraft:brown_bed	net.minecraft.world.item.BlockItem	block.minecraft.brown_bed	1	1	0	0	1	False	False	False	True	True	["minecraft:vanilla"]	COMMON	NONE	False	False	{"present":false}	1222	393827322c85ab5afd17b4f8f5541dc9742b0781181be3cbb11b4294f6bce05a	393827322c85ab5afd17b4f8f5541dc9742b0781181be3cbb11b4294f6bce05a
1232	minecraft:green_bed	net.minecraft.world.item.BlockItem	block.minecraft.green_bed	1	1	0	0	1	False	False	False	True	True	["minecraft:vanilla"]	COMMON	NONE	False	False	{"present":false}	1685	0afcb15c24637476ee30425cd40261b8734752e5a0cc08a57e72a3ec789f90df	0afcb15c24637476ee30425cd40261b8734752e5a0cc08a57e72a3ec789f90df
1233	minecraft:red_bed	net.minecraft.world.item.BlockItem	block.minecraft.red_bed	1	1	0	0	1	False	False	False	True	True	["minecraft:vanilla"]	COMMON	NONE	False	False	{"present":false}	932	6ff9131ac126b10151992519fc8a85cf2dfdfb6e5410385f70b8375a836bfc53	6ff9131ac126b10151992519fc8a85cf2dfdfb6e5410385f70b8375a836bfc53
1234	minecraft:black_bed	net.minecraft.world.item.BlockItem	block.minecraft.black_bed	1	1	0	0	1	False	False	False	True	True	["minecraft:vanilla"]	COMMON	NONE	False	False	{"present":false}	373	ace9ee9c7b39d202e7026bafb96734211d91395e367ca89b784fca9595fdd232	ace9ee9c7b39d202e7026bafb96734211d91395e367ca89b784fca9595fdd232
1235	minecraft:straw_bed	net.minecraft.world.item.BlockItem	block.minecraft.straw_bed	16	16	0	0	1	False	True	False	True	True	["minecraft:vanilla"]	COMMON	NONE	False	False	{"present":false}	1267	5a893781861bce4fa204bfb4cae78051719d94a2498b6f610b60af1164e99ad1	5a893781861bce4fa204bfb4cae78051719d94a2498b6f610b60af1164e99ad1
1236	minecraft:cookie	net.minecraft.world.item.Item	item.minecraft.cookie	64	64	0	0	1	False	True	False	True	True	["minecraft:vanilla"]	COMMON	EAT	False	False	{"present":false}	1607	6949aca12ddf228a63fa477b419f3a111fefc4d3357b626db0d873057006b4f0	6949aca12ddf228a63fa477b419f3a111fefc4d3357b626db0d873057006b4f0
1237	minecraft:crafter	net.minecraft.world.item.BlockItem	block.minecraft.crafter	64	64	0	0	1	False	True	False	True	True	["minecraft:vanilla"]	COMMON	NONE	False	False	{"present":false}	175	38b33e7efe700541af28187c5b6b68eb3c57bcd09177faae60c1f45031257b33	38b33e7efe700541af28187c5b6b68eb3c57bcd09177faae60c1f45031257b33
1238	minecraft:filled_map	net.minecraft.world.item.MapItem	item.minecraft.filled_map	64	64	0	0	1	False	True	False	True	True	["minecraft:vanilla"]	COMMON	NONE	False	False	{"present":false}	461	b1b91ab43191c352ba77c544962a6ac6cfdff8a8d215d5f63ff37a5a6c6d8ea3	b1b91ab43191c352ba77c544962a6ac6cfdff8a8d215d5f63ff37a5a6c6d8ea3
1239	minecraft:ocean_monument_map	net.minecraft.world.item.MapItem	item.minecraft.ocean_monument_map	64	64	0	0	1	False	True	False	True	True	["minecraft:vanilla"]	COMMON	NONE	False	False	{"present":false}	1522	eddacecd6cfa5a7f03b78f3f77a1fbb02d191ccbce33e5cc18d51dfcc0a2b045	eddacecd6cfa5a7f03b78f3f77a1fbb02d191ccbce33e5cc18d51dfcc0a2b045
1240	minecraft:woodland_mansion_map	net.minecraft.world.item.MapItem	item.minecraft.woodland_mansion_map	64	64	0	0	1	False	True	False	True	True	["minecraft:vanilla"]	COMMON	NONE	False	False	{"present":false}	867	9cabb06af74083e820100ab5782bccc4442670c3d2861f98c7b5427e67d4d358	9cabb06af74083e820100ab5782bccc4442670c3d2861f98c7b5427e67d4d358
1241	minecraft:buried_trial_chambers_map	net.minecraft.world.item.MapItem	item.minecraft.buried_trial_chambers_map	64	64	0	0	1	False	True	False	True	True	["minecraft:vanilla"]	COMMON	NONE	False	False	{"present":false}	1590	a08b473a219157c13405b392695d316ceb6aba01a3b3aaa12c5ddeaa04e3eb0c	a08b473a219157c13405b392695d316ceb6aba01a3b3aaa12c5ddeaa04e3eb0c
1242	minecraft:jungle_pyramid_map	net.minecraft.world.item.MapItem	item.minecraft.jungle_pyramid_map	64	64	0	0	1	False	True	False	True	True	["minecraft:vanilla"]	COMMON	NONE	False	False	{"present":false}	764	2b36dc9099abfb7c0f6c52fc5d3c6d98e60ddfbc511c440243c7f03a0ed85101	2b36dc9099abfb7c0f6c52fc5d3c6d98e60ddfbc511c440243c7f03a0ed85101
1243	minecraft:swamp_hut_map	net.minecraft.world.item.MapItem	item.minecraft.swamp_hut_map	64	64	0	0	1	False	True	False	True	True	["minecraft:vanilla"]	COMMON	NONE	False	False	{"present":false}	493	55fbbd13702191507de58fc9bc56d2c67a769d9db3fbf3f03b314a6fe6c74345	55fbbd13702191507de58fc9bc56d2c67a769d9db3fbf3f03b314a6fe6c74345
1244	minecraft:desert_village_map	net.minecraft.world.item.MapItem	item.minecraft.desert_village_map	64	64	0	0	1	False	True	False	True	True	["minecraft:vanilla"]	COMMON	NONE	False	False	{"present":false}	1060	25a093c656a9987b48d09af3ffc450fae2d6e620d7c7b149841cd3da228416ad	25a093c656a9987b48d09af3ffc450fae2d6e620d7c7b149841cd3da228416ad
1245	minecraft:plains_village_map	net.minecraft.world.item.MapItem	item.minecraft.plains_village_map	64	64	0	0	1	False	True	False	True	True	["minecraft:vanilla"]	COMMON	NONE	False	False	{"present":false}	1374	2a8b1611a31a7994a229e1fbc23feb90ea0b31aa2db7669a2b9e901adba208d7	2a8b1611a31a7994a229e1fbc23feb90ea0b31aa2db7669a2b9e901adba208d7
1246	minecraft:savanna_village_map	net.minecraft.world.item.MapItem	item.minecraft.savanna_village_map	64	64	0	0	1	False	True	False	True	True	["minecraft:vanilla"]	COMMON	NONE	False	False	{"present":false}	448	dbc7e7b74886a454e8e22b7cb04f502145532680a3398e999a119ca3d89ca9f9	dbc7e7b74886a454e8e22b7cb04f502145532680a3398e999a119ca3d89ca9f9
1247	minecraft:snowy_village_map	net.minecraft.world.item.MapItem	item.minecraft.snowy_village_map	64	64	0	0	1	False	True	False	True	True	["minecraft:vanilla"]	COMMON	NONE	False	False	{"present":false}	441	7855474b8ead66d9cdba320cce36faa3a9868c7553701de4057085e0cdab9931	7855474b8ead66d9cdba320cce36faa3a9868c7553701de4057085e0cdab9931
1248	minecraft:taiga_village_map	net.minecraft.world.item.MapItem	item.minecraft.taiga_village_map	64	64	0	0	1	False	True	False	True	True	["minecraft:vanilla"]	COMMON	NONE	False	False	{"present":false}	499	f4b35ae0a2d7d4bc6f2c6a6852bfeac2e233d17e05b5c0f674a914a507b344b8	f4b35ae0a2d7d4bc6f2c6a6852bfeac2e233d17e05b5c0f674a914a507b344b8
1249	minecraft:buried_treasure_map	net.minecraft.world.item.MapItem	item.minecraft.buried_treasure_map	64	64	0	0	1	False	True	False	True	True	["minecraft:vanilla"]	COMMON	NONE	False	False	{"present":false}	284	58893a4b54878afb305ad8fc907b4e6e7af197603d1b53fa81803fecbb8dc2dc	58893a4b54878afb305ad8fc907b4e6e7af197603d1b53fa81803fecbb8dc2dc
1250	minecraft:buried_ancient_city_map	net.minecraft.world.item.MapItem	item.minecraft.buried_ancient_city_map	64	64	0	0	1	False	True	False	True	True	["minecraft:vanilla"]	COMMON	NONE	False	False	{"present":false}	319	7d395ee6b622a1fb923aeb30eca5c8a86df2068566277047cf407d27dab68758	7d395ee6b622a1fb923aeb30eca5c8a86df2068566277047cf407d27dab68758
1251	minecraft:buried_mineshaft_map	net.minecraft.world.item.MapItem	item.minecraft.buried_mineshaft_map	64	64	0	0	1	False	True	False	True	True	["minecraft:vanilla"]	COMMON	NONE	False	False	{"present":false}	360	6858bfe2b2f84b5dd70beef9630c64c482843af5599d4a3a8888ad1d687c1860	6858bfe2b2f84b5dd70beef9630c64c482843af5599d4a3a8888ad1d687c1860
1252	minecraft:desert_pyramid_map	net.minecraft.world.item.MapItem	item.minecraft.desert_pyramid_map	64	64	0	0	1	False	True	False	True	True	["minecraft:vanilla"]	COMMON	NONE	False	False	{"present":false}	1422	0330b0a8ed55f49596ef29242b4506b845855678c2d28d7eb834b3cad34992fe	0330b0a8ed55f49596ef29242b4506b845855678c2d28d7eb834b3cad34992fe
1253	minecraft:abandoned_camp_map	net.minecraft.world.item.MapItem	item.minecraft.abandoned_camp_map	64	64	0	0	1	False	True	False	True	True	["minecraft:vanilla"]	COMMON	NONE	False	False	{"present":false}	19	dbb039d858b60cd1d2e00b9ad42a4b93b91a250c24bd54753d2527e3f21c0aff	dbb039d858b60cd1d2e00b9ad42a4b93b91a250c24bd54753d2527e3f21c0aff
1254	minecraft:warm_ocean_ruins_map	net.minecraft.world.item.MapItem	item.minecraft.warm_ocean_ruins_map	64	64	0	0	1	False	True	False	True	True	["minecraft:vanilla"]	COMMON	NONE	False	False	{"present":false}	1582	f8384f4dc5f24f1542d822fcf8513533f0a45993fe76e7d6473f3791965161f1	f8384f4dc5f24f1542d822fcf8513533f0a45993fe76e7d6473f3791965161f1
1255	minecraft:shears	net.minecraft.world.item.ShearsItem	item.minecraft.shears	1	1	238	0	1	False	False	True	True	True	["minecraft:vanilla"]	COMMON	NONE	False	False	{"present":false}	878	541427dc016fd7072eeb603b753db466dd1c27ccdfb32a826d625bdc6b39cc8e	541427dc016fd7072eeb603b753db466dd1c27ccdfb32a826d625bdc6b39cc8e
1256	minecraft:melon_slice	net.minecraft.world.item.Item	item.minecraft.melon_slice	64	64	0	0	1	False	True	False	True	True	["minecraft:vanilla"]	COMMON	EAT	False	False	{"present":false}	873	925adfb533827e7cad2012642256e95eaaff53b8cc8404f1a2c1a296ed20ef84	925adfb533827e7cad2012642256e95eaaff53b8cc8404f1a2c1a296ed20ef84
1257	minecraft:dried_kelp	net.minecraft.world.item.Item	item.minecraft.dried_kelp	64	64	0	0	1	False	True	False	True	True	["minecraft:vanilla"]	COMMON	EAT	False	False	{"present":false}	1341	096f1f94e19cbe3d5785e9030e974b4d42a27cf3b6f904778a60154a2eee732c	096f1f94e19cbe3d5785e9030e974b4d42a27cf3b6f904778a60154a2eee732c
1258	minecraft:pumpkin_seeds	net.minecraft.world.item.BlockItem	item.minecraft.pumpkin_seeds	64	64	0	0	1	False	True	False	True	True	["minecraft:vanilla"]	COMMON	NONE	False	False	{"present":false}	383	89771f299b1aabeb6cbd4026a40d09d1265e906f24059d314d1903c7da142dd5	89771f299b1aabeb6cbd4026a40d09d1265e906f24059d314d1903c7da142dd5
1259	minecraft:melon_seeds	net.minecraft.world.item.BlockItem	item.minecraft.melon_seeds	64	64	0	0	1	False	True	False	True	True	["minecraft:vanilla"]	COMMON	NONE	False	False	{"present":false}	1549	1c06dc6c124c00d496893e721db0068f67732245d0c0ba3b85e743d0b3bc6136	1c06dc6c124c00d496893e721db0068f67732245d0c0ba3b85e743d0b3bc6136
1260	minecraft:beef	net.minecraft.world.item.Item	item.minecraft.beef	64	64	0	0	1	False	True	False	True	True	["minecraft:vanilla"]	COMMON	EAT	False	False	{"present":false}	176	6b1865cd5f56785805f95f7d13fa3d4f2d081962956e73de21aaf6a3747e2999	6b1865cd5f56785805f95f7d13fa3d4f2d081962956e73de21aaf6a3747e2999
1261	minecraft:cooked_beef	net.minecraft.world.item.Item	item.minecraft.cooked_beef	64	64	0	0	1	False	True	False	True	True	["minecraft:vanilla"]	COMMON	EAT	False	False	{"present":false}	464	f3d6edfd7c77ed952a2a81a9a05e914f51e0425e2ce747ac98e6ccba9c1e33b1	f3d6edfd7c77ed952a2a81a9a05e914f51e0425e2ce747ac98e6ccba9c1e33b1
1262	minecraft:chicken	net.minecraft.world.item.Item	item.minecraft.chicken	64	64	0	0	1	False	True	False	True	True	["minecraft:vanilla"]	COMMON	EAT	False	False	{"present":false}	1008	e6294cb68c94a56822686f4f4b3b64d94c2a037e3ad911301d2234dd36af08ae	e6294cb68c94a56822686f4f4b3b64d94c2a037e3ad911301d2234dd36af08ae
1263	minecraft:cooked_chicken	net.minecraft.world.item.Item	item.minecraft.cooked_chicken	64	64	0	0	1	False	True	False	True	True	["minecraft:vanilla"]	COMMON	EAT	False	False	{"present":false}	625	c312fd8e82b455bfa67fa2c46143f3ef89592c046ee08643b232c2d59ce2a39e	c312fd8e82b455bfa67fa2c46143f3ef89592c046ee08643b232c2d59ce2a39e
1264	minecraft:rotten_flesh	net.minecraft.world.item.Item	item.minecraft.rotten_flesh	64	64	0	0	1	False	True	False	True	True	["minecraft:vanilla"]	COMMON	EAT	False	False	{"present":false}	1028	01b3ade57beb7faf6019743a9d75e282f49dc4ce8ab69493509699527480c98e	01b3ade57beb7faf6019743a9d75e282f49dc4ce8ab69493509699527480c98e
1265	minecraft:ender_pearl	net.minecraft.world.item.EnderpearlItem	item.minecraft.ender_pearl	16	16	0	0	1	False	True	False	True	True	["minecraft:vanilla"]	COMMON	NONE	False	False	{"present":false}	1211	df0d93f632e9b9d63ad11cac7bbca18508bcf5fdabab4355c8a735a645c892d0	df0d93f632e9b9d63ad11cac7bbca18508bcf5fdabab4355c8a735a645c892d0
1266	minecraft:blaze_rod	net.minecraft.world.item.Item	item.minecraft.blaze_rod	64	64	0	0	1	False	True	False	True	True	["minecraft:vanilla"]	COMMON	NONE	False	False	{"present":false}	1100	f8d12868308dc5bb92ad874f95676573ef8a6d4b3b252122da9b337b7dfabb33	f8d12868308dc5bb92ad874f95676573ef8a6d4b3b252122da9b337b7dfabb33
1267	minecraft:ghast_tear	net.minecraft.world.item.Item	item.minecraft.ghast_tear	64	64	0	0	1	False	True	False	True	True	["minecraft:vanilla"]	COMMON	NONE	False	False	{"present":false}	1373	a6b5e93ea6da225a3709db167c41def96db79bfd27f9f7b308e6ce010eaf0f0c	a6b5e93ea6da225a3709db167c41def96db79bfd27f9f7b308e6ce010eaf0f0c
1268	minecraft:gold_nugget	net.minecraft.world.item.Item	item.minecraft.gold_nugget	64	64	0	0	1	False	True	False	True	True	["minecraft:vanilla"]	COMMON	NONE	False	False	{"present":false}	455	1ef25bff0803a43863d5e47ef50c87b5a2b374a27b56227e993bf960fdd05602	1ef25bff0803a43863d5e47ef50c87b5a2b374a27b56227e993bf960fdd05602
1269	minecraft:nether_wart	net.minecraft.world.item.BlockItem	item.minecraft.nether_wart	64	64	0	0	1	False	True	False	True	True	["minecraft:vanilla"]	COMMON	NONE	False	False	{"present":false}	1096	96c4ce5b54d4b4292a25ac4d9f7114ce4ae9fef861d8f4a00a666d4b3006ca6a	96c4ce5b54d4b4292a25ac4d9f7114ce4ae9fef861d8f4a00a666d4b3006ca6a
1270	minecraft:glass_bottle	net.minecraft.world.item.BottleItem	item.minecraft.glass_bottle	64	64	0	0	1	False	True	False	True	True	["minecraft:vanilla"]	COMMON	NONE	False	False	{"present":false}	1279	3b99bb61788394434372302b60d8451e54b57e5ed779103d37a5b4322b2f1103	3b99bb61788394434372302b60d8451e54b57e5ed779103d37a5b4322b2f1103
1271	minecraft:potion	net.minecraft.world.item.PotionItem	item.minecraft.potion	1	1	0	0	1	False	False	False	True	True	["minecraft:vanilla"]	COMMON	DRINK	False	False	{"present":false}	1365	ff80adfdd426ca4abc7481220cf5cd55f1aa4d7b55cb8a61c831262b9092adc0	ff80adfdd426ca4abc7481220cf5cd55f1aa4d7b55cb8a61c831262b9092adc0
1272	minecraft:spider_eye	net.minecraft.world.item.Item	item.minecraft.spider_eye	64	64	0	0	1	False	True	False	True	True	["minecraft:vanilla"]	COMMON	EAT	False	False	{"present":false}	1204	0143cda6189cdf334a53808e0f0f7a58a311a9d9b5b715f92a394165ce693bf2	0143cda6189cdf334a53808e0f0f7a58a311a9d9b5b715f92a394165ce693bf2
1273	minecraft:fermented_spider_eye	net.minecraft.world.item.Item	item.minecraft.fermented_spider_eye	64	64	0	0	1	False	True	False	True	True	["minecraft:vanilla"]	COMMON	NONE	False	False	{"present":false}	724	516ad1b3c41be16d63d030299e76615b0ed5f6a8fddfd74634e1f2067e63748f	516ad1b3c41be16d63d030299e76615b0ed5f6a8fddfd74634e1f2067e63748f
1274	minecraft:blaze_powder	net.minecraft.world.item.Item	item.minecraft.blaze_powder	64	64	0	0	1	False	True	False	True	True	["minecraft:vanilla"]	COMMON	NONE	False	False	{"present":false}	542	667f94ad27c691c51c1012f61f85f77dd817a229cf94097f0f4327ad8246b004	667f94ad27c691c51c1012f61f85f77dd817a229cf94097f0f4327ad8246b004
1275	minecraft:magma_cream	net.minecraft.world.item.Item	item.minecraft.magma_cream	64	64	0	0	1	False	True	False	True	True	["minecraft:vanilla"]	COMMON	NONE	False	False	{"present":false}	997	22cce12e069df13c74ef6887c872c3e956885fe44c62daaf5c2423c367c05f31	22cce12e069df13c74ef6887c872c3e956885fe44c62daaf5c2423c367c05f31
1276	minecraft:brewing_stand	net.minecraft.world.item.BlockItem	block.minecraft.brewing_stand	64	64	0	0	1	False	True	False	True	True	["minecraft:vanilla"]	COMMON	NONE	False	False	{"present":false}	525	a0ebafb2189fd2f123f8e5f6dfb345566ea044dec86049f36c25e694422ba51b	a0ebafb2189fd2f123f8e5f6dfb345566ea044dec86049f36c25e694422ba51b
1277	minecraft:cauldron	net.minecraft.world.item.BlockItem	block.minecraft.cauldron	64	64	0	0	1	False	True	False	True	True	["minecraft:vanilla"]	COMMON	NONE	False	False	{"present":false}	532	cb41129e73a3b552d31e311357646b29105d31d2eb9e931c3b270c236a6405ab	cb41129e73a3b552d31e311357646b29105d31d2eb9e931c3b270c236a6405ab
1278	minecraft:ender_eye	net.minecraft.world.item.EnderEyeItem	item.minecraft.ender_eye	64	64	0	0	1	False	True	False	True	True	["minecraft:vanilla"]	COMMON	NONE	False	False	{"present":false}	398	bd7cb9c13bd79fc1a4d450686bf8bb865f665465e0f8782ffe653b5aba0fdb63	bd7cb9c13bd79fc1a4d450686bf8bb865f665465e0f8782ffe653b5aba0fdb63
1279	minecraft:glistering_melon_slice	net.minecraft.world.item.Item	item.minecraft.glistering_melon_slice	64	64	0	0	1	False	True	False	True	True	["minecraft:vanilla"]	COMMON	NONE	False	False	{"present":false}	1131	461e49f3d57a39f19236dc67094b2186a9389a0ec46b137473c58d6df64315f3	461e49f3d57a39f19236dc67094b2186a9389a0ec46b137473c58d6df64315f3
1280	minecraft:chicken_spawn_egg	net.minecraft.world.item.SpawnEggItem	item.minecraft.chicken_spawn_egg	64	64	0	0	1	False	True	False	True	True	["minecraft:vanilla"]	COMMON	NONE	False	False	{"present":false}	1264	87eee5bd7ec2d7f535c6f60210816648df30a6c2cfd3cc33bc22d5f67bbd8360	87eee5bd7ec2d7f535c6f60210816648df30a6c2cfd3cc33bc22d5f67bbd8360
1281	minecraft:cow_spawn_egg	net.minecraft.world.item.SpawnEggItem	item.minecraft.cow_spawn_egg	64	64	0	0	1	False	True	False	True	True	["minecraft:vanilla"]	COMMON	NONE	False	False	{"present":false}	1226	a9802afea18f3451b6e96028e18963c15769cb841235dd46f7943529e1f7f1de	a9802afea18f3451b6e96028e18963c15769cb841235dd46f7943529e1f7f1de
1282	minecraft:pig_spawn_egg	net.minecraft.world.item.SpawnEggItem	item.minecraft.pig_spawn_egg	64	64	0	0	1	False	True	False	True	True	["minecraft:vanilla"]	COMMON	NONE	False	False	{"present":false}	314	6713036220ed60b777181d9edf92ad830bfc5345cdabb7331a2efce4a06bc054	6713036220ed60b777181d9edf92ad830bfc5345cdabb7331a2efce4a06bc054
1283	minecraft:sheep_spawn_egg	net.minecraft.world.item.SpawnEggItem	item.minecraft.sheep_spawn_egg	64	64	0	0	1	False	True	False	True	True	["minecraft:vanilla"]	COMMON	NONE	False	False	{"present":false}	564	a7cea73188b3e366fb6d9a2c0f508a2dcba85b6f7ccb8fb93847a8bdbea2843a	a7cea73188b3e366fb6d9a2c0f508a2dcba85b6f7ccb8fb93847a8bdbea2843a
1284	minecraft:camel_spawn_egg	net.minecraft.world.item.SpawnEggItem	item.minecraft.camel_spawn_egg	64	64	0	0	1	False	True	False	True	True	["minecraft:vanilla"]	COMMON	NONE	False	False	{"present":false}	1066	d4b9c68f643552a1f699660b317aa855d2074e09a2dde189b2bccbf4338c7a30	d4b9c68f643552a1f699660b317aa855d2074e09a2dde189b2bccbf4338c7a30
1285	minecraft:donkey_spawn_egg	net.minecraft.world.item.SpawnEggItem	item.minecraft.donkey_spawn_egg	64	64	0	0	1	False	True	False	True	True	["minecraft:vanilla"]	COMMON	NONE	False	False	{"present":false}	108	e3c2f697fc1a3759e39e913d1f56bfc696e430dfbd112758106178bccf95b8c1	e3c2f697fc1a3759e39e913d1f56bfc696e430dfbd112758106178bccf95b8c1
1286	minecraft:horse_spawn_egg	net.minecraft.world.item.SpawnEggItem	item.minecraft.horse_spawn_egg	64	64	0	0	1	False	True	False	True	True	["minecraft:vanilla"]	COMMON	NONE	False	False	{"present":false}	631	959b52d84d5089f3c8bf315ddf337f79048f3068f4b4cb225f5434820efa7d31	959b52d84d5089f3c8bf315ddf337f79048f3068f4b4cb225f5434820efa7d31
1287	minecraft:mule_spawn_egg	net.minecraft.world.item.SpawnEggItem	item.minecraft.mule_spawn_egg	64	64	0	0	1	False	True	False	True	True	["minecraft:vanilla"]	COMMON	NONE	False	False	{"present":false}	1356	9b63416f4d764bd6ef3aa268ca3068dd9f7fffbe0ea233084db5e7fde34bc301	9b63416f4d764bd6ef3aa268ca3068dd9f7fffbe0ea233084db5e7fde34bc301
1288	minecraft:cat_spawn_egg	net.minecraft.world.item.SpawnEggItem	item.minecraft.cat_spawn_egg	64	64	0	0	1	False	True	False	True	True	["minecraft:vanilla"]	COMMON	NONE	False	False	{"present":false}	1251	20b746c708b7d47aa3eef836dfb28a8a9676f82e7c3ac378bebb533d120b1492	20b746c708b7d47aa3eef836dfb28a8a9676f82e7c3ac378bebb533d120b1492
1289	minecraft:parrot_spawn_egg	net.minecraft.world.item.SpawnEggItem	item.minecraft.parrot_spawn_egg	64	64	0	0	1	False	True	False	True	True	["minecraft:vanilla"]	COMMON	NONE	False	False	{"present":false}	15	c035f10926c4deceb0fc3b8a50c4d01050205530f44d5939287337b3ae30ba58	c035f10926c4deceb0fc3b8a50c4d01050205530f44d5939287337b3ae30ba58
1290	minecraft:wolf_spawn_egg	net.minecraft.world.item.SpawnEggItem	item.minecraft.wolf_spawn_egg	64	64	0	0	1	False	True	False	True	True	["minecraft:vanilla"]	COMMON	NONE	False	False	{"present":false}	1457	e74421a65f6d110f8fa04a770c1f3f2b7824b561dbfa37957bb63e2d43b6d2ca	e74421a65f6d110f8fa04a770c1f3f2b7824b561dbfa37957bb63e2d43b6d2ca
1291	minecraft:armadillo_spawn_egg	net.minecraft.world.item.SpawnEggItem	item.minecraft.armadillo_spawn_egg	64	64	0	0	1	False	True	False	True	True	["minecraft:vanilla"]	COMMON	NONE	False	False	{"present":false}	370	7b2bd375f75a44775b3e728f45e12d9a9024ea9c71f904abd954945ceee0a403	7b2bd375f75a44775b3e728f45e12d9a9024ea9c71f904abd954945ceee0a403
1292	minecraft:bat_spawn_egg	net.minecraft.world.item.SpawnEggItem	item.minecraft.bat_spawn_egg	64	64	0	0	1	False	True	False	True	True	["minecraft:vanilla"]	COMMON	NONE	False	False	{"present":false}	180	3cdc3b60b166c4d909fbf43a1fe2d55520919391da1a1d04a88d6da97ac815dd	3cdc3b60b166c4d909fbf43a1fe2d55520919391da1a1d04a88d6da97ac815dd
1293	minecraft:bee_spawn_egg	net.minecraft.world.item.SpawnEggItem	item.minecraft.bee_spawn_egg	64	64	0	0	1	False	True	False	True	True	["minecraft:vanilla"]	COMMON	NONE	False	False	{"present":false}	1022	d071d3eda9edcf6335984ae85926adb3c317b4ebfa0be0cc9bc71178117f3bce	d071d3eda9edcf6335984ae85926adb3c317b4ebfa0be0cc9bc71178117f3bce
1294	minecraft:fox_spawn_egg	net.minecraft.world.item.SpawnEggItem	item.minecraft.fox_spawn_egg	64	64	0	0	1	False	True	False	True	True	["minecraft:vanilla"]	COMMON	NONE	False	False	{"present":false}	1127	8d6b1e42d92fa270a1ece59d42695adc1cba021456818bb8b69c126a43870308	8d6b1e42d92fa270a1ece59d42695adc1cba021456818bb8b69c126a43870308
1295	minecraft:goat_spawn_egg	net.minecraft.world.item.SpawnEggItem	item.minecraft.goat_spawn_egg	64	64	0	0	1	False	True	False	True	True	["minecraft:vanilla"]	COMMON	NONE	False	False	{"present":false}	548	e72e43fe5a54bb164cf123d69b5d195f2db11fcf731e7be240462d811b6cec66	e72e43fe5a54bb164cf123d69b5d195f2db11fcf731e7be240462d811b6cec66
1296	minecraft:llama_spawn_egg	net.minecraft.world.item.SpawnEggItem	item.minecraft.llama_spawn_egg	64	64	0	0	1	False	True	False	True	True	["minecraft:vanilla"]	COMMON	NONE	False	False	{"present":false}	357	e580d609ef08616fbd8cc2c11ecd4d53474713c9da83f26d94e99300ee63f7a6	e580d609ef08616fbd8cc2c11ecd4d53474713c9da83f26d94e99300ee63f7a6
1297	minecraft:ocelot_spawn_egg	net.minecraft.world.item.SpawnEggItem	item.minecraft.ocelot_spawn_egg	64	64	0	0	1	False	True	False	True	True	["minecraft:vanilla"]	COMMON	NONE	False	False	{"present":false}	704	c0557d6190a0171344ce2e88a03bf47f583f58edd8ee41e1b5549b25041b508b	c0557d6190a0171344ce2e88a03bf47f583f58edd8ee41e1b5549b25041b508b
1298	minecraft:panda_spawn_egg	net.minecraft.world.item.SpawnEggItem	item.minecraft.panda_spawn_egg	64	64	0	0	1	False	True	False	True	True	["minecraft:vanilla"]	COMMON	NONE	False	False	{"present":false}	1486	51bc2bbc789548c068c7a7f907d3d01404763035f4ff73a75a0cd799dc20d75f	51bc2bbc789548c068c7a7f907d3d01404763035f4ff73a75a0cd799dc20d75f
1299	minecraft:polar_bear_spawn_egg	net.minecraft.world.item.SpawnEggItem	item.minecraft.polar_bear_spawn_egg	64	64	0	0	1	False	True	False	True	True	["minecraft:vanilla"]	COMMON	NONE	False	False	{"present":false}	480	efcbbcaa8f6e51ca1beef26135fdc6e98994c73ce64a77627b849b5a5d048023	efcbbcaa8f6e51ca1beef26135fdc6e98994c73ce64a77627b849b5a5d048023
1300	minecraft:rabbit_spawn_egg	net.minecraft.world.item.SpawnEggItem	item.minecraft.rabbit_spawn_egg	64	64	0	0	1	False	True	False	True	True	["minecraft:vanilla"]	COMMON	NONE	False	False	{"present":false}	3	470d21c22f616e67a65582381dd6ea759c66dc17ffae5e193f4374299dc6a47f	470d21c22f616e67a65582381dd6ea759c66dc17ffae5e193f4374299dc6a47f
1301	minecraft:axolotl_spawn_egg	net.minecraft.world.item.SpawnEggItem	item.minecraft.axolotl_spawn_egg	64	64	0	0	1	False	True	False	True	True	["minecraft:vanilla"]	COMMON	NONE	False	False	{"present":false}	572	8dd19d75bef3d92bd288f9b9778ffa53a382d4af8a17769b6ef47fe48aaa8efc	8dd19d75bef3d92bd288f9b9778ffa53a382d4af8a17769b6ef47fe48aaa8efc
1302	minecraft:cod_spawn_egg	net.minecraft.world.item.SpawnEggItem	item.minecraft.cod_spawn_egg	64	64	0	0	1	False	True	False	True	True	["minecraft:vanilla"]	COMMON	NONE	False	False	{"present":false}	1518	cfc64c220d3887acdfc0fba3347ce1ed44295f3bddc11730db9875d5f0f1df9e	cfc64c220d3887acdfc0fba3347ce1ed44295f3bddc11730db9875d5f0f1df9e
1303	minecraft:dolphin_spawn_egg	net.minecraft.world.item.SpawnEggItem	item.minecraft.dolphin_spawn_egg	64	64	0	0	1	False	True	False	True	True	["minecraft:vanilla"]	COMMON	NONE	False	False	{"present":false}	773	d58730c63ced4d65163b8fccfff230b6849b3a8148f30e60e97e1649b5f90ab5	d58730c63ced4d65163b8fccfff230b6849b3a8148f30e60e97e1649b5f90ab5
1304	minecraft:frog_spawn_egg	net.minecraft.world.item.SpawnEggItem	item.minecraft.frog_spawn_egg	64	64	0	0	1	False	True	False	True	True	["minecraft:vanilla"]	COMMON	NONE	False	False	{"present":false}	1407	63a6598325acd3a96fcd64b31cf99c430111e970489d9fc399123d2ad21d541c	63a6598325acd3a96fcd64b31cf99c430111e970489d9fc399123d2ad21d541c
1305	minecraft:glow_squid_spawn_egg	net.minecraft.world.item.SpawnEggItem	item.minecraft.glow_squid_spawn_egg	64	64	0	0	1	False	True	False	True	True	["minecraft:vanilla"]	COMMON	NONE	False	False	{"present":false}	743	46ed8d85971a377d0fd149e87f0297b903bfcd2586b76bfaf68d9b0d77027d03	46ed8d85971a377d0fd149e87f0297b903bfcd2586b76bfaf68d9b0d77027d03
1306	minecraft:nautilus_spawn_egg	net.minecraft.world.item.SpawnEggItem	item.minecraft.nautilus_spawn_egg	64	64	0	0	1	False	True	False	True	True	["minecraft:vanilla"]	COMMON	NONE	False	False	{"present":false}	30	70dc3d67bd178fe8ea9dd1144c9d3b231a5d3b4a80a6a0af1e1a8906d0ced35c	70dc3d67bd178fe8ea9dd1144c9d3b231a5d3b4a80a6a0af1e1a8906d0ced35c
1307	minecraft:pufferfish_spawn_egg	net.minecraft.world.item.SpawnEggItem	item.minecraft.pufferfish_spawn_egg	64	64	0	0	1	False	True	False	True	True	["minecraft:vanilla"]	COMMON	NONE	False	False	{"present":false}	1408	420c8b23f70ded2cf140f5ab743475446092691f5e1b41094619a58602fb0e8f	420c8b23f70ded2cf140f5ab743475446092691f5e1b41094619a58602fb0e8f
1308	minecraft:salmon_spawn_egg	net.minecraft.world.item.SpawnEggItem	item.minecraft.salmon_spawn_egg	64	64	0	0	1	False	True	False	True	True	["minecraft:vanilla"]	COMMON	NONE	False	False	{"present":false}	1309	d2a4c73b0543101e1e921eced75be23dc88ce111442702d9112547ec26e13f4f	d2a4c73b0543101e1e921eced75be23dc88ce111442702d9112547ec26e13f4f
1309	minecraft:squid_spawn_egg	net.minecraft.world.item.SpawnEggItem	item.minecraft.squid_spawn_egg	64	64	0	0	1	False	True	False	True	True	["minecraft:vanilla"]	COMMON	NONE	False	False	{"present":false}	372	1fe8e5874d3a8e9b6ae87a87aad85e4a5553c19a529f1693819610ce888a7125	1fe8e5874d3a8e9b6ae87a87aad85e4a5553c19a529f1693819610ce888a7125
1310	minecraft:tadpole_spawn_egg	net.minecraft.world.item.SpawnEggItem	item.minecraft.tadpole_spawn_egg	64	64	0	0	1	False	True	False	True	True	["minecraft:vanilla"]	COMMON	NONE	False	False	{"present":false}	1183	0c246f189622c9b292799ddd15cb6fce011ef69e14fcefa002a1206cdd1271ff	0c246f189622c9b292799ddd15cb6fce011ef69e14fcefa002a1206cdd1271ff
1311	minecraft:tropical_fish_spawn_egg	net.minecraft.world.item.SpawnEggItem	item.minecraft.tropical_fish_spawn_egg	64	64	0	0	1	False	True	False	True	True	["minecraft:vanilla"]	COMMON	NONE	False	False	{"present":false}	115	8a5f28ca39ea776ebc213fad14a9f118eef8e46e7080ad93fa35e9fd699f6009	8a5f28ca39ea776ebc213fad14a9f118eef8e46e7080ad93fa35e9fd699f6009
1312	minecraft:turtle_spawn_egg	net.minecraft.world.item.SpawnEggItem	item.minecraft.turtle_spawn_egg	64	64	0	0	1	False	True	False	True	True	["minecraft:vanilla"]	COMMON	NONE	False	False	{"present":false}	503	bc8ddd0a093b0cad9cc74cee8f5a6afa6d6ce3c8a5e26fcc36fb367a49f1bb4a	bc8ddd0a093b0cad9cc74cee8f5a6afa6d6ce3c8a5e26fcc36fb367a49f1bb4a
1313	minecraft:allay_spawn_egg	net.minecraft.world.item.SpawnEggItem	item.minecraft.allay_spawn_egg	64	64	0	0	1	False	True	False	True	True	["minecraft:vanilla"]	COMMON	NONE	False	False	{"present":false}	1428	f952903bed7df07486141a408fff79959e84efd9099044deffd34b8c35c73353	f952903bed7df07486141a408fff79959e84efd9099044deffd34b8c35c73353
1314	minecraft:mooshroom_spawn_egg	net.minecraft.world.item.SpawnEggItem	item.minecraft.mooshroom_spawn_egg	64	64	0	0	1	False	True	False	True	True	["minecraft:vanilla"]	COMMON	NONE	False	False	{"present":false}	557	fca4b393e2bf7e3a318adc8ccdd3b5ab9934a17a516072ea7936cc840c5d16f0	fca4b393e2bf7e3a318adc8ccdd3b5ab9934a17a516072ea7936cc840c5d16f0
1315	minecraft:sniffer_spawn_egg	net.minecraft.world.item.SpawnEggItem	item.minecraft.sniffer_spawn_egg	64	64	0	0	1	False	True	False	True	True	["minecraft:vanilla"]	COMMON	NONE	False	False	{"present":false}	1402	9c7ce0bfe2db3838a8b02c679f2e763bfceecce61cdeec397f812502f1c86e5d	9c7ce0bfe2db3838a8b02c679f2e763bfceecce61cdeec397f812502f1c86e5d
1316	minecraft:sulfur_cube_spawn_egg	net.minecraft.world.item.SpawnEggItem	item.minecraft.sulfur_cube_spawn_egg	64	64	0	0	1	False	True	False	True	True	["minecraft:vanilla"]	COMMON	NONE	False	False	{"present":false}	81	2895af826375636a97062ce31c1eedb736e70ac09a2cd35c2c8c289bb96d30ef	2895af826375636a97062ce31c1eedb736e70ac09a2cd35c2c8c289bb96d30ef
1317	minecraft:copper_golem_spawn_egg	net.minecraft.world.item.SpawnEggItem	item.minecraft.copper_golem_spawn_egg	64	64	0	0	1	False	True	False	True	True	["minecraft:vanilla"]	COMMON	NONE	False	False	{"present":false}	1332	313556f54b9bed779731ec3e637048f244c49e5d9b22a353302b9a8f3e83ffef	313556f54b9bed779731ec3e637048f244c49e5d9b22a353302b9a8f3e83ffef
1318	minecraft:iron_golem_spawn_egg	net.minecraft.world.item.SpawnEggItem	item.minecraft.iron_golem_spawn_egg	64	64	0	0	1	False	True	False	True	True	["minecraft:vanilla"]	COMMON	NONE	False	False	{"present":false}	323	f5f98f9bfd25dce590cc3172326cbd8cb826b6ff058da1c4c8380e5b55aaed5c	f5f98f9bfd25dce590cc3172326cbd8cb826b6ff058da1c4c8380e5b55aaed5c
1319	minecraft:snow_golem_spawn_egg	net.minecraft.world.item.SpawnEggItem	item.minecraft.snow_golem_spawn_egg	64	64	0	0	1	False	True	False	True	True	["minecraft:vanilla"]	COMMON	NONE	False	False	{"present":false}	1071	951c9caf87f5beb89f82d2478e19d6c799df68b8c61467a3c6cef77a5d24a035	951c9caf87f5beb89f82d2478e19d6c799df68b8c61467a3c6cef77a5d24a035
1320	minecraft:trader_llama_spawn_egg	net.minecraft.world.item.SpawnEggItem	item.minecraft.trader_llama_spawn_egg	64	64	0	0	1	False	True	False	True	True	["minecraft:vanilla"]	COMMON	NONE	False	False	{"present":false}	977	e798a02246d73c44472c9c17af522fd457315aea29d39d72fa2b463ead144cf8	e798a02246d73c44472c9c17af522fd457315aea29d39d72fa2b463ead144cf8
1321	minecraft:villager_spawn_egg	net.minecraft.world.item.SpawnEggItem	item.minecraft.villager_spawn_egg	64	64	0	0	1	False	True	False	True	True	["minecraft:vanilla"]	COMMON	NONE	False	False	{"present":false}	401	c32dfdab1bf352e03cee71005e92ffb666186b78a958bb6635266d60f3e724f4	c32dfdab1bf352e03cee71005e92ffb666186b78a958bb6635266d60f3e724f4
1322	minecraft:wandering_trader_spawn_egg	net.minecraft.world.item.SpawnEggItem	item.minecraft.wandering_trader_spawn_egg	64	64	0	0	1	False	True	False	True	True	["minecraft:vanilla"]	COMMON	NONE	False	False	{"present":false}	146	5f0707c44122b550327c547d6e323710d6be3be89d875d293b32513fad055d98	5f0707c44122b550327c547d6e323710d6be3be89d875d293b32513fad055d98
1323	minecraft:bogged_spawn_egg	net.minecraft.world.item.SpawnEggItem	item.minecraft.bogged_spawn_egg	64	64	0	0	1	False	True	False	True	True	["minecraft:vanilla"]	COMMON	NONE	False	False	{"present":false}	1650	8af2d8c13a3074606be5327d06867393b69b36b7a74a83fbd8c6347e5084d4af	8af2d8c13a3074606be5327d06867393b69b36b7a74a83fbd8c6347e5084d4af
1324	minecraft:camel_husk_spawn_egg	net.minecraft.world.item.SpawnEggItem	item.minecraft.camel_husk_spawn_egg	64	64	0	0	1	False	True	False	True	True	["minecraft:vanilla"]	COMMON	NONE	False	False	{"present":false}	1169	26224f7843325a411004597b088329784e0c818bb86954679b92ba28f4a05705	26224f7843325a411004597b088329784e0c818bb86954679b92ba28f4a05705
1325	minecraft:drowned_spawn_egg	net.minecraft.world.item.SpawnEggItem	item.minecraft.drowned_spawn_egg	64	64	0	0	1	False	True	False	True	True	["minecraft:vanilla"]	COMMON	NONE	False	False	{"present":false}	1047	693fff3d81f039ba340297794a41e86a4370436bdf790af3f438530d0c5fd6c6	693fff3d81f039ba340297794a41e86a4370436bdf790af3f438530d0c5fd6c6
1326	minecraft:husk_spawn_egg	net.minecraft.world.item.SpawnEggItem	item.minecraft.husk_spawn_egg	64	64	0	0	1	False	True	False	True	True	["minecraft:vanilla"]	COMMON	NONE	False	False	{"present":false}	814	1a76c5c0d1ecf1515245cb1c8f55ef880d922e6a90d11a2b70d9532e5aa3cd52	1a76c5c0d1ecf1515245cb1c8f55ef880d922e6a90d11a2b70d9532e5aa3cd52
1327	minecraft:parched_spawn_egg	net.minecraft.world.item.SpawnEggItem	item.minecraft.parched_spawn_egg	64	64	0	0	1	False	True	False	True	True	["minecraft:vanilla"]	COMMON	NONE	False	False	{"present":false}	1566	164c4952ab39bf9025d0e0a18361cbfbc80203ed10e31c1c350773430ef2c408	164c4952ab39bf9025d0e0a18361cbfbc80203ed10e31c1c350773430ef2c408
1328	minecraft:skeleton_spawn_egg	net.minecraft.world.item.SpawnEggItem	item.minecraft.skeleton_spawn_egg	64	64	0	0	1	False	True	False	True	True	["minecraft:vanilla"]	COMMON	NONE	False	False	{"present":false}	1308	e5576e07dbfe375109bfa13ce4fdfa81c246c74a5ad0b1e7bbf15adff8fe88f5	e5576e07dbfe375109bfa13ce4fdfa81c246c74a5ad0b1e7bbf15adff8fe88f5
1329	minecraft:skeleton_horse_spawn_egg	net.minecraft.world.item.SpawnEggItem	item.minecraft.skeleton_horse_spawn_egg	64	64	0	0	1	False	True	False	True	True	["minecraft:vanilla"]	COMMON	NONE	False	False	{"present":false}	1541	56104d466439a9362fb6150ab90f71b739d8e8b6bbad2f5b0bef58fa95394bef	56104d466439a9362fb6150ab90f71b739d8e8b6bbad2f5b0bef58fa95394bef
1330	minecraft:stray_spawn_egg	net.minecraft.world.item.SpawnEggItem	item.minecraft.stray_spawn_egg	64	64	0	0	1	False	True	False	True	True	["minecraft:vanilla"]	COMMON	NONE	False	False	{"present":false}	523	d6aa516e220ad8cc5736a4bf7b2b166a42c25affd8c73deb96222230c5cc0066	d6aa516e220ad8cc5736a4bf7b2b166a42c25affd8c73deb96222230c5cc0066
1331	minecraft:wither_spawn_egg	net.minecraft.world.item.SpawnEggItem	item.minecraft.wither_spawn_egg	64	64	0	0	1	False	True	False	True	True	["minecraft:vanilla"]	COMMON	NONE	False	False	{"present":false}	556	da630479a23784d70db643b2ea73e33fc883b5c7c1d174e5fbb057e7386f91c7	da630479a23784d70db643b2ea73e33fc883b5c7c1d174e5fbb057e7386f91c7
1332	minecraft:wither_skeleton_spawn_egg	net.minecraft.world.item.SpawnEggItem	item.minecraft.wither_skeleton_spawn_egg	64	64	0	0	1	False	True	False	True	True	["minecraft:vanilla"]	COMMON	NONE	False	False	{"present":false}	1263	98543dd7dd45adfab0d0dc1453fd7eb13a11677a50c2ce5d2566e7ca980d0cea	98543dd7dd45adfab0d0dc1453fd7eb13a11677a50c2ce5d2566e7ca980d0cea
1333	minecraft:zombie_spawn_egg	net.minecraft.world.item.SpawnEggItem	item.minecraft.zombie_spawn_egg	64	64	0	0	1	False	True	False	True	True	["minecraft:vanilla"]	COMMON	NONE	False	False	{"present":false}	128	8b61cf443a5144be66b534acd3c1b80ed39f171c9b80e3f501b7adf51617258a	8b61cf443a5144be66b534acd3c1b80ed39f171c9b80e3f501b7adf51617258a
1334	minecraft:zombie_horse_spawn_egg	net.minecraft.world.item.SpawnEggItem	item.minecraft.zombie_horse_spawn_egg	64	64	0	0	1	False	True	False	True	True	["minecraft:vanilla"]	COMMON	NONE	False	False	{"present":false}	200	90e967ad67b1d7b1934082ea59312595876ffafb33e68302c84e380905d4598c	90e967ad67b1d7b1934082ea59312595876ffafb33e68302c84e380905d4598c
1335	minecraft:zombie_nautilus_spawn_egg	net.minecraft.world.item.SpawnEggItem	item.minecraft.zombie_nautilus_spawn_egg	64	64	0	0	1	False	True	False	True	True	["minecraft:vanilla"]	COMMON	NONE	False	False	{"present":false}	1270	2cb6bcd48962a654b7c520df2bda138d8694c07052cd7277674fb13acba9a7db	2cb6bcd48962a654b7c520df2bda138d8694c07052cd7277674fb13acba9a7db
1336	minecraft:zombie_villager_spawn_egg	net.minecraft.world.item.SpawnEggItem	item.minecraft.zombie_villager_spawn_egg	64	64	0	0	1	False	True	False	True	True	["minecraft:vanilla"]	COMMON	NONE	False	False	{"present":false}	849	72e970deac99ebedead271e0709329df6e612fbcd70dafe82fb2344d4677f33f	72e970deac99ebedead271e0709329df6e612fbcd70dafe82fb2344d4677f33f
1337	minecraft:cave_spider_spawn_egg	net.minecraft.world.item.SpawnEggItem	item.minecraft.cave_spider_spawn_egg	64	64	0	0	1	False	True	False	True	True	["minecraft:vanilla"]	COMMON	NONE	False	False	{"present":false}	109	15d42b5fad319cabec6e1310b0c7c734f86e9dc2a462813c31d212a6392e84b4	15d42b5fad319cabec6e1310b0c7c734f86e9dc2a462813c31d212a6392e84b4
1338	minecraft:spider_spawn_egg	net.minecraft.world.item.SpawnEggItem	item.minecraft.spider_spawn_egg	64	64	0	0	1	False	True	False	True	True	["minecraft:vanilla"]	COMMON	NONE	False	False	{"present":false}	956	6cc1ac0b5714ef2a1eabcbf5ed3f466f9428b58f7120f4557cda3119d71121a7	6cc1ac0b5714ef2a1eabcbf5ed3f466f9428b58f7120f4557cda3119d71121a7
1339	minecraft:breeze_spawn_egg	net.minecraft.world.item.SpawnEggItem	item.minecraft.breeze_spawn_egg	64	64	0	0	1	False	True	False	True	True	["minecraft:vanilla"]	COMMON	NONE	False	False	{"present":false}	1300	ce5b8531857cd0780f623c142d69c07e34a7b7b6be0690e9371720bd71af9939	ce5b8531857cd0780f623c142d69c07e34a7b7b6be0690e9371720bd71af9939
1340	minecraft:creaking_spawn_egg	net.minecraft.world.item.SpawnEggItem	item.minecraft.creaking_spawn_egg	64	64	0	0	1	False	True	False	True	True	["minecraft:vanilla"]	COMMON	NONE	False	False	{"present":false}	1483	c155b581d127bbf5f471fad9baff11dc50aaa5648aa6610c3815829749b5aee4	c155b581d127bbf5f471fad9baff11dc50aaa5648aa6610c3815829749b5aee4
1341	minecraft:creeper_spawn_egg	net.minecraft.world.item.SpawnEggItem	item.minecraft.creeper_spawn_egg	64	64	0	0	1	False	True	False	True	True	["minecraft:vanilla"]	COMMON	NONE	False	False	{"present":false}	1378	1ed489465e2ffc4cdf48ff1f3e9f3d1123b89a938dec4fa71afdfd078d688dc4	1ed489465e2ffc4cdf48ff1f3e9f3d1123b89a938dec4fa71afdfd078d688dc4
1342	minecraft:elder_guardian_spawn_egg	net.minecraft.world.item.SpawnEggItem	item.minecraft.elder_guardian_spawn_egg	64	64	0	0	1	False	True	False	True	True	["minecraft:vanilla"]	COMMON	NONE	False	False	{"present":false}	287	4d0ddf01f4370f4afd8b5645c4f3bf82b7c535f799059d7be8ed7cf7e4d5e515	4d0ddf01f4370f4afd8b5645c4f3bf82b7c535f799059d7be8ed7cf7e4d5e515
1343	minecraft:guardian_spawn_egg	net.minecraft.world.item.SpawnEggItem	item.minecraft.guardian_spawn_egg	64	64	0	0	1	False	True	False	True	True	["minecraft:vanilla"]	COMMON	NONE	False	False	{"present":false}	54	017400eb04b4daad1386f34cebf673c56eea30820c62a4cd81f454ee5649be2b	017400eb04b4daad1386f34cebf673c56eea30820c62a4cd81f454ee5649be2b
1344	minecraft:phantom_spawn_egg	net.minecraft.world.item.SpawnEggItem	item.minecraft.phantom_spawn_egg	64	64	0	0	1	False	True	False	True	True	["minecraft:vanilla"]	COMMON	NONE	False	False	{"present":false}	1154	0b50004e6fa64975a53765fad040b164b7b11d8be0b026069237ff92ff8a6c5b	0b50004e6fa64975a53765fad040b164b7b11d8be0b026069237ff92ff8a6c5b
1345	minecraft:silverfish_spawn_egg	net.minecraft.world.item.SpawnEggItem	item.minecraft.silverfish_spawn_egg	64	64	0	0	1	False	True	False	True	True	["minecraft:vanilla"]	COMMON	NONE	False	False	{"present":false}	1388	678ac369f0951b39d8a92273c91806d5502f73eb379cdfaca37454a19b8cc1b1	678ac369f0951b39d8a92273c91806d5502f73eb379cdfaca37454a19b8cc1b1
1346	minecraft:slime_spawn_egg	net.minecraft.world.item.SpawnEggItem	item.minecraft.slime_spawn_egg	64	64	0	0	1	False	True	False	True	True	["minecraft:vanilla"]	COMMON	NONE	False	False	{"present":false}	639	562f0dd1b18a3f2ea9286fdf3b38bb54e53c3d35b4ee3f6157bfa9c2f3e672fb	562f0dd1b18a3f2ea9286fdf3b38bb54e53c3d35b4ee3f6157bfa9c2f3e672fb
1347	minecraft:warden_spawn_egg	net.minecraft.world.item.SpawnEggItem	item.minecraft.warden_spawn_egg	64	64	0	0	1	False	True	False	True	True	["minecraft:vanilla"]	COMMON	NONE	False	False	{"present":false}	1659	28c175508129d0a334679b60162d5976cb26cf65969b73e414a71c68ed0e98c9	28c175508129d0a334679b60162d5976cb26cf65969b73e414a71c68ed0e98c9
1348	minecraft:witch_spawn_egg	net.minecraft.world.item.SpawnEggItem	item.minecraft.witch_spawn_egg	64	64	0	0	1	False	True	False	True	True	["minecraft:vanilla"]	COMMON	NONE	False	False	{"present":false}	1673	f4b0dc1b8298e29b33bc10981580456a9747a230c4040f90b27d1aa7e38d20cb	f4b0dc1b8298e29b33bc10981580456a9747a230c4040f90b27d1aa7e38d20cb
1349	minecraft:evoker_spawn_egg	net.minecraft.world.item.SpawnEggItem	item.minecraft.evoker_spawn_egg	64	64	0	0	1	False	True	False	True	True	["minecraft:vanilla"]	COMMON	NONE	False	False	{"present":false}	521	e07e4fe9afb7ef1d0ca1f0c91fd2fad48637af5a99a17a68eda4462194e9e477	e07e4fe9afb7ef1d0ca1f0c91fd2fad48637af5a99a17a68eda4462194e9e477
1350	minecraft:pillager_spawn_egg	net.minecraft.world.item.SpawnEggItem	item.minecraft.pillager_spawn_egg	64	64	0	0	1	False	True	False	True	True	["minecraft:vanilla"]	COMMON	NONE	False	False	{"present":false}	1064	3f8a6018360169a69909fefbbee52f88415e7658b029cc372f8be67ce05e6735	3f8a6018360169a69909fefbbee52f88415e7658b029cc372f8be67ce05e6735
1351	minecraft:ravager_spawn_egg	net.minecraft.world.item.SpawnEggItem	item.minecraft.ravager_spawn_egg	64	64	0	0	1	False	True	False	True	True	["minecraft:vanilla"]	COMMON	NONE	False	False	{"present":false}	172	3daa7b007cb61b04a228c76e53423fcd4a303fce14ad3863195bf63d6b2e0328	3daa7b007cb61b04a228c76e53423fcd4a303fce14ad3863195bf63d6b2e0328
1352	minecraft:vindicator_spawn_egg	net.minecraft.world.item.SpawnEggItem	item.minecraft.vindicator_spawn_egg	64	64	0	0	1	False	True	False	True	True	["minecraft:vanilla"]	COMMON	NONE	False	False	{"present":false}	409	328424b9009272734d2468db49bb5d2e61260478fb89a045a21d403296d1ea1c	328424b9009272734d2468db49bb5d2e61260478fb89a045a21d403296d1ea1c
1353	minecraft:vex_spawn_egg	net.minecraft.world.item.SpawnEggItem	item.minecraft.vex_spawn_egg	64	64	0	0	1	False	True	False	True	True	["minecraft:vanilla"]	COMMON	NONE	False	False	{"present":false}	1625	e16e5fcb3c32fa2ab187cd63ee9d6aacb7eff0c5422fadd56d3bcacba858b89e	e16e5fcb3c32fa2ab187cd63ee9d6aacb7eff0c5422fadd56d3bcacba858b89e
1354	minecraft:blaze_spawn_egg	net.minecraft.world.item.SpawnEggItem	item.minecraft.blaze_spawn_egg	64	64	0	0	1	False	True	False	True	True	["minecraft:vanilla"]	COMMON	NONE	False	False	{"present":false}	1369	e34ac7062fc8ac4a1835dc57812df6ccb88bf0dfe1210e5321ef37a17dae2673	e34ac7062fc8ac4a1835dc57812df6ccb88bf0dfe1210e5321ef37a17dae2673
1355	minecraft:ghast_spawn_egg	net.minecraft.world.item.SpawnEggItem	item.minecraft.ghast_spawn_egg	64	64	0	0	1	False	True	False	True	True	["minecraft:vanilla"]	COMMON	NONE	False	False	{"present":false}	864	f13100c962b4f2a1a04649357f28f01527a9b0318e95d42f573551eb29a61b42	f13100c962b4f2a1a04649357f28f01527a9b0318e95d42f573551eb29a61b42
1356	minecraft:happy_ghast_spawn_egg	net.minecraft.world.item.SpawnEggItem	item.minecraft.happy_ghast_spawn_egg	64	64	0	0	1	False	True	False	True	True	["minecraft:vanilla"]	COMMON	NONE	False	False	{"present":false}	976	9aea000cd5dccb4339095114626d3abe5137e8e4d3057f5eaa0811803a0f8e19	9aea000cd5dccb4339095114626d3abe5137e8e4d3057f5eaa0811803a0f8e19
1357	minecraft:hoglin_spawn_egg	net.minecraft.world.item.SpawnEggItem	item.minecraft.hoglin_spawn_egg	64	64	0	0	1	False	True	False	True	True	["minecraft:vanilla"]	COMMON	NONE	False	False	{"present":false}	434	571ba25c921c06269bda73e8fd7132af12741692f2bf0b55f211d76e3b1bce76	571ba25c921c06269bda73e8fd7132af12741692f2bf0b55f211d76e3b1bce76
1358	minecraft:magma_cube_spawn_egg	net.minecraft.world.item.SpawnEggItem	item.minecraft.magma_cube_spawn_egg	64	64	0	0	1	False	True	False	True	True	["minecraft:vanilla"]	COMMON	NONE	False	False	{"present":false}	1448	018aa066bd4e005504a2386613e192907cb139984e182e388e978f17a02ba42e	018aa066bd4e005504a2386613e192907cb139984e182e388e978f17a02ba42e
1359	minecraft:piglin_spawn_egg	net.minecraft.world.item.SpawnEggItem	item.minecraft.piglin_spawn_egg	64	64	0	0	1	False	True	False	True	True	["minecraft:vanilla"]	COMMON	NONE	False	False	{"present":false}	104	748b4788e61840e8287b326ccf3f67a246182160b6511e82477c26140d465841	748b4788e61840e8287b326ccf3f67a246182160b6511e82477c26140d465841
1360	minecraft:piglin_brute_spawn_egg	net.minecraft.world.item.SpawnEggItem	item.minecraft.piglin_brute_spawn_egg	64	64	0	0	1	False	True	False	True	True	["minecraft:vanilla"]	COMMON	NONE	False	False	{"present":false}	1600	4bbdc539f560848f0b44b4d334189a3bc6335b77dcf79777d300cdd363502857	4bbdc539f560848f0b44b4d334189a3bc6335b77dcf79777d300cdd363502857
1361	minecraft:strider_spawn_egg	net.minecraft.world.item.SpawnEggItem	item.minecraft.strider_spawn_egg	64	64	0	0	1	False	True	False	True	True	["minecraft:vanilla"]	COMMON	NONE	False	False	{"present":false}	1565	c7d130d2a0025cc97bb551aa1384597b45ccdb93d3a5a4956f7c3e50310a6c9f	c7d130d2a0025cc97bb551aa1384597b45ccdb93d3a5a4956f7c3e50310a6c9f
1362	minecraft:zoglin_spawn_egg	net.minecraft.world.item.SpawnEggItem	item.minecraft.zoglin_spawn_egg	64	64	0	0	1	False	True	False	True	True	["minecraft:vanilla"]	COMMON	NONE	False	False	{"present":false}	1677	e0ed3b4fd828b38e4957418facd60247cd33d6066e20a4ee6fbd87b6c82ec391	e0ed3b4fd828b38e4957418facd60247cd33d6066e20a4ee6fbd87b6c82ec391
1363	minecraft:zombified_piglin_spawn_egg	net.minecraft.world.item.SpawnEggItem	item.minecraft.zombified_piglin_spawn_egg	64	64	0	0	1	False	True	False	True	True	["minecraft:vanilla"]	COMMON	NONE	False	False	{"present":false}	1465	49284c7c612416c6f2944f03b59fb860338168edeb671d609fad019ba024ba1d	49284c7c612416c6f2944f03b59fb860338168edeb671d609fad019ba024ba1d
1364	minecraft:ender_dragon_spawn_egg	net.minecraft.world.item.SpawnEggItem	item.minecraft.ender_dragon_spawn_egg	64	64	0	0	1	False	True	False	True	True	["minecraft:vanilla"]	COMMON	NONE	False	False	{"present":false}	1027	f488a88054c91db93efdf2cd57b029c02a066a828136f55389befd1861a19d91	f488a88054c91db93efdf2cd57b029c02a066a828136f55389befd1861a19d91
1365	minecraft:enderman_spawn_egg	net.minecraft.world.item.SpawnEggItem	item.minecraft.enderman_spawn_egg	64	64	0	0	1	False	True	False	True	True	["minecraft:vanilla"]	COMMON	NONE	False	False	{"present":false}	1235	0df79a82e6fa6de34aac4498e58e4541d3060d7c286f0274cca0ad6494eef9b5	0df79a82e6fa6de34aac4498e58e4541d3060d7c286f0274cca0ad6494eef9b5
1366	minecraft:endermite_spawn_egg	net.minecraft.world.item.SpawnEggItem	item.minecraft.endermite_spawn_egg	64	64	0	0	1	False	True	False	True	True	["minecraft:vanilla"]	COMMON	NONE	False	False	{"present":false}	1485	b7b23dd42efef50e596b734098453d068d8154f33e141da1053c0a413dde43d8	b7b23dd42efef50e596b734098453d068d8154f33e141da1053c0a413dde43d8
1367	minecraft:shulker_spawn_egg	net.minecraft.world.item.SpawnEggItem	item.minecraft.shulker_spawn_egg	64	64	0	0	1	False	True	False	True	True	["minecraft:vanilla"]	COMMON	NONE	False	False	{"present":false}	1468	8af10cd34f02bfde3ed1363d6266c79a698f1b359b4e8b5bddb28e732ca7d01c	8af10cd34f02bfde3ed1363d6266c79a698f1b359b4e8b5bddb28e732ca7d01c
1368	minecraft:experience_bottle	net.minecraft.world.item.ExperienceBottleItem	item.minecraft.experience_bottle	64	64	0	0	1	False	True	False	True	True	["minecraft:vanilla"]	UNCOMMON	NONE	True	False	{"present":false}	463	2300a4723cd2065690e3c771d3dc7398be5f4d940d0a01daacb62bae769f485c	2300a4723cd2065690e3c771d3dc7398be5f4d940d0a01daacb62bae769f485c
1369	minecraft:fire_charge	net.minecraft.world.item.FireChargeItem	item.minecraft.fire_charge	64	64	0	0	1	False	True	False	True	True	["minecraft:vanilla"]	COMMON	NONE	False	False	{"present":false}	339	acb18945b5d4355c9ba5e968b9654558748bb325a1a25dc6055914b61a0e925f	acb18945b5d4355c9ba5e968b9654558748bb325a1a25dc6055914b61a0e925f
1370	minecraft:wind_charge	net.minecraft.world.item.WindChargeItem	item.minecraft.wind_charge	64	64	0	0	1	False	True	False	True	True	["minecraft:vanilla"]	COMMON	NONE	False	False	{"present":false}	705	26a820ed9c2bc1b8ab8610a726f8b5f79687b25cb3cf533517b62451f2a130ff	26a820ed9c2bc1b8ab8610a726f8b5f79687b25cb3cf533517b62451f2a130ff
1371	minecraft:writable_book	net.minecraft.world.item.WritableBookItem	item.minecraft.writable_book	1	1	0	0	1	False	False	False	True	True	["minecraft:vanilla"]	COMMON	NONE	False	False	{"present":false}	225	b29b2ee77af9cd97dde60fd3d9860d4a2f0939d71c80b0a43d8a302928b74dcd	b29b2ee77af9cd97dde60fd3d9860d4a2f0939d71c80b0a43d8a302928b74dcd
1372	minecraft:written_book	net.minecraft.world.item.WrittenBookItem	item.minecraft.written_book	16	16	0	0	1	False	True	False	True	True	["minecraft:vanilla"]	COMMON	NONE	True	False	{"present":false}	1399	5b399111808f0d07b5b2a9f0d7ce4f621857e33faae149b1ab87af8b3a88f9bf	5b399111808f0d07b5b2a9f0d7ce4f621857e33faae149b1ab87af8b3a88f9bf
1373	minecraft:breeze_rod	net.minecraft.world.item.Item	item.minecraft.breeze_rod	64	64	0	0	1	False	True	False	True	True	["minecraft:vanilla"]	COMMON	NONE	False	False	{"present":false}	656	ebf92201e3bee05be35f8f4126065121091d0e21626f454b5ad7032f7152fe10	ebf92201e3bee05be35f8f4126065121091d0e21626f454b5ad7032f7152fe10
1374	minecraft:mace	net.minecraft.world.item.MaceItem	item.minecraft.mace	1	1	500	0	1	False	False	True	True	True	["minecraft:vanilla"]	EPIC	NONE	False	True	{"present":false}	803	1cb43c2f3697ee226d29996437d015ae424794872f2c94636dcc6e580f073606	1cb43c2f3697ee226d29996437d015ae424794872f2c94636dcc6e580f073606
1375	minecraft:item_frame	net.minecraft.world.item.ItemFrameItem	item.minecraft.item_frame	64	64	0	0	1	False	True	False	True	True	["minecraft:vanilla"]	COMMON	NONE	False	False	{"present":false}	1232	45cb27b0b0964949d1cce68213cb12bb43c8909836768ca3443032ddc54e4c48	45cb27b0b0964949d1cce68213cb12bb43c8909836768ca3443032ddc54e4c48
1376	minecraft:glow_item_frame	net.minecraft.world.item.ItemFrameItem	item.minecraft.glow_item_frame	64	64	0	0	1	False	True	False	True	True	["minecraft:vanilla"]	COMMON	NONE	False	False	{"present":false}	815	fe7ee20d369ee4efb8700aa33e8a96d07822b397ed60038590102554516d84f0	fe7ee20d369ee4efb8700aa33e8a96d07822b397ed60038590102554516d84f0
1377	minecraft:flower_pot	net.minecraft.world.item.BlockItem	block.minecraft.flower_pot	64	64	0	0	1	False	True	False	True	True	["minecraft:vanilla"]	COMMON	NONE	False	False	{"present":false}	1262	ebf58ccc5263c42a5de8aba17305b3f95f0ac974c1f8e86bd4002fcf6cd9a1c6	ebf58ccc5263c42a5de8aba17305b3f95f0ac974c1f8e86bd4002fcf6cd9a1c6
1378	minecraft:carrot	net.minecraft.world.item.BlockItem	item.minecraft.carrot	64	64	0	0	1	False	True	False	True	True	["minecraft:vanilla"]	COMMON	EAT	False	False	{"present":false}	456	d8bfcf39348fadb1ed7ea82a021a93bee740d53d18c350ba2fd7d8d7adbbac99	d8bfcf39348fadb1ed7ea82a021a93bee740d53d18c350ba2fd7d8d7adbbac99
1379	minecraft:potato	net.minecraft.world.item.BlockItem	item.minecraft.potato	64	64	0	0	1	False	True	False	True	True	["minecraft:vanilla"]	COMMON	EAT	False	False	{"present":false}	1424	54ed1908deb3b4265e45dd686fc0340cdf9a9d595a38766787d60d27923157be	54ed1908deb3b4265e45dd686fc0340cdf9a9d595a38766787d60d27923157be
1380	minecraft:baked_potato	net.minecraft.world.item.Item	item.minecraft.baked_potato	64	64	0	0	1	False	True	False	True	True	["minecraft:vanilla"]	COMMON	EAT	False	False	{"present":false}	1113	6842530870d03a0cb2c395c7a30f1f9df2dc97306156dab0d15e17c40bea5012	6842530870d03a0cb2c395c7a30f1f9df2dc97306156dab0d15e17c40bea5012
1381	minecraft:poisonous_potato	net.minecraft.world.item.Item	item.minecraft.poisonous_potato	64	64	0	0	1	False	True	False	True	True	["minecraft:vanilla"]	COMMON	EAT	False	False	{"present":false}	1215	6f6dfa766b683381c615a297d7e38ff7edebfba85f84604f2655849851e3eb78	6f6dfa766b683381c615a297d7e38ff7edebfba85f84604f2655849851e3eb78
1382	minecraft:map	net.minecraft.world.item.EmptyMapItem	item.minecraft.map	64	64	0	0	1	False	True	False	True	True	["minecraft:vanilla"]	COMMON	NONE	False	False	{"present":false}	157	2ca7748c3a961042c4a73c61bd73b6218910a2de385d4fbfc3f17b69cb6a93e8	2ca7748c3a961042c4a73c61bd73b6218910a2de385d4fbfc3f17b69cb6a93e8
1383	minecraft:golden_carrot	net.minecraft.world.item.Item	item.minecraft.golden_carrot	64	64	0	0	1	False	True	False	True	True	["minecraft:vanilla"]	COMMON	EAT	False	False	{"present":false}	1639	bf2a4cec12ff3c73ea36e8a78fbc4fd0cc33b9b7367c558d5cabac40b9028464	bf2a4cec12ff3c73ea36e8a78fbc4fd0cc33b9b7367c558d5cabac40b9028464
1384	minecraft:skeleton_skull	net.minecraft.world.item.StandingAndWallBlockItem	block.minecraft.skeleton_skull	64	64	0	0	1	False	True	False	True	True	["minecraft:vanilla"]	UNCOMMON	NONE	False	False	{"present":false}	821	483af17503e92d7732a4333f1de82b327c6baa1524afb5053592938902171613	483af17503e92d7732a4333f1de82b327c6baa1524afb5053592938902171613
1385	minecraft:wither_skeleton_skull	net.minecraft.world.item.StandingAndWallBlockItem	block.minecraft.wither_skeleton_skull	64	64	0	0	1	False	True	False	True	True	["minecraft:vanilla"]	RARE	NONE	False	False	{"present":false}	857	33fc35cbf45a3d9cd6e44a06c13e0bb9285dd55174c1da5f1fa7daca6ea3a1f8	33fc35cbf45a3d9cd6e44a06c13e0bb9285dd55174c1da5f1fa7daca6ea3a1f8
1386	minecraft:player_head	net.minecraft.world.item.PlayerHeadItem	block.minecraft.player_head	64	64	0	0	1	False	True	False	True	True	["minecraft:vanilla"]	UNCOMMON	NONE	False	False	{"present":false}	1217	3c435cdbc46882cb4e4ea21ca1a216c55d58cdb4270ca62bd2abe59eff6c9929	3c435cdbc46882cb4e4ea21ca1a216c55d58cdb4270ca62bd2abe59eff6c9929
1387	minecraft:zombie_head	net.minecraft.world.item.StandingAndWallBlockItem	block.minecraft.zombie_head	64	64	0	0	1	False	True	False	True	True	["minecraft:vanilla"]	UNCOMMON	NONE	False	False	{"present":false}	1542	65a7468bd43ab574ed772a5b8876afc6bf373b5bf5e2d2978b83d548f36a325e	65a7468bd43ab574ed772a5b8876afc6bf373b5bf5e2d2978b83d548f36a325e
1388	minecraft:creeper_head	net.minecraft.world.item.StandingAndWallBlockItem	block.minecraft.creeper_head	64	64	0	0	1	False	True	False	True	True	["minecraft:vanilla"]	UNCOMMON	NONE	False	False	{"present":false}	209	029dc0a3c12483ac3373cb60db6d54ccc2bfcae40fca32248192abee87d10080	029dc0a3c12483ac3373cb60db6d54ccc2bfcae40fca32248192abee87d10080
1389	minecraft:dragon_head	net.minecraft.world.item.StandingAndWallBlockItem	block.minecraft.dragon_head	64	64	0	0	1	False	True	False	True	True	["minecraft:vanilla"]	EPIC	NONE	False	False	{"present":false}	1627	1ea9b3c16ebe146229f4f46fc6f206f56c039ec6398cfa8377ae970e935969cd	1ea9b3c16ebe146229f4f46fc6f206f56c039ec6398cfa8377ae970e935969cd
1390	minecraft:piglin_head	net.minecraft.world.item.StandingAndWallBlockItem	block.minecraft.piglin_head	64	64	0	0	1	False	True	False	True	True	["minecraft:vanilla"]	UNCOMMON	NONE	False	False	{"present":false}	117	ec36ae31ad2f56177f946204de1683b159b21062de67ec4239bdf262cadbbd5e	ec36ae31ad2f56177f946204de1683b159b21062de67ec4239bdf262cadbbd5e
1391	minecraft:nether_star	net.minecraft.world.item.Item	item.minecraft.nether_star	64	64	0	0	1	False	True	False	True	True	["minecraft:vanilla"]	RARE	NONE	True	False	{"present":false}	1423	6aba3a29d78dd09fa4e12a9292ae25dbc642adf46171eca65d63cb661cf39fef	6aba3a29d78dd09fa4e12a9292ae25dbc642adf46171eca65d63cb661cf39fef
1392	minecraft:pumpkin_pie	net.minecraft.world.item.Item	item.minecraft.pumpkin_pie	64	64	0	0	1	False	True	False	True	True	["minecraft:vanilla"]	COMMON	EAT	False	False	{"present":false}	575	d8386870edc2ae8960511a4ddf3467a24b98fcdb5d11ee15048da20f1a886088	d8386870edc2ae8960511a4ddf3467a24b98fcdb5d11ee15048da20f1a886088
1393	minecraft:firework_rocket	net.minecraft.world.item.FireworkRocketItem	item.minecraft.firework_rocket	64	64	0	0	1	False	True	False	True	True	["minecraft:vanilla"]	COMMON	NONE	False	False	{"present":false}	251	5ce963a7f88e3cf5426a836c5e38e3ed088828d79ff22aed44876d38bfdfc264	5ce963a7f88e3cf5426a836c5e38e3ed088828d79ff22aed44876d38bfdfc264
1394	minecraft:firework_star	net.minecraft.world.item.Item	item.minecraft.firework_star	64	64	0	0	1	False	True	False	True	True	["minecraft:vanilla"]	COMMON	NONE	False	False	{"present":false}	799	4a0e71becfe523545cfdd2189c533ec685e8b96241f84c1bd72c1c8142e2b802	4a0e71becfe523545cfdd2189c533ec685e8b96241f84c1bd72c1c8142e2b802
1395	minecraft:enchanted_book	net.minecraft.world.item.Item	item.minecraft.enchanted_book	1	1	0	0	1	False	False	False	True	True	["minecraft:vanilla"]	RARE	NONE	True	False	{"present":false}	1021	17e5ff8c070da2c5d4517fa6cd3450f7064f2b6b7f843017c9812f303f8c07be	17e5ff8c070da2c5d4517fa6cd3450f7064f2b6b7f843017c9812f303f8c07be
1396	minecraft:nether_brick	net.minecraft.world.item.Item	item.minecraft.nether_brick	64	64	0	0	1	False	True	False	True	True	["minecraft:vanilla"]	COMMON	NONE	False	False	{"present":false}	190	d1be364e9c8c4a459e9356a73bf86fbe8530eb2dcab7feafa1d5b46fc0ba68a4	d1be364e9c8c4a459e9356a73bf86fbe8530eb2dcab7feafa1d5b46fc0ba68a4
1397	minecraft:resin_brick	net.minecraft.world.item.Item	item.minecraft.resin_brick	64	64	0	0	1	False	True	False	True	True	["minecraft:vanilla"]	COMMON	NONE	False	False	{"present":false}	732	5df044136a98c9ba540f5187862b6678dfbdf688aee0b4fdc20415bcfbcd1f09	5df044136a98c9ba540f5187862b6678dfbdf688aee0b4fdc20415bcfbcd1f09
1398	minecraft:prismarine_shard	net.minecraft.world.item.Item	item.minecraft.prismarine_shard	64	64	0	0	1	False	True	False	True	True	["minecraft:vanilla"]	COMMON	NONE	False	False	{"present":false}	389	847f0719775b0d5017cb78c18350ccf64827373136c77f04e5bbee1f46f17b8a	847f0719775b0d5017cb78c18350ccf64827373136c77f04e5bbee1f46f17b8a
1399	minecraft:prismarine_crystals	net.minecraft.world.item.Item	item.minecraft.prismarine_crystals	64	64	0	0	1	False	True	False	True	True	["minecraft:vanilla"]	COMMON	NONE	False	False	{"present":false}	959	cd96589bfc144109d8a9bdf8e2d944b27f2eb5a2cdf4572c967559131acbcdf4	cd96589bfc144109d8a9bdf8e2d944b27f2eb5a2cdf4572c967559131acbcdf4
1400	minecraft:rabbit	net.minecraft.world.item.Item	item.minecraft.rabbit	64	64	0	0	1	False	True	False	True	True	["minecraft:vanilla"]	COMMON	EAT	False	False	{"present":false}	192	030c7a33d7bdab21b3b0e914fe9822ea69108a3bb953f9bdaf8acf94f74a31e8	030c7a33d7bdab21b3b0e914fe9822ea69108a3bb953f9bdaf8acf94f74a31e8
1401	minecraft:cooked_rabbit	net.minecraft.world.item.Item	item.minecraft.cooked_rabbit	64	64	0	0	1	False	True	False	True	True	["minecraft:vanilla"]	COMMON	EAT	False	False	{"present":false}	1051	ebabffb2151e39f63169099acb1705956a91a6753e4bf92048b4bbb3e1671fd6	ebabffb2151e39f63169099acb1705956a91a6753e4bf92048b4bbb3e1671fd6
1402	minecraft:rabbit_stew	net.minecraft.world.item.Item	item.minecraft.rabbit_stew	1	1	0	0	1	False	False	False	True	True	["minecraft:vanilla"]	COMMON	EAT	False	False	{"present":false}	1441	03bb6f9b857ff08b2467f05e7eb72fc232e2c9a27722e06b4061834b3991c32b	03bb6f9b857ff08b2467f05e7eb72fc232e2c9a27722e06b4061834b3991c32b
1403	minecraft:rabbit_foot	net.minecraft.world.item.Item	item.minecraft.rabbit_foot	64	64	0	0	1	False	True	False	True	True	["minecraft:vanilla"]	COMMON	NONE	False	False	{"present":false}	139	c60b7e882b5cfca58991a6c76f249778d6c279fb2f5f78d0d460d4a547d08076	c60b7e882b5cfca58991a6c76f249778d6c279fb2f5f78d0d460d4a547d08076
1404	minecraft:rabbit_hide	net.minecraft.world.item.Item	item.minecraft.rabbit_hide	64	64	0	0	1	False	True	False	True	True	["minecraft:vanilla"]	COMMON	NONE	False	False	{"present":false}	1599	96800fe48d4400e8ea85bdb12213b66e418f2870e6f592c3a38c308b6d3d5be7	96800fe48d4400e8ea85bdb12213b66e418f2870e6f592c3a38c308b6d3d5be7
1405	minecraft:armor_stand	net.minecraft.world.item.ArmorStandItem	item.minecraft.armor_stand	16	16	0	0	1	False	True	False	True	True	["minecraft:vanilla"]	COMMON	NONE	False	False	{"present":false}	762	83ccb76c5974f84172c8731c3f2845bef6b1522c952055569a224b31f3793560	83ccb76c5974f84172c8731c3f2845bef6b1522c952055569a224b31f3793560
1406	minecraft:copper_horse_armor	net.minecraft.world.item.Item	item.minecraft.copper_horse_armor	1	1	0	0	1	False	False	False	True	True	["minecraft:vanilla"]	COMMON	NONE	False	False	{"present":false}	1381	a46299211618d471f7d3106612da2bd231baa7263e257c434cdbab60af7ca106	a46299211618d471f7d3106612da2bd231baa7263e257c434cdbab60af7ca106
1407	minecraft:iron_horse_armor	net.minecraft.world.item.Item	item.minecraft.iron_horse_armor	1	1	0	0	1	False	False	False	True	True	["minecraft:vanilla"]	COMMON	NONE	False	False	{"present":false}	819	c480606053b2a2a4a2aa20956e35212d20f56a07111172b1e48fea3f47685cb1	c480606053b2a2a4a2aa20956e35212d20f56a07111172b1e48fea3f47685cb1
1408	minecraft:golden_horse_armor	net.minecraft.world.item.Item	item.minecraft.golden_horse_armor	1	1	0	0	1	False	False	False	True	True	["minecraft:vanilla"]	COMMON	NONE	False	False	{"present":false}	1450	c5698256f61de5c3b8d8478147829126a4b3a73dfd9e7177dcfe32b615b319b8	c5698256f61de5c3b8d8478147829126a4b3a73dfd9e7177dcfe32b615b319b8
1409	minecraft:diamond_horse_armor	net.minecraft.world.item.Item	item.minecraft.diamond_horse_armor	1	1	0	0	1	False	False	False	True	True	["minecraft:vanilla"]	COMMON	NONE	False	False	{"present":false}	1266	81d9c15a1971f99d82731ac5fc96baf8d4cca7e8426f43f1a94c5fdf9505f5a0	81d9c15a1971f99d82731ac5fc96baf8d4cca7e8426f43f1a94c5fdf9505f5a0
1410	minecraft:netherite_horse_armor	net.minecraft.world.item.Item	item.minecraft.netherite_horse_armor	1	1	0	0	1	False	False	False	True	True	["minecraft:vanilla"]	COMMON	NONE	False	False	{"present":false}	216	581da1056afb601e491f8f4caee439886893f0ab2c4d1acaf3f8a8d4bc270447	581da1056afb601e491f8f4caee439886893f0ab2c4d1acaf3f8a8d4bc270447
1411	minecraft:leather_horse_armor	net.minecraft.world.item.Item	item.minecraft.leather_horse_armor	1	1	0	0	1	False	False	False	True	True	["minecraft:vanilla"]	COMMON	NONE	False	False	{"present":false}	1110	bdcd37370d440ed89cb491951a6c6fe1aa96db6b1340e9d1638957cb2f4a1db6	bdcd37370d440ed89cb491951a6c6fe1aa96db6b1340e9d1638957cb2f4a1db6
1412	minecraft:lead	net.minecraft.world.item.LeadItem	item.minecraft.lead	64	64	0	0	1	False	True	False	True	True	["minecraft:vanilla"]	COMMON	NONE	False	False	{"present":false}	834	b314ed0cfea76185526218724dea544a6a8fecd4b9e5bab35b6e52e4daf8c7ac	b314ed0cfea76185526218724dea544a6a8fecd4b9e5bab35b6e52e4daf8c7ac
1413	minecraft:name_tag	net.minecraft.world.item.NameTagItem	item.minecraft.name_tag	64	64	0	0	1	False	True	False	True	True	["minecraft:vanilla"]	COMMON	NONE	False	False	{"present":false}	302	20d4709843d9e72f9189ebc603dc7dc90411a31402e911d124bf4baea0a23218	20d4709843d9e72f9189ebc603dc7dc90411a31402e911d124bf4baea0a23218
1414	minecraft:command_block_minecart	net.minecraft.world.item.MinecartItem	item.minecraft.command_block_minecart	1	1	0	0	1	False	False	False	True	True	["minecraft:vanilla"]	EPIC	NONE	False	False	{"present":false}	50	493fcab3cd73f1c8dde5f61a1809e93fc6bcb8f466bab1928c332ed48ebef0ed	493fcab3cd73f1c8dde5f61a1809e93fc6bcb8f466bab1928c332ed48ebef0ed
1415	minecraft:mutton	net.minecraft.world.item.Item	item.minecraft.mutton	64	64	0	0	1	False	True	False	True	True	["minecraft:vanilla"]	COMMON	EAT	False	False	{"present":false}	1116	26421aeeaa7efaa9814743e980181c40bc77ea1de003693e93427e1ccd6e38f9	26421aeeaa7efaa9814743e980181c40bc77ea1de003693e93427e1ccd6e38f9
1416	minecraft:cooked_mutton	net.minecraft.world.item.Item	item.minecraft.cooked_mutton	64	64	0	0	1	False	True	False	True	True	["minecraft:vanilla"]	COMMON	EAT	False	False	{"present":false}	202	3357258bece3df51dfa9de1125299bbe2ee19d36dd1f5a5f8e4a6e85807e7886	3357258bece3df51dfa9de1125299bbe2ee19d36dd1f5a5f8e4a6e85807e7886
1417	minecraft:white_banner	net.minecraft.world.item.BannerItem	block.minecraft.white_banner	16	16	0	0	1	False	True	False	True	True	["minecraft:vanilla"]	COMMON	NONE	False	False	{"present":false}	417	b3afabfd9d0bf2234034df96a2234ac0a51f32e755c69f6dae5f78f0f9767557	b3afabfd9d0bf2234034df96a2234ac0a51f32e755c69f6dae5f78f0f9767557
1418	minecraft:orange_banner	net.minecraft.world.item.BannerItem	block.minecraft.orange_banner	16	16	0	0	1	False	True	False	True	True	["minecraft:vanilla"]	COMMON	NONE	False	False	{"present":false}	76	e1f722e62d569b1cf6d82dc1654fb9f56035a3897480acfbc016d7ed447cdf48	e1f722e62d569b1cf6d82dc1654fb9f56035a3897480acfbc016d7ed447cdf48
1419	minecraft:magenta_banner	net.minecraft.world.item.BannerItem	block.minecraft.magenta_banner	16	16	0	0	1	False	True	False	True	True	["minecraft:vanilla"]	COMMON	NONE	False	False	{"present":false}	1430	91dbdc82201c451aa84ffa744bafc69d14a7e10daf3870cee00e44086ad26de3	91dbdc82201c451aa84ffa744bafc69d14a7e10daf3870cee00e44086ad26de3
1420	minecraft:light_blue_banner	net.minecraft.world.item.BannerItem	block.minecraft.light_blue_banner	16	16	0	0	1	False	True	False	True	True	["minecraft:vanilla"]	COMMON	NONE	False	False	{"present":false}	1353	aa914ff73dfd6252ca243a14444eae338ee4f735b374743eb858732011ccafcd	aa914ff73dfd6252ca243a14444eae338ee4f735b374743eb858732011ccafcd
1421	minecraft:yellow_banner	net.minecraft.world.item.BannerItem	block.minecraft.yellow_banner	16	16	0	0	1	False	True	False	True	True	["minecraft:vanilla"]	COMMON	NONE	False	False	{"present":false}	1567	20d458be6a16dd49dcff21ff2437dc47461acbb96e8d972adb2920141a617b98	20d458be6a16dd49dcff21ff2437dc47461acbb96e8d972adb2920141a617b98
1422	minecraft:lime_banner	net.minecraft.world.item.BannerItem	block.minecraft.lime_banner	16	16	0	0	1	False	True	False	True	True	["minecraft:vanilla"]	COMMON	NONE	False	False	{"present":false}	1387	2267a4bb3803ecf020fa407ce8725952a292cd400b16c136fc99942c82fb9990	2267a4bb3803ecf020fa407ce8725952a292cd400b16c136fc99942c82fb9990
1423	minecraft:pink_banner	net.minecraft.world.item.BannerItem	block.minecraft.pink_banner	16	16	0	0	1	False	True	False	True	True	["minecraft:vanilla"]	COMMON	NONE	False	False	{"present":false}	1509	5bc03b273ecc4eae7fa7a8b63dc864e2ca03f0145296f7a90a23edcbc75942cf	5bc03b273ecc4eae7fa7a8b63dc864e2ca03f0145296f7a90a23edcbc75942cf
1424	minecraft:gray_banner	net.minecraft.world.item.BannerItem	block.minecraft.gray_banner	16	16	0	0	1	False	True	False	True	True	["minecraft:vanilla"]	COMMON	NONE	False	False	{"present":false}	1295	a24d900d0d580620e74e0e42de0ba26665a6c0ce1e157c40860db03e7beeff10	a24d900d0d580620e74e0e42de0ba26665a6c0ce1e157c40860db03e7beeff10
1425	minecraft:light_gray_banner	net.minecraft.world.item.BannerItem	block.minecraft.light_gray_banner	16	16	0	0	1	False	True	False	True	True	["minecraft:vanilla"]	COMMON	NONE	False	False	{"present":false}	410	0f45661021abc73ad175aa0611fc407fd312609083542422722c2a66d18cb087	0f45661021abc73ad175aa0611fc407fd312609083542422722c2a66d18cb087
1426	minecraft:cyan_banner	net.minecraft.world.item.BannerItem	block.minecraft.cyan_banner	16	16	0	0	1	False	True	False	True	True	["minecraft:vanilla"]	COMMON	NONE	False	False	{"present":false}	1202	0fb10d282d34aff248fa99539eed8263d47d7765a8ff2ac55f3f643a4981c4b1	0fb10d282d34aff248fa99539eed8263d47d7765a8ff2ac55f3f643a4981c4b1
1427	minecraft:purple_banner	net.minecraft.world.item.BannerItem	block.minecraft.purple_banner	16	16	0	0	1	False	True	False	True	True	["minecraft:vanilla"]	COMMON	NONE	False	False	{"present":false}	1040	96422e0e4811a8e352fb6e34e85b1bb914d585d06f3b71e76726f29593d5c16d	96422e0e4811a8e352fb6e34e85b1bb914d585d06f3b71e76726f29593d5c16d
1428	minecraft:blue_banner	net.minecraft.world.item.BannerItem	block.minecraft.blue_banner	16	16	0	0	1	False	True	False	True	True	["minecraft:vanilla"]	COMMON	NONE	False	False	{"present":false}	400	47a83396021688c99ed22f9091b570c43a58b5fb136398eb964eb6429e7e6975	47a83396021688c99ed22f9091b570c43a58b5fb136398eb964eb6429e7e6975
1429	minecraft:brown_banner	net.minecraft.world.item.BannerItem	block.minecraft.brown_banner	16	16	0	0	1	False	True	False	True	True	["minecraft:vanilla"]	COMMON	NONE	False	False	{"present":false}	432	25c37596e961256414226552a452d4d96803982f2597c3ab933a702b748fcd40	25c37596e961256414226552a452d4d96803982f2597c3ab933a702b748fcd40
1430	minecraft:green_banner	net.minecraft.world.item.BannerItem	block.minecraft.green_banner	16	16	0	0	1	False	True	False	True	True	["minecraft:vanilla"]	COMMON	NONE	False	False	{"present":false}	1164	72a372b17724f1fbbba99a4b058b646e648d1f65f3dbc7c62ec528fe416b0f43	72a372b17724f1fbbba99a4b058b646e648d1f65f3dbc7c62ec528fe416b0f43
1431	minecraft:red_banner	net.minecraft.world.item.BannerItem	block.minecraft.red_banner	16	16	0	0	1	False	True	False	True	True	["minecraft:vanilla"]	COMMON	NONE	False	False	{"present":false}	842	8758e3372da5ba403a0a48b845a67dd24379ddc86dd1fbec02bfe1206acc0284	8758e3372da5ba403a0a48b845a67dd24379ddc86dd1fbec02bfe1206acc0284
1432	minecraft:black_banner	net.minecraft.world.item.BannerItem	block.minecraft.black_banner	16	16	0	0	1	False	True	False	True	True	["minecraft:vanilla"]	COMMON	NONE	False	False	{"present":false}	263	a54c641090be0ae2ccc1806af3b210ee785d551c3c6b2f6bd68240085d69bd00	a54c641090be0ae2ccc1806af3b210ee785d551c3c6b2f6bd68240085d69bd00
1433	minecraft:end_crystal	net.minecraft.world.item.EndCrystalItem	item.minecraft.end_crystal	64	64	0	0	1	False	True	False	True	True	["minecraft:vanilla"]	COMMON	NONE	True	False	{"present":false}	560	b77dd8ad0f367b18e7d2eda7f151ec24d2fd56be29e98bb993e6cd5d8080b3ba	b77dd8ad0f367b18e7d2eda7f151ec24d2fd56be29e98bb993e6cd5d8080b3ba
1434	minecraft:chorus_fruit	net.minecraft.world.item.Item	item.minecraft.chorus_fruit	64	64	0	0	1	False	True	False	True	True	["minecraft:vanilla"]	COMMON	EAT	False	False	{"present":false}	1471	b542c4e233efd473ad8200418ea83e23dfe368fbfaef2530f77790eab8001ec7	b542c4e233efd473ad8200418ea83e23dfe368fbfaef2530f77790eab8001ec7
1435	minecraft:popped_chorus_fruit	net.minecraft.world.item.Item	item.minecraft.popped_chorus_fruit	64	64	0	0	1	False	True	False	True	True	["minecraft:vanilla"]	COMMON	NONE	False	False	{"present":false}	1480	89f843fa9efe2769b721d53d685ef55895fcaff0e2c5642ead04646735ce7c4a	89f843fa9efe2769b721d53d685ef55895fcaff0e2c5642ead04646735ce7c4a
1436	minecraft:torchflower_seeds	net.minecraft.world.item.BlockItem	item.minecraft.torchflower_seeds	64	64	0	0	1	False	True	False	True	True	["minecraft:vanilla"]	COMMON	NONE	False	False	{"present":false}	921	ef096fdb69f18abe700a10467f1c5e50cc43188e3322935ce132037f63ee47f1	ef096fdb69f18abe700a10467f1c5e50cc43188e3322935ce132037f63ee47f1
1437	minecraft:pitcher_pod	net.minecraft.world.item.BlockItem	item.minecraft.pitcher_pod	64	64	0	0	1	False	True	False	True	True	["minecraft:vanilla"]	COMMON	NONE	False	False	{"present":false}	275	61055ce37f8cea650799bf7e62b78cb954169d85fad76bcade38557700da9f85	61055ce37f8cea650799bf7e62b78cb954169d85fad76bcade38557700da9f85
1438	minecraft:beetroot	net.minecraft.world.item.Item	item.minecraft.beetroot	64	64	0	0	1	False	True	False	True	True	["minecraft:vanilla"]	COMMON	EAT	False	False	{"present":false}	1579	30ed54a1dc938e3b3a9bdc6bf79ca35f3ad8bd8a3dbd8c2d976ef606cc18919a	30ed54a1dc938e3b3a9bdc6bf79ca35f3ad8bd8a3dbd8c2d976ef606cc18919a
1439	minecraft:beetroot_seeds	net.minecraft.world.item.BlockItem	item.minecraft.beetroot_seeds	64	64	0	0	1	False	True	False	True	True	["minecraft:vanilla"]	COMMON	NONE	False	False	{"present":false}	48	bd2d7b58d77dc237a2024ff3873784c9a11802154a5ff4c90fead4f90e64bf3c	bd2d7b58d77dc237a2024ff3873784c9a11802154a5ff4c90fead4f90e64bf3c
1440	minecraft:beetroot_soup	net.minecraft.world.item.Item	item.minecraft.beetroot_soup	1	1	0	0	1	False	False	False	True	True	["minecraft:vanilla"]	COMMON	EAT	False	False	{"present":false}	839	2a39121224837198ade3c3e6bb41e39f587822eb65cbe66672ac22f7608c476d	2a39121224837198ade3c3e6bb41e39f587822eb65cbe66672ac22f7608c476d
1441	minecraft:dragon_breath	net.minecraft.world.item.Item	item.minecraft.dragon_breath	64	64	0	0	1	False	True	False	True	True	["minecraft:vanilla"]	UNCOMMON	NONE	False	False	{"count":1,"item":"minecraft:glass_bottle","present":true}	1068	f1157fd6f05c369bc8d0c2af9329a0b1a3fb6422ff0b356ee2b5a13096d0f0b2	f1157fd6f05c369bc8d0c2af9329a0b1a3fb6422ff0b356ee2b5a13096d0f0b2
1442	minecraft:splash_potion	net.minecraft.world.item.SplashPotionItem	item.minecraft.splash_potion	1	1	0	0	1	False	False	False	True	True	["minecraft:vanilla"]	COMMON	NONE	False	False	{"present":false}	422	e5f7f077e61685d8b5c909e410a88b289e5a460cd86b765f8653bedea1c3393c	e5f7f077e61685d8b5c909e410a88b289e5a460cd86b765f8653bedea1c3393c
1443	minecraft:spectral_arrow	net.minecraft.world.item.SpectralArrowItem	item.minecraft.spectral_arrow	64	64	0	0	1	False	True	False	True	True	["minecraft:vanilla"]	COMMON	NONE	False	False	{"present":false}	1525	9d7565f61f7732efc5328e9e934b907741488147bf3d20b1f6ec93a9ed829f02	9d7565f61f7732efc5328e9e934b907741488147bf3d20b1f6ec93a9ed829f02
1444	minecraft:tipped_arrow	net.minecraft.world.item.TippedArrowItem	item.minecraft.tipped_arrow	64	64	0	0	1	False	True	False	True	True	["minecraft:vanilla"]	COMMON	NONE	False	False	{"present":false}	1318	e4c0349a3c697be8264c650e38488b2ea11bb0f61078c0ab59df8914f07cbab0	e4c0349a3c697be8264c650e38488b2ea11bb0f61078c0ab59df8914f07cbab0
1445	minecraft:lingering_potion	net.minecraft.world.item.LingeringPotionItem	item.minecraft.lingering_potion	1	1	0	0	1	False	False	False	True	True	["minecraft:vanilla"]	COMMON	NONE	False	False	{"present":false}	402	5b86f96cdb9017ed7a9106df5febfc4ad3ef413407469e64666ea7b0577dc41e	5b86f96cdb9017ed7a9106df5febfc4ad3ef413407469e64666ea7b0577dc41e
1446	minecraft:shield	net.minecraft.world.item.ShieldItem	item.minecraft.shield	1	1	336	0	1	False	False	True	True	True	["minecraft:vanilla"]	COMMON	BLOCK	False	False	{"present":false}	160	8a2fa7615f1b88045256e0482443cf3242bd9893ccbb33ece69932fdf9c629f5	8a2fa7615f1b88045256e0482443cf3242bd9893ccbb33ece69932fdf9c629f5
1447	minecraft:wooden_spear	net.minecraft.world.item.Item	item.minecraft.wooden_spear	1	1	59	0	1	False	False	True	True	True	["minecraft:vanilla"]	COMMON	SPEAR	False	True	{"present":false}	343	0ba64006e80c2fcb8b3e3cbac499c82941a18f8af9485936684363cb26b703c2	0ba64006e80c2fcb8b3e3cbac499c82941a18f8af9485936684363cb26b703c2
1448	minecraft:stone_spear	net.minecraft.world.item.Item	item.minecraft.stone_spear	1	1	131	0	1	False	False	True	True	True	["minecraft:vanilla"]	COMMON	SPEAR	False	True	{"present":false}	1671	1daa132ca87bfb5ba526c88c12f5fca2c30ac2b5288372ae761be8811c802269	1daa132ca87bfb5ba526c88c12f5fca2c30ac2b5288372ae761be8811c802269
1449	minecraft:copper_spear	net.minecraft.world.item.Item	item.minecraft.copper_spear	1	1	190	0	1	False	False	True	True	True	["minecraft:vanilla"]	COMMON	SPEAR	False	True	{"present":false}	1158	6cfc99126b026e8e78b63748cb80e8f55c1ee4601be692ce641944da147ca1dd	6cfc99126b026e8e78b63748cb80e8f55c1ee4601be692ce641944da147ca1dd
1450	minecraft:iron_spear	net.minecraft.world.item.Item	item.minecraft.iron_spear	1	1	250	0	1	False	False	True	True	True	["minecraft:vanilla"]	COMMON	SPEAR	False	True	{"present":false}	1665	886fd4e0f009b9f91822af9046380ca7da0e0139b813a5379c18015d12d71d9a	886fd4e0f009b9f91822af9046380ca7da0e0139b813a5379c18015d12d71d9a
1451	minecraft:golden_spear	net.minecraft.world.item.Item	item.minecraft.golden_spear	1	1	32	0	1	False	False	True	True	True	["minecraft:vanilla"]	COMMON	SPEAR	False	True	{"present":false}	1439	da14ec1d52ea917f73aca62b73f369748318379237f3e9eeaea329d3aea48f0d	da14ec1d52ea917f73aca62b73f369748318379237f3e9eeaea329d3aea48f0d
1452	minecraft:diamond_spear	net.minecraft.world.item.Item	item.minecraft.diamond_spear	1	1	1561	0	1	False	False	True	True	True	["minecraft:vanilla"]	COMMON	SPEAR	False	True	{"present":false}	462	90fcc2af4306d96d8dc15810eb63aa83a4ca85b847aa2c25961fe3cb0b823766	90fcc2af4306d96d8dc15810eb63aa83a4ca85b847aa2c25961fe3cb0b823766
1453	minecraft:netherite_spear	net.minecraft.world.item.Item	item.minecraft.netherite_spear	1	1	2031	0	1	False	False	True	True	True	["minecraft:vanilla"]	COMMON	SPEAR	False	True	{"present":false}	600	6c813c473e9a5d8c4e331f1e4f48f1ff6bbb19e82412122fa746df156ece78cf	6c813c473e9a5d8c4e331f1e4f48f1ff6bbb19e82412122fa746df156ece78cf
1454	minecraft:totem_of_undying	net.minecraft.world.item.Item	item.minecraft.totem_of_undying	1	1	0	0	1	False	False	False	True	True	["minecraft:vanilla"]	UNCOMMON	NONE	False	False	{"present":false}	1186	44aa8459e43f1b875ae66a83fd406082aa7ffb2ec3fdf6a0b9818399ae17bf13	44aa8459e43f1b875ae66a83fd406082aa7ffb2ec3fdf6a0b9818399ae17bf13
1455	minecraft:shulker_shell	net.minecraft.world.item.Item	item.minecraft.shulker_shell	64	64	0	0	1	False	True	False	True	True	["minecraft:vanilla"]	COMMON	NONE	False	False	{"present":false}	1529	ccd575e071fe6b7c04c62b17ddce94adc261d2a918113b17b43326a38bf36260	ccd575e071fe6b7c04c62b17ddce94adc261d2a918113b17b43326a38bf36260
1456	minecraft:iron_nugget	net.minecraft.world.item.Item	item.minecraft.iron_nugget	64	64	0	0	1	False	True	False	True	True	["minecraft:vanilla"]	COMMON	NONE	False	False	{"present":false}	145	37326923a756c721c5461e0eec0863d4a4e9c8e30f48ce18adb35952f6ccd426	37326923a756c721c5461e0eec0863d4a4e9c8e30f48ce18adb35952f6ccd426
1457	minecraft:copper_nugget	net.minecraft.world.item.Item	item.minecraft.copper_nugget	64	64	0	0	1	False	True	False	True	True	["minecraft:vanilla"]	COMMON	NONE	False	False	{"present":false}	861	f5f27816c766d684c1d513f2d618b2fad70654946ce0188f6992a3a1dfe89d1f	f5f27816c766d684c1d513f2d618b2fad70654946ce0188f6992a3a1dfe89d1f
1458	minecraft:knowledge_book	net.minecraft.world.item.KnowledgeBookItem	item.minecraft.knowledge_book	1	1	0	0	1	False	False	False	True	True	["minecraft:vanilla"]	EPIC	NONE	False	False	{"present":false}	781	e8a7d3d18a08a5fe5e6c02d5f89c8a443e2386efe06f4b438b83059e080e6581	e8a7d3d18a08a5fe5e6c02d5f89c8a443e2386efe06f4b438b83059e080e6581
1459	minecraft:debug_stick	net.minecraft.world.item.DebugStickItem	item.minecraft.debug_stick	1	1	0	0	1	False	False	False	True	True	["minecraft:vanilla"]	EPIC	NONE	True	False	{"present":false}	85	d6f7995786de0e67f74ba1b3d6d9050471f248adfde774a8e017d9f90634152b	d6f7995786de0e67f74ba1b3d6d9050471f248adfde774a8e017d9f90634152b
1460	minecraft:music_disc_13	net.minecraft.world.item.Item	item.minecraft.music_disc_13	1	1	0	0	1	False	False	False	True	True	["minecraft:vanilla"]	UNCOMMON	NONE	False	False	{"present":false}	255	a01d1ebb533fac9a0ab525b5019e0a4dccd8b77bacdb31b6e4a0ff0cbfe93dde	a01d1ebb533fac9a0ab525b5019e0a4dccd8b77bacdb31b6e4a0ff0cbfe93dde
1461	minecraft:music_disc_cat	net.minecraft.world.item.Item	item.minecraft.music_disc_cat	1	1	0	0	1	False	False	False	True	True	["minecraft:vanilla"]	UNCOMMON	NONE	False	False	{"present":false}	136	4ab3698fe3feba3e9f37277555ddae77ed6ceee726e66e2f7749ffa18f1b5fe4	4ab3698fe3feba3e9f37277555ddae77ed6ceee726e66e2f7749ffa18f1b5fe4
1462	minecraft:music_disc_blocks	net.minecraft.world.item.Item	item.minecraft.music_disc_blocks	1	1	0	0	1	False	False	False	True	True	["minecraft:vanilla"]	UNCOMMON	NONE	False	False	{"present":false}	574	bef0cf6d89b1f7437a0c8bcc77a45008234dc72700d15b5439236f796c043a11	bef0cf6d89b1f7437a0c8bcc77a45008234dc72700d15b5439236f796c043a11
1463	minecraft:music_disc_bounce	net.minecraft.world.item.Item	item.minecraft.music_disc_bounce	1	1	0	0	1	False	False	False	True	True	["minecraft:vanilla"]	UNCOMMON	NONE	False	False	{"present":false}	248	7fe8823a3256da1ac5e72703b726f171d5daee93a59098b67772f949e462d1b6	7fe8823a3256da1ac5e72703b726f171d5daee93a59098b67772f949e462d1b6
1464	minecraft:music_disc_chirp	net.minecraft.world.item.Item	item.minecraft.music_disc_chirp	1	1	0	0	1	False	False	False	True	True	["minecraft:vanilla"]	UNCOMMON	NONE	False	False	{"present":false}	1583	b1684e0f93e95198d25bf1d6fdfcba20574d26cc67c482ad7a28b3592b853421	b1684e0f93e95198d25bf1d6fdfcba20574d26cc67c482ad7a28b3592b853421
1465	minecraft:music_disc_creator	net.minecraft.world.item.Item	item.minecraft.music_disc_creator	1	1	0	0	1	False	False	False	True	True	["minecraft:vanilla"]	RARE	NONE	False	False	{"present":false}	439	9a32640cfb84aa6f59e984722c47a1d76f7112361b3768f93bc77d4614c8a2c6	9a32640cfb84aa6f59e984722c47a1d76f7112361b3768f93bc77d4614c8a2c6
1466	minecraft:music_disc_creator_music_box	net.minecraft.world.item.Item	item.minecraft.music_disc_creator_music_box	1	1	0	0	1	False	False	False	True	True	["minecraft:vanilla"]	UNCOMMON	NONE	False	False	{"present":false}	1327	f60a21d4a380e713ffcd109fbc4b5fdefe1d0dc69e4e881856f1e205a9c2c6a7	f60a21d4a380e713ffcd109fbc4b5fdefe1d0dc69e4e881856f1e205a9c2c6a7
1467	minecraft:music_disc_far	net.minecraft.world.item.Item	item.minecraft.music_disc_far	1	1	0	0	1	False	False	False	True	True	["minecraft:vanilla"]	UNCOMMON	NONE	False	False	{"present":false}	868	71c3a3881b8f6cc09e9c1622e659bd2d736255e0e99b3b5c4bd0417f7b6d155d	71c3a3881b8f6cc09e9c1622e659bd2d736255e0e99b3b5c4bd0417f7b6d155d
1468	minecraft:music_disc_lava_chicken	net.minecraft.world.item.Item	item.minecraft.music_disc_lava_chicken	1	1	0	0	1	False	False	False	True	True	["minecraft:vanilla"]	RARE	NONE	False	False	{"present":false}	286	8a2a4fb45e706c1c2b457294fab0d4bc26b5835f9dbcfc2c14654e55df161e83	8a2a4fb45e706c1c2b457294fab0d4bc26b5835f9dbcfc2c14654e55df161e83
1469	minecraft:music_disc_mall	net.minecraft.world.item.Item	item.minecraft.music_disc_mall	1	1	0	0	1	False	False	False	True	True	["minecraft:vanilla"]	UNCOMMON	NONE	False	False	{"present":false}	270	e0f02f9ec297e0f936afeea4813dc81bd984f733269456652eba60fa14789fcc	e0f02f9ec297e0f936afeea4813dc81bd984f733269456652eba60fa14789fcc
1470	minecraft:music_disc_mellohi	net.minecraft.world.item.Item	item.minecraft.music_disc_mellohi	1	1	0	0	1	False	False	False	True	True	["minecraft:vanilla"]	UNCOMMON	NONE	False	False	{"present":false}	1311	9586f082cdbdb66d5c067c6b9fdb54d4fa1bec6549785afacd0d7c6200159271	9586f082cdbdb66d5c067c6b9fdb54d4fa1bec6549785afacd0d7c6200159271
1471	minecraft:music_disc_stal	net.minecraft.world.item.Item	item.minecraft.music_disc_stal	1	1	0	0	1	False	False	False	True	True	["minecraft:vanilla"]	UNCOMMON	NONE	False	False	{"present":false}	1109	c44db1aa41eb147736d304c0fa3977c10e40aa1cfd73fd81b16f4e9b1918c1a7	c44db1aa41eb147736d304c0fa3977c10e40aa1cfd73fd81b16f4e9b1918c1a7
1472	minecraft:music_disc_strad	net.minecraft.world.item.Item	item.minecraft.music_disc_strad	1	1	0	0	1	False	False	False	True	True	["minecraft:vanilla"]	UNCOMMON	NONE	False	False	{"present":false}	757	fd8e18adca8e1ed4a43d54ae592dc06f17f7599f265e864978cf95dc4dab814b	fd8e18adca8e1ed4a43d54ae592dc06f17f7599f265e864978cf95dc4dab814b
1473	minecraft:music_disc_ward	net.minecraft.world.item.Item	item.minecraft.music_disc_ward	1	1	0	0	1	False	False	False	True	True	["minecraft:vanilla"]	UNCOMMON	NONE	False	False	{"present":false}	1571	53b21907fa155166f8177e54a114da9a58a14d01b267f56662dd4eb6d0ee3dda	53b21907fa155166f8177e54a114da9a58a14d01b267f56662dd4eb6d0ee3dda
1474	minecraft:music_disc_11	net.minecraft.world.item.Item	item.minecraft.music_disc_11	1	1	0	0	1	False	False	False	True	True	["minecraft:vanilla"]	UNCOMMON	NONE	False	False	{"present":false}	1181	816b26ad96c63fa94f41f51a49387016e5047ff52472cdb88de2c88f4e7d31eb	816b26ad96c63fa94f41f51a49387016e5047ff52472cdb88de2c88f4e7d31eb
1475	minecraft:music_disc_wait	net.minecraft.world.item.Item	item.minecraft.music_disc_wait	1	1	0	0	1	False	False	False	True	True	["minecraft:vanilla"]	UNCOMMON	NONE	False	False	{"present":false}	1667	67178d9ed1ae914f3f70838eafdc91d45f63a11f90904793cea363918866fbdf	67178d9ed1ae914f3f70838eafdc91d45f63a11f90904793cea363918866fbdf
1476	minecraft:music_disc_otherside	net.minecraft.world.item.Item	item.minecraft.music_disc_otherside	1	1	0	0	1	False	False	False	True	True	["minecraft:vanilla"]	RARE	NONE	False	False	{"present":false}	1203	8411f0bdbe6520ff74f95948b52616649a7a6a3f543682985a7ae8e063cd6af0	8411f0bdbe6520ff74f95948b52616649a7a6a3f543682985a7ae8e063cd6af0
1477	minecraft:music_disc_relic	net.minecraft.world.item.Item	item.minecraft.music_disc_relic	1	1	0	0	1	False	False	False	True	True	["minecraft:vanilla"]	UNCOMMON	NONE	False	False	{"present":false}	783	77578f5a9454ccbac28a86dd520d789fed2fe1271e3230ef711803992f06a75a	77578f5a9454ccbac28a86dd520d789fed2fe1271e3230ef711803992f06a75a
1478	minecraft:music_disc_5	net.minecraft.world.item.Item	item.minecraft.music_disc_5	1	1	0	0	1	False	False	False	True	True	["minecraft:vanilla"]	UNCOMMON	NONE	False	False	{"present":false}	1214	89795a5ae98ade6d0e97ae9fad92ff6183c9d70f358ad8f642da5dc52170bf70	89795a5ae98ade6d0e97ae9fad92ff6183c9d70f358ad8f642da5dc52170bf70
1479	minecraft:music_disc_pigstep	net.minecraft.world.item.Item	item.minecraft.music_disc_pigstep	1	1	0	0	1	False	False	False	True	True	["minecraft:vanilla"]	RARE	NONE	False	False	{"present":false}	1345	c183221ebb38dd119a21d52a5be5dd06067e438734d60613d135fc95655c62ea	c183221ebb38dd119a21d52a5be5dd06067e438734d60613d135fc95655c62ea
1480	minecraft:music_disc_precipice	net.minecraft.world.item.Item	item.minecraft.music_disc_precipice	1	1	0	0	1	False	False	False	True	True	["minecraft:vanilla"]	UNCOMMON	NONE	False	False	{"present":false}	847	890675e18e68ba5c60913f06186179386b6dd3dec96da0e92bb618f20bfc8e12	890675e18e68ba5c60913f06186179386b6dd3dec96da0e92bb618f20bfc8e12
1481	minecraft:music_disc_tears	net.minecraft.world.item.Item	item.minecraft.music_disc_tears	1	1	0	0	1	False	False	False	True	True	["minecraft:vanilla"]	UNCOMMON	NONE	False	False	{"present":false}	134	ded5b8c68caffce0e4b55906f489b75e05ab699f00c32c388b9db1cf83051008	ded5b8c68caffce0e4b55906f489b75e05ab699f00c32c388b9db1cf83051008
1482	minecraft:disc_fragment_5	net.minecraft.world.item.DiscFragmentItem	item.minecraft.disc_fragment_5	64	64	0	0	1	False	True	False	True	True	["minecraft:vanilla"]	UNCOMMON	NONE	False	False	{"present":false}	1107	9b4bf051a761dcb6c8ee7150de2a7002466b7a903ba82690ef8e7f1e39d9fb58	9b4bf051a761dcb6c8ee7150de2a7002466b7a903ba82690ef8e7f1e39d9fb58
1483	minecraft:trident	net.minecraft.world.item.TridentItem	item.minecraft.trident	1	1	250	0	1	False	False	True	True	True	["minecraft:vanilla"]	RARE	TRIDENT	False	True	{"present":false}	1061	5be0e182b9cd6bb51ff9c4675d52988390d711a29f56cb7c5ad2d5d356c8d337	5be0e182b9cd6bb51ff9c4675d52988390d711a29f56cb7c5ad2d5d356c8d337
1484	minecraft:nautilus_shell	net.minecraft.world.item.Item	item.minecraft.nautilus_shell	64	64	0	0	1	False	True	False	True	True	["minecraft:vanilla"]	UNCOMMON	NONE	False	False	{"present":false}	651	ef3859e9096d4fcaa56f174e561939fd66467c629747e4b8db138e3437874b35	ef3859e9096d4fcaa56f174e561939fd66467c629747e4b8db138e3437874b35
1485	minecraft:iron_nautilus_armor	net.minecraft.world.item.Item	item.minecraft.iron_nautilus_armor	1	1	0	0	1	False	False	False	True	True	["minecraft:vanilla"]	COMMON	NONE	False	False	{"present":false}	1421	9fec42406dcbe78b187a3d76f189882eabcd32c47cbc052c17136a319e77fcee	9fec42406dcbe78b187a3d76f189882eabcd32c47cbc052c17136a319e77fcee
1486	minecraft:golden_nautilus_armor	net.minecraft.world.item.Item	item.minecraft.golden_nautilus_armor	1	1	0	0	1	False	False	False	True	True	["minecraft:vanilla"]	COMMON	NONE	False	False	{"present":false}	1314	18eeca9c9bcd31fe4e5013b2e521c43d0f26b50236fc8fb538ed14f5aac8af69	18eeca9c9bcd31fe4e5013b2e521c43d0f26b50236fc8fb538ed14f5aac8af69
1487	minecraft:diamond_nautilus_armor	net.minecraft.world.item.Item	item.minecraft.diamond_nautilus_armor	1	1	0	0	1	False	False	False	True	True	["minecraft:vanilla"]	COMMON	NONE	False	False	{"present":false}	1572	9f822bf9537970a15269fe4c4a394f0eaee19153a47accc546787090f1f2831d	9f822bf9537970a15269fe4c4a394f0eaee19153a47accc546787090f1f2831d
1488	minecraft:netherite_nautilus_armor	net.minecraft.world.item.Item	item.minecraft.netherite_nautilus_armor	1	1	0	0	1	False	False	False	True	True	["minecraft:vanilla"]	COMMON	NONE	False	False	{"present":false}	1206	9f18183400c12c6a441f2e19a2af7854f77835775a17c6e79e1dc085476c238d	9f18183400c12c6a441f2e19a2af7854f77835775a17c6e79e1dc085476c238d
1489	minecraft:copper_nautilus_armor	net.minecraft.world.item.Item	item.minecraft.copper_nautilus_armor	1	1	0	0	1	False	False	False	True	True	["minecraft:vanilla"]	COMMON	NONE	False	False	{"present":false}	450	4021ae10061c4418a802852e2bff46170d339632e480cfeb95e4917f941af405	4021ae10061c4418a802852e2bff46170d339632e480cfeb95e4917f941af405
1490	minecraft:heart_of_the_sea	net.minecraft.world.item.Item	item.minecraft.heart_of_the_sea	64	64	0	0	1	False	True	False	True	True	["minecraft:vanilla"]	UNCOMMON	NONE	False	False	{"present":false}	1521	7e88cd114b54b0571be79b6682ccba6404de6139b57916164d33b533c142bcd1	7e88cd114b54b0571be79b6682ccba6404de6139b57916164d33b533c142bcd1
1491	minecraft:crossbow	net.minecraft.world.item.CrossbowItem	item.minecraft.crossbow	1	1	465	0	1	False	False	True	True	True	["minecraft:vanilla"]	COMMON	CROSSBOW	False	True	{"present":false}	795	00a782c3f007fe84ca49a904d79fc01c0bfd09850c15f9b5eeb1025292847823	00a782c3f007fe84ca49a904d79fc01c0bfd09850c15f9b5eeb1025292847823
1492	minecraft:suspicious_stew	net.minecraft.world.item.Item	item.minecraft.suspicious_stew	1	1	0	0	1	False	False	False	True	True	["minecraft:vanilla"]	COMMON	EAT	False	False	{"present":false}	133	7f324fff5c212f399a85e4e3962f34f634fdedeeddff5f6bb3e39dbf229b5c25	7f324fff5c212f399a85e4e3962f34f634fdedeeddff5f6bb3e39dbf229b5c25
1493	minecraft:loom	net.minecraft.world.item.BlockItem	block.minecraft.loom	64	64	0	0	1	False	True	False	True	True	["minecraft:vanilla"]	COMMON	NONE	False	False	{"present":false}	1176	fd3e4b103f77832aa084fb63fcb6f573e70730adee01e500ebfba3da2182607a	fd3e4b103f77832aa084fb63fcb6f573e70730adee01e500ebfba3da2182607a
1494	minecraft:flower_banner_pattern	net.minecraft.world.item.Item	item.minecraft.flower_banner_pattern	1	1	0	0	1	False	False	False	True	True	["minecraft:vanilla"]	COMMON	NONE	False	False	{"present":false}	1510	639167a6d7971d04690657981b1a91c6e207caabd4688cfcc7d2e29eb6d09cbf	639167a6d7971d04690657981b1a91c6e207caabd4688cfcc7d2e29eb6d09cbf
1495	minecraft:creeper_banner_pattern	net.minecraft.world.item.Item	item.minecraft.creeper_banner_pattern	1	1	0	0	1	False	False	False	True	True	["minecraft:vanilla"]	UNCOMMON	NONE	False	False	{"present":false}	120	40ad51c38de3f5f1ad120f5c51ebf0aad6e7df872541fec63589387cf5fd1d84	40ad51c38de3f5f1ad120f5c51ebf0aad6e7df872541fec63589387cf5fd1d84
1496	minecraft:skull_banner_pattern	net.minecraft.world.item.Item	item.minecraft.skull_banner_pattern	1	1	0	0	1	False	False	False	True	True	["minecraft:vanilla"]	RARE	NONE	False	False	{"present":false}	415	d17b81798ddd95afff7f65215d770a37cc74e88230a9258128284b1ca7dd6efe	d17b81798ddd95afff7f65215d770a37cc74e88230a9258128284b1ca7dd6efe
1497	minecraft:mojang_banner_pattern	net.minecraft.world.item.Item	item.minecraft.mojang_banner_pattern	1	1	0	0	1	False	False	False	True	True	["minecraft:vanilla"]	RARE	NONE	False	False	{"present":false}	359	552b356f641ee04c4f0b7427eca710eff83436eccc16aac3adcfaf941948763a	552b356f641ee04c4f0b7427eca710eff83436eccc16aac3adcfaf941948763a
1498	minecraft:globe_banner_pattern	net.minecraft.world.item.Item	item.minecraft.globe_banner_pattern	1	1	0	0	1	False	False	False	True	True	["minecraft:vanilla"]	COMMON	NONE	False	False	{"present":false}	850	64a07063affb674c0937e68df11d17b949719ef9be930feefe4487280e519d3b	64a07063affb674c0937e68df11d17b949719ef9be930feefe4487280e519d3b
1499	minecraft:piglin_banner_pattern	net.minecraft.world.item.Item	item.minecraft.piglin_banner_pattern	1	1	0	0	1	False	False	False	True	True	["minecraft:vanilla"]	UNCOMMON	NONE	False	False	{"present":false}	1364	1681f4305758f0d673924177d0719ae05a3c4eb00c28c961252f2b8673c49310	1681f4305758f0d673924177d0719ae05a3c4eb00c28c961252f2b8673c49310
1500	minecraft:flow_banner_pattern	net.minecraft.world.item.Item	item.minecraft.flow_banner_pattern	1	1	0	0	1	False	False	False	True	True	["minecraft:vanilla"]	RARE	NONE	False	False	{"present":false}	903	548b45c4c0991724b6d26514f1e75f3751f40b9cc2e9d49b64675a8bd4739847	548b45c4c0991724b6d26514f1e75f3751f40b9cc2e9d49b64675a8bd4739847
1501	minecraft:guster_banner_pattern	net.minecraft.world.item.Item	item.minecraft.guster_banner_pattern	1	1	0	0	1	False	False	False	True	True	["minecraft:vanilla"]	RARE	NONE	False	False	{"present":false}	165	a897e147225455830ad81cd84e2bce0795c048964b65a106469e03a36a8a4e11	a897e147225455830ad81cd84e2bce0795c048964b65a106469e03a36a8a4e11
1502	minecraft:field_masoned_banner_pattern	net.minecraft.world.item.Item	item.minecraft.field_masoned_banner_pattern	1	1	0	0	1	False	False	False	True	True	["minecraft:vanilla"]	COMMON	NONE	False	False	{"present":false}	269	b5dbe95488624db42d9c6bea303a1f2f219aae03b0346923e8163714d3b0717e	b5dbe95488624db42d9c6bea303a1f2f219aae03b0346923e8163714d3b0717e
1503	minecraft:bordure_indented_banner_pattern	net.minecraft.world.item.Item	item.minecraft.bordure_indented_banner_pattern	1	1	0	0	1	False	False	False	True	True	["minecraft:vanilla"]	COMMON	NONE	False	False	{"present":false}	534	0d7f9812deff8c2c29a00c75a9457ad5e2ebb8e3e70790b7c06f1a263ff53b60	0d7f9812deff8c2c29a00c75a9457ad5e2ebb8e3e70790b7c06f1a263ff53b60
1504	minecraft:goat_horn	net.minecraft.world.item.InstrumentItem	item.minecraft.goat_horn	1	1	0	0	1	False	False	False	True	True	["minecraft:vanilla"]	UNCOMMON	TOOT_HORN	False	False	{"present":false}	1594	02dc5ba172be32fd4cedd8a3bd2f5963557276768de25f28446c4a0a4c01d689	02dc5ba172be32fd4cedd8a3bd2f5963557276768de25f28446c4a0a4c01d689
1505	minecraft:composter	net.minecraft.world.item.BlockItem	block.minecraft.composter	64	64	0	0	1	False	True	False	True	True	["minecraft:vanilla"]	COMMON	NONE	False	False	{"present":false}	670	f9346ca53d9445d3cc87479cb6cea5753e0d1a44cf8bbfbd91f6458e17d5dc41	f9346ca53d9445d3cc87479cb6cea5753e0d1a44cf8bbfbd91f6458e17d5dc41
1506	minecraft:barrel	net.minecraft.world.item.BlockItem	block.minecraft.barrel	64	64	0	0	1	False	True	False	True	True	["minecraft:vanilla"]	COMMON	NONE	False	False	{"present":false}	1078	14a00fbedb5d370be49558f46cd2f0c5fb3de01c5c8937829d75a6095071efb6	14a00fbedb5d370be49558f46cd2f0c5fb3de01c5c8937829d75a6095071efb6
1507	minecraft:smoker	net.minecraft.world.item.BlockItem	block.minecraft.smoker	64	64	0	0	1	False	True	False	True	True	["minecraft:vanilla"]	COMMON	NONE	False	False	{"present":false}	445	53a4e5f38d393a43eac9cb0f85a16f38b1e9d819d9114e6dd0d73bd006f78d67	53a4e5f38d393a43eac9cb0f85a16f38b1e9d819d9114e6dd0d73bd006f78d67
1508	minecraft:blast_furnace	net.minecraft.world.item.BlockItem	block.minecraft.blast_furnace	64	64	0	0	1	False	True	False	True	True	["minecraft:vanilla"]	COMMON	NONE	False	False	{"present":false}	61	f4a11ead9f388b3a89f3930eb70fc15ab1740344a5734d7d09b043de8b8233ea	f4a11ead9f388b3a89f3930eb70fc15ab1740344a5734d7d09b043de8b8233ea
1509	minecraft:cartography_table	net.minecraft.world.item.BlockItem	block.minecraft.cartography_table	64	64	0	0	1	False	True	False	True	True	["minecraft:vanilla"]	COMMON	NONE	False	False	{"present":false}	1394	48fa0caf4271d341481b513ef5974b43d3c84818d1f054da2ada911d6b05e4da	48fa0caf4271d341481b513ef5974b43d3c84818d1f054da2ada911d6b05e4da
1510	minecraft:fletching_table	net.minecraft.world.item.BlockItem	block.minecraft.fletching_table	64	64	0	0	1	False	True	False	True	True	["minecraft:vanilla"]	COMMON	NONE	False	False	{"present":false}	920	ebf2cb0077da97694d97f1e480583a8eb037569003bfb5babe6068cd1a0def3a	ebf2cb0077da97694d97f1e480583a8eb037569003bfb5babe6068cd1a0def3a
1511	minecraft:grindstone	net.minecraft.world.item.BlockItem	block.minecraft.grindstone	64	64	0	0	1	False	True	False	True	True	["minecraft:vanilla"]	COMMON	NONE	False	False	{"present":false}	63	ab7be19115c14513e76aa0444438318be25c61e5cc8e02b623035f4205f222c5	ab7be19115c14513e76aa0444438318be25c61e5cc8e02b623035f4205f222c5
1512	minecraft:smithing_table	net.minecraft.world.item.BlockItem	block.minecraft.smithing_table	64	64	0	0	1	False	True	False	True	True	["minecraft:vanilla"]	COMMON	NONE	False	False	{"present":false}	1433	a33f2d5fcd21032d7ad6eb0c81fe2768c1a914001bc37614c398e39def7afb5a	a33f2d5fcd21032d7ad6eb0c81fe2768c1a914001bc37614c398e39def7afb5a
1513	minecraft:stonecutter	net.minecraft.world.item.BlockItem	block.minecraft.stonecutter	64	64	0	0	1	False	True	False	True	True	["minecraft:vanilla"]	COMMON	NONE	False	False	{"present":false}	1506	dd3288e71a11097d783b458c857dbf086e1f59be96fbbff1acc2326f08a2e591	dd3288e71a11097d783b458c857dbf086e1f59be96fbbff1acc2326f08a2e591
1514	minecraft:bell	net.minecraft.world.item.BlockItem	block.minecraft.bell	64	64	0	0	1	False	True	False	True	True	["minecraft:vanilla"]	COMMON	NONE	False	False	{"present":false}	1589	5f15d6411c0a4a10a41549fcbdd8fdff41ae4c9cdfb5c9df9c0379cc1f5dcd1c	5f15d6411c0a4a10a41549fcbdd8fdff41ae4c9cdfb5c9df9c0379cc1f5dcd1c
1515	minecraft:lantern	net.minecraft.world.item.BlockItem	block.minecraft.lantern	64	64	0	0	1	False	True	False	True	True	["minecraft:vanilla"]	COMMON	NONE	False	False	{"present":false}	161	1671acb13d2a65fc8b106a17c1ddaa5f1a1135f41feda10a4aecc2e5e991b070	1671acb13d2a65fc8b106a17c1ddaa5f1a1135f41feda10a4aecc2e5e991b070
1516	minecraft:soul_lantern	net.minecraft.world.item.BlockItem	block.minecraft.soul_lantern	64	64	0	0	1	False	True	False	True	True	["minecraft:vanilla"]	COMMON	NONE	False	False	{"present":false}	83	ca736fdc763947824ef51bbd25ba1573160603c15e9ed5688790e3a38c87e3f1	ca736fdc763947824ef51bbd25ba1573160603c15e9ed5688790e3a38c87e3f1
1517	minecraft:copper_lantern	net.minecraft.world.item.BlockItem	block.minecraft.copper_lantern	64	64	0	0	1	False	True	False	True	True	["minecraft:vanilla"]	COMMON	NONE	False	False	{"present":false}	1004	7191c781ea59df4d5795f26b4d6abe35db0ac7c37e96d235128f31e3dc33853b	7191c781ea59df4d5795f26b4d6abe35db0ac7c37e96d235128f31e3dc33853b
1518	minecraft:exposed_copper_lantern	net.minecraft.world.item.BlockItem	block.minecraft.exposed_copper_lantern	64	64	0	0	1	False	True	False	True	True	["minecraft:vanilla"]	COMMON	NONE	False	False	{"present":false}	765	0c5910bd7397253ab9f57e1a79168771bf3babc4c9f4081ce4a7f0c1f5309b69	0c5910bd7397253ab9f57e1a79168771bf3babc4c9f4081ce4a7f0c1f5309b69
1519	minecraft:weathered_copper_lantern	net.minecraft.world.item.BlockItem	block.minecraft.weathered_copper_lantern	64	64	0	0	1	False	True	False	True	True	["minecraft:vanilla"]	COMMON	NONE	False	False	{"present":false}	1449	2600a2689c0f9f2c2a985666977432c19f6721dba597d8b8efd3c79dfac1e625	2600a2689c0f9f2c2a985666977432c19f6721dba597d8b8efd3c79dfac1e625
1520	minecraft:oxidized_copper_lantern	net.minecraft.world.item.BlockItem	block.minecraft.oxidized_copper_lantern	64	64	0	0	1	False	True	False	True	True	["minecraft:vanilla"]	COMMON	NONE	False	False	{"present":false}	1389	dc79a09534f93dcc474da84cbb586c01152c765e2defd515b13c1d7c205924ab	dc79a09534f93dcc474da84cbb586c01152c765e2defd515b13c1d7c205924ab
1521	minecraft:waxed_copper_lantern	net.minecraft.world.item.BlockItem	block.minecraft.waxed_copper_lantern	64	64	0	0	1	False	True	False	True	True	["minecraft:vanilla"]	COMMON	NONE	False	False	{"present":false}	170	9d69b7139f271ba61bc451724e6fbb1b55d87eeef4d11322f66cbd1fd914df5e	9d69b7139f271ba61bc451724e6fbb1b55d87eeef4d11322f66cbd1fd914df5e
1522	minecraft:waxed_exposed_copper_lantern	net.minecraft.world.item.BlockItem	block.minecraft.waxed_exposed_copper_lantern	64	64	0	0	1	False	True	False	True	True	["minecraft:vanilla"]	COMMON	NONE	False	False	{"present":false}	1547	e681cf43d493c3c8e31e2b1283f6fbb822c1db40ec1720c7f6888ebf765e5db0	e681cf43d493c3c8e31e2b1283f6fbb822c1db40ec1720c7f6888ebf765e5db0
1523	minecraft:waxed_weathered_copper_lantern	net.minecraft.world.item.BlockItem	block.minecraft.waxed_weathered_copper_lantern	64	64	0	0	1	False	True	False	True	True	["minecraft:vanilla"]	COMMON	NONE	False	False	{"present":false}	489	9d791ec281f82310cfed06d6cd71a590140b57ddfec6d0a166e68e1538a3b02b	9d791ec281f82310cfed06d6cd71a590140b57ddfec6d0a166e68e1538a3b02b
1524	minecraft:waxed_oxidized_copper_lantern	net.minecraft.world.item.BlockItem	block.minecraft.waxed_oxidized_copper_lantern	64	64	0	0	1	False	True	False	True	True	["minecraft:vanilla"]	COMMON	NONE	False	False	{"present":false}	1219	566c0e1acba604eb9ddb31cc69d3d5be3ece1fbdd3ac1c5862801b059c626a9e	566c0e1acba604eb9ddb31cc69d3d5be3ece1fbdd3ac1c5862801b059c626a9e
1525	minecraft:sweet_berries	net.minecraft.world.item.BlockItem	item.minecraft.sweet_berries	64	64	0	0	1	False	True	False	True	True	["minecraft:vanilla"]	COMMON	EAT	False	False	{"present":false}	1458	a499ed261f86836c4fcc425c8a67a6c90295655638fe48bcd905d62b28440e57	a499ed261f86836c4fcc425c8a67a6c90295655638fe48bcd905d62b28440e57
1526	minecraft:glow_berries	net.minecraft.world.item.BlockItem	item.minecraft.glow_berries	64	64	0	0	1	False	True	False	True	True	["minecraft:vanilla"]	COMMON	EAT	False	False	{"present":false}	982	69990d2ba4e2b952580d122a867a30fa1144cb0539f6222ebd9126c40d0ce643	69990d2ba4e2b952580d122a867a30fa1144cb0539f6222ebd9126c40d0ce643
1527	minecraft:campfire	net.minecraft.world.item.BlockItem	block.minecraft.campfire	64	64	0	0	1	False	True	False	True	True	["minecraft:vanilla"]	COMMON	NONE	False	False	{"present":false}	218	80e1742d974083823302f02db878b52bcbc482af9c4ef65469df6cda338b0511	80e1742d974083823302f02db878b52bcbc482af9c4ef65469df6cda338b0511
1528	minecraft:soul_campfire	net.minecraft.world.item.BlockItem	block.minecraft.soul_campfire	64	64	0	0	1	False	True	False	True	True	["minecraft:vanilla"]	COMMON	NONE	False	False	{"present":false}	620	69e3adcb64b18c030c48df9b5623057415326588bea673a579d3e7a90bb68344	69e3adcb64b18c030c48df9b5623057415326588bea673a579d3e7a90bb68344
1529	minecraft:shroomlight	net.minecraft.world.item.BlockItem	block.minecraft.shroomlight	64	64	0	0	1	False	True	False	True	True	["minecraft:vanilla"]	COMMON	NONE	False	False	{"present":false}	10	c219d31a2f4f099cc466fb5ab9e6386c80e9e65433e06930c3cd255ab3a391f1	c219d31a2f4f099cc466fb5ab9e6386c80e9e65433e06930c3cd255ab3a391f1
1530	minecraft:honeycomb	net.minecraft.world.item.HoneycombItem	item.minecraft.honeycomb	64	64	0	0	1	False	True	False	True	True	["minecraft:vanilla"]	COMMON	NONE	False	False	{"present":false}	1030	dc128535011f13c973a3e582fb59b6ab1023345d3d201449692b80f95051794d	dc128535011f13c973a3e582fb59b6ab1023345d3d201449692b80f95051794d
1531	minecraft:bee_nest	net.minecraft.world.item.BlockItem	block.minecraft.bee_nest	64	64	0	0	1	False	True	False	True	True	["minecraft:vanilla"]	COMMON	NONE	False	False	{"present":false}	856	d7dcc8488380063bb7deb5cd8ceb224ac06712232ccfead2df49b7fd115ac08f	d7dcc8488380063bb7deb5cd8ceb224ac06712232ccfead2df49b7fd115ac08f
1532	minecraft:beehive	net.minecraft.world.item.BlockItem	block.minecraft.beehive	64	64	0	0	1	False	True	False	True	True	["minecraft:vanilla"]	COMMON	NONE	False	False	{"present":false}	1315	907fdc1378cf1a0c24c707767154bda75f6e99691a665573bf63a7115cbe7594	907fdc1378cf1a0c24c707767154bda75f6e99691a665573bf63a7115cbe7594
1533	minecraft:honey_bottle	net.minecraft.world.item.Item	item.minecraft.honey_bottle	16	16	0	0	1	False	True	False	True	True	["minecraft:vanilla"]	COMMON	DRINK	False	False	{"count":1,"item":"minecraft:glass_bottle","present":true}	586	73d799e83b7dc5c04e7e451e68cee74cf312e57246337e7ca5ab336cce9ee7e4	73d799e83b7dc5c04e7e451e68cee74cf312e57246337e7ca5ab336cce9ee7e4
1534	minecraft:honeycomb_block	net.minecraft.world.item.BlockItem	block.minecraft.honeycomb_block	64	64	0	0	1	False	True	False	True	True	["minecraft:vanilla"]	COMMON	NONE	False	False	{"present":false}	1254	3cfe0798677e9a2c046a374393fd8fc7ab043fd6065d008086fb9e0b855b82f2	3cfe0798677e9a2c046a374393fd8fc7ab043fd6065d008086fb9e0b855b82f2
1535	minecraft:lodestone	net.minecraft.world.item.BlockItem	block.minecraft.lodestone	64	64	0	0	1	False	True	False	True	True	["minecraft:vanilla"]	COMMON	NONE	False	False	{"present":false}	1359	d99fcc5a707f5e753de16e99ca10d220c04d5642e9221abbde13c4fdec42ea32	d99fcc5a707f5e753de16e99ca10d220c04d5642e9221abbde13c4fdec42ea32
1536	minecraft:crying_obsidian	net.minecraft.world.item.BlockItem	block.minecraft.crying_obsidian	64	64	0	0	1	False	True	False	True	True	["minecraft:vanilla"]	COMMON	NONE	False	False	{"present":false}	1132	a6b2075e4f10a9558f45d4d6b3cc88087f95f3a45faa491a7470ab3e8b8b576d	a6b2075e4f10a9558f45d4d6b3cc88087f95f3a45faa491a7470ab3e8b8b576d
1537	minecraft:blackstone	net.minecraft.world.item.BlockItem	block.minecraft.blackstone	64	64	0	0	1	False	True	False	True	True	["minecraft:vanilla"]	COMMON	NONE	False	False	{"present":false}	1560	df7095d9c93203a005603e5eb2f5b29388f4f21b04764dafa42a2422b80e6b9c	df7095d9c93203a005603e5eb2f5b29388f4f21b04764dafa42a2422b80e6b9c
1538	minecraft:blackstone_slab	net.minecraft.world.item.BlockItem	block.minecraft.blackstone_slab	64	64	0	0	1	False	True	False	True	True	["minecraft:vanilla"]	COMMON	NONE	False	False	{"present":false}	1470	1a1acc7d9cb1103c7ec859d7ffe3147713cbead5d14922d3cfe172c2dce2105b	1a1acc7d9cb1103c7ec859d7ffe3147713cbead5d14922d3cfe172c2dce2105b
1539	minecraft:blackstone_stairs	net.minecraft.world.item.BlockItem	block.minecraft.blackstone_stairs	64	64	0	0	1	False	True	False	True	True	["minecraft:vanilla"]	COMMON	NONE	False	False	{"present":false}	1357	9bfe3895fd28ee332dd020072590a277534c848f45545146d4f13fbb4660421f	9bfe3895fd28ee332dd020072590a277534c848f45545146d4f13fbb4660421f
1540	minecraft:gilded_blackstone	net.minecraft.world.item.BlockItem	block.minecraft.gilded_blackstone	64	64	0	0	1	False	True	False	True	True	["minecraft:vanilla"]	COMMON	NONE	False	False	{"present":false}	44	27b531b8a08c6d9b8d935dcdab32c31ce927c77c3cd15cdb23381e0e18d80d33	27b531b8a08c6d9b8d935dcdab32c31ce927c77c3cd15cdb23381e0e18d80d33
1541	minecraft:polished_blackstone	net.minecraft.world.item.BlockItem	block.minecraft.polished_blackstone	64	64	0	0	1	False	True	False	True	True	["minecraft:vanilla"]	COMMON	NONE	False	False	{"present":false}	0	2b04fde1d1608fa820565252e792c011f2bfffa26514b7e4d850e9f2651f1cb9	2b04fde1d1608fa820565252e792c011f2bfffa26514b7e4d850e9f2651f1cb9
1542	minecraft:polished_blackstone_slab	net.minecraft.world.item.BlockItem	block.minecraft.polished_blackstone_slab	64	64	0	0	1	False	True	False	True	True	["minecraft:vanilla"]	COMMON	NONE	False	False	{"present":false}	416	652c678f0ebf31907d70a27bc570d2c0e47d1816125ea51f996bb904b09c1c5c	652c678f0ebf31907d70a27bc570d2c0e47d1816125ea51f996bb904b09c1c5c
1543	minecraft:polished_blackstone_stairs	net.minecraft.world.item.BlockItem	block.minecraft.polished_blackstone_stairs	64	64	0	0	1	False	True	False	True	True	["minecraft:vanilla"]	COMMON	NONE	False	False	{"present":false}	1403	08b2229ee3dc3ff14d172c5b868a2b702a29a6a6bbaad7eef57bd513a621d4f2	08b2229ee3dc3ff14d172c5b868a2b702a29a6a6bbaad7eef57bd513a621d4f2
1544	minecraft:chiseled_polished_blackstone	net.minecraft.world.item.BlockItem	block.minecraft.chiseled_polished_blackstone	64	64	0	0	1	False	True	False	True	True	["minecraft:vanilla"]	COMMON	NONE	False	False	{"present":false}	447	72762fbeaafe3b1fbdfde70c7f3a9fcc170b3e71316b1496c48acedc3d27efc1	72762fbeaafe3b1fbdfde70c7f3a9fcc170b3e71316b1496c48acedc3d27efc1
1545	minecraft:polished_blackstone_bricks	net.minecraft.world.item.BlockItem	block.minecraft.polished_blackstone_bricks	64	64	0	0	1	False	True	False	True	True	["minecraft:vanilla"]	COMMON	NONE	False	False	{"present":false}	777	7272d59e769517498aa2435368eddee801ddccc16a33a8e47406892dd3f623dd	7272d59e769517498aa2435368eddee801ddccc16a33a8e47406892dd3f623dd
1546	minecraft:polished_blackstone_brick_slab	net.minecraft.world.item.BlockItem	block.minecraft.polished_blackstone_brick_slab	64	64	0	0	1	False	True	False	True	True	["minecraft:vanilla"]	COMMON	NONE	False	False	{"present":false}	1621	e271f43a0db4cdc66274bfe39027bb0c9227a500629b58abddd29bbed8089bcd	e271f43a0db4cdc66274bfe39027bb0c9227a500629b58abddd29bbed8089bcd
1547	minecraft:polished_blackstone_brick_stairs	net.minecraft.world.item.BlockItem	block.minecraft.polished_blackstone_brick_stairs	64	64	0	0	1	False	True	False	True	True	["minecraft:vanilla"]	COMMON	NONE	False	False	{"present":false}	101	93668613055f0fa8c1c8166d551990fba103a069061f2b32ee121080246182f8	93668613055f0fa8c1c8166d551990fba103a069061f2b32ee121080246182f8
1548	minecraft:cracked_polished_blackstone_bricks	net.minecraft.world.item.BlockItem	block.minecraft.cracked_polished_blackstone_bricks	64	64	0	0	1	False	True	False	True	True	["minecraft:vanilla"]	COMMON	NONE	False	False	{"present":false}	929	53d1743f4a4a6943563cbc88554b18204d51e17beef13a3a9eaeae885fb0f5d4	53d1743f4a4a6943563cbc88554b18204d51e17beef13a3a9eaeae885fb0f5d4
1549	minecraft:respawn_anchor	net.minecraft.world.item.BlockItem	block.minecraft.respawn_anchor	64	64	0	0	1	False	True	False	True	True	["minecraft:vanilla"]	COMMON	NONE	False	False	{"present":false}	767	8aa57c035eb29e09205cfd4bc32fa8c1cc1f0a4131fcebd7b31abdefa902dbc3	8aa57c035eb29e09205cfd4bc32fa8c1cc1f0a4131fcebd7b31abdefa902dbc3
1550	minecraft:candle	net.minecraft.world.item.BlockItem	block.minecraft.candle	64	64	0	0	1	False	True	False	True	True	["minecraft:vanilla"]	COMMON	NONE	False	False	{"present":false}	916	72fd31afa6818818ea33baadb49c4c9ae4751fe3bd3bd4572c883677b50f8759	72fd31afa6818818ea33baadb49c4c9ae4751fe3bd3bd4572c883677b50f8759
1551	minecraft:white_candle	net.minecraft.world.item.BlockItem	block.minecraft.white_candle	64	64	0	0	1	False	True	False	True	True	["minecraft:vanilla"]	COMMON	NONE	False	False	{"present":false}	587	6e22a6481ee64178e08298f3e014494fcb86b692aa1ee4d6a6368413c4fd4a83	6e22a6481ee64178e08298f3e014494fcb86b692aa1ee4d6a6368413c4fd4a83
1552	minecraft:orange_candle	net.minecraft.world.item.BlockItem	block.minecraft.orange_candle	64	64	0	0	1	False	True	False	True	True	["minecraft:vanilla"]	COMMON	NONE	False	False	{"present":false}	380	3a68f34d20c43af7f011ed62c98facdf43e95ac045425685d4c67e5c88401b31	3a68f34d20c43af7f011ed62c98facdf43e95ac045425685d4c67e5c88401b31
1553	minecraft:magenta_candle	net.minecraft.world.item.BlockItem	block.minecraft.magenta_candle	64	64	0	0	1	False	True	False	True	True	["minecraft:vanilla"]	COMMON	NONE	False	False	{"present":false}	1622	e839117bc47775ade6c8938f66bfbe5b9feb2a3d54197d1b683a3168c534175a	e839117bc47775ade6c8938f66bfbe5b9feb2a3d54197d1b683a3168c534175a
1554	minecraft:light_blue_candle	net.minecraft.world.item.BlockItem	block.minecraft.light_blue_candle	64	64	0	0	1	False	True	False	True	True	["minecraft:vanilla"]	COMMON	NONE	False	False	{"present":false}	648	c5ab36663959e7a1a8bc5eeab9995a41b696b1af5c30c56add6849f3a3b95eaa	c5ab36663959e7a1a8bc5eeab9995a41b696b1af5c30c56add6849f3a3b95eaa
1555	minecraft:yellow_candle	net.minecraft.world.item.BlockItem	block.minecraft.yellow_candle	64	64	0	0	1	False	True	False	True	True	["minecraft:vanilla"]	COMMON	NONE	False	False	{"present":false}	1248	a65f5f13e535e541df0bd06e50b8dda8401609b13d1fc7ceccf8022a53baf91f	a65f5f13e535e541df0bd06e50b8dda8401609b13d1fc7ceccf8022a53baf91f
1556	minecraft:lime_candle	net.minecraft.world.item.BlockItem	block.minecraft.lime_candle	64	64	0	0	1	False	True	False	True	True	["minecraft:vanilla"]	COMMON	NONE	False	False	{"present":false}	561	58cad54e97da72feea17865da28588885bfd4095db766357e9c1d1c9f341f913	58cad54e97da72feea17865da28588885bfd4095db766357e9c1d1c9f341f913
1557	minecraft:pink_candle	net.minecraft.world.item.BlockItem	block.minecraft.pink_candle	64	64	0	0	1	False	True	False	True	True	["minecraft:vanilla"]	COMMON	NONE	False	False	{"present":false}	206	d5bae8aa7da95dafe6fa1bdf9e9497148c041c155e790c9851f6761b076cd500	d5bae8aa7da95dafe6fa1bdf9e9497148c041c155e790c9851f6761b076cd500
1558	minecraft:gray_candle	net.minecraft.world.item.BlockItem	block.minecraft.gray_candle	64	64	0	0	1	False	True	False	True	True	["minecraft:vanilla"]	COMMON	NONE	False	False	{"present":false}	1293	e4a4685ff04928f5d618f9a017d4da37ab83907ab5101bec313b8f098bfd978c	e4a4685ff04928f5d618f9a017d4da37ab83907ab5101bec313b8f098bfd978c
1559	minecraft:light_gray_candle	net.minecraft.world.item.BlockItem	block.minecraft.light_gray_candle	64	64	0	0	1	False	True	False	True	True	["minecraft:vanilla"]	COMMON	NONE	False	False	{"present":false}	779	c70d179e81795fd13706e1bc50ed8aabc4765d16ef77c7400b59973e4e37017c	c70d179e81795fd13706e1bc50ed8aabc4765d16ef77c7400b59973e4e37017c
1560	minecraft:cyan_candle	net.minecraft.world.item.BlockItem	block.minecraft.cyan_candle	64	64	0	0	1	False	True	False	True	True	["minecraft:vanilla"]	COMMON	NONE	False	False	{"present":false}	1493	d3481c95d08b2b4daed3ee8fc37924bb4c3e5bcea716807e6b7134581445df67	d3481c95d08b2b4daed3ee8fc37924bb4c3e5bcea716807e6b7134581445df67
1561	minecraft:purple_candle	net.minecraft.world.item.BlockItem	block.minecraft.purple_candle	64	64	0	0	1	False	True	False	True	True	["minecraft:vanilla"]	COMMON	NONE	False	False	{"present":false}	1530	092823c29d8d20f2819137f235805d2284a59df3a2fa5106ece97344ca46e1d4	092823c29d8d20f2819137f235805d2284a59df3a2fa5106ece97344ca46e1d4
1562	minecraft:blue_candle	net.minecraft.world.item.BlockItem	block.minecraft.blue_candle	64	64	0	0	1	False	True	False	True	True	["minecraft:vanilla"]	COMMON	NONE	False	False	{"present":false}	771	04cc33d2a9a4353f75ccd611a0719bae913aa39cb734b1444755bad494ad664b	04cc33d2a9a4353f75ccd611a0719bae913aa39cb734b1444755bad494ad664b
1563	minecraft:brown_candle	net.minecraft.world.item.BlockItem	block.minecraft.brown_candle	64	64	0	0	1	False	True	False	True	True	["minecraft:vanilla"]	COMMON	NONE	False	False	{"present":false}	1136	148147c2ad6990bf7e6e2ffe4636a660c704d8f1912b8e1e6561903b8f5f166e	148147c2ad6990bf7e6e2ffe4636a660c704d8f1912b8e1e6561903b8f5f166e
1564	minecraft:green_candle	net.minecraft.world.item.BlockItem	block.minecraft.green_candle	64	64	0	0	1	False	True	False	True	True	["minecraft:vanilla"]	COMMON	NONE	False	False	{"present":false}	387	a8dba2144461a10cc2dcad93289a1ce19d9ce6460f5dba0c6db4e148a556d1df	a8dba2144461a10cc2dcad93289a1ce19d9ce6460f5dba0c6db4e148a556d1df
1565	minecraft:red_candle	net.minecraft.world.item.BlockItem	block.minecraft.red_candle	64	64	0	0	1	False	True	False	True	True	["minecraft:vanilla"]	COMMON	NONE	False	False	{"present":false}	599	795c9c91e1779cebeef46c0ab56e58960349dba34b0690c752a2803ea295f07f	795c9c91e1779cebeef46c0ab56e58960349dba34b0690c752a2803ea295f07f
1566	minecraft:black_candle	net.minecraft.world.item.BlockItem	block.minecraft.black_candle	64	64	0	0	1	False	True	False	True	True	["minecraft:vanilla"]	COMMON	NONE	False	False	{"present":false}	709	11464c8b7ebf66ae9d62a298dbca2c1cd46446dfabbed15d20a9729ca3759012	11464c8b7ebf66ae9d62a298dbca2c1cd46446dfabbed15d20a9729ca3759012
1567	minecraft:small_amethyst_bud	net.minecraft.world.item.BlockItem	block.minecraft.small_amethyst_bud	64	64	0	0	1	False	True	False	True	True	["minecraft:vanilla"]	COMMON	NONE	False	False	{"present":false}	280	f90c14723ed8afcd6ac79946f42950cc4ed16f5459cb976c21140701ad874f00	f90c14723ed8afcd6ac79946f42950cc4ed16f5459cb976c21140701ad874f00
1568	minecraft:medium_amethyst_bud	net.minecraft.world.item.BlockItem	block.minecraft.medium_amethyst_bud	64	64	0	0	1	False	True	False	True	True	["minecraft:vanilla"]	COMMON	NONE	False	False	{"present":false}	1276	a92df01a789cd12876dfe578cf6caeb06dadf51503c0a9a74d5657646587201e	a92df01a789cd12876dfe578cf6caeb06dadf51503c0a9a74d5657646587201e
1569	minecraft:large_amethyst_bud	net.minecraft.world.item.BlockItem	block.minecraft.large_amethyst_bud	64	64	0	0	1	False	True	False	True	True	["minecraft:vanilla"]	COMMON	NONE	False	False	{"present":false}	899	8a738a66a518b5a8d3aee802f655ffdeecac94cbc3094298ce3f4b376e44f86e	8a738a66a518b5a8d3aee802f655ffdeecac94cbc3094298ce3f4b376e44f86e
1570	minecraft:amethyst_cluster	net.minecraft.world.item.BlockItem	block.minecraft.amethyst_cluster	64	64	0	0	1	False	True	False	True	True	["minecraft:vanilla"]	COMMON	NONE	False	False	{"present":false}	569	230c42b7aebf2982792d860990ca49d3d3ee2384d39b3de7d1ce756e3622abc1	230c42b7aebf2982792d860990ca49d3d3ee2384d39b3de7d1ce756e3622abc1
1571	minecraft:pointed_dripstone	net.minecraft.world.item.BlockItem	block.minecraft.pointed_dripstone	64	64	0	0	1	False	True	False	True	True	["minecraft:vanilla"]	COMMON	NONE	False	False	{"present":false}	407	a50f479476733342428e3bba2278fc92e58df11ad5d9da699942da2e6b4e3b55	a50f479476733342428e3bba2278fc92e58df11ad5d9da699942da2e6b4e3b55
1572	minecraft:sulfur_spike	net.minecraft.world.item.BlockItem	block.minecraft.sulfur_spike	64	64	0	0	1	False	True	False	True	True	["minecraft:vanilla"]	COMMON	NONE	False	False	{"present":false}	446	c46cdbe6ae8617a694e8de5e314d68a844747b0400e9343945a1eeea14856b46	c46cdbe6ae8617a694e8de5e314d68a844747b0400e9343945a1eeea14856b46
1573	minecraft:ochre_froglight	net.minecraft.world.item.BlockItem	block.minecraft.ochre_froglight	64	64	0	0	1	False	True	False	True	True	["minecraft:vanilla"]	COMMON	NONE	False	False	{"present":false}	638	3ab3f2bbd241f45532d4557db5c2f7980ccc6324d01adda1d043d69d066ba540	3ab3f2bbd241f45532d4557db5c2f7980ccc6324d01adda1d043d69d066ba540
1574	minecraft:verdant_froglight	net.minecraft.world.item.BlockItem	block.minecraft.verdant_froglight	64	64	0	0	1	False	True	False	True	True	["minecraft:vanilla"]	COMMON	NONE	False	False	{"present":false}	1513	d6d38c923772b791a435403d20c78b5ec34747e832b00eb52f2082d71c3a1df5	d6d38c923772b791a435403d20c78b5ec34747e832b00eb52f2082d71c3a1df5
1575	minecraft:pearlescent_froglight	net.minecraft.world.item.BlockItem	block.minecraft.pearlescent_froglight	64	64	0	0	1	False	True	False	True	True	["minecraft:vanilla"]	COMMON	NONE	False	False	{"present":false}	1142	c18b53f99a9c505f35a9bd65adde4cffead05e0ea73c06fe8025ca476e1d3187	c18b53f99a9c505f35a9bd65adde4cffead05e0ea73c06fe8025ca476e1d3187
1576	minecraft:frogspawn	net.minecraft.world.item.PlaceOnWaterBlockItem	block.minecraft.frogspawn	64	64	0	0	1	False	True	False	True	True	["minecraft:vanilla"]	COMMON	NONE	False	False	{"present":false}	1138	9bb811cf8ea8ff241c6bef72936317c3ec16825a80dcbe8e74f88f449cab7bb5	9bb811cf8ea8ff241c6bef72936317c3ec16825a80dcbe8e74f88f449cab7bb5
1577	minecraft:echo_shard	net.minecraft.world.item.Item	item.minecraft.echo_shard	64	64	0	0	1	False	True	False	True	True	["minecraft:vanilla"]	UNCOMMON	NONE	False	False	{"present":false}	1084	1a0dc2b1be0ec04bfd61e2ceb1ad1f90f4622168040d548a16bdb9817e2fdfd0	1a0dc2b1be0ec04bfd61e2ceb1ad1f90f4622168040d548a16bdb9817e2fdfd0
1578	minecraft:brush	net.minecraft.world.item.BrushItem	item.minecraft.brush	1	1	64	0	1	False	False	True	True	True	["minecraft:vanilla"]	COMMON	BRUSH	False	False	{"present":false}	1255	de3fe01ba819172562420543bad210365919319b7fbf30ad9fc0dd259886b884	de3fe01ba819172562420543bad210365919319b7fbf30ad9fc0dd259886b884
1579	minecraft:netherite_upgrade_smithing_template	net.minecraft.world.item.SmithingTemplateItem	item.minecraft.netherite_upgrade_smithing_template	64	64	0	0	1	False	True	False	True	True	["minecraft:vanilla"]	UNCOMMON	NONE	False	False	{"present":false}	243	53de11369254d55cb7e8710a19bde6a19ec87603859c0f11006fbcd77aa7ae3e	53de11369254d55cb7e8710a19bde6a19ec87603859c0f11006fbcd77aa7ae3e
1580	minecraft:sentry_armor_trim_smithing_template	net.minecraft.world.item.SmithingTemplateItem	item.minecraft.sentry_armor_trim_smithing_template	64	64	0	0	1	False	True	False	True	True	["minecraft:vanilla"]	UNCOMMON	NONE	False	False	{"present":false}	68	8e78e3d90b0d7d034da13b10b5274caa31f27d77c1cf492f636e189479a582df	8e78e3d90b0d7d034da13b10b5274caa31f27d77c1cf492f636e189479a582df
1581	minecraft:dune_armor_trim_smithing_template	net.minecraft.world.item.SmithingTemplateItem	item.minecraft.dune_armor_trim_smithing_template	64	64	0	0	1	False	True	False	True	True	["minecraft:vanilla"]	UNCOMMON	NONE	False	False	{"present":false}	1446	920ceb36ba94718f904f10dcdc3a54657f3c2c1f79afe4a57c13beed25184493	920ceb36ba94718f904f10dcdc3a54657f3c2c1f79afe4a57c13beed25184493
1582	minecraft:coast_armor_trim_smithing_template	net.minecraft.world.item.SmithingTemplateItem	item.minecraft.coast_armor_trim_smithing_template	64	64	0	0	1	False	True	False	True	True	["minecraft:vanilla"]	UNCOMMON	NONE	False	False	{"present":false}	1190	02d99773a20ef471b926d08a8552dfc523810c177ea5ffd4caf597135bddb6a7	02d99773a20ef471b926d08a8552dfc523810c177ea5ffd4caf597135bddb6a7
1583	minecraft:wild_armor_trim_smithing_template	net.minecraft.world.item.SmithingTemplateItem	item.minecraft.wild_armor_trim_smithing_template	64	64	0	0	1	False	True	False	True	True	["minecraft:vanilla"]	UNCOMMON	NONE	False	False	{"present":false}	1058	532a19d851aabef60f169531b76e8fcb5f640c4eb583ee1e8be6f3435414d903	532a19d851aabef60f169531b76e8fcb5f640c4eb583ee1e8be6f3435414d903
1584	minecraft:ward_armor_trim_smithing_template	net.minecraft.world.item.SmithingTemplateItem	item.minecraft.ward_armor_trim_smithing_template	64	64	0	0	1	False	True	False	True	True	["minecraft:vanilla"]	RARE	NONE	False	False	{"present":false}	208	925ae2eb5a7def00b61fb1f15b2f3bdec4747c1d9f033726cc59e00857391adb	925ae2eb5a7def00b61fb1f15b2f3bdec4747c1d9f033726cc59e00857391adb
1585	minecraft:eye_armor_trim_smithing_template	net.minecraft.world.item.SmithingTemplateItem	item.minecraft.eye_armor_trim_smithing_template	64	64	0	0	1	False	True	False	True	True	["minecraft:vanilla"]	RARE	NONE	False	False	{"present":false}	1065	0d8d45cfd2a72a90133543b4fb2c118eca4a66c1b754d801ba236f59be97cbc8	0d8d45cfd2a72a90133543b4fb2c118eca4a66c1b754d801ba236f59be97cbc8
1586	minecraft:vex_armor_trim_smithing_template	net.minecraft.world.item.SmithingTemplateItem	item.minecraft.vex_armor_trim_smithing_template	64	64	0	0	1	False	True	False	True	True	["minecraft:vanilla"]	RARE	NONE	False	False	{"present":false}	1242	e914d2cccfb4388026eaa180b960ee199010ee53f0dd886f4274f9f61c79a900	e914d2cccfb4388026eaa180b960ee199010ee53f0dd886f4274f9f61c79a900
1587	minecraft:tide_armor_trim_smithing_template	net.minecraft.world.item.SmithingTemplateItem	item.minecraft.tide_armor_trim_smithing_template	64	64	0	0	1	False	True	False	True	True	["minecraft:vanilla"]	UNCOMMON	NONE	False	False	{"present":false}	1117	a89ce738e91c91ff7b5c0611b644076a2a69540b3ff552c042d6cdee7a4c67cb	a89ce738e91c91ff7b5c0611b644076a2a69540b3ff552c042d6cdee7a4c67cb
1588	minecraft:snout_armor_trim_smithing_template	net.minecraft.world.item.SmithingTemplateItem	item.minecraft.snout_armor_trim_smithing_template	64	64	0	0	1	False	True	False	True	True	["minecraft:vanilla"]	UNCOMMON	NONE	False	False	{"present":false}	1102	8bae74e9e446726bee61894d7d3915e900826b0109185cb8c9dedea0e6db8db4	8bae74e9e446726bee61894d7d3915e900826b0109185cb8c9dedea0e6db8db4
1589	minecraft:rib_armor_trim_smithing_template	net.minecraft.world.item.SmithingTemplateItem	item.minecraft.rib_armor_trim_smithing_template	64	64	0	0	1	False	True	False	True	True	["minecraft:vanilla"]	UNCOMMON	NONE	False	False	{"present":false}	1585	55e7c45ff4d4d90305a0f3b1c0cd235c1c92fc9c9e45d8feeaedf62e2f631f22	55e7c45ff4d4d90305a0f3b1c0cd235c1c92fc9c9e45d8feeaedf62e2f631f22
1590	minecraft:spire_armor_trim_smithing_template	net.minecraft.world.item.SmithingTemplateItem	item.minecraft.spire_armor_trim_smithing_template	64	64	0	0	1	False	True	False	True	True	["minecraft:vanilla"]	RARE	NONE	False	False	{"present":false}	1097	a71ace7075e1dea1d247b59a113842fbe1ad5a6fbdb3e95948e8ba3e8eeb5364	a71ace7075e1dea1d247b59a113842fbe1ad5a6fbdb3e95948e8ba3e8eeb5364
1591	minecraft:wayfinder_armor_trim_smithing_template	net.minecraft.world.item.SmithingTemplateItem	item.minecraft.wayfinder_armor_trim_smithing_template	64	64	0	0	1	False	True	False	True	True	["minecraft:vanilla"]	UNCOMMON	NONE	False	False	{"present":false}	1501	dce67314a9041ee5db006208a1845788800308cf91ea8645fa040b4a357193cc	dce67314a9041ee5db006208a1845788800308cf91ea8645fa040b4a357193cc
1592	minecraft:shaper_armor_trim_smithing_template	net.minecraft.world.item.SmithingTemplateItem	item.minecraft.shaper_armor_trim_smithing_template	64	64	0	0	1	False	True	False	True	True	["minecraft:vanilla"]	UNCOMMON	NONE	False	False	{"present":false}	309	ee5e68a493172e5c153762e722d92307abbde8b6172cdbd4cd17f049b6bf28e5	ee5e68a493172e5c153762e722d92307abbde8b6172cdbd4cd17f049b6bf28e5
1593	minecraft:silence_armor_trim_smithing_template	net.minecraft.world.item.SmithingTemplateItem	item.minecraft.silence_armor_trim_smithing_template	64	64	0	0	1	False	True	False	True	True	["minecraft:vanilla"]	EPIC	NONE	False	False	{"present":false}	1182	37f4ef6dea565a1a5203f291acd033dad364a1b3fae944a42b3e087bcf07a879	37f4ef6dea565a1a5203f291acd033dad364a1b3fae944a42b3e087bcf07a879
1594	minecraft:raiser_armor_trim_smithing_template	net.minecraft.world.item.SmithingTemplateItem	item.minecraft.raiser_armor_trim_smithing_template	64	64	0	0	1	False	True	False	True	True	["minecraft:vanilla"]	UNCOMMON	NONE	False	False	{"present":false}	1320	8790c2a3c57e839c726b407ddbd8cfb9a88be816f242111412affc9cde38f851	8790c2a3c57e839c726b407ddbd8cfb9a88be816f242111412affc9cde38f851
1595	minecraft:host_armor_trim_smithing_template	net.minecraft.world.item.SmithingTemplateItem	item.minecraft.host_armor_trim_smithing_template	64	64	0	0	1	False	True	False	True	True	["minecraft:vanilla"]	UNCOMMON	NONE	False	False	{"present":false}	703	365095598dfaf48d81763a709596730825db5e502ade1692909b41fa551f1536	365095598dfaf48d81763a709596730825db5e502ade1692909b41fa551f1536
1596	minecraft:flow_armor_trim_smithing_template	net.minecraft.world.item.SmithingTemplateItem	item.minecraft.flow_armor_trim_smithing_template	64	64	0	0	1	False	True	False	True	True	["minecraft:vanilla"]	UNCOMMON	NONE	False	False	{"present":false}	152	4642981323531c0559656129e506c0dc799f2162f3ebc8533004fcb6a73113e0	4642981323531c0559656129e506c0dc799f2162f3ebc8533004fcb6a73113e0
1597	minecraft:bolt_armor_trim_smithing_template	net.minecraft.world.item.SmithingTemplateItem	item.minecraft.bolt_armor_trim_smithing_template	64	64	0	0	1	False	True	False	True	True	["minecraft:vanilla"]	UNCOMMON	NONE	False	False	{"present":false}	1629	60d77d76a7211642409883ee38bdbb48a9d47eda86c70e258b781860eb41767d	60d77d76a7211642409883ee38bdbb48a9d47eda86c70e258b781860eb41767d
1598	minecraft:angler_pottery_sherd	net.minecraft.world.item.Item	item.minecraft.angler_pottery_sherd	64	64	0	0	1	False	True	False	True	True	["minecraft:vanilla"]	UNCOMMON	NONE	False	False	{"present":false}	1593	cd7ceb4adc2bc91206a32ffb0d0cbdbb8895049a263a866e0f8668d65fb9c423	cd7ceb4adc2bc91206a32ffb0d0cbdbb8895049a263a866e0f8668d65fb9c423
1599	minecraft:archer_pottery_sherd	net.minecraft.world.item.Item	item.minecraft.archer_pottery_sherd	64	64	0	0	1	False	True	False	True	True	["minecraft:vanilla"]	UNCOMMON	NONE	False	False	{"present":false}	991	a366376917d358ec9037d727f6fff99bed34c340768b9fca0b8919148923a51d	a366376917d358ec9037d727f6fff99bed34c340768b9fca0b8919148923a51d
1600	minecraft:arms_up_pottery_sherd	net.minecraft.world.item.Item	item.minecraft.arms_up_pottery_sherd	64	64	0	0	1	False	True	False	True	True	["minecraft:vanilla"]	UNCOMMON	NONE	False	False	{"present":false}	1573	3b80d835944ebdb0cda30c0ee528ed0c0e2c42fc25ee71a3c4a2095d70f8a97c	3b80d835944ebdb0cda30c0ee528ed0c0e2c42fc25ee71a3c4a2095d70f8a97c
1601	minecraft:blade_pottery_sherd	net.minecraft.world.item.Item	item.minecraft.blade_pottery_sherd	64	64	0	0	1	False	True	False	True	True	["minecraft:vanilla"]	UNCOMMON	NONE	False	False	{"present":false}	506	1ab6b6b05fe8e0697d83ddbfa56365e66ad94f11e479ab97d54e1f212c696c31	1ab6b6b05fe8e0697d83ddbfa56365e66ad94f11e479ab97d54e1f212c696c31
1602	minecraft:brewer_pottery_sherd	net.minecraft.world.item.Item	item.minecraft.brewer_pottery_sherd	64	64	0	0	1	False	True	False	True	True	["minecraft:vanilla"]	UNCOMMON	NONE	False	False	{"present":false}	227	41fa0113c35f4dfa8ac0bd88977d64e28bcbff660caf7ec73fb6b7d90d70a2fc	41fa0113c35f4dfa8ac0bd88977d64e28bcbff660caf7ec73fb6b7d90d70a2fc
1603	minecraft:burn_pottery_sherd	net.minecraft.world.item.Item	item.minecraft.burn_pottery_sherd	64	64	0	0	1	False	True	False	True	True	["minecraft:vanilla"]	UNCOMMON	NONE	False	False	{"present":false}	1495	1f0983d391c0bddb1257e66dd1335ff8885c7d7498f7fdedd67139e6cfdef422	1f0983d391c0bddb1257e66dd1335ff8885c7d7498f7fdedd67139e6cfdef422
1604	minecraft:danger_pottery_sherd	net.minecraft.world.item.Item	item.minecraft.danger_pottery_sherd	64	64	0	0	1	False	True	False	True	True	["minecraft:vanilla"]	UNCOMMON	NONE	False	False	{"present":false}	1246	5a8dac884d14d66d24cfff9b2514b0957207ee53807b1547cdce58d53de22b9b	5a8dac884d14d66d24cfff9b2514b0957207ee53807b1547cdce58d53de22b9b
1605	minecraft:explorer_pottery_sherd	net.minecraft.world.item.Item	item.minecraft.explorer_pottery_sherd	64	64	0	0	1	False	True	False	True	True	["minecraft:vanilla"]	UNCOMMON	NONE	False	False	{"present":false}	721	5bcb95b0ce68c80aba737b5038853ea4e57bcb0ed47d9b26ee5c29895c916166	5bcb95b0ce68c80aba737b5038853ea4e57bcb0ed47d9b26ee5c29895c916166
1606	minecraft:flow_pottery_sherd	net.minecraft.world.item.Item	item.minecraft.flow_pottery_sherd	64	64	0	0	1	False	True	False	True	True	["minecraft:vanilla"]	UNCOMMON	NONE	False	False	{"present":false}	458	11f29188afc47c003b1f012da4c984bef0207d8a7c67a1a2cc4e0bc6023b188c	11f29188afc47c003b1f012da4c984bef0207d8a7c67a1a2cc4e0bc6023b188c
1607	minecraft:friend_pottery_sherd	net.minecraft.world.item.Item	item.minecraft.friend_pottery_sherd	64	64	0	0	1	False	True	False	True	True	["minecraft:vanilla"]	UNCOMMON	NONE	False	False	{"present":false}	946	da83c687d61d840cba8dbf923236f3df54c4fdc3d8d1530b6b9a212c9b025cc7	da83c687d61d840cba8dbf923236f3df54c4fdc3d8d1530b6b9a212c9b025cc7
1608	minecraft:guster_pottery_sherd	net.minecraft.world.item.Item	item.minecraft.guster_pottery_sherd	64	64	0	0	1	False	True	False	True	True	["minecraft:vanilla"]	UNCOMMON	NONE	False	False	{"present":false}	1487	ffce1e382f267d077e2b03b2069263b1a9e9a2a07b08eab8221463c0decea212	ffce1e382f267d077e2b03b2069263b1a9e9a2a07b08eab8221463c0decea212
1609	minecraft:heart_pottery_sherd	net.minecraft.world.item.Item	item.minecraft.heart_pottery_sherd	64	64	0	0	1	False	True	False	True	True	["minecraft:vanilla"]	UNCOMMON	NONE	False	False	{"present":false}	1002	4cb14bcb548dd14322ffa2b2ca337e54e2ae8d0ee06e4eecd9647f15a27e8713	4cb14bcb548dd14322ffa2b2ca337e54e2ae8d0ee06e4eecd9647f15a27e8713
1610	minecraft:heartbreak_pottery_sherd	net.minecraft.world.item.Item	item.minecraft.heartbreak_pottery_sherd	64	64	0	0	1	False	True	False	True	True	["minecraft:vanilla"]	UNCOMMON	NONE	False	False	{"present":false}	602	d43b48673b8716ab9665f4be72629ddca904466ec030d0fbeef8b65fec5ce9be	d43b48673b8716ab9665f4be72629ddca904466ec030d0fbeef8b65fec5ce9be
1611	minecraft:howl_pottery_sherd	net.minecraft.world.item.Item	item.minecraft.howl_pottery_sherd	64	64	0	0	1	False	True	False	True	True	["minecraft:vanilla"]	UNCOMMON	NONE	False	False	{"present":false}	1361	fca20593ec617075581bbf2b30fa3fbb768edc9136b5fb6d215a417985ee29ba	fca20593ec617075581bbf2b30fa3fbb768edc9136b5fb6d215a417985ee29ba
1612	minecraft:miner_pottery_sherd	net.minecraft.world.item.Item	item.minecraft.miner_pottery_sherd	64	64	0	0	1	False	True	False	True	True	["minecraft:vanilla"]	UNCOMMON	NONE	False	False	{"present":false}	1212	678ebe87f9a50a2232e4f8063994a28d8e325a3b15fc4bbe08ac9270c8de69ef	678ebe87f9a50a2232e4f8063994a28d8e325a3b15fc4bbe08ac9270c8de69ef
1613	minecraft:mourner_pottery_sherd	net.minecraft.world.item.Item	item.minecraft.mourner_pottery_sherd	64	64	0	0	1	False	True	False	True	True	["minecraft:vanilla"]	UNCOMMON	NONE	False	False	{"present":false}	691	0b40dd94587ce7a19e3753bbad880c09a702b0fca02a0667b1a788f92037b060	0b40dd94587ce7a19e3753bbad880c09a702b0fca02a0667b1a788f92037b060
1614	minecraft:plenty_pottery_sherd	net.minecraft.world.item.Item	item.minecraft.plenty_pottery_sherd	64	64	0	0	1	False	True	False	True	True	["minecraft:vanilla"]	UNCOMMON	NONE	False	False	{"present":false}	492	703e146ed3e793848da95fb62feeb131d9abf85a442ad2ec949b394ffc950b2a	703e146ed3e793848da95fb62feeb131d9abf85a442ad2ec949b394ffc950b2a
1615	minecraft:prize_pottery_sherd	net.minecraft.world.item.Item	item.minecraft.prize_pottery_sherd	64	64	0	0	1	False	True	False	True	True	["minecraft:vanilla"]	UNCOMMON	NONE	False	False	{"present":false}	1675	564061caab64fd486054262bcdb0fdfab9ba65a125a7e9b39c2c2701a8c2bb34	564061caab64fd486054262bcdb0fdfab9ba65a125a7e9b39c2c2701a8c2bb34
1616	minecraft:scrape_pottery_sherd	net.minecraft.world.item.Item	item.minecraft.scrape_pottery_sherd	64	64	0	0	1	False	True	False	True	True	["minecraft:vanilla"]	UNCOMMON	NONE	False	False	{"present":false}	443	6d038205ac06500cab00f88572e67edf139ea82e705f8125191c0ea8c3020419	6d038205ac06500cab00f88572e67edf139ea82e705f8125191c0ea8c3020419
1617	minecraft:sheaf_pottery_sherd	net.minecraft.world.item.Item	item.minecraft.sheaf_pottery_sherd	64	64	0	0	1	False	True	False	True	True	["minecraft:vanilla"]	UNCOMMON	NONE	False	False	{"present":false}	797	5494302774db79af0799f21e14ae82f50c33a3697b3a5a71277f4b8108f4d68e	5494302774db79af0799f21e14ae82f50c33a3697b3a5a71277f4b8108f4d68e
1618	minecraft:shelter_pottery_sherd	net.minecraft.world.item.Item	item.minecraft.shelter_pottery_sherd	64	64	0	0	1	False	True	False	True	True	["minecraft:vanilla"]	UNCOMMON	NONE	False	False	{"present":false}	229	4a43311706eb96df8a60e8024cab5dcee3b9bfc2f26d82d5d06391afbd289dd1	4a43311706eb96df8a60e8024cab5dcee3b9bfc2f26d82d5d06391afbd289dd1
1619	minecraft:skull_pottery_sherd	net.minecraft.world.item.Item	item.minecraft.skull_pottery_sherd	64	64	0	0	1	False	True	False	True	True	["minecraft:vanilla"]	UNCOMMON	NONE	False	False	{"present":false}	627	332312fe0ddc32f9a16cee5e8c795db2111d40a3ae786eae1cb1674b9563267e	332312fe0ddc32f9a16cee5e8c795db2111d40a3ae786eae1cb1674b9563267e
1620	minecraft:snort_pottery_sherd	net.minecraft.world.item.Item	item.minecraft.snort_pottery_sherd	64	64	0	0	1	False	True	False	True	True	["minecraft:vanilla"]	UNCOMMON	NONE	False	False	{"present":false}	476	93ec44d17475afccc7e23a43787b6ddfa73e8204662c99d01bf5833b67d64385	93ec44d17475afccc7e23a43787b6ddfa73e8204662c99d01bf5833b67d64385
1621	minecraft:copper_grate	net.minecraft.world.item.BlockItem	block.minecraft.copper_grate	64	64	0	0	1	False	True	False	True	True	["minecraft:vanilla"]	COMMON	NONE	False	False	{"present":false}	474	6c7a7de6ebc4caf3412ac089d57520ed243ed915bbacea463faafedc2d1537ae	6c7a7de6ebc4caf3412ac089d57520ed243ed915bbacea463faafedc2d1537ae
1622	minecraft:exposed_copper_grate	net.minecraft.world.item.BlockItem	block.minecraft.exposed_copper_grate	64	64	0	0	1	False	True	False	True	True	["minecraft:vanilla"]	COMMON	NONE	False	False	{"present":false}	84	7fe58efc94c25ebbca0f9933defade238e2c3c95d07f14a6a37aed802d23fe27	7fe58efc94c25ebbca0f9933defade238e2c3c95d07f14a6a37aed802d23fe27
1623	minecraft:weathered_copper_grate	net.minecraft.world.item.BlockItem	block.minecraft.weathered_copper_grate	64	64	0	0	1	False	True	False	True	True	["minecraft:vanilla"]	COMMON	NONE	False	False	{"present":false}	632	abef97edf1625269b112b41e8c95b436ac607e4b16c11974015d9b23df43963c	abef97edf1625269b112b41e8c95b436ac607e4b16c11974015d9b23df43963c
1624	minecraft:oxidized_copper_grate	net.minecraft.world.item.BlockItem	block.minecraft.oxidized_copper_grate	64	64	0	0	1	False	True	False	True	True	["minecraft:vanilla"]	COMMON	NONE	False	False	{"present":false}	904	77c7280b9365b46053922aa726da37edc8568f376ef51aefba8d29a4e44476d3	77c7280b9365b46053922aa726da37edc8568f376ef51aefba8d29a4e44476d3
1625	minecraft:waxed_copper_grate	net.minecraft.world.item.BlockItem	block.minecraft.waxed_copper_grate	64	64	0	0	1	False	True	False	True	True	["minecraft:vanilla"]	COMMON	NONE	False	False	{"present":false}	1291	375771b19d7954b5450ce5010eb965608f5a4177ad889fc7dfb9484065833d85	375771b19d7954b5450ce5010eb965608f5a4177ad889fc7dfb9484065833d85
1626	minecraft:waxed_exposed_copper_grate	net.minecraft.world.item.BlockItem	block.minecraft.waxed_exposed_copper_grate	64	64	0	0	1	False	True	False	True	True	["minecraft:vanilla"]	COMMON	NONE	False	False	{"present":false}	86	2baf79d7bb665bd6435d1c8ce72b916a4bdd6e8dae205e072329cc6d68bfed74	2baf79d7bb665bd6435d1c8ce72b916a4bdd6e8dae205e072329cc6d68bfed74
1627	minecraft:waxed_weathered_copper_grate	net.minecraft.world.item.BlockItem	block.minecraft.waxed_weathered_copper_grate	64	64	0	0	1	False	True	False	True	True	["minecraft:vanilla"]	COMMON	NONE	False	False	{"present":false}	131	563d9d23f0bbaee8f1812db5fcff3f5e54c480413bb3cbe321d50fe78df30560	563d9d23f0bbaee8f1812db5fcff3f5e54c480413bb3cbe321d50fe78df30560
1628	minecraft:waxed_oxidized_copper_grate	net.minecraft.world.item.BlockItem	block.minecraft.waxed_oxidized_copper_grate	64	64	0	0	1	False	True	False	True	True	["minecraft:vanilla"]	COMMON	NONE	False	False	{"present":false}	423	e8a3766de73ff33248724553a1bb2f02c8c0dcc418c5007c6edb48d0ae69e0ee	e8a3766de73ff33248724553a1bb2f02c8c0dcc418c5007c6edb48d0ae69e0ee
1629	minecraft:copper_bulb	net.minecraft.world.item.BlockItem	block.minecraft.copper_bulb	64	64	0	0	1	False	True	False	True	True	["minecraft:vanilla"]	COMMON	NONE	False	False	{"present":false}	1411	9c63a3a90369ae85c5cbf7e6615d8710457374b1871e5739dcfe0c84a23da55c	9c63a3a90369ae85c5cbf7e6615d8710457374b1871e5739dcfe0c84a23da55c
1630	minecraft:exposed_copper_bulb	net.minecraft.world.item.BlockItem	block.minecraft.exposed_copper_bulb	64	64	0	0	1	False	True	False	True	True	["minecraft:vanilla"]	COMMON	NONE	False	False	{"present":false}	1152	6ef60782e419a6d1fb13a715da8990e0f29901a5d07f1e2b0382004e7c4506e3	6ef60782e419a6d1fb13a715da8990e0f29901a5d07f1e2b0382004e7c4506e3
1631	minecraft:weathered_copper_bulb	net.minecraft.world.item.BlockItem	block.minecraft.weathered_copper_bulb	64	64	0	0	1	False	True	False	True	True	["minecraft:vanilla"]	COMMON	NONE	False	False	{"present":false}	1200	e4e71f7fa3fe6f0a97b8d51003c65b838c8628c539504e35d19b42c3457e0407	e4e71f7fa3fe6f0a97b8d51003c65b838c8628c539504e35d19b42c3457e0407
1632	minecraft:oxidized_copper_bulb	net.minecraft.world.item.BlockItem	block.minecraft.oxidized_copper_bulb	64	64	0	0	1	False	True	False	True	True	["minecraft:vanilla"]	COMMON	NONE	False	False	{"present":false}	872	a00f16266945bdaaaff498d8ac85611f1541459831706b288bd57ebf4087a09a	a00f16266945bdaaaff498d8ac85611f1541459831706b288bd57ebf4087a09a
1633	minecraft:waxed_copper_bulb	net.minecraft.world.item.BlockItem	block.minecraft.waxed_copper_bulb	64	64	0	0	1	False	True	False	True	True	["minecraft:vanilla"]	COMMON	NONE	False	False	{"present":false}	249	3c5f9573f080c0248be10a36d6adb0cc427693a75ce2449ad1434a9a44f91f03	3c5f9573f080c0248be10a36d6adb0cc427693a75ce2449ad1434a9a44f91f03
1634	minecraft:waxed_exposed_copper_bulb	net.minecraft.world.item.BlockItem	block.minecraft.waxed_exposed_copper_bulb	64	64	0	0	1	False	True	False	True	True	["minecraft:vanilla"]	COMMON	NONE	False	False	{"present":false}	347	517442ff129666ac8933eaf451771f308763d70ec8331c83163f38de63d312c8	517442ff129666ac8933eaf451771f308763d70ec8331c83163f38de63d312c8
1635	minecraft:waxed_weathered_copper_bulb	net.minecraft.world.item.BlockItem	block.minecraft.waxed_weathered_copper_bulb	64	64	0	0	1	False	True	False	True	True	["minecraft:vanilla"]	COMMON	NONE	False	False	{"present":false}	114	e763180e6c96aa8c044293ff6df15d85f83b075b53c78720871f5b3f7451fa7e	e763180e6c96aa8c044293ff6df15d85f83b075b53c78720871f5b3f7451fa7e
1636	minecraft:waxed_oxidized_copper_bulb	net.minecraft.world.item.BlockItem	block.minecraft.waxed_oxidized_copper_bulb	64	64	0	0	1	False	True	False	True	True	["minecraft:vanilla"]	COMMON	NONE	False	False	{"present":false}	1301	490f5670c1986bdca79a758f7a7f8b504595bd29ba6ff14bd1d23b48a24a9be1	490f5670c1986bdca79a758f7a7f8b504595bd29ba6ff14bd1d23b48a24a9be1
1637	minecraft:copper_chest	net.minecraft.world.item.BlockItem	block.minecraft.copper_chest	64	64	0	0	1	False	True	False	True	True	["minecraft:vanilla"]	COMMON	NONE	False	False	{"present":false}	642	fc07f2f69d00116dfaf3814304c14fa3fcb3b2dea1454382a3e0d35d45cc40fb	fc07f2f69d00116dfaf3814304c14fa3fcb3b2dea1454382a3e0d35d45cc40fb
1638	minecraft:exposed_copper_chest	net.minecraft.world.item.BlockItem	block.minecraft.exposed_copper_chest	64	64	0	0	1	False	True	False	True	True	["minecraft:vanilla"]	COMMON	NONE	False	False	{"present":false}	966	f192c02637c56f3f3ea4702b359f5280fb77c0a915d3782ba083b6d4479d08df	f192c02637c56f3f3ea4702b359f5280fb77c0a915d3782ba083b6d4479d08df
1639	minecraft:weathered_copper_chest	net.minecraft.world.item.BlockItem	block.minecraft.weathered_copper_chest	64	64	0	0	1	False	True	False	True	True	["minecraft:vanilla"]	COMMON	NONE	False	False	{"present":false}	1274	a6289d77a47d6293c8bf6148fc1b0201869c675e7c130fe8534326e5a1eb8795	a6289d77a47d6293c8bf6148fc1b0201869c675e7c130fe8534326e5a1eb8795
1640	minecraft:oxidized_copper_chest	net.minecraft.world.item.BlockItem	block.minecraft.oxidized_copper_chest	64	64	0	0	1	False	True	False	True	True	["minecraft:vanilla"]	COMMON	NONE	False	False	{"present":false}	718	5c6d52b181421b19696fa138d13ebab3b961124a935f83367e9d662c90de648d	5c6d52b181421b19696fa138d13ebab3b961124a935f83367e9d662c90de648d
1641	minecraft:waxed_copper_chest	net.minecraft.world.item.BlockItem	block.minecraft.waxed_copper_chest	64	64	0	0	1	False	True	False	True	True	["minecraft:vanilla"]	COMMON	NONE	False	False	{"present":false}	1339	a8c83169a739f2d966f29a59173ee8478dec77a5fdd5d69b14292e8eba7deb4f	a8c83169a739f2d966f29a59173ee8478dec77a5fdd5d69b14292e8eba7deb4f
1642	minecraft:waxed_exposed_copper_chest	net.minecraft.world.item.BlockItem	block.minecraft.waxed_exposed_copper_chest	64	64	0	0	1	False	True	False	True	True	["minecraft:vanilla"]	COMMON	NONE	False	False	{"present":false}	545	bbb55f78a304980c1d7bedd2abc017374631f513dd0d40f380468695a7c549ec	bbb55f78a304980c1d7bedd2abc017374631f513dd0d40f380468695a7c549ec
1643	minecraft:waxed_weathered_copper_chest	net.minecraft.world.item.BlockItem	block.minecraft.waxed_weathered_copper_chest	64	64	0	0	1	False	True	False	True	True	["minecraft:vanilla"]	COMMON	NONE	False	False	{"present":false}	1042	4861edec126f268c01d01156e7ec2fecb400e3f94c1c76cb1a4fe338f5b96771	4861edec126f268c01d01156e7ec2fecb400e3f94c1c76cb1a4fe338f5b96771
1644	minecraft:waxed_oxidized_copper_chest	net.minecraft.world.item.BlockItem	block.minecraft.waxed_oxidized_copper_chest	64	64	0	0	1	False	True	False	True	True	["minecraft:vanilla"]	COMMON	NONE	False	False	{"present":false}	1039	1e88f5ecb74be59fecfd901e2277fa509a8a6385a34f1055c8878195612aa5a4	1e88f5ecb74be59fecfd901e2277fa509a8a6385a34f1055c8878195612aa5a4
1645	minecraft:copper_golem_statue	net.minecraft.world.item.BlockItem	block.minecraft.copper_golem_statue	64	64	0	0	1	False	True	False	True	True	["minecraft:vanilla"]	COMMON	NONE	False	False	{"present":false}	1230	b1be3d1786aaa7ef4851603d60abd7ce6bc6b6a4bb04cb2ccce443b9d528b48e	b1be3d1786aaa7ef4851603d60abd7ce6bc6b6a4bb04cb2ccce443b9d528b48e
1646	minecraft:exposed_copper_golem_statue	net.minecraft.world.item.BlockItem	block.minecraft.exposed_copper_golem_statue	64	64	0	0	1	False	True	False	True	True	["minecraft:vanilla"]	COMMON	NONE	False	False	{"present":false}	517	1bfb714fb0874d7e0da81c4bed2dbbc422467fffb82ebfb46db5b5dbeba3f9eb	1bfb714fb0874d7e0da81c4bed2dbbc422467fffb82ebfb46db5b5dbeba3f9eb
1647	minecraft:weathered_copper_golem_statue	net.minecraft.world.item.BlockItem	block.minecraft.weathered_copper_golem_statue	64	64	0	0	1	False	True	False	True	True	["minecraft:vanilla"]	COMMON	NONE	False	False	{"present":false}	124	2ed5fdb8c2412c860dab21a65c9e93025e777f02c520161c327d7c9c9ffcd35d	2ed5fdb8c2412c860dab21a65c9e93025e777f02c520161c327d7c9c9ffcd35d
1648	minecraft:oxidized_copper_golem_statue	net.minecraft.world.item.BlockItem	block.minecraft.oxidized_copper_golem_statue	64	64	0	0	1	False	True	False	True	True	["minecraft:vanilla"]	COMMON	NONE	False	False	{"present":false}	305	baf23359165b201a68768f8f588b032ab0d91f267d569c95ce2f7a7b784e29af	baf23359165b201a68768f8f588b032ab0d91f267d569c95ce2f7a7b784e29af
1649	minecraft:waxed_copper_golem_statue	net.minecraft.world.item.BlockItem	block.minecraft.waxed_copper_golem_statue	64	64	0	0	1	False	True	False	True	True	["minecraft:vanilla"]	COMMON	NONE	False	False	{"present":false}	1578	41eefad0926edd72f8c6e4e46b2645f5b35a192afc73f64dc8d701527fa39df3	41eefad0926edd72f8c6e4e46b2645f5b35a192afc73f64dc8d701527fa39df3
1650	minecraft:waxed_exposed_copper_golem_statue	net.minecraft.world.item.BlockItem	block.minecraft.waxed_exposed_copper_golem_statue	64	64	0	0	1	False	True	False	True	True	["minecraft:vanilla"]	COMMON	NONE	False	False	{"present":false}	1558	a82095d913cd2504d177d35313418001e0153538413f4c4ae2e92cda26a932a2	a82095d913cd2504d177d35313418001e0153538413f4c4ae2e92cda26a932a2
1651	minecraft:waxed_weathered_copper_golem_statue	net.minecraft.world.item.BlockItem	block.minecraft.waxed_weathered_copper_golem_statue	64	64	0	0	1	False	True	False	True	True	["minecraft:vanilla"]	COMMON	NONE	False	False	{"present":false}	1552	ea5f64fcbafab759084e653533dcce6c1339a9d7f257282b8a25dd7f89c934b2	ea5f64fcbafab759084e653533dcce6c1339a9d7f257282b8a25dd7f89c934b2
1652	minecraft:waxed_oxidized_copper_golem_statue	net.minecraft.world.item.BlockItem	block.minecraft.waxed_oxidized_copper_golem_statue	64	64	0	0	1	False	True	False	True	True	["minecraft:vanilla"]	COMMON	NONE	False	False	{"present":false}	110	f5e5b357bfe6866a708e5d3e0de57c85eed8b40f64780be5a159f9533476e404	f5e5b357bfe6866a708e5d3e0de57c85eed8b40f64780be5a159f9533476e404
1653	minecraft:trial_spawner	net.minecraft.world.item.BlockItem	block.minecraft.trial_spawner	64	64	0	0	1	False	True	False	True	True	["minecraft:vanilla"]	COMMON	NONE	False	False	{"present":false}	1310	7f80b08c0cd367ea1ffb7dfbd13c2bde8471f833074168a3107b1cdf5fdcf37a	7f80b08c0cd367ea1ffb7dfbd13c2bde8471f833074168a3107b1cdf5fdcf37a
1654	minecraft:trial_key	net.minecraft.world.item.Item	item.minecraft.trial_key	64	64	0	0	1	False	True	False	True	True	["minecraft:vanilla"]	COMMON	NONE	False	False	{"present":false}	1350	2185a810a3cd5c02d12e7d391a802c6d6d2c4f7e6ea2d7b2d4888360502338b7	2185a810a3cd5c02d12e7d391a802c6d6d2c4f7e6ea2d7b2d4888360502338b7
1655	minecraft:ominous_trial_key	net.minecraft.world.item.Item	item.minecraft.ominous_trial_key	64	64	0	0	1	False	True	False	True	True	["minecraft:vanilla"]	COMMON	NONE	False	False	{"present":false}	1329	634d41cac994fac3ea5818398e138b9da88dbc33949de53002d4e5b14c504231	634d41cac994fac3ea5818398e138b9da88dbc33949de53002d4e5b14c504231
1656	minecraft:vault	net.minecraft.world.item.BlockItem	block.minecraft.vault	64	64	0	0	1	False	True	False	True	True	["minecraft:vanilla"]	COMMON	NONE	False	False	{"present":false}	898	7c5fb33e691aa3ce7c9ccaa788c96e846395c2ecb4ff201f5c60e3eed11189f5	7c5fb33e691aa3ce7c9ccaa788c96e846395c2ecb4ff201f5c60e3eed11189f5
1657	minecraft:ominous_bottle	net.minecraft.world.item.Item	item.minecraft.ominous_bottle	64	64	0	0	1	False	True	False	True	True	["minecraft:vanilla"]	UNCOMMON	DRINK	False	False	{"present":false}	1009	200bc3ee622dd81b4fa93a1647db721dc6340dc9a31d871e6deb54a49ba74ffa	200bc3ee622dd81b4fa93a1647db721dc6340dc9a31d871e6deb54a49ba74ffa
