display_path	path_segments_json	node_type	executable	parser	properties_json	redirect_json
	[]	root	0		{}	[]
advancement	["advancement"]	literal	0		{}	[]
advancement/grant	["advancement","grant"]	literal	0		{}	[]
advancement/grant/targets	["advancement","grant","targets"]	argument	0	minecraft:entity	{"amount":"multiple","type":"players"}	[]
advancement/grant/targets/everything	["advancement","grant","targets","everything"]	literal	1		{}	[]
advancement/grant/targets/from	["advancement","grant","targets","from"]	literal	0		{}	[]
advancement/grant/targets/from/advancement	["advancement","grant","targets","from","advancement"]	argument	1	minecraft:resource_key	{"registry":"minecraft:advancement"}	[]
advancement/grant/targets/only	["advancement","grant","targets","only"]	literal	0		{}	[]
advancement/grant/targets/only/advancement	["advancement","grant","targets","only","advancement"]	argument	1	minecraft:resource_key	{"registry":"minecraft:advancement"}	[]
advancement/grant/targets/only/advancement/criterion	["advancement","grant","targets","only","advancement","criterion"]	argument	1	brigadier:string	{"type":"greedy"}	[]
advancement/grant/targets/through	["advancement","grant","targets","through"]	literal	0		{}	[]
advancement/grant/targets/through/advancement	["advancement","grant","targets","through","advancement"]	argument	1	minecraft:resource_key	{"registry":"minecraft:advancement"}	[]
advancement/grant/targets/until	["advancement","grant","targets","until"]	literal	0		{}	[]
advancement/grant/targets/until/advancement	["advancement","grant","targets","until","advancement"]	argument	1	minecraft:resource_key	{"registry":"minecraft:advancement"}	[]
advancement/revoke	["advancement","revoke"]	literal	0		{}	[]
advancement/revoke/targets	["advancement","revoke","targets"]	argument	0	minecraft:entity	{"amount":"multiple","type":"players"}	[]
advancement/revoke/targets/everything	["advancement","revoke","targets","everything"]	literal	1		{}	[]
advancement/revoke/targets/from	["advancement","revoke","targets","from"]	literal	0		{}	[]
advancement/revoke/targets/from/advancement	["advancement","revoke","targets","from","advancement"]	argument	1	minecraft:resource_key	{"registry":"minecraft:advancement"}	[]
advancement/revoke/targets/only	["advancement","revoke","targets","only"]	literal	0		{}	[]
advancement/revoke/targets/only/advancement	["advancement","revoke","targets","only","advancement"]	argument	1	minecraft:resource_key	{"registry":"minecraft:advancement"}	[]
advancement/revoke/targets/only/advancement/criterion	["advancement","revoke","targets","only","advancement","criterion"]	argument	1	brigadier:string	{"type":"greedy"}	[]
advancement/revoke/targets/through	["advancement","revoke","targets","through"]	literal	0		{}	[]
advancement/revoke/targets/through/advancement	["advancement","revoke","targets","through","advancement"]	argument	1	minecraft:resource_key	{"registry":"minecraft:advancement"}	[]
advancement/revoke/targets/until	["advancement","revoke","targets","until"]	literal	0		{}	[]
advancement/revoke/targets/until/advancement	["advancement","revoke","targets","until","advancement"]	argument	1	minecraft:resource_key	{"registry":"minecraft:advancement"}	[]
attribute	["attribute"]	literal	0		{}	[]
attribute/target	["attribute","target"]	argument	0	minecraft:entity	{"amount":"single","type":"entities"}	[]
attribute/target/attribute	["attribute","target","attribute"]	argument	0	minecraft:resource	{"registry":"minecraft:attribute"}	[]
attribute/target/attribute/base	["attribute","target","attribute","base"]	literal	0		{}	[]
attribute/target/attribute/base/get	["attribute","target","attribute","base","get"]	literal	1		{}	[]
attribute/target/attribute/base/get/scale	["attribute","target","attribute","base","get","scale"]	argument	1	brigadier:double	{}	[]
attribute/target/attribute/base/reset	["attribute","target","attribute","base","reset"]	literal	1		{}	[]
attribute/target/attribute/base/set	["attribute","target","attribute","base","set"]	literal	0		{}	[]
attribute/target/attribute/base/set/value	["attribute","target","attribute","base","set","value"]	argument	1	brigadier:double	{}	[]
attribute/target/attribute/get	["attribute","target","attribute","get"]	literal	1		{}	[]
attribute/target/attribute/get/scale	["attribute","target","attribute","get","scale"]	argument	1	brigadier:double	{}	[]
attribute/target/attribute/modifier	["attribute","target","attribute","modifier"]	literal	0		{}	[]
attribute/target/attribute/modifier/add	["attribute","target","attribute","modifier","add"]	literal	0		{}	[]
attribute/target/attribute/modifier/add/id	["attribute","target","attribute","modifier","add","id"]	argument	0	minecraft:resource_location	{}	[]
attribute/target/attribute/modifier/add/id/value	["attribute","target","attribute","modifier","add","id","value"]	argument	0	brigadier:double	{}	[]
attribute/target/attribute/modifier/add/id/value/add_multiplied_base	["attribute","target","attribute","modifier","add","id","value","add_multiplied_base"]	literal	1		{}	[]
attribute/target/attribute/modifier/add/id/value/add_multiplied_total	["attribute","target","attribute","modifier","add","id","value","add_multiplied_total"]	literal	1		{}	[]
attribute/target/attribute/modifier/add/id/value/add_value	["attribute","target","attribute","modifier","add","id","value","add_value"]	literal	1		{}	[]
attribute/target/attribute/modifier/remove	["attribute","target","attribute","modifier","remove"]	literal	0		{}	[]
attribute/target/attribute/modifier/remove/id	["attribute","target","attribute","modifier","remove","id"]	argument	1	minecraft:resource_location	{}	[]
attribute/target/attribute/modifier/value	["attribute","target","attribute","modifier","value"]	literal	0		{}	[]
attribute/target/attribute/modifier/value/get	["attribute","target","attribute","modifier","value","get"]	literal	0		{}	[]
attribute/target/attribute/modifier/value/get/id	["attribute","target","attribute","modifier","value","get","id"]	argument	1	minecraft:resource_location	{}	[]
attribute/target/attribute/modifier/value/get/id/scale	["attribute","target","attribute","modifier","value","get","id","scale"]	argument	1	brigadier:double	{}	[]
ban	["ban"]	literal	0		{}	[]
ban/targets	["ban","targets"]	argument	1	minecraft:game_profile	{}	[]
ban/targets/reason	["ban","targets","reason"]	argument	1	minecraft:message	{}	[]
ban-ip	["ban-ip"]	literal	0		{}	[]
ban-ip/target	["ban-ip","target"]	argument	1	brigadier:string	{"type":"word"}	[]
ban-ip/target/reason	["ban-ip","target","reason"]	argument	1	minecraft:message	{}	[]
banlist	["banlist"]	literal	1		{}	[]
banlist/ips	["banlist","ips"]	literal	1		{}	[]
banlist/players	["banlist","players"]	literal	1		{}	[]
bossbar	["bossbar"]	literal	0		{}	[]
bossbar/add	["bossbar","add"]	literal	0		{}	[]
bossbar/add/id	["bossbar","add","id"]	argument	0	minecraft:resource_location	{}	[]
bossbar/add/id/name	["bossbar","add","id","name"]	argument	1	minecraft:component	{}	[]
bossbar/get	["bossbar","get"]	literal	0		{}	[]
bossbar/get/id	["bossbar","get","id"]	argument	0	minecraft:resource_location	{}	[]
bossbar/get/id/max	["bossbar","get","id","max"]	literal	1		{}	[]
bossbar/get/id/players	["bossbar","get","id","players"]	literal	1		{}	[]
bossbar/get/id/value	["bossbar","get","id","value"]	literal	1		{}	[]
bossbar/get/id/visible	["bossbar","get","id","visible"]	literal	1		{}	[]
bossbar/list	["bossbar","list"]	literal	1		{}	[]
bossbar/remove	["bossbar","remove"]	literal	0		{}	[]
bossbar/remove/id	["bossbar","remove","id"]	argument	1	minecraft:resource_location	{}	[]
bossbar/set	["bossbar","set"]	literal	0		{}	[]
bossbar/set/id	["bossbar","set","id"]	argument	0	minecraft:resource_location	{}	[]
bossbar/set/id/color	["bossbar","set","id","color"]	literal	0		{}	[]
bossbar/set/id/color/blue	["bossbar","set","id","color","blue"]	literal	1		{}	[]
bossbar/set/id/color/green	["bossbar","set","id","color","green"]	literal	1		{}	[]
bossbar/set/id/color/pink	["bossbar","set","id","color","pink"]	literal	1		{}	[]
bossbar/set/id/color/purple	["bossbar","set","id","color","purple"]	literal	1		{}	[]
bossbar/set/id/color/red	["bossbar","set","id","color","red"]	literal	1		{}	[]
bossbar/set/id/color/white	["bossbar","set","id","color","white"]	literal	1		{}	[]
bossbar/set/id/color/yellow	["bossbar","set","id","color","yellow"]	literal	1		{}	[]
bossbar/set/id/max	["bossbar","set","id","max"]	literal	0		{}	[]
bossbar/set/id/max/max	["bossbar","set","id","max","max"]	argument	1	brigadier:integer	{"min":1}	[]
bossbar/set/id/name	["bossbar","set","id","name"]	literal	0		{}	[]
bossbar/set/id/name/name	["bossbar","set","id","name","name"]	argument	1	minecraft:component	{}	[]
bossbar/set/id/players	["bossbar","set","id","players"]	literal	1		{}	[]
bossbar/set/id/players/targets	["bossbar","set","id","players","targets"]	argument	1	minecraft:entity	{"amount":"multiple","type":"players"}	[]
bossbar/set/id/style	["bossbar","set","id","style"]	literal	0		{}	[]
bossbar/set/id/style/notched_10	["bossbar","set","id","style","notched_10"]	literal	1		{}	[]
bossbar/set/id/style/notched_12	["bossbar","set","id","style","notched_12"]	literal	1		{}	[]
bossbar/set/id/style/notched_20	["bossbar","set","id","style","notched_20"]	literal	1		{}	[]
bossbar/set/id/style/notched_6	["bossbar","set","id","style","notched_6"]	literal	1		{}	[]
bossbar/set/id/style/progress	["bossbar","set","id","style","progress"]	literal	1		{}	[]
bossbar/set/id/value	["bossbar","set","id","value"]	literal	0		{}	[]
bossbar/set/id/value/value	["bossbar","set","id","value","value"]	argument	1	brigadier:integer	{"min":0}	[]
bossbar/set/id/visible	["bossbar","set","id","visible"]	literal	0		{}	[]
bossbar/set/id/visible/visible	["bossbar","set","id","visible","visible"]	argument	1	brigadier:bool	{}	[]
clear	["clear"]	literal	1		{}	[]
clear/targets	["clear","targets"]	argument	1	minecraft:entity	{"amount":"multiple","type":"players"}	[]
clear/targets/item	["clear","targets","item"]	argument	1	minecraft:item_predicate	{}	[]
clear/targets/item/maxCount	["clear","targets","item","maxCount"]	argument	1	brigadier:integer	{"min":0}	[]
clone	["clone"]	literal	0		{}	[]
clone/begin	["clone","begin"]	argument	0	minecraft:block_pos	{}	[]
clone/begin/end	["clone","begin","end"]	argument	0	minecraft:block_pos	{}	[]
clone/begin/end/destination	["clone","begin","end","destination"]	argument	1	minecraft:block_pos	{}	[]
clone/begin/end/destination/filtered	["clone","begin","end","destination","filtered"]	literal	0		{}	[]
clone/begin/end/destination/filtered/filter	["clone","begin","end","destination","filtered","filter"]	argument	1	minecraft:block_predicate	{}	[]
clone/begin/end/destination/filtered/filter/force	["clone","begin","end","destination","filtered","filter","force"]	literal	1		{}	[]
clone/begin/end/destination/filtered/filter/move	["clone","begin","end","destination","filtered","filter","move"]	literal	1		{}	[]
clone/begin/end/destination/filtered/filter/normal	["clone","begin","end","destination","filtered","filter","normal"]	literal	1		{}	[]
clone/begin/end/destination/masked	["clone","begin","end","destination","masked"]	literal	1		{}	[]
clone/begin/end/destination/masked/force	["clone","begin","end","destination","masked","force"]	literal	1		{}	[]
clone/begin/end/destination/masked/move	["clone","begin","end","destination","masked","move"]	literal	1		{}	[]
clone/begin/end/destination/masked/normal	["clone","begin","end","destination","masked","normal"]	literal	1		{}	[]
clone/begin/end/destination/replace	["clone","begin","end","destination","replace"]	literal	1		{}	[]
clone/begin/end/destination/replace/force	["clone","begin","end","destination","replace","force"]	literal	1		{}	[]
clone/begin/end/destination/replace/move	["clone","begin","end","destination","replace","move"]	literal	1		{}	[]
clone/begin/end/destination/replace/normal	["clone","begin","end","destination","replace","normal"]	literal	1		{}	[]
clone/begin/end/destination/strict	["clone","begin","end","destination","strict"]	literal	1		{}	[]
clone/begin/end/destination/strict/filtered	["clone","begin","end","destination","strict","filtered"]	literal	0		{}	[]
clone/begin/end/destination/strict/filtered/filter	["clone","begin","end","destination","strict","filtered","filter"]	argument	1	minecraft:block_predicate	{}	[]
clone/begin/end/destination/strict/filtered/filter/force	["clone","begin","end","destination","strict","filtered","filter","force"]	literal	1		{}	[]
clone/begin/end/destination/strict/filtered/filter/move	["clone","begin","end","destination","strict","filtered","filter","move"]	literal	1		{}	[]
clone/begin/end/destination/strict/filtered/filter/normal	["clone","begin","end","destination","strict","filtered","filter","normal"]	literal	1		{}	[]
clone/begin/end/destination/strict/masked	["clone","begin","end","destination","strict","masked"]	literal	1		{}	[]
clone/begin/end/destination/strict/masked/force	["clone","begin","end","destination","strict","masked","force"]	literal	1		{}	[]
clone/begin/end/destination/strict/masked/move	["clone","begin","end","destination","strict","masked","move"]	literal	1		{}	[]
clone/begin/end/destination/strict/masked/normal	["clone","begin","end","destination","strict","masked","normal"]	literal	1		{}	[]
clone/begin/end/destination/strict/replace	["clone","begin","end","destination","strict","replace"]	literal	1		{}	[]
clone/begin/end/destination/strict/replace/force	["clone","begin","end","destination","strict","replace","force"]	literal	1		{}	[]
clone/begin/end/destination/strict/replace/move	["clone","begin","end","destination","strict","replace","move"]	literal	1		{}	[]
clone/begin/end/destination/strict/replace/normal	["clone","begin","end","destination","strict","replace","normal"]	literal	1		{}	[]
clone/begin/end/to	["clone","begin","end","to"]	literal	0		{}	[]
clone/begin/end/to/targetDimension	["clone","begin","end","to","targetDimension"]	argument	0	minecraft:dimension	{}	[]
clone/begin/end/to/targetDimension/destination	["clone","begin","end","to","targetDimension","destination"]	argument	1	minecraft:block_pos	{}	[]
clone/begin/end/to/targetDimension/destination/filtered	["clone","begin","end","to","targetDimension","destination","filtered"]	literal	0		{}	[]
clone/begin/end/to/targetDimension/destination/filtered/filter	["clone","begin","end","to","targetDimension","destination","filtered","filter"]	argument	1	minecraft:block_predicate	{}	[]
clone/begin/end/to/targetDimension/destination/filtered/filter/force	["clone","begin","end","to","targetDimension","destination","filtered","filter","force"]	literal	1		{}	[]
clone/begin/end/to/targetDimension/destination/filtered/filter/move	["clone","begin","end","to","targetDimension","destination","filtered","filter","move"]	literal	1		{}	[]
clone/begin/end/to/targetDimension/destination/filtered/filter/normal	["clone","begin","end","to","targetDimension","destination","filtered","filter","normal"]	literal	1		{}	[]
clone/begin/end/to/targetDimension/destination/masked	["clone","begin","end","to","targetDimension","destination","masked"]	literal	1		{}	[]
clone/begin/end/to/targetDimension/destination/masked/force	["clone","begin","end","to","targetDimension","destination","masked","force"]	literal	1		{}	[]
clone/begin/end/to/targetDimension/destination/masked/move	["clone","begin","end","to","targetDimension","destination","masked","move"]	literal	1		{}	[]
clone/begin/end/to/targetDimension/destination/masked/normal	["clone","begin","end","to","targetDimension","destination","masked","normal"]	literal	1		{}	[]
clone/begin/end/to/targetDimension/destination/replace	["clone","begin","end","to","targetDimension","destination","replace"]	literal	1		{}	[]
clone/begin/end/to/targetDimension/destination/replace/force	["clone","begin","end","to","targetDimension","destination","replace","force"]	literal	1		{}	[]
clone/begin/end/to/targetDimension/destination/replace/move	["clone","begin","end","to","targetDimension","destination","replace","move"]	literal	1		{}	[]
clone/begin/end/to/targetDimension/destination/replace/normal	["clone","begin","end","to","targetDimension","destination","replace","normal"]	literal	1		{}	[]
clone/begin/end/to/targetDimension/destination/strict	["clone","begin","end","to","targetDimension","destination","strict"]	literal	1		{}	[]
clone/begin/end/to/targetDimension/destination/strict/filtered	["clone","begin","end","to","targetDimension","destination","strict","filtered"]	literal	0		{}	[]
clone/begin/end/to/targetDimension/destination/strict/filtered/filter	["clone","begin","end","to","targetDimension","destination","strict","filtered","filter"]	argument	1	minecraft:block_predicate	{}	[]
clone/begin/end/to/targetDimension/destination/strict/filtered/filter/force	["clone","begin","end","to","targetDimension","destination","strict","filtered","filter","force"]	literal	1		{}	[]
clone/begin/end/to/targetDimension/destination/strict/filtered/filter/move	["clone","begin","end","to","targetDimension","destination","strict","filtered","filter","move"]	literal	1		{}	[]
clone/begin/end/to/targetDimension/destination/strict/filtered/filter/normal	["clone","begin","end","to","targetDimension","destination","strict","filtered","filter","normal"]	literal	1		{}	[]
clone/begin/end/to/targetDimension/destination/strict/masked	["clone","begin","end","to","targetDimension","destination","strict","masked"]	literal	1		{}	[]
clone/begin/end/to/targetDimension/destination/strict/masked/force	["clone","begin","end","to","targetDimension","destination","strict","masked","force"]	literal	1		{}	[]
clone/begin/end/to/targetDimension/destination/strict/masked/move	["clone","begin","end","to","targetDimension","destination","strict","masked","move"]	literal	1		{}	[]
clone/begin/end/to/targetDimension/destination/strict/masked/normal	["clone","begin","end","to","targetDimension","destination","strict","masked","normal"]	literal	1		{}	[]
clone/begin/end/to/targetDimension/destination/strict/replace	["clone","begin","end","to","targetDimension","destination","strict","replace"]	literal	1		{}	[]
clone/begin/end/to/targetDimension/destination/strict/replace/force	["clone","begin","end","to","targetDimension","destination","strict","replace","force"]	literal	1		{}	[]
clone/begin/end/to/targetDimension/destination/strict/replace/move	["clone","begin","end","to","targetDimension","destination","strict","replace","move"]	literal	1		{}	[]
clone/begin/end/to/targetDimension/destination/strict/replace/normal	["clone","begin","end","to","targetDimension","destination","strict","replace","normal"]	literal	1		{}	[]
clone/from	["clone","from"]	literal	0		{}	[]
clone/from/sourceDimension	["clone","from","sourceDimension"]	argument	0	minecraft:dimension	{}	[]
clone/from/sourceDimension/begin	["clone","from","sourceDimension","begin"]	argument	0	minecraft:block_pos	{}	[]
clone/from/sourceDimension/begin/end	["clone","from","sourceDimension","begin","end"]	argument	0	minecraft:block_pos	{}	[]
clone/from/sourceDimension/begin/end/destination	["clone","from","sourceDimension","begin","end","destination"]	argument	1	minecraft:block_pos	{}	[]
clone/from/sourceDimension/begin/end/destination/filtered	["clone","from","sourceDimension","begin","end","destination","filtered"]	literal	0		{}	[]
clone/from/sourceDimension/begin/end/destination/filtered/filter	["clone","from","sourceDimension","begin","end","destination","filtered","filter"]	argument	1	minecraft:block_predicate	{}	[]
clone/from/sourceDimension/begin/end/destination/filtered/filter/force	["clone","from","sourceDimension","begin","end","destination","filtered","filter","force"]	literal	1		{}	[]
clone/from/sourceDimension/begin/end/destination/filtered/filter/move	["clone","from","sourceDimension","begin","end","destination","filtered","filter","move"]	literal	1		{}	[]
clone/from/sourceDimension/begin/end/destination/filtered/filter/normal	["clone","from","sourceDimension","begin","end","destination","filtered","filter","normal"]	literal	1		{}	[]
clone/from/sourceDimension/begin/end/destination/masked	["clone","from","sourceDimension","begin","end","destination","masked"]	literal	1		{}	[]
clone/from/sourceDimension/begin/end/destination/masked/force	["clone","from","sourceDimension","begin","end","destination","masked","force"]	literal	1		{}	[]
clone/from/sourceDimension/begin/end/destination/masked/move	["clone","from","sourceDimension","begin","end","destination","masked","move"]	literal	1		{}	[]
clone/from/sourceDimension/begin/end/destination/masked/normal	["clone","from","sourceDimension","begin","end","destination","masked","normal"]	literal	1		{}	[]
clone/from/sourceDimension/begin/end/destination/replace	["clone","from","sourceDimension","begin","end","destination","replace"]	literal	1		{}	[]
clone/from/sourceDimension/begin/end/destination/replace/force	["clone","from","sourceDimension","begin","end","destination","replace","force"]	literal	1		{}	[]
clone/from/sourceDimension/begin/end/destination/replace/move	["clone","from","sourceDimension","begin","end","destination","replace","move"]	literal	1		{}	[]
clone/from/sourceDimension/begin/end/destination/replace/normal	["clone","from","sourceDimension","begin","end","destination","replace","normal"]	literal	1		{}	[]
clone/from/sourceDimension/begin/end/destination/strict	["clone","from","sourceDimension","begin","end","destination","strict"]	literal	1		{}	[]
clone/from/sourceDimension/begin/end/destination/strict/filtered	["clone","from","sourceDimension","begin","end","destination","strict","filtered"]	literal	0		{}	[]
clone/from/sourceDimension/begin/end/destination/strict/filtered/filter	["clone","from","sourceDimension","begin","end","destination","strict","filtered","filter"]	argument	1	minecraft:block_predicate	{}	[]
clone/from/sourceDimension/begin/end/destination/strict/filtered/filter/force	["clone","from","sourceDimension","begin","end","destination","strict","filtered","filter","force"]	literal	1		{}	[]
clone/from/sourceDimension/begin/end/destination/strict/filtered/filter/move	["clone","from","sourceDimension","begin","end","destination","strict","filtered","filter","move"]	literal	1		{}	[]
clone/from/sourceDimension/begin/end/destination/strict/filtered/filter/normal	["clone","from","sourceDimension","begin","end","destination","strict","filtered","filter","normal"]	literal	1		{}	[]
clone/from/sourceDimension/begin/end/destination/strict/masked	["clone","from","sourceDimension","begin","end","destination","strict","masked"]	literal	1		{}	[]
clone/from/sourceDimension/begin/end/destination/strict/masked/force	["clone","from","sourceDimension","begin","end","destination","strict","masked","force"]	literal	1		{}	[]
clone/from/sourceDimension/begin/end/destination/strict/masked/move	["clone","from","sourceDimension","begin","end","destination","strict","masked","move"]	literal	1		{}	[]
clone/from/sourceDimension/begin/end/destination/strict/masked/normal	["clone","from","sourceDimension","begin","end","destination","strict","masked","normal"]	literal	1		{}	[]
clone/from/sourceDimension/begin/end/destination/strict/replace	["clone","from","sourceDimension","begin","end","destination","strict","replace"]	literal	1		{}	[]
clone/from/sourceDimension/begin/end/destination/strict/replace/force	["clone","from","sourceDimension","begin","end","destination","strict","replace","force"]	literal	1		{}	[]
clone/from/sourceDimension/begin/end/destination/strict/replace/move	["clone","from","sourceDimension","begin","end","destination","strict","replace","move"]	literal	1		{}	[]
clone/from/sourceDimension/begin/end/destination/strict/replace/normal	["clone","from","sourceDimension","begin","end","destination","strict","replace","normal"]	literal	1		{}	[]
clone/from/sourceDimension/begin/end/to	["clone","from","sourceDimension","begin","end","to"]	literal	0		{}	[]
clone/from/sourceDimension/begin/end/to/targetDimension	["clone","from","sourceDimension","begin","end","to","targetDimension"]	argument	0	minecraft:dimension	{}	[]
clone/from/sourceDimension/begin/end/to/targetDimension/destination	["clone","from","sourceDimension","begin","end","to","targetDimension","destination"]	argument	1	minecraft:block_pos	{}	[]
clone/from/sourceDimension/begin/end/to/targetDimension/destination/filtered	["clone","from","sourceDimension","begin","end","to","targetDimension","destination","filtered"]	literal	0		{}	[]
clone/from/sourceDimension/begin/end/to/targetDimension/destination/filtered/filter	["clone","from","sourceDimension","begin","end","to","targetDimension","destination","filtered","filter"]	argument	1	minecraft:block_predicate	{}	[]
clone/from/sourceDimension/begin/end/to/targetDimension/destination/filtered/filter/force	["clone","from","sourceDimension","begin","end","to","targetDimension","destination","filtered","filter","force"]	literal	1		{}	[]
clone/from/sourceDimension/begin/end/to/targetDimension/destination/filtered/filter/move	["clone","from","sourceDimension","begin","end","to","targetDimension","destination","filtered","filter","move"]	literal	1		{}	[]
clone/from/sourceDimension/begin/end/to/targetDimension/destination/filtered/filter/normal	["clone","from","sourceDimension","begin","end","to","targetDimension","destination","filtered","filter","normal"]	literal	1		{}	[]
clone/from/sourceDimension/begin/end/to/targetDimension/destination/masked	["clone","from","sourceDimension","begin","end","to","targetDimension","destination","masked"]	literal	1		{}	[]
clone/from/sourceDimension/begin/end/to/targetDimension/destination/masked/force	["clone","from","sourceDimension","begin","end","to","targetDimension","destination","masked","force"]	literal	1		{}	[]
clone/from/sourceDimension/begin/end/to/targetDimension/destination/masked/move	["clone","from","sourceDimension","begin","end","to","targetDimension","destination","masked","move"]	literal	1		{}	[]
clone/from/sourceDimension/begin/end/to/targetDimension/destination/masked/normal	["clone","from","sourceDimension","begin","end","to","targetDimension","destination","masked","normal"]	literal	1		{}	[]
clone/from/sourceDimension/begin/end/to/targetDimension/destination/replace	["clone","from","sourceDimension","begin","end","to","targetDimension","destination","replace"]	literal	1		{}	[]
clone/from/sourceDimension/begin/end/to/targetDimension/destination/replace/force	["clone","from","sourceDimension","begin","end","to","targetDimension","destination","replace","force"]	literal	1		{}	[]
clone/from/sourceDimension/begin/end/to/targetDimension/destination/replace/move	["clone","from","sourceDimension","begin","end","to","targetDimension","destination","replace","move"]	literal	1		{}	[]
clone/from/sourceDimension/begin/end/to/targetDimension/destination/replace/normal	["clone","from","sourceDimension","begin","end","to","targetDimension","destination","replace","normal"]	literal	1		{}	[]
clone/from/sourceDimension/begin/end/to/targetDimension/destination/strict	["clone","from","sourceDimension","begin","end","to","targetDimension","destination","strict"]	literal	1		{}	[]
clone/from/sourceDimension/begin/end/to/targetDimension/destination/strict/filtered	["clone","from","sourceDimension","begin","end","to","targetDimension","destination","strict","filtered"]	literal	0		{}	[]
clone/from/sourceDimension/begin/end/to/targetDimension/destination/strict/filtered/filter	["clone","from","sourceDimension","begin","end","to","targetDimension","destination","strict","filtered","filter"]	argument	1	minecraft:block_predicate	{}	[]
clone/from/sourceDimension/begin/end/to/targetDimension/destination/strict/filtered/filter/force	["clone","from","sourceDimension","begin","end","to","targetDimension","destination","strict","filtered","filter","force"]	literal	1		{}	[]
clone/from/sourceDimension/begin/end/to/targetDimension/destination/strict/filtered/filter/move	["clone","from","sourceDimension","begin","end","to","targetDimension","destination","strict","filtered","filter","move"]	literal	1		{}	[]
clone/from/sourceDimension/begin/end/to/targetDimension/destination/strict/filtered/filter/normal	["clone","from","sourceDimension","begin","end","to","targetDimension","destination","strict","filtered","filter","normal"]	literal	1		{}	[]
clone/from/sourceDimension/begin/end/to/targetDimension/destination/strict/masked	["clone","from","sourceDimension","begin","end","to","targetDimension","destination","strict","masked"]	literal	1		{}	[]
clone/from/sourceDimension/begin/end/to/targetDimension/destination/strict/masked/force	["clone","from","sourceDimension","begin","end","to","targetDimension","destination","strict","masked","force"]	literal	1		{}	[]
clone/from/sourceDimension/begin/end/to/targetDimension/destination/strict/masked/move	["clone","from","sourceDimension","begin","end","to","targetDimension","destination","strict","masked","move"]	literal	1		{}	[]
clone/from/sourceDimension/begin/end/to/targetDimension/destination/strict/masked/normal	["clone","from","sourceDimension","begin","end","to","targetDimension","destination","strict","masked","normal"]	literal	1		{}	[]
clone/from/sourceDimension/begin/end/to/targetDimension/destination/strict/replace	["clone","from","sourceDimension","begin","end","to","targetDimension","destination","strict","replace"]	literal	1		{}	[]
clone/from/sourceDimension/begin/end/to/targetDimension/destination/strict/replace/force	["clone","from","sourceDimension","begin","end","to","targetDimension","destination","strict","replace","force"]	literal	1		{}	[]
clone/from/sourceDimension/begin/end/to/targetDimension/destination/strict/replace/move	["clone","from","sourceDimension","begin","end","to","targetDimension","destination","strict","replace","move"]	literal	1		{}	[]
clone/from/sourceDimension/begin/end/to/targetDimension/destination/strict/replace/normal	["clone","from","sourceDimension","begin","end","to","targetDimension","destination","strict","replace","normal"]	literal	1		{}	[]
compute	["compute"]	literal	0		{}	[]
compute/block	["compute","block"]	literal	0		{}	[]
compute/block/computePos	["compute","block","computePos"]	argument	0	minecraft:block_pos	{}	[]
compute/block/computePos/float	["compute","block","computePos","float"]	literal	0		{}	[]
compute/block/computePos/float/provider	["compute","block","computePos","float","provider"]	argument	1	minecraft:context_float_provider	{}	[]
compute/block/computePos/float/provider/scale	["compute","block","computePos","float","provider","scale"]	argument	1	brigadier:float	{}	[]
compute/block/computePos/integer	["compute","block","computePos","integer"]	literal	0		{}	[]
compute/block/computePos/integer/provider	["compute","block","computePos","integer","provider"]	argument	1	minecraft:context_int_provider	{}	[]
compute/default	["compute","default"]	literal	0		{}	[]
compute/default/float	["compute","default","float"]	literal	0		{}	[]
compute/default/float/provider	["compute","default","float","provider"]	argument	1	minecraft:context_float_provider	{}	[]
compute/default/float/provider/scale	["compute","default","float","provider","scale"]	argument	1	brigadier:float	{}	[]
compute/default/integer	["compute","default","integer"]	literal	0		{}	[]
compute/default/integer/provider	["compute","default","integer","provider"]	argument	1	minecraft:context_int_provider	{}	[]
compute/entity	["compute","entity"]	literal	0		{}	[]
compute/entity/computeTarget	["compute","entity","computeTarget"]	argument	0	minecraft:entity	{"amount":"single","type":"entities"}	[]
compute/entity/computeTarget/float	["compute","entity","computeTarget","float"]	literal	0		{}	[]
compute/entity/computeTarget/float/provider	["compute","entity","computeTarget","float","provider"]	argument	1	minecraft:context_float_provider	{}	[]
compute/entity/computeTarget/float/provider/scale	["compute","entity","computeTarget","float","provider","scale"]	argument	1	brigadier:float	{}	[]
compute/entity/computeTarget/integer	["compute","entity","computeTarget","integer"]	literal	0		{}	[]
compute/entity/computeTarget/integer/provider	["compute","entity","computeTarget","integer","provider"]	argument	1	minecraft:context_int_provider	{}	[]
damage	["damage"]	literal	0		{}	[]
damage/target	["damage","target"]	argument	0	minecraft:entity	{"amount":"single","type":"entities"}	[]
damage/target/amount	["damage","target","amount"]	argument	1	brigadier:float	{"min":0.0}	[]
damage/target/amount/damageType	["damage","target","amount","damageType"]	argument	1	minecraft:resource	{"registry":"minecraft:damage_type"}	[]
damage/target/amount/damageType/at	["damage","target","amount","damageType","at"]	literal	0		{}	[]
damage/target/amount/damageType/at/location	["damage","target","amount","damageType","at","location"]	argument	1	minecraft:vec3	{}	[]
damage/target/amount/damageType/by	["damage","target","amount","damageType","by"]	literal	0		{}	[]
damage/target/amount/damageType/by/entity	["damage","target","amount","damageType","by","entity"]	argument	1	minecraft:entity	{"amount":"single","type":"entities"}	[]
damage/target/amount/damageType/by/entity/from	["damage","target","amount","damageType","by","entity","from"]	literal	0		{}	[]
damage/target/amount/damageType/by/entity/from/cause	["damage","target","amount","damageType","by","entity","from","cause"]	argument	1	minecraft:entity	{"amount":"single","type":"entities"}	[]
data	["data"]	literal	0		{}	[]
data/get	["data","get"]	literal	0		{}	[]
data/get/block	["data","get","block"]	literal	0		{}	[]
data/get/block/target	["data","get","block","target"]	argument	1	minecraft:block_pos	{}	[]
data/get/block/target/path	["data","get","block","target","path"]	argument	1	minecraft:nbt_path	{}	[]
data/get/block/target/path/scale	["data","get","block","target","path","scale"]	argument	1	brigadier:double	{}	[]
data/get/entity	["data","get","entity"]	literal	0		{}	[]
data/get/entity/target	["data","get","entity","target"]	argument	1	minecraft:entity	{"amount":"single","type":"entities"}	[]
data/get/entity/target/path	["data","get","entity","target","path"]	argument	1	minecraft:nbt_path	{}	[]
data/get/entity/target/path/scale	["data","get","entity","target","path","scale"]	argument	1	brigadier:double	{}	[]
data/get/storage	["data","get","storage"]	literal	0		{}	[]
data/get/storage/target	["data","get","storage","target"]	argument	1	minecraft:resource_location	{}	[]
data/get/storage/target/path	["data","get","storage","target","path"]	argument	1	minecraft:nbt_path	{}	[]
data/get/storage/target/path/scale	["data","get","storage","target","path","scale"]	argument	1	brigadier:double	{}	[]
data/merge	["data","merge"]	literal	0		{}	[]
data/merge/block	["data","merge","block"]	literal	0		{}	[]
data/merge/block/target	["data","merge","block","target"]	argument	0	minecraft:block_pos	{}	[]
data/merge/block/target/nbt	["data","merge","block","target","nbt"]	argument	1	minecraft:nbt_compound_tag	{}	[]
data/merge/entity	["data","merge","entity"]	literal	0		{}	[]
data/merge/entity/target	["data","merge","entity","target"]	argument	0	minecraft:entity	{"amount":"single","type":"entities"}	[]
data/merge/entity/target/nbt	["data","merge","entity","target","nbt"]	argument	1	minecraft:nbt_compound_tag	{}	[]
data/merge/storage	["data","merge","storage"]	literal	0		{}	[]
data/merge/storage/target	["data","merge","storage","target"]	argument	0	minecraft:resource_location	{}	[]
data/merge/storage/target/nbt	["data","merge","storage","target","nbt"]	argument	1	minecraft:nbt_compound_tag	{}	[]
data/modify	["data","modify"]	literal	0		{}	[]
data/modify/block	["data","modify","block"]	literal	0		{}	[]
data/modify/block/target	["data","modify","block","target"]	argument	0	minecraft:block_pos	{}	[]
data/modify/block/target/targetPath	["data","modify","block","target","targetPath"]	argument	0	minecraft:nbt_path	{}	[]
data/modify/block/target/targetPath/append	["data","modify","block","target","targetPath","append"]	literal	0		{}	[]
data/modify/block/target/targetPath/append/compute	["data","modify","block","target","targetPath","append","compute"]	literal	0		{}	[]
data/modify/block/target/targetPath/append/compute/block	["data","modify","block","target","targetPath","append","compute","block"]	literal	0		{}	[]
data/modify/block/target/targetPath/append/compute/block/computePos	["data","modify","block","target","targetPath","append","compute","block","computePos"]	argument	0	minecraft:block_pos	{}	[]
data/modify/block/target/targetPath/append/compute/block/computePos/float	["data","modify","block","target","targetPath","append","compute","block","computePos","float"]	literal	0		{}	[]
data/modify/block/target/targetPath/append/compute/block/computePos/float/provider	["data","modify","block","target","targetPath","append","compute","block","computePos","float","provider"]	argument	1	minecraft:context_float_provider	{}	[]
data/modify/block/target/targetPath/append/compute/block/computePos/integer	["data","modify","block","target","targetPath","append","compute","block","computePos","integer"]	literal	0		{}	[]
data/modify/block/target/targetPath/append/compute/block/computePos/integer/provider	["data","modify","block","target","targetPath","append","compute","block","computePos","integer","provider"]	argument	1	minecraft:context_int_provider	{}	[]
data/modify/block/target/targetPath/append/compute/default	["data","modify","block","target","targetPath","append","compute","default"]	literal	0		{}	[]
data/modify/block/target/targetPath/append/compute/default/float	["data","modify","block","target","targetPath","append","compute","default","float"]	literal	0		{}	[]
data/modify/block/target/targetPath/append/compute/default/float/provider	["data","modify","block","target","targetPath","append","compute","default","float","provider"]	argument	1	minecraft:context_float_provider	{}	[]
data/modify/block/target/targetPath/append/compute/default/integer	["data","modify","block","target","targetPath","append","compute","default","integer"]	literal	0		{}	[]
data/modify/block/target/targetPath/append/compute/default/integer/provider	["data","modify","block","target","targetPath","append","compute","default","integer","provider"]	argument	1	minecraft:context_int_provider	{}	[]
data/modify/block/target/targetPath/append/compute/entity	["data","modify","block","target","targetPath","append","compute","entity"]	literal	0		{}	[]
data/modify/block/target/targetPath/append/compute/entity/computeTarget	["data","modify","block","target","targetPath","append","compute","entity","computeTarget"]	argument	0	minecraft:entity	{"amount":"single","type":"entities"}	[]
data/modify/block/target/targetPath/append/compute/entity/computeTarget/float	["data","modify","block","target","targetPath","append","compute","entity","computeTarget","float"]	literal	0		{}	[]
data/modify/block/target/targetPath/append/compute/entity/computeTarget/float/provider	["data","modify","block","target","targetPath","append","compute","entity","computeTarget","float","provider"]	argument	1	minecraft:context_float_provider	{}	[]
data/modify/block/target/targetPath/append/compute/entity/computeTarget/integer	["data","modify","block","target","targetPath","append","compute","entity","computeTarget","integer"]	literal	0		{}	[]
data/modify/block/target/targetPath/append/compute/entity/computeTarget/integer/provider	["data","modify","block","target","targetPath","append","compute","entity","computeTarget","integer","provider"]	argument	1	minecraft:context_int_provider	{}	[]
data/modify/block/target/targetPath/append/from	["data","modify","block","target","targetPath","append","from"]	literal	0		{}	[]
data/modify/block/target/targetPath/append/from/block	["data","modify","block","target","targetPath","append","from","block"]	literal	0		{}	[]
data/modify/block/target/targetPath/append/from/block/source	["data","modify","block","target","targetPath","append","from","block","source"]	argument	1	minecraft:block_pos	{}	[]
data/modify/block/target/targetPath/append/from/block/source/sourcePath	["data","modify","block","target","targetPath","append","from","block","source","sourcePath"]	argument	1	minecraft:nbt_path	{}	[]
data/modify/block/target/targetPath/append/from/entity	["data","modify","block","target","targetPath","append","from","entity"]	literal	0		{}	[]
data/modify/block/target/targetPath/append/from/entity/source	["data","modify","block","target","targetPath","append","from","entity","source"]	argument	1	minecraft:entity	{"amount":"single","type":"entities"}	[]
data/modify/block/target/targetPath/append/from/entity/source/sourcePath	["data","modify","block","target","targetPath","append","from","entity","source","sourcePath"]	argument	1	minecraft:nbt_path	{}	[]
data/modify/block/target/targetPath/append/from/storage	["data","modify","block","target","targetPath","append","from","storage"]	literal	0		{}	[]
data/modify/block/target/targetPath/append/from/storage/source	["data","modify","block","target","targetPath","append","from","storage","source"]	argument	1	minecraft:resource_location	{}	[]
data/modify/block/target/targetPath/append/from/storage/source/sourcePath	["data","modify","block","target","targetPath","append","from","storage","source","sourcePath"]	argument	1	minecraft:nbt_path	{}	[]
data/modify/block/target/targetPath/append/string	["data","modify","block","target","targetPath","append","string"]	literal	0		{}	[]
data/modify/block/target/targetPath/append/string/block	["data","modify","block","target","targetPath","append","string","block"]	literal	0		{}	[]
data/modify/block/target/targetPath/append/string/block/source	["data","modify","block","target","targetPath","append","string","block","source"]	argument	1	minecraft:block_pos	{}	[]
data/modify/block/target/targetPath/append/string/block/source/sourcePath	["data","modify","block","target","targetPath","append","string","block","source","sourcePath"]	argument	1	minecraft:nbt_path	{}	[]
data/modify/block/target/targetPath/append/string/block/source/sourcePath/start	["data","modify","block","target","targetPath","append","string","block","source","sourcePath","start"]	argument	1	brigadier:integer	{}	[]
data/modify/block/target/targetPath/append/string/block/source/sourcePath/start/end	["data","modify","block","target","targetPath","append","string","block","source","sourcePath","start","end"]	argument	1	brigadier:integer	{}	[]
data/modify/block/target/targetPath/append/string/entity	["data","modify","block","target","targetPath","append","string","entity"]	literal	0		{}	[]
data/modify/block/target/targetPath/append/string/entity/source	["data","modify","block","target","targetPath","append","string","entity","source"]	argument	1	minecraft:entity	{"amount":"single","type":"entities"}	[]
data/modify/block/target/targetPath/append/string/entity/source/sourcePath	["data","modify","block","target","targetPath","append","string","entity","source","sourcePath"]	argument	1	minecraft:nbt_path	{}	[]
data/modify/block/target/targetPath/append/string/entity/source/sourcePath/start	["data","modify","block","target","targetPath","append","string","entity","source","sourcePath","start"]	argument	1	brigadier:integer	{}	[]
data/modify/block/target/targetPath/append/string/entity/source/sourcePath/start/end	["data","modify","block","target","targetPath","append","string","entity","source","sourcePath","start","end"]	argument	1	brigadier:integer	{}	[]
data/modify/block/target/targetPath/append/string/storage	["data","modify","block","target","targetPath","append","string","storage"]	literal	0		{}	[]
data/modify/block/target/targetPath/append/string/storage/source	["data","modify","block","target","targetPath","append","string","storage","source"]	argument	1	minecraft:resource_location	{}	[]
data/modify/block/target/targetPath/append/string/storage/source/sourcePath	["data","modify","block","target","targetPath","append","string","storage","source","sourcePath"]	argument	1	minecraft:nbt_path	{}	[]
data/modify/block/target/targetPath/append/string/storage/source/sourcePath/start	["data","modify","block","target","targetPath","append","string","storage","source","sourcePath","start"]	argument	1	brigadier:integer	{}	[]
data/modify/block/target/targetPath/append/string/storage/source/sourcePath/start/end	["data","modify","block","target","targetPath","append","string","storage","source","sourcePath","start","end"]	argument	1	brigadier:integer	{}	[]
data/modify/block/target/targetPath/append/value	["data","modify","block","target","targetPath","append","value"]	literal	0		{}	[]
data/modify/block/target/targetPath/append/value/value	["data","modify","block","target","targetPath","append","value","value"]	argument	1	minecraft:nbt_tag	{}	[]
data/modify/block/target/targetPath/insert	["data","modify","block","target","targetPath","insert"]	literal	0		{}	[]
data/modify/block/target/targetPath/insert/index	["data","modify","block","target","targetPath","insert","index"]	argument	0	brigadier:integer	{}	[]
data/modify/block/target/targetPath/insert/index/compute	["data","modify","block","target","targetPath","insert","index","compute"]	literal	0		{}	[]
data/modify/block/target/targetPath/insert/index/compute/block	["data","modify","block","target","targetPath","insert","index","compute","block"]	literal	0		{}	[]
data/modify/block/target/targetPath/insert/index/compute/block/computePos	["data","modify","block","target","targetPath","insert","index","compute","block","computePos"]	argument	0	minecraft:block_pos	{}	[]
data/modify/block/target/targetPath/insert/index/compute/block/computePos/float	["data","modify","block","target","targetPath","insert","index","compute","block","computePos","float"]	literal	0		{}	[]
data/modify/block/target/targetPath/insert/index/compute/block/computePos/float/provider	["data","modify","block","target","targetPath","insert","index","compute","block","computePos","float","provider"]	argument	1	minecraft:context_float_provider	{}	[]
data/modify/block/target/targetPath/insert/index/compute/block/computePos/integer	["data","modify","block","target","targetPath","insert","index","compute","block","computePos","integer"]	literal	0		{}	[]
data/modify/block/target/targetPath/insert/index/compute/block/computePos/integer/provider	["data","modify","block","target","targetPath","insert","index","compute","block","computePos","integer","provider"]	argument	1	minecraft:context_int_provider	{}	[]
data/modify/block/target/targetPath/insert/index/compute/default	["data","modify","block","target","targetPath","insert","index","compute","default"]	literal	0		{}	[]
data/modify/block/target/targetPath/insert/index/compute/default/float	["data","modify","block","target","targetPath","insert","index","compute","default","float"]	literal	0		{}	[]
data/modify/block/target/targetPath/insert/index/compute/default/float/provider	["data","modify","block","target","targetPath","insert","index","compute","default","float","provider"]	argument	1	minecraft:context_float_provider	{}	[]
data/modify/block/target/targetPath/insert/index/compute/default/integer	["data","modify","block","target","targetPath","insert","index","compute","default","integer"]	literal	0		{}	[]
data/modify/block/target/targetPath/insert/index/compute/default/integer/provider	["data","modify","block","target","targetPath","insert","index","compute","default","integer","provider"]	argument	1	minecraft:context_int_provider	{}	[]
data/modify/block/target/targetPath/insert/index/compute/entity	["data","modify","block","target","targetPath","insert","index","compute","entity"]	literal	0		{}	[]
data/modify/block/target/targetPath/insert/index/compute/entity/computeTarget	["data","modify","block","target","targetPath","insert","index","compute","entity","computeTarget"]	argument	0	minecraft:entity	{"amount":"single","type":"entities"}	[]
data/modify/block/target/targetPath/insert/index/compute/entity/computeTarget/float	["data","modify","block","target","targetPath","insert","index","compute","entity","computeTarget","float"]	literal	0		{}	[]
data/modify/block/target/targetPath/insert/index/compute/entity/computeTarget/float/provider	["data","modify","block","target","targetPath","insert","index","compute","entity","computeTarget","float","provider"]	argument	1	minecraft:context_float_provider	{}	[]
data/modify/block/target/targetPath/insert/index/compute/entity/computeTarget/integer	["data","modify","block","target","targetPath","insert","index","compute","entity","computeTarget","integer"]	literal	0		{}	[]
data/modify/block/target/targetPath/insert/index/compute/entity/computeTarget/integer/provider	["data","modify","block","target","targetPath","insert","index","compute","entity","computeTarget","integer","provider"]	argument	1	minecraft:context_int_provider	{}	[]
data/modify/block/target/targetPath/insert/index/from	["data","modify","block","target","targetPath","insert","index","from"]	literal	0		{}	[]
data/modify/block/target/targetPath/insert/index/from/block	["data","modify","block","target","targetPath","insert","index","from","block"]	literal	0		{}	[]
data/modify/block/target/targetPath/insert/index/from/block/source	["data","modify","block","target","targetPath","insert","index","from","block","source"]	argument	1	minecraft:block_pos	{}	[]
data/modify/block/target/targetPath/insert/index/from/block/source/sourcePath	["data","modify","block","target","targetPath","insert","index","from","block","source","sourcePath"]	argument	1	minecraft:nbt_path	{}	[]
data/modify/block/target/targetPath/insert/index/from/entity	["data","modify","block","target","targetPath","insert","index","from","entity"]	literal	0		{}	[]
data/modify/block/target/targetPath/insert/index/from/entity/source	["data","modify","block","target","targetPath","insert","index","from","entity","source"]	argument	1	minecraft:entity	{"amount":"single","type":"entities"}	[]
data/modify/block/target/targetPath/insert/index/from/entity/source/sourcePath	["data","modify","block","target","targetPath","insert","index","from","entity","source","sourcePath"]	argument	1	minecraft:nbt_path	{}	[]
data/modify/block/target/targetPath/insert/index/from/storage	["data","modify","block","target","targetPath","insert","index","from","storage"]	literal	0		{}	[]
data/modify/block/target/targetPath/insert/index/from/storage/source	["data","modify","block","target","targetPath","insert","index","from","storage","source"]	argument	1	minecraft:resource_location	{}	[]
data/modify/block/target/targetPath/insert/index/from/storage/source/sourcePath	["data","modify","block","target","targetPath","insert","index","from","storage","source","sourcePath"]	argument	1	minecraft:nbt_path	{}	[]
data/modify/block/target/targetPath/insert/index/string	["data","modify","block","target","targetPath","insert","index","string"]	literal	0		{}	[]
data/modify/block/target/targetPath/insert/index/string/block	["data","modify","block","target","targetPath","insert","index","string","block"]	literal	0		{}	[]
data/modify/block/target/targetPath/insert/index/string/block/source	["data","modify","block","target","targetPath","insert","index","string","block","source"]	argument	1	minecraft:block_pos	{}	[]
data/modify/block/target/targetPath/insert/index/string/block/source/sourcePath	["data","modify","block","target","targetPath","insert","index","string","block","source","sourcePath"]	argument	1	minecraft:nbt_path	{}	[]
data/modify/block/target/targetPath/insert/index/string/block/source/sourcePath/start	["data","modify","block","target","targetPath","insert","index","string","block","source","sourcePath","start"]	argument	1	brigadier:integer	{}	[]
data/modify/block/target/targetPath/insert/index/string/block/source/sourcePath/start/end	["data","modify","block","target","targetPath","insert","index","string","block","source","sourcePath","start","end"]	argument	1	brigadier:integer	{}	[]
data/modify/block/target/targetPath/insert/index/string/entity	["data","modify","block","target","targetPath","insert","index","string","entity"]	literal	0		{}	[]
data/modify/block/target/targetPath/insert/index/string/entity/source	["data","modify","block","target","targetPath","insert","index","string","entity","source"]	argument	1	minecraft:entity	{"amount":"single","type":"entities"}	[]
data/modify/block/target/targetPath/insert/index/string/entity/source/sourcePath	["data","modify","block","target","targetPath","insert","index","string","entity","source","sourcePath"]	argument	1	minecraft:nbt_path	{}	[]
data/modify/block/target/targetPath/insert/index/string/entity/source/sourcePath/start	["data","modify","block","target","targetPath","insert","index","string","entity","source","sourcePath","start"]	argument	1	brigadier:integer	{}	[]
data/modify/block/target/targetPath/insert/index/string/entity/source/sourcePath/start/end	["data","modify","block","target","targetPath","insert","index","string","entity","source","sourcePath","start","end"]	argument	1	brigadier:integer	{}	[]
data/modify/block/target/targetPath/insert/index/string/storage	["data","modify","block","target","targetPath","insert","index","string","storage"]	literal	0		{}	[]
data/modify/block/target/targetPath/insert/index/string/storage/source	["data","modify","block","target","targetPath","insert","index","string","storage","source"]	argument	1	minecraft:resource_location	{}	[]
data/modify/block/target/targetPath/insert/index/string/storage/source/sourcePath	["data","modify","block","target","targetPath","insert","index","string","storage","source","sourcePath"]	argument	1	minecraft:nbt_path	{}	[]
data/modify/block/target/targetPath/insert/index/string/storage/source/sourcePath/start	["data","modify","block","target","targetPath","insert","index","string","storage","source","sourcePath","start"]	argument	1	brigadier:integer	{}	[]
data/modify/block/target/targetPath/insert/index/string/storage/source/sourcePath/start/end	["data","modify","block","target","targetPath","insert","index","string","storage","source","sourcePath","start","end"]	argument	1	brigadier:integer	{}	[]
data/modify/block/target/targetPath/insert/index/value	["data","modify","block","target","targetPath","insert","index","value"]	literal	0		{}	[]
data/modify/block/target/targetPath/insert/index/value/value	["data","modify","block","target","targetPath","insert","index","value","value"]	argument	1	minecraft:nbt_tag	{}	[]
data/modify/block/target/targetPath/merge	["data","modify","block","target","targetPath","merge"]	literal	0		{}	[]
data/modify/block/target/targetPath/merge/compute	["data","modify","block","target","targetPath","merge","compute"]	literal	0		{}	[]
data/modify/block/target/targetPath/merge/compute/block	["data","modify","block","target","targetPath","merge","compute","block"]	literal	0		{}	[]
data/modify/block/target/targetPath/merge/compute/block/computePos	["data","modify","block","target","targetPath","merge","compute","block","computePos"]	argument	0	minecraft:block_pos	{}	[]
data/modify/block/target/targetPath/merge/compute/block/computePos/float	["data","modify","block","target","targetPath","merge","compute","block","computePos","float"]	literal	0		{}	[]
data/modify/block/target/targetPath/merge/compute/block/computePos/float/provider	["data","modify","block","target","targetPath","merge","compute","block","computePos","float","provider"]	argument	1	minecraft:context_float_provider	{}	[]
data/modify/block/target/targetPath/merge/compute/block/computePos/integer	["data","modify","block","target","targetPath","merge","compute","block","computePos","integer"]	literal	0		{}	[]
data/modify/block/target/targetPath/merge/compute/block/computePos/integer/provider	["data","modify","block","target","targetPath","merge","compute","block","computePos","integer","provider"]	argument	1	minecraft:context_int_provider	{}	[]
data/modify/block/target/targetPath/merge/compute/default	["data","modify","block","target","targetPath","merge","compute","default"]	literal	0		{}	[]
data/modify/block/target/targetPath/merge/compute/default/float	["data","modify","block","target","targetPath","merge","compute","default","float"]	literal	0		{}	[]
data/modify/block/target/targetPath/merge/compute/default/float/provider	["data","modify","block","target","targetPath","merge","compute","default","float","provider"]	argument	1	minecraft:context_float_provider	{}	[]
data/modify/block/target/targetPath/merge/compute/default/integer	["data","modify","block","target","targetPath","merge","compute","default","integer"]	literal	0		{}	[]
data/modify/block/target/targetPath/merge/compute/default/integer/provider	["data","modify","block","target","targetPath","merge","compute","default","integer","provider"]	argument	1	minecraft:context_int_provider	{}	[]
data/modify/block/target/targetPath/merge/compute/entity	["data","modify","block","target","targetPath","merge","compute","entity"]	literal	0		{}	[]
data/modify/block/target/targetPath/merge/compute/entity/computeTarget	["data","modify","block","target","targetPath","merge","compute","entity","computeTarget"]	argument	0	minecraft:entity	{"amount":"single","type":"entities"}	[]
data/modify/block/target/targetPath/merge/compute/entity/computeTarget/float	["data","modify","block","target","targetPath","merge","compute","entity","computeTarget","float"]	literal	0		{}	[]
data/modify/block/target/targetPath/merge/compute/entity/computeTarget/float/provider	["data","modify","block","target","targetPath","merge","compute","entity","computeTarget","float","provider"]	argument	1	minecraft:context_float_provider	{}	[]
data/modify/block/target/targetPath/merge/compute/entity/computeTarget/integer	["data","modify","block","target","targetPath","merge","compute","entity","computeTarget","integer"]	literal	0		{}	[]
data/modify/block/target/targetPath/merge/compute/entity/computeTarget/integer/provider	["data","modify","block","target","targetPath","merge","compute","entity","computeTarget","integer","provider"]	argument	1	minecraft:context_int_provider	{}	[]
data/modify/block/target/targetPath/merge/from	["data","modify","block","target","targetPath","merge","from"]	literal	0		{}	[]
data/modify/block/target/targetPath/merge/from/block	["data","modify","block","target","targetPath","merge","from","block"]	literal	0		{}	[]
data/modify/block/target/targetPath/merge/from/block/source	["data","modify","block","target","targetPath","merge","from","block","source"]	argument	1	minecraft:block_pos	{}	[]
data/modify/block/target/targetPath/merge/from/block/source/sourcePath	["data","modify","block","target","targetPath","merge","from","block","source","sourcePath"]	argument	1	minecraft:nbt_path	{}	[]
data/modify/block/target/targetPath/merge/from/entity	["data","modify","block","target","targetPath","merge","from","entity"]	literal	0		{}	[]
data/modify/block/target/targetPath/merge/from/entity/source	["data","modify","block","target","targetPath","merge","from","entity","source"]	argument	1	minecraft:entity	{"amount":"single","type":"entities"}	[]
data/modify/block/target/targetPath/merge/from/entity/source/sourcePath	["data","modify","block","target","targetPath","merge","from","entity","source","sourcePath"]	argument	1	minecraft:nbt_path	{}	[]
data/modify/block/target/targetPath/merge/from/storage	["data","modify","block","target","targetPath","merge","from","storage"]	literal	0		{}	[]
data/modify/block/target/targetPath/merge/from/storage/source	["data","modify","block","target","targetPath","merge","from","storage","source"]	argument	1	minecraft:resource_location	{}	[]
data/modify/block/target/targetPath/merge/from/storage/source/sourcePath	["data","modify","block","target","targetPath","merge","from","storage","source","sourcePath"]	argument	1	minecraft:nbt_path	{}	[]
data/modify/block/target/targetPath/merge/string	["data","modify","block","target","targetPath","merge","string"]	literal	0		{}	[]
data/modify/block/target/targetPath/merge/string/block	["data","modify","block","target","targetPath","merge","string","block"]	literal	0		{}	[]
data/modify/block/target/targetPath/merge/string/block/source	["data","modify","block","target","targetPath","merge","string","block","source"]	argument	1	minecraft:block_pos	{}	[]
data/modify/block/target/targetPath/merge/string/block/source/sourcePath	["data","modify","block","target","targetPath","merge","string","block","source","sourcePath"]	argument	1	minecraft:nbt_path	{}	[]
data/modify/block/target/targetPath/merge/string/block/source/sourcePath/start	["data","modify","block","target","targetPath","merge","string","block","source","sourcePath","start"]	argument	1	brigadier:integer	{}	[]
data/modify/block/target/targetPath/merge/string/block/source/sourcePath/start/end	["data","modify","block","target","targetPath","merge","string","block","source","sourcePath","start","end"]	argument	1	brigadier:integer	{}	[]
data/modify/block/target/targetPath/merge/string/entity	["data","modify","block","target","targetPath","merge","string","entity"]	literal	0		{}	[]
data/modify/block/target/targetPath/merge/string/entity/source	["data","modify","block","target","targetPath","merge","string","entity","source"]	argument	1	minecraft:entity	{"amount":"single","type":"entities"}	[]
data/modify/block/target/targetPath/merge/string/entity/source/sourcePath	["data","modify","block","target","targetPath","merge","string","entity","source","sourcePath"]	argument	1	minecraft:nbt_path	{}	[]
data/modify/block/target/targetPath/merge/string/entity/source/sourcePath/start	["data","modify","block","target","targetPath","merge","string","entity","source","sourcePath","start"]	argument	1	brigadier:integer	{}	[]
data/modify/block/target/targetPath/merge/string/entity/source/sourcePath/start/end	["data","modify","block","target","targetPath","merge","string","entity","source","sourcePath","start","end"]	argument	1	brigadier:integer	{}	[]
data/modify/block/target/targetPath/merge/string/storage	["data","modify","block","target","targetPath","merge","string","storage"]	literal	0		{}	[]
data/modify/block/target/targetPath/merge/string/storage/source	["data","modify","block","target","targetPath","merge","string","storage","source"]	argument	1	minecraft:resource_location	{}	[]
data/modify/block/target/targetPath/merge/string/storage/source/sourcePath	["data","modify","block","target","targetPath","merge","string","storage","source","sourcePath"]	argument	1	minecraft:nbt_path	{}	[]
data/modify/block/target/targetPath/merge/string/storage/source/sourcePath/start	["data","modify","block","target","targetPath","merge","string","storage","source","sourcePath","start"]	argument	1	brigadier:integer	{}	[]
data/modify/block/target/targetPath/merge/string/storage/source/sourcePath/start/end	["data","modify","block","target","targetPath","merge","string","storage","source","sourcePath","start","end"]	argument	1	brigadier:integer	{}	[]
data/modify/block/target/targetPath/merge/value	["data","modify","block","target","targetPath","merge","value"]	literal	0		{}	[]
data/modify/block/target/targetPath/merge/value/value	["data","modify","block","target","targetPath","merge","value","value"]	argument	1	minecraft:nbt_tag	{}	[]
data/modify/block/target/targetPath/prepend	["data","modify","block","target","targetPath","prepend"]	literal	0		{}	[]
data/modify/block/target/targetPath/prepend/compute	["data","modify","block","target","targetPath","prepend","compute"]	literal	0		{}	[]
data/modify/block/target/targetPath/prepend/compute/block	["data","modify","block","target","targetPath","prepend","compute","block"]	literal	0		{}	[]
data/modify/block/target/targetPath/prepend/compute/block/computePos	["data","modify","block","target","targetPath","prepend","compute","block","computePos"]	argument	0	minecraft:block_pos	{}	[]
data/modify/block/target/targetPath/prepend/compute/block/computePos/float	["data","modify","block","target","targetPath","prepend","compute","block","computePos","float"]	literal	0		{}	[]
data/modify/block/target/targetPath/prepend/compute/block/computePos/float/provider	["data","modify","block","target","targetPath","prepend","compute","block","computePos","float","provider"]	argument	1	minecraft:context_float_provider	{}	[]
data/modify/block/target/targetPath/prepend/compute/block/computePos/integer	["data","modify","block","target","targetPath","prepend","compute","block","computePos","integer"]	literal	0		{}	[]
data/modify/block/target/targetPath/prepend/compute/block/computePos/integer/provider	["data","modify","block","target","targetPath","prepend","compute","block","computePos","integer","provider"]	argument	1	minecraft:context_int_provider	{}	[]
data/modify/block/target/targetPath/prepend/compute/default	["data","modify","block","target","targetPath","prepend","compute","default"]	literal	0		{}	[]
data/modify/block/target/targetPath/prepend/compute/default/float	["data","modify","block","target","targetPath","prepend","compute","default","float"]	literal	0		{}	[]
data/modify/block/target/targetPath/prepend/compute/default/float/provider	["data","modify","block","target","targetPath","prepend","compute","default","float","provider"]	argument	1	minecraft:context_float_provider	{}	[]
data/modify/block/target/targetPath/prepend/compute/default/integer	["data","modify","block","target","targetPath","prepend","compute","default","integer"]	literal	0		{}	[]
data/modify/block/target/targetPath/prepend/compute/default/integer/provider	["data","modify","block","target","targetPath","prepend","compute","default","integer","provider"]	argument	1	minecraft:context_int_provider	{}	[]
data/modify/block/target/targetPath/prepend/compute/entity	["data","modify","block","target","targetPath","prepend","compute","entity"]	literal	0		{}	[]
data/modify/block/target/targetPath/prepend/compute/entity/computeTarget	["data","modify","block","target","targetPath","prepend","compute","entity","computeTarget"]	argument	0	minecraft:entity	{"amount":"single","type":"entities"}	[]
data/modify/block/target/targetPath/prepend/compute/entity/computeTarget/float	["data","modify","block","target","targetPath","prepend","compute","entity","computeTarget","float"]	literal	0		{}	[]
data/modify/block/target/targetPath/prepend/compute/entity/computeTarget/float/provider	["data","modify","block","target","targetPath","prepend","compute","entity","computeTarget","float","provider"]	argument	1	minecraft:context_float_provider	{}	[]
data/modify/block/target/targetPath/prepend/compute/entity/computeTarget/integer	["data","modify","block","target","targetPath","prepend","compute","entity","computeTarget","integer"]	literal	0		{}	[]
data/modify/block/target/targetPath/prepend/compute/entity/computeTarget/integer/provider	["data","modify","block","target","targetPath","prepend","compute","entity","computeTarget","integer","provider"]	argument	1	minecraft:context_int_provider	{}	[]
data/modify/block/target/targetPath/prepend/from	["data","modify","block","target","targetPath","prepend","from"]	literal	0		{}	[]
data/modify/block/target/targetPath/prepend/from/block	["data","modify","block","target","targetPath","prepend","from","block"]	literal	0		{}	[]
data/modify/block/target/targetPath/prepend/from/block/source	["data","modify","block","target","targetPath","prepend","from","block","source"]	argument	1	minecraft:block_pos	{}	[]
data/modify/block/target/targetPath/prepend/from/block/source/sourcePath	["data","modify","block","target","targetPath","prepend","from","block","source","sourcePath"]	argument	1	minecraft:nbt_path	{}	[]
data/modify/block/target/targetPath/prepend/from/entity	["data","modify","block","target","targetPath","prepend","from","entity"]	literal	0		{}	[]
data/modify/block/target/targetPath/prepend/from/entity/source	["data","modify","block","target","targetPath","prepend","from","entity","source"]	argument	1	minecraft:entity	{"amount":"single","type":"entities"}	[]
data/modify/block/target/targetPath/prepend/from/entity/source/sourcePath	["data","modify","block","target","targetPath","prepend","from","entity","source","sourcePath"]	argument	1	minecraft:nbt_path	{}	[]
data/modify/block/target/targetPath/prepend/from/storage	["data","modify","block","target","targetPath","prepend","from","storage"]	literal	0		{}	[]
data/modify/block/target/targetPath/prepend/from/storage/source	["data","modify","block","target","targetPath","prepend","from","storage","source"]	argument	1	minecraft:resource_location	{}	[]
data/modify/block/target/targetPath/prepend/from/storage/source/sourcePath	["data","modify","block","target","targetPath","prepend","from","storage","source","sourcePath"]	argument	1	minecraft:nbt_path	{}	[]
data/modify/block/target/targetPath/prepend/string	["data","modify","block","target","targetPath","prepend","string"]	literal	0		{}	[]
data/modify/block/target/targetPath/prepend/string/block	["data","modify","block","target","targetPath","prepend","string","block"]	literal	0		{}	[]
data/modify/block/target/targetPath/prepend/string/block/source	["data","modify","block","target","targetPath","prepend","string","block","source"]	argument	1	minecraft:block_pos	{}	[]
data/modify/block/target/targetPath/prepend/string/block/source/sourcePath	["data","modify","block","target","targetPath","prepend","string","block","source","sourcePath"]	argument	1	minecraft:nbt_path	{}	[]
data/modify/block/target/targetPath/prepend/string/block/source/sourcePath/start	["data","modify","block","target","targetPath","prepend","string","block","source","sourcePath","start"]	argument	1	brigadier:integer	{}	[]
data/modify/block/target/targetPath/prepend/string/block/source/sourcePath/start/end	["data","modify","block","target","targetPath","prepend","string","block","source","sourcePath","start","end"]	argument	1	brigadier:integer	{}	[]
data/modify/block/target/targetPath/prepend/string/entity	["data","modify","block","target","targetPath","prepend","string","entity"]	literal	0		{}	[]
data/modify/block/target/targetPath/prepend/string/entity/source	["data","modify","block","target","targetPath","prepend","string","entity","source"]	argument	1	minecraft:entity	{"amount":"single","type":"entities"}	[]
data/modify/block/target/targetPath/prepend/string/entity/source/sourcePath	["data","modify","block","target","targetPath","prepend","string","entity","source","sourcePath"]	argument	1	minecraft:nbt_path	{}	[]
data/modify/block/target/targetPath/prepend/string/entity/source/sourcePath/start	["data","modify","block","target","targetPath","prepend","string","entity","source","sourcePath","start"]	argument	1	brigadier:integer	{}	[]
data/modify/block/target/targetPath/prepend/string/entity/source/sourcePath/start/end	["data","modify","block","target","targetPath","prepend","string","entity","source","sourcePath","start","end"]	argument	1	brigadier:integer	{}	[]
data/modify/block/target/targetPath/prepend/string/storage	["data","modify","block","target","targetPath","prepend","string","storage"]	literal	0		{}	[]
data/modify/block/target/targetPath/prepend/string/storage/source	["data","modify","block","target","targetPath","prepend","string","storage","source"]	argument	1	minecraft:resource_location	{}	[]
data/modify/block/target/targetPath/prepend/string/storage/source/sourcePath	["data","modify","block","target","targetPath","prepend","string","storage","source","sourcePath"]	argument	1	minecraft:nbt_path	{}	[]
data/modify/block/target/targetPath/prepend/string/storage/source/sourcePath/start	["data","modify","block","target","targetPath","prepend","string","storage","source","sourcePath","start"]	argument	1	brigadier:integer	{}	[]
data/modify/block/target/targetPath/prepend/string/storage/source/sourcePath/start/end	["data","modify","block","target","targetPath","prepend","string","storage","source","sourcePath","start","end"]	argument	1	brigadier:integer	{}	[]
data/modify/block/target/targetPath/prepend/value	["data","modify","block","target","targetPath","prepend","value"]	literal	0		{}	[]
data/modify/block/target/targetPath/prepend/value/value	["data","modify","block","target","targetPath","prepend","value","value"]	argument	1	minecraft:nbt_tag	{}	[]
data/modify/block/target/targetPath/set	["data","modify","block","target","targetPath","set"]	literal	0		{}	[]
data/modify/block/target/targetPath/set/compute	["data","modify","block","target","targetPath","set","compute"]	literal	0		{}	[]
data/modify/block/target/targetPath/set/compute/block	["data","modify","block","target","targetPath","set","compute","block"]	literal	0		{}	[]
data/modify/block/target/targetPath/set/compute/block/computePos	["data","modify","block","target","targetPath","set","compute","block","computePos"]	argument	0	minecraft:block_pos	{}	[]
data/modify/block/target/targetPath/set/compute/block/computePos/float	["data","modify","block","target","targetPath","set","compute","block","computePos","float"]	literal	0		{}	[]
data/modify/block/target/targetPath/set/compute/block/computePos/float/provider	["data","modify","block","target","targetPath","set","compute","block","computePos","float","provider"]	argument	1	minecraft:context_float_provider	{}	[]
data/modify/block/target/targetPath/set/compute/block/computePos/integer	["data","modify","block","target","targetPath","set","compute","block","computePos","integer"]	literal	0		{}	[]
data/modify/block/target/targetPath/set/compute/block/computePos/integer/provider	["data","modify","block","target","targetPath","set","compute","block","computePos","integer","provider"]	argument	1	minecraft:context_int_provider	{}	[]
data/modify/block/target/targetPath/set/compute/default	["data","modify","block","target","targetPath","set","compute","default"]	literal	0		{}	[]
data/modify/block/target/targetPath/set/compute/default/float	["data","modify","block","target","targetPath","set","compute","default","float"]	literal	0		{}	[]
data/modify/block/target/targetPath/set/compute/default/float/provider	["data","modify","block","target","targetPath","set","compute","default","float","provider"]	argument	1	minecraft:context_float_provider	{}	[]
data/modify/block/target/targetPath/set/compute/default/integer	["data","modify","block","target","targetPath","set","compute","default","integer"]	literal	0		{}	[]
data/modify/block/target/targetPath/set/compute/default/integer/provider	["data","modify","block","target","targetPath","set","compute","default","integer","provider"]	argument	1	minecraft:context_int_provider	{}	[]
data/modify/block/target/targetPath/set/compute/entity	["data","modify","block","target","targetPath","set","compute","entity"]	literal	0		{}	[]
data/modify/block/target/targetPath/set/compute/entity/computeTarget	["data","modify","block","target","targetPath","set","compute","entity","computeTarget"]	argument	0	minecraft:entity	{"amount":"single","type":"entities"}	[]
data/modify/block/target/targetPath/set/compute/entity/computeTarget/float	["data","modify","block","target","targetPath","set","compute","entity","computeTarget","float"]	literal	0		{}	[]
data/modify/block/target/targetPath/set/compute/entity/computeTarget/float/provider	["data","modify","block","target","targetPath","set","compute","entity","computeTarget","float","provider"]	argument	1	minecraft:context_float_provider	{}	[]
data/modify/block/target/targetPath/set/compute/entity/computeTarget/integer	["data","modify","block","target","targetPath","set","compute","entity","computeTarget","integer"]	literal	0		{}	[]
data/modify/block/target/targetPath/set/compute/entity/computeTarget/integer/provider	["data","modify","block","target","targetPath","set","compute","entity","computeTarget","integer","provider"]	argument	1	minecraft:context_int_provider	{}	[]
data/modify/block/target/targetPath/set/from	["data","modify","block","target","targetPath","set","from"]	literal	0		{}	[]
data/modify/block/target/targetPath/set/from/block	["data","modify","block","target","targetPath","set","from","block"]	literal	0		{}	[]
data/modify/block/target/targetPath/set/from/block/source	["data","modify","block","target","targetPath","set","from","block","source"]	argument	1	minecraft:block_pos	{}	[]
data/modify/block/target/targetPath/set/from/block/source/sourcePath	["data","modify","block","target","targetPath","set","from","block","source","sourcePath"]	argument	1	minecraft:nbt_path	{}	[]
data/modify/block/target/targetPath/set/from/entity	["data","modify","block","target","targetPath","set","from","entity"]	literal	0		{}	[]
data/modify/block/target/targetPath/set/from/entity/source	["data","modify","block","target","targetPath","set","from","entity","source"]	argument	1	minecraft:entity	{"amount":"single","type":"entities"}	[]
data/modify/block/target/targetPath/set/from/entity/source/sourcePath	["data","modify","block","target","targetPath","set","from","entity","source","sourcePath"]	argument	1	minecraft:nbt_path	{}	[]
data/modify/block/target/targetPath/set/from/storage	["data","modify","block","target","targetPath","set","from","storage"]	literal	0		{}	[]
data/modify/block/target/targetPath/set/from/storage/source	["data","modify","block","target","targetPath","set","from","storage","source"]	argument	1	minecraft:resource_location	{}	[]
data/modify/block/target/targetPath/set/from/storage/source/sourcePath	["data","modify","block","target","targetPath","set","from","storage","source","sourcePath"]	argument	1	minecraft:nbt_path	{}	[]
data/modify/block/target/targetPath/set/string	["data","modify","block","target","targetPath","set","string"]	literal	0		{}	[]
data/modify/block/target/targetPath/set/string/block	["data","modify","block","target","targetPath","set","string","block"]	literal	0		{}	[]
data/modify/block/target/targetPath/set/string/block/source	["data","modify","block","target","targetPath","set","string","block","source"]	argument	1	minecraft:block_pos	{}	[]
data/modify/block/target/targetPath/set/string/block/source/sourcePath	["data","modify","block","target","targetPath","set","string","block","source","sourcePath"]	argument	1	minecraft:nbt_path	{}	[]
data/modify/block/target/targetPath/set/string/block/source/sourcePath/start	["data","modify","block","target","targetPath","set","string","block","source","sourcePath","start"]	argument	1	brigadier:integer	{}	[]
data/modify/block/target/targetPath/set/string/block/source/sourcePath/start/end	["data","modify","block","target","targetPath","set","string","block","source","sourcePath","start","end"]	argument	1	brigadier:integer	{}	[]
data/modify/block/target/targetPath/set/string/entity	["data","modify","block","target","targetPath","set","string","entity"]	literal	0		{}	[]
data/modify/block/target/targetPath/set/string/entity/source	["data","modify","block","target","targetPath","set","string","entity","source"]	argument	1	minecraft:entity	{"amount":"single","type":"entities"}	[]
data/modify/block/target/targetPath/set/string/entity/source/sourcePath	["data","modify","block","target","targetPath","set","string","entity","source","sourcePath"]	argument	1	minecraft:nbt_path	{}	[]
data/modify/block/target/targetPath/set/string/entity/source/sourcePath/start	["data","modify","block","target","targetPath","set","string","entity","source","sourcePath","start"]	argument	1	brigadier:integer	{}	[]
data/modify/block/target/targetPath/set/string/entity/source/sourcePath/start/end	["data","modify","block","target","targetPath","set","string","entity","source","sourcePath","start","end"]	argument	1	brigadier:integer	{}	[]
data/modify/block/target/targetPath/set/string/storage	["data","modify","block","target","targetPath","set","string","storage"]	literal	0		{}	[]
data/modify/block/target/targetPath/set/string/storage/source	["data","modify","block","target","targetPath","set","string","storage","source"]	argument	1	minecraft:resource_location	{}	[]
data/modify/block/target/targetPath/set/string/storage/source/sourcePath	["data","modify","block","target","targetPath","set","string","storage","source","sourcePath"]	argument	1	minecraft:nbt_path	{}	[]
data/modify/block/target/targetPath/set/string/storage/source/sourcePath/start	["data","modify","block","target","targetPath","set","string","storage","source","sourcePath","start"]	argument	1	brigadier:integer	{}	[]
data/modify/block/target/targetPath/set/string/storage/source/sourcePath/start/end	["data","modify","block","target","targetPath","set","string","storage","source","sourcePath","start","end"]	argument	1	brigadier:integer	{}	[]
data/modify/block/target/targetPath/set/value	["data","modify","block","target","targetPath","set","value"]	literal	0		{}	[]
data/modify/block/target/targetPath/set/value/value	["data","modify","block","target","targetPath","set","value","value"]	argument	1	minecraft:nbt_tag	{}	[]
data/modify/entity	["data","modify","entity"]	literal	0		{}	[]
data/modify/entity/target	["data","modify","entity","target"]	argument	0	minecraft:entity	{"amount":"single","type":"entities"}	[]
data/modify/entity/target/targetPath	["data","modify","entity","target","targetPath"]	argument	0	minecraft:nbt_path	{}	[]
data/modify/entity/target/targetPath/append	["data","modify","entity","target","targetPath","append"]	literal	0		{}	[]
data/modify/entity/target/targetPath/append/compute	["data","modify","entity","target","targetPath","append","compute"]	literal	0		{}	[]
data/modify/entity/target/targetPath/append/compute/block	["data","modify","entity","target","targetPath","append","compute","block"]	literal	0		{}	[]
data/modify/entity/target/targetPath/append/compute/block/computePos	["data","modify","entity","target","targetPath","append","compute","block","computePos"]	argument	0	minecraft:block_pos	{}	[]
data/modify/entity/target/targetPath/append/compute/block/computePos/float	["data","modify","entity","target","targetPath","append","compute","block","computePos","float"]	literal	0		{}	[]
data/modify/entity/target/targetPath/append/compute/block/computePos/float/provider	["data","modify","entity","target","targetPath","append","compute","block","computePos","float","provider"]	argument	1	minecraft:context_float_provider	{}	[]
data/modify/entity/target/targetPath/append/compute/block/computePos/integer	["data","modify","entity","target","targetPath","append","compute","block","computePos","integer"]	literal	0		{}	[]
data/modify/entity/target/targetPath/append/compute/block/computePos/integer/provider	["data","modify","entity","target","targetPath","append","compute","block","computePos","integer","provider"]	argument	1	minecraft:context_int_provider	{}	[]
data/modify/entity/target/targetPath/append/compute/default	["data","modify","entity","target","targetPath","append","compute","default"]	literal	0		{}	[]
data/modify/entity/target/targetPath/append/compute/default/float	["data","modify","entity","target","targetPath","append","compute","default","float"]	literal	0		{}	[]
data/modify/entity/target/targetPath/append/compute/default/float/provider	["data","modify","entity","target","targetPath","append","compute","default","float","provider"]	argument	1	minecraft:context_float_provider	{}	[]
data/modify/entity/target/targetPath/append/compute/default/integer	["data","modify","entity","target","targetPath","append","compute","default","integer"]	literal	0		{}	[]
data/modify/entity/target/targetPath/append/compute/default/integer/provider	["data","modify","entity","target","targetPath","append","compute","default","integer","provider"]	argument	1	minecraft:context_int_provider	{}	[]
data/modify/entity/target/targetPath/append/compute/entity	["data","modify","entity","target","targetPath","append","compute","entity"]	literal	0		{}	[]
data/modify/entity/target/targetPath/append/compute/entity/computeTarget	["data","modify","entity","target","targetPath","append","compute","entity","computeTarget"]	argument	0	minecraft:entity	{"amount":"single","type":"entities"}	[]
data/modify/entity/target/targetPath/append/compute/entity/computeTarget/float	["data","modify","entity","target","targetPath","append","compute","entity","computeTarget","float"]	literal	0		{}	[]
data/modify/entity/target/targetPath/append/compute/entity/computeTarget/float/provider	["data","modify","entity","target","targetPath","append","compute","entity","computeTarget","float","provider"]	argument	1	minecraft:context_float_provider	{}	[]
data/modify/entity/target/targetPath/append/compute/entity/computeTarget/integer	["data","modify","entity","target","targetPath","append","compute","entity","computeTarget","integer"]	literal	0		{}	[]
data/modify/entity/target/targetPath/append/compute/entity/computeTarget/integer/provider	["data","modify","entity","target","targetPath","append","compute","entity","computeTarget","integer","provider"]	argument	1	minecraft:context_int_provider	{}	[]
data/modify/entity/target/targetPath/append/from	["data","modify","entity","target","targetPath","append","from"]	literal	0		{}	[]
data/modify/entity/target/targetPath/append/from/block	["data","modify","entity","target","targetPath","append","from","block"]	literal	0		{}	[]
data/modify/entity/target/targetPath/append/from/block/source	["data","modify","entity","target","targetPath","append","from","block","source"]	argument	1	minecraft:block_pos	{}	[]
data/modify/entity/target/targetPath/append/from/block/source/sourcePath	["data","modify","entity","target","targetPath","append","from","block","source","sourcePath"]	argument	1	minecraft:nbt_path	{}	[]
data/modify/entity/target/targetPath/append/from/entity	["data","modify","entity","target","targetPath","append","from","entity"]	literal	0		{}	[]
data/modify/entity/target/targetPath/append/from/entity/source	["data","modify","entity","target","targetPath","append","from","entity","source"]	argument	1	minecraft:entity	{"amount":"single","type":"entities"}	[]
data/modify/entity/target/targetPath/append/from/entity/source/sourcePath	["data","modify","entity","target","targetPath","append","from","entity","source","sourcePath"]	argument	1	minecraft:nbt_path	{}	[]
data/modify/entity/target/targetPath/append/from/storage	["data","modify","entity","target","targetPath","append","from","storage"]	literal	0		{}	[]
data/modify/entity/target/targetPath/append/from/storage/source	["data","modify","entity","target","targetPath","append","from","storage","source"]	argument	1	minecraft:resource_location	{}	[]
data/modify/entity/target/targetPath/append/from/storage/source/sourcePath	["data","modify","entity","target","targetPath","append","from","storage","source","sourcePath"]	argument	1	minecraft:nbt_path	{}	[]
data/modify/entity/target/targetPath/append/string	["data","modify","entity","target","targetPath","append","string"]	literal	0		{}	[]
data/modify/entity/target/targetPath/append/string/block	["data","modify","entity","target","targetPath","append","string","block"]	literal	0		{}	[]
data/modify/entity/target/targetPath/append/string/block/source	["data","modify","entity","target","targetPath","append","string","block","source"]	argument	1	minecraft:block_pos	{}	[]
data/modify/entity/target/targetPath/append/string/block/source/sourcePath	["data","modify","entity","target","targetPath","append","string","block","source","sourcePath"]	argument	1	minecraft:nbt_path	{}	[]
data/modify/entity/target/targetPath/append/string/block/source/sourcePath/start	["data","modify","entity","target","targetPath","append","string","block","source","sourcePath","start"]	argument	1	brigadier:integer	{}	[]
data/modify/entity/target/targetPath/append/string/block/source/sourcePath/start/end	["data","modify","entity","target","targetPath","append","string","block","source","sourcePath","start","end"]	argument	1	brigadier:integer	{}	[]
data/modify/entity/target/targetPath/append/string/entity	["data","modify","entity","target","targetPath","append","string","entity"]	literal	0		{}	[]
data/modify/entity/target/targetPath/append/string/entity/source	["data","modify","entity","target","targetPath","append","string","entity","source"]	argument	1	minecraft:entity	{"amount":"single","type":"entities"}	[]
data/modify/entity/target/targetPath/append/string/entity/source/sourcePath	["data","modify","entity","target","targetPath","append","string","entity","source","sourcePath"]	argument	1	minecraft:nbt_path	{}	[]
data/modify/entity/target/targetPath/append/string/entity/source/sourcePath/start	["data","modify","entity","target","targetPath","append","string","entity","source","sourcePath","start"]	argument	1	brigadier:integer	{}	[]
data/modify/entity/target/targetPath/append/string/entity/source/sourcePath/start/end	["data","modify","entity","target","targetPath","append","string","entity","source","sourcePath","start","end"]	argument	1	brigadier:integer	{}	[]
data/modify/entity/target/targetPath/append/string/storage	["data","modify","entity","target","targetPath","append","string","storage"]	literal	0		{}	[]
data/modify/entity/target/targetPath/append/string/storage/source	["data","modify","entity","target","targetPath","append","string","storage","source"]	argument	1	minecraft:resource_location	{}	[]
data/modify/entity/target/targetPath/append/string/storage/source/sourcePath	["data","modify","entity","target","targetPath","append","string","storage","source","sourcePath"]	argument	1	minecraft:nbt_path	{}	[]
data/modify/entity/target/targetPath/append/string/storage/source/sourcePath/start	["data","modify","entity","target","targetPath","append","string","storage","source","sourcePath","start"]	argument	1	brigadier:integer	{}	[]
data/modify/entity/target/targetPath/append/string/storage/source/sourcePath/start/end	["data","modify","entity","target","targetPath","append","string","storage","source","sourcePath","start","end"]	argument	1	brigadier:integer	{}	[]
data/modify/entity/target/targetPath/append/value	["data","modify","entity","target","targetPath","append","value"]	literal	0		{}	[]
data/modify/entity/target/targetPath/append/value/value	["data","modify","entity","target","targetPath","append","value","value"]	argument	1	minecraft:nbt_tag	{}	[]
data/modify/entity/target/targetPath/insert	["data","modify","entity","target","targetPath","insert"]	literal	0		{}	[]
data/modify/entity/target/targetPath/insert/index	["data","modify","entity","target","targetPath","insert","index"]	argument	0	brigadier:integer	{}	[]
data/modify/entity/target/targetPath/insert/index/compute	["data","modify","entity","target","targetPath","insert","index","compute"]	literal	0		{}	[]
data/modify/entity/target/targetPath/insert/index/compute/block	["data","modify","entity","target","targetPath","insert","index","compute","block"]	literal	0		{}	[]
data/modify/entity/target/targetPath/insert/index/compute/block/computePos	["data","modify","entity","target","targetPath","insert","index","compute","block","computePos"]	argument	0	minecraft:block_pos	{}	[]
data/modify/entity/target/targetPath/insert/index/compute/block/computePos/float	["data","modify","entity","target","targetPath","insert","index","compute","block","computePos","float"]	literal	0		{}	[]
data/modify/entity/target/targetPath/insert/index/compute/block/computePos/float/provider	["data","modify","entity","target","targetPath","insert","index","compute","block","computePos","float","provider"]	argument	1	minecraft:context_float_provider	{}	[]
data/modify/entity/target/targetPath/insert/index/compute/block/computePos/integer	["data","modify","entity","target","targetPath","insert","index","compute","block","computePos","integer"]	literal	0		{}	[]
data/modify/entity/target/targetPath/insert/index/compute/block/computePos/integer/provider	["data","modify","entity","target","targetPath","insert","index","compute","block","computePos","integer","provider"]	argument	1	minecraft:context_int_provider	{}	[]
data/modify/entity/target/targetPath/insert/index/compute/default	["data","modify","entity","target","targetPath","insert","index","compute","default"]	literal	0		{}	[]
data/modify/entity/target/targetPath/insert/index/compute/default/float	["data","modify","entity","target","targetPath","insert","index","compute","default","float"]	literal	0		{}	[]
data/modify/entity/target/targetPath/insert/index/compute/default/float/provider	["data","modify","entity","target","targetPath","insert","index","compute","default","float","provider"]	argument	1	minecraft:context_float_provider	{}	[]
data/modify/entity/target/targetPath/insert/index/compute/default/integer	["data","modify","entity","target","targetPath","insert","index","compute","default","integer"]	literal	0		{}	[]
data/modify/entity/target/targetPath/insert/index/compute/default/integer/provider	["data","modify","entity","target","targetPath","insert","index","compute","default","integer","provider"]	argument	1	minecraft:context_int_provider	{}	[]
data/modify/entity/target/targetPath/insert/index/compute/entity	["data","modify","entity","target","targetPath","insert","index","compute","entity"]	literal	0		{}	[]
data/modify/entity/target/targetPath/insert/index/compute/entity/computeTarget	["data","modify","entity","target","targetPath","insert","index","compute","entity","computeTarget"]	argument	0	minecraft:entity	{"amount":"single","type":"entities"}	[]
data/modify/entity/target/targetPath/insert/index/compute/entity/computeTarget/float	["data","modify","entity","target","targetPath","insert","index","compute","entity","computeTarget","float"]	literal	0		{}	[]
data/modify/entity/target/targetPath/insert/index/compute/entity/computeTarget/float/provider	["data","modify","entity","target","targetPath","insert","index","compute","entity","computeTarget","float","provider"]	argument	1	minecraft:context_float_provider	{}	[]
data/modify/entity/target/targetPath/insert/index/compute/entity/computeTarget/integer	["data","modify","entity","target","targetPath","insert","index","compute","entity","computeTarget","integer"]	literal	0		{}	[]
data/modify/entity/target/targetPath/insert/index/compute/entity/computeTarget/integer/provider	["data","modify","entity","target","targetPath","insert","index","compute","entity","computeTarget","integer","provider"]	argument	1	minecraft:context_int_provider	{}	[]
data/modify/entity/target/targetPath/insert/index/from	["data","modify","entity","target","targetPath","insert","index","from"]	literal	0		{}	[]
data/modify/entity/target/targetPath/insert/index/from/block	["data","modify","entity","target","targetPath","insert","index","from","block"]	literal	0		{}	[]
data/modify/entity/target/targetPath/insert/index/from/block/source	["data","modify","entity","target","targetPath","insert","index","from","block","source"]	argument	1	minecraft:block_pos	{}	[]
data/modify/entity/target/targetPath/insert/index/from/block/source/sourcePath	["data","modify","entity","target","targetPath","insert","index","from","block","source","sourcePath"]	argument	1	minecraft:nbt_path	{}	[]
data/modify/entity/target/targetPath/insert/index/from/entity	["data","modify","entity","target","targetPath","insert","index","from","entity"]	literal	0		{}	[]
data/modify/entity/target/targetPath/insert/index/from/entity/source	["data","modify","entity","target","targetPath","insert","index","from","entity","source"]	argument	1	minecraft:entity	{"amount":"single","type":"entities"}	[]
data/modify/entity/target/targetPath/insert/index/from/entity/source/sourcePath	["data","modify","entity","target","targetPath","insert","index","from","entity","source","sourcePath"]	argument	1	minecraft:nbt_path	{}	[]
data/modify/entity/target/targetPath/insert/index/from/storage	["data","modify","entity","target","targetPath","insert","index","from","storage"]	literal	0		{}	[]
data/modify/entity/target/targetPath/insert/index/from/storage/source	["data","modify","entity","target","targetPath","insert","index","from","storage","source"]	argument	1	minecraft:resource_location	{}	[]
data/modify/entity/target/targetPath/insert/index/from/storage/source/sourcePath	["data","modify","entity","target","targetPath","insert","index","from","storage","source","sourcePath"]	argument	1	minecraft:nbt_path	{}	[]
data/modify/entity/target/targetPath/insert/index/string	["data","modify","entity","target","targetPath","insert","index","string"]	literal	0		{}	[]
data/modify/entity/target/targetPath/insert/index/string/block	["data","modify","entity","target","targetPath","insert","index","string","block"]	literal	0		{}	[]
data/modify/entity/target/targetPath/insert/index/string/block/source	["data","modify","entity","target","targetPath","insert","index","string","block","source"]	argument	1	minecraft:block_pos	{}	[]
data/modify/entity/target/targetPath/insert/index/string/block/source/sourcePath	["data","modify","entity","target","targetPath","insert","index","string","block","source","sourcePath"]	argument	1	minecraft:nbt_path	{}	[]
data/modify/entity/target/targetPath/insert/index/string/block/source/sourcePath/start	["data","modify","entity","target","targetPath","insert","index","string","block","source","sourcePath","start"]	argument	1	brigadier:integer	{}	[]
data/modify/entity/target/targetPath/insert/index/string/block/source/sourcePath/start/end	["data","modify","entity","target","targetPath","insert","index","string","block","source","sourcePath","start","end"]	argument	1	brigadier:integer	{}	[]
data/modify/entity/target/targetPath/insert/index/string/entity	["data","modify","entity","target","targetPath","insert","index","string","entity"]	literal	0		{}	[]
data/modify/entity/target/targetPath/insert/index/string/entity/source	["data","modify","entity","target","targetPath","insert","index","string","entity","source"]	argument	1	minecraft:entity	{"amount":"single","type":"entities"}	[]
data/modify/entity/target/targetPath/insert/index/string/entity/source/sourcePath	["data","modify","entity","target","targetPath","insert","index","string","entity","source","sourcePath"]	argument	1	minecraft:nbt_path	{}	[]
data/modify/entity/target/targetPath/insert/index/string/entity/source/sourcePath/start	["data","modify","entity","target","targetPath","insert","index","string","entity","source","sourcePath","start"]	argument	1	brigadier:integer	{}	[]
data/modify/entity/target/targetPath/insert/index/string/entity/source/sourcePath/start/end	["data","modify","entity","target","targetPath","insert","index","string","entity","source","sourcePath","start","end"]	argument	1	brigadier:integer	{}	[]
data/modify/entity/target/targetPath/insert/index/string/storage	["data","modify","entity","target","targetPath","insert","index","string","storage"]	literal	0		{}	[]
data/modify/entity/target/targetPath/insert/index/string/storage/source	["data","modify","entity","target","targetPath","insert","index","string","storage","source"]	argument	1	minecraft:resource_location	{}	[]
data/modify/entity/target/targetPath/insert/index/string/storage/source/sourcePath	["data","modify","entity","target","targetPath","insert","index","string","storage","source","sourcePath"]	argument	1	minecraft:nbt_path	{}	[]
data/modify/entity/target/targetPath/insert/index/string/storage/source/sourcePath/start	["data","modify","entity","target","targetPath","insert","index","string","storage","source","sourcePath","start"]	argument	1	brigadier:integer	{}	[]
data/modify/entity/target/targetPath/insert/index/string/storage/source/sourcePath/start/end	["data","modify","entity","target","targetPath","insert","index","string","storage","source","sourcePath","start","end"]	argument	1	brigadier:integer	{}	[]
data/modify/entity/target/targetPath/insert/index/value	["data","modify","entity","target","targetPath","insert","index","value"]	literal	0		{}	[]
data/modify/entity/target/targetPath/insert/index/value/value	["data","modify","entity","target","targetPath","insert","index","value","value"]	argument	1	minecraft:nbt_tag	{}	[]
data/modify/entity/target/targetPath/merge	["data","modify","entity","target","targetPath","merge"]	literal	0		{}	[]
data/modify/entity/target/targetPath/merge/compute	["data","modify","entity","target","targetPath","merge","compute"]	literal	0		{}	[]
data/modify/entity/target/targetPath/merge/compute/block	["data","modify","entity","target","targetPath","merge","compute","block"]	literal	0		{}	[]
data/modify/entity/target/targetPath/merge/compute/block/computePos	["data","modify","entity","target","targetPath","merge","compute","block","computePos"]	argument	0	minecraft:block_pos	{}	[]
data/modify/entity/target/targetPath/merge/compute/block/computePos/float	["data","modify","entity","target","targetPath","merge","compute","block","computePos","float"]	literal	0		{}	[]
data/modify/entity/target/targetPath/merge/compute/block/computePos/float/provider	["data","modify","entity","target","targetPath","merge","compute","block","computePos","float","provider"]	argument	1	minecraft:context_float_provider	{}	[]
data/modify/entity/target/targetPath/merge/compute/block/computePos/integer	["data","modify","entity","target","targetPath","merge","compute","block","computePos","integer"]	literal	0		{}	[]
data/modify/entity/target/targetPath/merge/compute/block/computePos/integer/provider	["data","modify","entity","target","targetPath","merge","compute","block","computePos","integer","provider"]	argument	1	minecraft:context_int_provider	{}	[]
data/modify/entity/target/targetPath/merge/compute/default	["data","modify","entity","target","targetPath","merge","compute","default"]	literal	0		{}	[]
data/modify/entity/target/targetPath/merge/compute/default/float	["data","modify","entity","target","targetPath","merge","compute","default","float"]	literal	0		{}	[]
data/modify/entity/target/targetPath/merge/compute/default/float/provider	["data","modify","entity","target","targetPath","merge","compute","default","float","provider"]	argument	1	minecraft:context_float_provider	{}	[]
data/modify/entity/target/targetPath/merge/compute/default/integer	["data","modify","entity","target","targetPath","merge","compute","default","integer"]	literal	0		{}	[]
data/modify/entity/target/targetPath/merge/compute/default/integer/provider	["data","modify","entity","target","targetPath","merge","compute","default","integer","provider"]	argument	1	minecraft:context_int_provider	{}	[]
data/modify/entity/target/targetPath/merge/compute/entity	["data","modify","entity","target","targetPath","merge","compute","entity"]	literal	0		{}	[]
data/modify/entity/target/targetPath/merge/compute/entity/computeTarget	["data","modify","entity","target","targetPath","merge","compute","entity","computeTarget"]	argument	0	minecraft:entity	{"amount":"single","type":"entities"}	[]
data/modify/entity/target/targetPath/merge/compute/entity/computeTarget/float	["data","modify","entity","target","targetPath","merge","compute","entity","computeTarget","float"]	literal	0		{}	[]
data/modify/entity/target/targetPath/merge/compute/entity/computeTarget/float/provider	["data","modify","entity","target","targetPath","merge","compute","entity","computeTarget","float","provider"]	argument	1	minecraft:context_float_provider	{}	[]
data/modify/entity/target/targetPath/merge/compute/entity/computeTarget/integer	["data","modify","entity","target","targetPath","merge","compute","entity","computeTarget","integer"]	literal	0		{}	[]
data/modify/entity/target/targetPath/merge/compute/entity/computeTarget/integer/provider	["data","modify","entity","target","targetPath","merge","compute","entity","computeTarget","integer","provider"]	argument	1	minecraft:context_int_provider	{}	[]
data/modify/entity/target/targetPath/merge/from	["data","modify","entity","target","targetPath","merge","from"]	literal	0		{}	[]
data/modify/entity/target/targetPath/merge/from/block	["data","modify","entity","target","targetPath","merge","from","block"]	literal	0		{}	[]
data/modify/entity/target/targetPath/merge/from/block/source	["data","modify","entity","target","targetPath","merge","from","block","source"]	argument	1	minecraft:block_pos	{}	[]
data/modify/entity/target/targetPath/merge/from/block/source/sourcePath	["data","modify","entity","target","targetPath","merge","from","block","source","sourcePath"]	argument	1	minecraft:nbt_path	{}	[]
data/modify/entity/target/targetPath/merge/from/entity	["data","modify","entity","target","targetPath","merge","from","entity"]	literal	0		{}	[]
data/modify/entity/target/targetPath/merge/from/entity/source	["data","modify","entity","target","targetPath","merge","from","entity","source"]	argument	1	minecraft:entity	{"amount":"single","type":"entities"}	[]
data/modify/entity/target/targetPath/merge/from/entity/source/sourcePath	["data","modify","entity","target","targetPath","merge","from","entity","source","sourcePath"]	argument	1	minecraft:nbt_path	{}	[]
data/modify/entity/target/targetPath/merge/from/storage	["data","modify","entity","target","targetPath","merge","from","storage"]	literal	0		{}	[]
data/modify/entity/target/targetPath/merge/from/storage/source	["data","modify","entity","target","targetPath","merge","from","storage","source"]	argument	1	minecraft:resource_location	{}	[]
data/modify/entity/target/targetPath/merge/from/storage/source/sourcePath	["data","modify","entity","target","targetPath","merge","from","storage","source","sourcePath"]	argument	1	minecraft:nbt_path	{}	[]
data/modify/entity/target/targetPath/merge/string	["data","modify","entity","target","targetPath","merge","string"]	literal	0		{}	[]
data/modify/entity/target/targetPath/merge/string/block	["data","modify","entity","target","targetPath","merge","string","block"]	literal	0		{}	[]
data/modify/entity/target/targetPath/merge/string/block/source	["data","modify","entity","target","targetPath","merge","string","block","source"]	argument	1	minecraft:block_pos	{}	[]
data/modify/entity/target/targetPath/merge/string/block/source/sourcePath	["data","modify","entity","target","targetPath","merge","string","block","source","sourcePath"]	argument	1	minecraft:nbt_path	{}	[]
data/modify/entity/target/targetPath/merge/string/block/source/sourcePath/start	["data","modify","entity","target","targetPath","merge","string","block","source","sourcePath","start"]	argument	1	brigadier:integer	{}	[]
data/modify/entity/target/targetPath/merge/string/block/source/sourcePath/start/end	["data","modify","entity","target","targetPath","merge","string","block","source","sourcePath","start","end"]	argument	1	brigadier:integer	{}	[]
data/modify/entity/target/targetPath/merge/string/entity	["data","modify","entity","target","targetPath","merge","string","entity"]	literal	0		{}	[]
data/modify/entity/target/targetPath/merge/string/entity/source	["data","modify","entity","target","targetPath","merge","string","entity","source"]	argument	1	minecraft:entity	{"amount":"single","type":"entities"}	[]
data/modify/entity/target/targetPath/merge/string/entity/source/sourcePath	["data","modify","entity","target","targetPath","merge","string","entity","source","sourcePath"]	argument	1	minecraft:nbt_path	{}	[]
data/modify/entity/target/targetPath/merge/string/entity/source/sourcePath/start	["data","modify","entity","target","targetPath","merge","string","entity","source","sourcePath","start"]	argument	1	brigadier:integer	{}	[]
data/modify/entity/target/targetPath/merge/string/entity/source/sourcePath/start/end	["data","modify","entity","target","targetPath","merge","string","entity","source","sourcePath","start","end"]	argument	1	brigadier:integer	{}	[]
data/modify/entity/target/targetPath/merge/string/storage	["data","modify","entity","target","targetPath","merge","string","storage"]	literal	0		{}	[]
data/modify/entity/target/targetPath/merge/string/storage/source	["data","modify","entity","target","targetPath","merge","string","storage","source"]	argument	1	minecraft:resource_location	{}	[]
data/modify/entity/target/targetPath/merge/string/storage/source/sourcePath	["data","modify","entity","target","targetPath","merge","string","storage","source","sourcePath"]	argument	1	minecraft:nbt_path	{}	[]
data/modify/entity/target/targetPath/merge/string/storage/source/sourcePath/start	["data","modify","entity","target","targetPath","merge","string","storage","source","sourcePath","start"]	argument	1	brigadier:integer	{}	[]
data/modify/entity/target/targetPath/merge/string/storage/source/sourcePath/start/end	["data","modify","entity","target","targetPath","merge","string","storage","source","sourcePath","start","end"]	argument	1	brigadier:integer	{}	[]
data/modify/entity/target/targetPath/merge/value	["data","modify","entity","target","targetPath","merge","value"]	literal	0		{}	[]
data/modify/entity/target/targetPath/merge/value/value	["data","modify","entity","target","targetPath","merge","value","value"]	argument	1	minecraft:nbt_tag	{}	[]
data/modify/entity/target/targetPath/prepend	["data","modify","entity","target","targetPath","prepend"]	literal	0		{}	[]
data/modify/entity/target/targetPath/prepend/compute	["data","modify","entity","target","targetPath","prepend","compute"]	literal	0		{}	[]
data/modify/entity/target/targetPath/prepend/compute/block	["data","modify","entity","target","targetPath","prepend","compute","block"]	literal	0		{}	[]
data/modify/entity/target/targetPath/prepend/compute/block/computePos	["data","modify","entity","target","targetPath","prepend","compute","block","computePos"]	argument	0	minecraft:block_pos	{}	[]
data/modify/entity/target/targetPath/prepend/compute/block/computePos/float	["data","modify","entity","target","targetPath","prepend","compute","block","computePos","float"]	literal	0		{}	[]
data/modify/entity/target/targetPath/prepend/compute/block/computePos/float/provider	["data","modify","entity","target","targetPath","prepend","compute","block","computePos","float","provider"]	argument	1	minecraft:context_float_provider	{}	[]
data/modify/entity/target/targetPath/prepend/compute/block/computePos/integer	["data","modify","entity","target","targetPath","prepend","compute","block","computePos","integer"]	literal	0		{}	[]
data/modify/entity/target/targetPath/prepend/compute/block/computePos/integer/provider	["data","modify","entity","target","targetPath","prepend","compute","block","computePos","integer","provider"]	argument	1	minecraft:context_int_provider	{}	[]
data/modify/entity/target/targetPath/prepend/compute/default	["data","modify","entity","target","targetPath","prepend","compute","default"]	literal	0		{}	[]
data/modify/entity/target/targetPath/prepend/compute/default/float	["data","modify","entity","target","targetPath","prepend","compute","default","float"]	literal	0		{}	[]
data/modify/entity/target/targetPath/prepend/compute/default/float/provider	["data","modify","entity","target","targetPath","prepend","compute","default","float","provider"]	argument	1	minecraft:context_float_provider	{}	[]
data/modify/entity/target/targetPath/prepend/compute/default/integer	["data","modify","entity","target","targetPath","prepend","compute","default","integer"]	literal	0		{}	[]
data/modify/entity/target/targetPath/prepend/compute/default/integer/provider	["data","modify","entity","target","targetPath","prepend","compute","default","integer","provider"]	argument	1	minecraft:context_int_provider	{}	[]
data/modify/entity/target/targetPath/prepend/compute/entity	["data","modify","entity","target","targetPath","prepend","compute","entity"]	literal	0		{}	[]
data/modify/entity/target/targetPath/prepend/compute/entity/computeTarget	["data","modify","entity","target","targetPath","prepend","compute","entity","computeTarget"]	argument	0	minecraft:entity	{"amount":"single","type":"entities"}	[]
data/modify/entity/target/targetPath/prepend/compute/entity/computeTarget/float	["data","modify","entity","target","targetPath","prepend","compute","entity","computeTarget","float"]	literal	0		{}	[]
data/modify/entity/target/targetPath/prepend/compute/entity/computeTarget/float/provider	["data","modify","entity","target","targetPath","prepend","compute","entity","computeTarget","float","provider"]	argument	1	minecraft:context_float_provider	{}	[]
data/modify/entity/target/targetPath/prepend/compute/entity/computeTarget/integer	["data","modify","entity","target","targetPath","prepend","compute","entity","computeTarget","integer"]	literal	0		{}	[]
data/modify/entity/target/targetPath/prepend/compute/entity/computeTarget/integer/provider	["data","modify","entity","target","targetPath","prepend","compute","entity","computeTarget","integer","provider"]	argument	1	minecraft:context_int_provider	{}	[]
data/modify/entity/target/targetPath/prepend/from	["data","modify","entity","target","targetPath","prepend","from"]	literal	0		{}	[]
data/modify/entity/target/targetPath/prepend/from/block	["data","modify","entity","target","targetPath","prepend","from","block"]	literal	0		{}	[]
data/modify/entity/target/targetPath/prepend/from/block/source	["data","modify","entity","target","targetPath","prepend","from","block","source"]	argument	1	minecraft:block_pos	{}	[]
data/modify/entity/target/targetPath/prepend/from/block/source/sourcePath	["data","modify","entity","target","targetPath","prepend","from","block","source","sourcePath"]	argument	1	minecraft:nbt_path	{}	[]
data/modify/entity/target/targetPath/prepend/from/entity	["data","modify","entity","target","targetPath","prepend","from","entity"]	literal	0		{}	[]
data/modify/entity/target/targetPath/prepend/from/entity/source	["data","modify","entity","target","targetPath","prepend","from","entity","source"]	argument	1	minecraft:entity	{"amount":"single","type":"entities"}	[]
data/modify/entity/target/targetPath/prepend/from/entity/source/sourcePath	["data","modify","entity","target","targetPath","prepend","from","entity","source","sourcePath"]	argument	1	minecraft:nbt_path	{}	[]
data/modify/entity/target/targetPath/prepend/from/storage	["data","modify","entity","target","targetPath","prepend","from","storage"]	literal	0		{}	[]
data/modify/entity/target/targetPath/prepend/from/storage/source	["data","modify","entity","target","targetPath","prepend","from","storage","source"]	argument	1	minecraft:resource_location	{}	[]
data/modify/entity/target/targetPath/prepend/from/storage/source/sourcePath	["data","modify","entity","target","targetPath","prepend","from","storage","source","sourcePath"]	argument	1	minecraft:nbt_path	{}	[]
data/modify/entity/target/targetPath/prepend/string	["data","modify","entity","target","targetPath","prepend","string"]	literal	0		{}	[]
data/modify/entity/target/targetPath/prepend/string/block	["data","modify","entity","target","targetPath","prepend","string","block"]	literal	0		{}	[]
data/modify/entity/target/targetPath/prepend/string/block/source	["data","modify","entity","target","targetPath","prepend","string","block","source"]	argument	1	minecraft:block_pos	{}	[]
data/modify/entity/target/targetPath/prepend/string/block/source/sourcePath	["data","modify","entity","target","targetPath","prepend","string","block","source","sourcePath"]	argument	1	minecraft:nbt_path	{}	[]
data/modify/entity/target/targetPath/prepend/string/block/source/sourcePath/start	["data","modify","entity","target","targetPath","prepend","string","block","source","sourcePath","start"]	argument	1	brigadier:integer	{}	[]
data/modify/entity/target/targetPath/prepend/string/block/source/sourcePath/start/end	["data","modify","entity","target","targetPath","prepend","string","block","source","sourcePath","start","end"]	argument	1	brigadier:integer	{}	[]
data/modify/entity/target/targetPath/prepend/string/entity	["data","modify","entity","target","targetPath","prepend","string","entity"]	literal	0		{}	[]
data/modify/entity/target/targetPath/prepend/string/entity/source	["data","modify","entity","target","targetPath","prepend","string","entity","source"]	argument	1	minecraft:entity	{"amount":"single","type":"entities"}	[]
data/modify/entity/target/targetPath/prepend/string/entity/source/sourcePath	["data","modify","entity","target","targetPath","prepend","string","entity","source","sourcePath"]	argument	1	minecraft:nbt_path	{}	[]
data/modify/entity/target/targetPath/prepend/string/entity/source/sourcePath/start	["data","modify","entity","target","targetPath","prepend","string","entity","source","sourcePath","start"]	argument	1	brigadier:integer	{}	[]
data/modify/entity/target/targetPath/prepend/string/entity/source/sourcePath/start/end	["data","modify","entity","target","targetPath","prepend","string","entity","source","sourcePath","start","end"]	argument	1	brigadier:integer	{}	[]
data/modify/entity/target/targetPath/prepend/string/storage	["data","modify","entity","target","targetPath","prepend","string","storage"]	literal	0		{}	[]
data/modify/entity/target/targetPath/prepend/string/storage/source	["data","modify","entity","target","targetPath","prepend","string","storage","source"]	argument	1	minecraft:resource_location	{}	[]
data/modify/entity/target/targetPath/prepend/string/storage/source/sourcePath	["data","modify","entity","target","targetPath","prepend","string","storage","source","sourcePath"]	argument	1	minecraft:nbt_path	{}	[]
data/modify/entity/target/targetPath/prepend/string/storage/source/sourcePath/start	["data","modify","entity","target","targetPath","prepend","string","storage","source","sourcePath","start"]	argument	1	brigadier:integer	{}	[]
data/modify/entity/target/targetPath/prepend/string/storage/source/sourcePath/start/end	["data","modify","entity","target","targetPath","prepend","string","storage","source","sourcePath","start","end"]	argument	1	brigadier:integer	{}	[]
data/modify/entity/target/targetPath/prepend/value	["data","modify","entity","target","targetPath","prepend","value"]	literal	0		{}	[]
data/modify/entity/target/targetPath/prepend/value/value	["data","modify","entity","target","targetPath","prepend","value","value"]	argument	1	minecraft:nbt_tag	{}	[]
data/modify/entity/target/targetPath/set	["data","modify","entity","target","targetPath","set"]	literal	0		{}	[]
data/modify/entity/target/targetPath/set/compute	["data","modify","entity","target","targetPath","set","compute"]	literal	0		{}	[]
data/modify/entity/target/targetPath/set/compute/block	["data","modify","entity","target","targetPath","set","compute","block"]	literal	0		{}	[]
data/modify/entity/target/targetPath/set/compute/block/computePos	["data","modify","entity","target","targetPath","set","compute","block","computePos"]	argument	0	minecraft:block_pos	{}	[]
data/modify/entity/target/targetPath/set/compute/block/computePos/float	["data","modify","entity","target","targetPath","set","compute","block","computePos","float"]	literal	0		{}	[]
data/modify/entity/target/targetPath/set/compute/block/computePos/float/provider	["data","modify","entity","target","targetPath","set","compute","block","computePos","float","provider"]	argument	1	minecraft:context_float_provider	{}	[]
data/modify/entity/target/targetPath/set/compute/block/computePos/integer	["data","modify","entity","target","targetPath","set","compute","block","computePos","integer"]	literal	0		{}	[]
data/modify/entity/target/targetPath/set/compute/block/computePos/integer/provider	["data","modify","entity","target","targetPath","set","compute","block","computePos","integer","provider"]	argument	1	minecraft:context_int_provider	{}	[]
data/modify/entity/target/targetPath/set/compute/default	["data","modify","entity","target","targetPath","set","compute","default"]	literal	0		{}	[]
data/modify/entity/target/targetPath/set/compute/default/float	["data","modify","entity","target","targetPath","set","compute","default","float"]	literal	0		{}	[]
data/modify/entity/target/targetPath/set/compute/default/float/provider	["data","modify","entity","target","targetPath","set","compute","default","float","provider"]	argument	1	minecraft:context_float_provider	{}	[]
data/modify/entity/target/targetPath/set/compute/default/integer	["data","modify","entity","target","targetPath","set","compute","default","integer"]	literal	0		{}	[]
data/modify/entity/target/targetPath/set/compute/default/integer/provider	["data","modify","entity","target","targetPath","set","compute","default","integer","provider"]	argument	1	minecraft:context_int_provider	{}	[]
data/modify/entity/target/targetPath/set/compute/entity	["data","modify","entity","target","targetPath","set","compute","entity"]	literal	0		{}	[]
data/modify/entity/target/targetPath/set/compute/entity/computeTarget	["data","modify","entity","target","targetPath","set","compute","entity","computeTarget"]	argument	0	minecraft:entity	{"amount":"single","type":"entities"}	[]
data/modify/entity/target/targetPath/set/compute/entity/computeTarget/float	["data","modify","entity","target","targetPath","set","compute","entity","computeTarget","float"]	literal	0		{}	[]
data/modify/entity/target/targetPath/set/compute/entity/computeTarget/float/provider	["data","modify","entity","target","targetPath","set","compute","entity","computeTarget","float","provider"]	argument	1	minecraft:context_float_provider	{}	[]
data/modify/entity/target/targetPath/set/compute/entity/computeTarget/integer	["data","modify","entity","target","targetPath","set","compute","entity","computeTarget","integer"]	literal	0		{}	[]
data/modify/entity/target/targetPath/set/compute/entity/computeTarget/integer/provider	["data","modify","entity","target","targetPath","set","compute","entity","computeTarget","integer","provider"]	argument	1	minecraft:context_int_provider	{}	[]
data/modify/entity/target/targetPath/set/from	["data","modify","entity","target","targetPath","set","from"]	literal	0		{}	[]
data/modify/entity/target/targetPath/set/from/block	["data","modify","entity","target","targetPath","set","from","block"]	literal	0		{}	[]
data/modify/entity/target/targetPath/set/from/block/source	["data","modify","entity","target","targetPath","set","from","block","source"]	argument	1	minecraft:block_pos	{}	[]
data/modify/entity/target/targetPath/set/from/block/source/sourcePath	["data","modify","entity","target","targetPath","set","from","block","source","sourcePath"]	argument	1	minecraft:nbt_path	{}	[]
data/modify/entity/target/targetPath/set/from/entity	["data","modify","entity","target","targetPath","set","from","entity"]	literal	0		{}	[]
data/modify/entity/target/targetPath/set/from/entity/source	["data","modify","entity","target","targetPath","set","from","entity","source"]	argument	1	minecraft:entity	{"amount":"single","type":"entities"}	[]
data/modify/entity/target/targetPath/set/from/entity/source/sourcePath	["data","modify","entity","target","targetPath","set","from","entity","source","sourcePath"]	argument	1	minecraft:nbt_path	{}	[]
data/modify/entity/target/targetPath/set/from/storage	["data","modify","entity","target","targetPath","set","from","storage"]	literal	0		{}	[]
data/modify/entity/target/targetPath/set/from/storage/source	["data","modify","entity","target","targetPath","set","from","storage","source"]	argument	1	minecraft:resource_location	{}	[]
data/modify/entity/target/targetPath/set/from/storage/source/sourcePath	["data","modify","entity","target","targetPath","set","from","storage","source","sourcePath"]	argument	1	minecraft:nbt_path	{}	[]
data/modify/entity/target/targetPath/set/string	["data","modify","entity","target","targetPath","set","string"]	literal	0		{}	[]
data/modify/entity/target/targetPath/set/string/block	["data","modify","entity","target","targetPath","set","string","block"]	literal	0		{}	[]
data/modify/entity/target/targetPath/set/string/block/source	["data","modify","entity","target","targetPath","set","string","block","source"]	argument	1	minecraft:block_pos	{}	[]
data/modify/entity/target/targetPath/set/string/block/source/sourcePath	["data","modify","entity","target","targetPath","set","string","block","source","sourcePath"]	argument	1	minecraft:nbt_path	{}	[]
data/modify/entity/target/targetPath/set/string/block/source/sourcePath/start	["data","modify","entity","target","targetPath","set","string","block","source","sourcePath","start"]	argument	1	brigadier:integer	{}	[]
data/modify/entity/target/targetPath/set/string/block/source/sourcePath/start/end	["data","modify","entity","target","targetPath","set","string","block","source","sourcePath","start","end"]	argument	1	brigadier:integer	{}	[]
data/modify/entity/target/targetPath/set/string/entity	["data","modify","entity","target","targetPath","set","string","entity"]	literal	0		{}	[]
data/modify/entity/target/targetPath/set/string/entity/source	["data","modify","entity","target","targetPath","set","string","entity","source"]	argument	1	minecraft:entity	{"amount":"single","type":"entities"}	[]
data/modify/entity/target/targetPath/set/string/entity/source/sourcePath	["data","modify","entity","target","targetPath","set","string","entity","source","sourcePath"]	argument	1	minecraft:nbt_path	{}	[]
data/modify/entity/target/targetPath/set/string/entity/source/sourcePath/start	["data","modify","entity","target","targetPath","set","string","entity","source","sourcePath","start"]	argument	1	brigadier:integer	{}	[]
data/modify/entity/target/targetPath/set/string/entity/source/sourcePath/start/end	["data","modify","entity","target","targetPath","set","string","entity","source","sourcePath","start","end"]	argument	1	brigadier:integer	{}	[]
data/modify/entity/target/targetPath/set/string/storage	["data","modify","entity","target","targetPath","set","string","storage"]	literal	0		{}	[]
data/modify/entity/target/targetPath/set/string/storage/source	["data","modify","entity","target","targetPath","set","string","storage","source"]	argument	1	minecraft:resource_location	{}	[]
data/modify/entity/target/targetPath/set/string/storage/source/sourcePath	["data","modify","entity","target","targetPath","set","string","storage","source","sourcePath"]	argument	1	minecraft:nbt_path	{}	[]
data/modify/entity/target/targetPath/set/string/storage/source/sourcePath/start	["data","modify","entity","target","targetPath","set","string","storage","source","sourcePath","start"]	argument	1	brigadier:integer	{}	[]
data/modify/entity/target/targetPath/set/string/storage/source/sourcePath/start/end	["data","modify","entity","target","targetPath","set","string","storage","source","sourcePath","start","end"]	argument	1	brigadier:integer	{}	[]
data/modify/entity/target/targetPath/set/value	["data","modify","entity","target","targetPath","set","value"]	literal	0		{}	[]
data/modify/entity/target/targetPath/set/value/value	["data","modify","entity","target","targetPath","set","value","value"]	argument	1	minecraft:nbt_tag	{}	[]
data/modify/storage	["data","modify","storage"]	literal	0		{}	[]
data/modify/storage/target	["data","modify","storage","target"]	argument	0	minecraft:resource_location	{}	[]
data/modify/storage/target/targetPath	["data","modify","storage","target","targetPath"]	argument	0	minecraft:nbt_path	{}	[]
data/modify/storage/target/targetPath/append	["data","modify","storage","target","targetPath","append"]	literal	0		{}	[]
data/modify/storage/target/targetPath/append/compute	["data","modify","storage","target","targetPath","append","compute"]	literal	0		{}	[]
data/modify/storage/target/targetPath/append/compute/block	["data","modify","storage","target","targetPath","append","compute","block"]	literal	0		{}	[]
data/modify/storage/target/targetPath/append/compute/block/computePos	["data","modify","storage","target","targetPath","append","compute","block","computePos"]	argument	0	minecraft:block_pos	{}	[]
data/modify/storage/target/targetPath/append/compute/block/computePos/float	["data","modify","storage","target","targetPath","append","compute","block","computePos","float"]	literal	0		{}	[]
data/modify/storage/target/targetPath/append/compute/block/computePos/float/provider	["data","modify","storage","target","targetPath","append","compute","block","computePos","float","provider"]	argument	1	minecraft:context_float_provider	{}	[]
data/modify/storage/target/targetPath/append/compute/block/computePos/integer	["data","modify","storage","target","targetPath","append","compute","block","computePos","integer"]	literal	0		{}	[]
data/modify/storage/target/targetPath/append/compute/block/computePos/integer/provider	["data","modify","storage","target","targetPath","append","compute","block","computePos","integer","provider"]	argument	1	minecraft:context_int_provider	{}	[]
data/modify/storage/target/targetPath/append/compute/default	["data","modify","storage","target","targetPath","append","compute","default"]	literal	0		{}	[]
data/modify/storage/target/targetPath/append/compute/default/float	["data","modify","storage","target","targetPath","append","compute","default","float"]	literal	0		{}	[]
data/modify/storage/target/targetPath/append/compute/default/float/provider	["data","modify","storage","target","targetPath","append","compute","default","float","provider"]	argument	1	minecraft:context_float_provider	{}	[]
data/modify/storage/target/targetPath/append/compute/default/integer	["data","modify","storage","target","targetPath","append","compute","default","integer"]	literal	0		{}	[]
data/modify/storage/target/targetPath/append/compute/default/integer/provider	["data","modify","storage","target","targetPath","append","compute","default","integer","provider"]	argument	1	minecraft:context_int_provider	{}	[]
data/modify/storage/target/targetPath/append/compute/entity	["data","modify","storage","target","targetPath","append","compute","entity"]	literal	0		{}	[]
data/modify/storage/target/targetPath/append/compute/entity/computeTarget	["data","modify","storage","target","targetPath","append","compute","entity","computeTarget"]	argument	0	minecraft:entity	{"amount":"single","type":"entities"}	[]
data/modify/storage/target/targetPath/append/compute/entity/computeTarget/float	["data","modify","storage","target","targetPath","append","compute","entity","computeTarget","float"]	literal	0		{}	[]
data/modify/storage/target/targetPath/append/compute/entity/computeTarget/float/provider	["data","modify","storage","target","targetPath","append","compute","entity","computeTarget","float","provider"]	argument	1	minecraft:context_float_provider	{}	[]
data/modify/storage/target/targetPath/append/compute/entity/computeTarget/integer	["data","modify","storage","target","targetPath","append","compute","entity","computeTarget","integer"]	literal	0		{}	[]
data/modify/storage/target/targetPath/append/compute/entity/computeTarget/integer/provider	["data","modify","storage","target","targetPath","append","compute","entity","computeTarget","integer","provider"]	argument	1	minecraft:context_int_provider	{}	[]
data/modify/storage/target/targetPath/append/from	["data","modify","storage","target","targetPath","append","from"]	literal	0		{}	[]
data/modify/storage/target/targetPath/append/from/block	["data","modify","storage","target","targetPath","append","from","block"]	literal	0		{}	[]
data/modify/storage/target/targetPath/append/from/block/source	["data","modify","storage","target","targetPath","append","from","block","source"]	argument	1	minecraft:block_pos	{}	[]
data/modify/storage/target/targetPath/append/from/block/source/sourcePath	["data","modify","storage","target","targetPath","append","from","block","source","sourcePath"]	argument	1	minecraft:nbt_path	{}	[]
data/modify/storage/target/targetPath/append/from/entity	["data","modify","storage","target","targetPath","append","from","entity"]	literal	0		{}	[]
data/modify/storage/target/targetPath/append/from/entity/source	["data","modify","storage","target","targetPath","append","from","entity","source"]	argument	1	minecraft:entity	{"amount":"single","type":"entities"}	[]
data/modify/storage/target/targetPath/append/from/entity/source/sourcePath	["data","modify","storage","target","targetPath","append","from","entity","source","sourcePath"]	argument	1	minecraft:nbt_path	{}	[]
data/modify/storage/target/targetPath/append/from/storage	["data","modify","storage","target","targetPath","append","from","storage"]	literal	0		{}	[]
data/modify/storage/target/targetPath/append/from/storage/source	["data","modify","storage","target","targetPath","append","from","storage","source"]	argument	1	minecraft:resource_location	{}	[]
data/modify/storage/target/targetPath/append/from/storage/source/sourcePath	["data","modify","storage","target","targetPath","append","from","storage","source","sourcePath"]	argument	1	minecraft:nbt_path	{}	[]
data/modify/storage/target/targetPath/append/string	["data","modify","storage","target","targetPath","append","string"]	literal	0		{}	[]
data/modify/storage/target/targetPath/append/string/block	["data","modify","storage","target","targetPath","append","string","block"]	literal	0		{}	[]
data/modify/storage/target/targetPath/append/string/block/source	["data","modify","storage","target","targetPath","append","string","block","source"]	argument	1	minecraft:block_pos	{}	[]
data/modify/storage/target/targetPath/append/string/block/source/sourcePath	["data","modify","storage","target","targetPath","append","string","block","source","sourcePath"]	argument	1	minecraft:nbt_path	{}	[]
data/modify/storage/target/targetPath/append/string/block/source/sourcePath/start	["data","modify","storage","target","targetPath","append","string","block","source","sourcePath","start"]	argument	1	brigadier:integer	{}	[]
data/modify/storage/target/targetPath/append/string/block/source/sourcePath/start/end	["data","modify","storage","target","targetPath","append","string","block","source","sourcePath","start","end"]	argument	1	brigadier:integer	{}	[]
data/modify/storage/target/targetPath/append/string/entity	["data","modify","storage","target","targetPath","append","string","entity"]	literal	0		{}	[]
data/modify/storage/target/targetPath/append/string/entity/source	["data","modify","storage","target","targetPath","append","string","entity","source"]	argument	1	minecraft:entity	{"amount":"single","type":"entities"}	[]
data/modify/storage/target/targetPath/append/string/entity/source/sourcePath	["data","modify","storage","target","targetPath","append","string","entity","source","sourcePath"]	argument	1	minecraft:nbt_path	{}	[]
data/modify/storage/target/targetPath/append/string/entity/source/sourcePath/start	["data","modify","storage","target","targetPath","append","string","entity","source","sourcePath","start"]	argument	1	brigadier:integer	{}	[]
data/modify/storage/target/targetPath/append/string/entity/source/sourcePath/start/end	["data","modify","storage","target","targetPath","append","string","entity","source","sourcePath","start","end"]	argument	1	brigadier:integer	{}	[]
data/modify/storage/target/targetPath/append/string/storage	["data","modify","storage","target","targetPath","append","string","storage"]	literal	0		{}	[]
data/modify/storage/target/targetPath/append/string/storage/source	["data","modify","storage","target","targetPath","append","string","storage","source"]	argument	1	minecraft:resource_location	{}	[]
data/modify/storage/target/targetPath/append/string/storage/source/sourcePath	["data","modify","storage","target","targetPath","append","string","storage","source","sourcePath"]	argument	1	minecraft:nbt_path	{}	[]
data/modify/storage/target/targetPath/append/string/storage/source/sourcePath/start	["data","modify","storage","target","targetPath","append","string","storage","source","sourcePath","start"]	argument	1	brigadier:integer	{}	[]
data/modify/storage/target/targetPath/append/string/storage/source/sourcePath/start/end	["data","modify","storage","target","targetPath","append","string","storage","source","sourcePath","start","end"]	argument	1	brigadier:integer	{}	[]
data/modify/storage/target/targetPath/append/value	["data","modify","storage","target","targetPath","append","value"]	literal	0		{}	[]
data/modify/storage/target/targetPath/append/value/value	["data","modify","storage","target","targetPath","append","value","value"]	argument	1	minecraft:nbt_tag	{}	[]
data/modify/storage/target/targetPath/insert	["data","modify","storage","target","targetPath","insert"]	literal	0		{}	[]
data/modify/storage/target/targetPath/insert/index	["data","modify","storage","target","targetPath","insert","index"]	argument	0	brigadier:integer	{}	[]
data/modify/storage/target/targetPath/insert/index/compute	["data","modify","storage","target","targetPath","insert","index","compute"]	literal	0		{}	[]
data/modify/storage/target/targetPath/insert/index/compute/block	["data","modify","storage","target","targetPath","insert","index","compute","block"]	literal	0		{}	[]
data/modify/storage/target/targetPath/insert/index/compute/block/computePos	["data","modify","storage","target","targetPath","insert","index","compute","block","computePos"]	argument	0	minecraft:block_pos	{}	[]
data/modify/storage/target/targetPath/insert/index/compute/block/computePos/float	["data","modify","storage","target","targetPath","insert","index","compute","block","computePos","float"]	literal	0		{}	[]
data/modify/storage/target/targetPath/insert/index/compute/block/computePos/float/provider	["data","modify","storage","target","targetPath","insert","index","compute","block","computePos","float","provider"]	argument	1	minecraft:context_float_provider	{}	[]
data/modify/storage/target/targetPath/insert/index/compute/block/computePos/integer	["data","modify","storage","target","targetPath","insert","index","compute","block","computePos","integer"]	literal	0		{}	[]
data/modify/storage/target/targetPath/insert/index/compute/block/computePos/integer/provider	["data","modify","storage","target","targetPath","insert","index","compute","block","computePos","integer","provider"]	argument	1	minecraft:context_int_provider	{}	[]
data/modify/storage/target/targetPath/insert/index/compute/default	["data","modify","storage","target","targetPath","insert","index","compute","default"]	literal	0		{}	[]
data/modify/storage/target/targetPath/insert/index/compute/default/float	["data","modify","storage","target","targetPath","insert","index","compute","default","float"]	literal	0		{}	[]
data/modify/storage/target/targetPath/insert/index/compute/default/float/provider	["data","modify","storage","target","targetPath","insert","index","compute","default","float","provider"]	argument	1	minecraft:context_float_provider	{}	[]
data/modify/storage/target/targetPath/insert/index/compute/default/integer	["data","modify","storage","target","targetPath","insert","index","compute","default","integer"]	literal	0		{}	[]
data/modify/storage/target/targetPath/insert/index/compute/default/integer/provider	["data","modify","storage","target","targetPath","insert","index","compute","default","integer","provider"]	argument	1	minecraft:context_int_provider	{}	[]
data/modify/storage/target/targetPath/insert/index/compute/entity	["data","modify","storage","target","targetPath","insert","index","compute","entity"]	literal	0		{}	[]
data/modify/storage/target/targetPath/insert/index/compute/entity/computeTarget	["data","modify","storage","target","targetPath","insert","index","compute","entity","computeTarget"]	argument	0	minecraft:entity	{"amount":"single","type":"entities"}	[]
data/modify/storage/target/targetPath/insert/index/compute/entity/computeTarget/float	["data","modify","storage","target","targetPath","insert","index","compute","entity","computeTarget","float"]	literal	0		{}	[]
data/modify/storage/target/targetPath/insert/index/compute/entity/computeTarget/float/provider	["data","modify","storage","target","targetPath","insert","index","compute","entity","computeTarget","float","provider"]	argument	1	minecraft:context_float_provider	{}	[]
data/modify/storage/target/targetPath/insert/index/compute/entity/computeTarget/integer	["data","modify","storage","target","targetPath","insert","index","compute","entity","computeTarget","integer"]	literal	0		{}	[]
data/modify/storage/target/targetPath/insert/index/compute/entity/computeTarget/integer/provider	["data","modify","storage","target","targetPath","insert","index","compute","entity","computeTarget","integer","provider"]	argument	1	minecraft:context_int_provider	{}	[]
data/modify/storage/target/targetPath/insert/index/from	["data","modify","storage","target","targetPath","insert","index","from"]	literal	0		{}	[]
data/modify/storage/target/targetPath/insert/index/from/block	["data","modify","storage","target","targetPath","insert","index","from","block"]	literal	0		{}	[]
data/modify/storage/target/targetPath/insert/index/from/block/source	["data","modify","storage","target","targetPath","insert","index","from","block","source"]	argument	1	minecraft:block_pos	{}	[]
data/modify/storage/target/targetPath/insert/index/from/block/source/sourcePath	["data","modify","storage","target","targetPath","insert","index","from","block","source","sourcePath"]	argument	1	minecraft:nbt_path	{}	[]
data/modify/storage/target/targetPath/insert/index/from/entity	["data","modify","storage","target","targetPath","insert","index","from","entity"]	literal	0		{}	[]
data/modify/storage/target/targetPath/insert/index/from/entity/source	["data","modify","storage","target","targetPath","insert","index","from","entity","source"]	argument	1	minecraft:entity	{"amount":"single","type":"entities"}	[]
data/modify/storage/target/targetPath/insert/index/from/entity/source/sourcePath	["data","modify","storage","target","targetPath","insert","index","from","entity","source","sourcePath"]	argument	1	minecraft:nbt_path	{}	[]
data/modify/storage/target/targetPath/insert/index/from/storage	["data","modify","storage","target","targetPath","insert","index","from","storage"]	literal	0		{}	[]
data/modify/storage/target/targetPath/insert/index/from/storage/source	["data","modify","storage","target","targetPath","insert","index","from","storage","source"]	argument	1	minecraft:resource_location	{}	[]
data/modify/storage/target/targetPath/insert/index/from/storage/source/sourcePath	["data","modify","storage","target","targetPath","insert","index","from","storage","source","sourcePath"]	argument	1	minecraft:nbt_path	{}	[]
data/modify/storage/target/targetPath/insert/index/string	["data","modify","storage","target","targetPath","insert","index","string"]	literal	0		{}	[]
data/modify/storage/target/targetPath/insert/index/string/block	["data","modify","storage","target","targetPath","insert","index","string","block"]	literal	0		{}	[]
data/modify/storage/target/targetPath/insert/index/string/block/source	["data","modify","storage","target","targetPath","insert","index","string","block","source"]	argument	1	minecraft:block_pos	{}	[]
data/modify/storage/target/targetPath/insert/index/string/block/source/sourcePath	["data","modify","storage","target","targetPath","insert","index","string","block","source","sourcePath"]	argument	1	minecraft:nbt_path	{}	[]
data/modify/storage/target/targetPath/insert/index/string/block/source/sourcePath/start	["data","modify","storage","target","targetPath","insert","index","string","block","source","sourcePath","start"]	argument	1	brigadier:integer	{}	[]
data/modify/storage/target/targetPath/insert/index/string/block/source/sourcePath/start/end	["data","modify","storage","target","targetPath","insert","index","string","block","source","sourcePath","start","end"]	argument	1	brigadier:integer	{}	[]
data/modify/storage/target/targetPath/insert/index/string/entity	["data","modify","storage","target","targetPath","insert","index","string","entity"]	literal	0		{}	[]
data/modify/storage/target/targetPath/insert/index/string/entity/source	["data","modify","storage","target","targetPath","insert","index","string","entity","source"]	argument	1	minecraft:entity	{"amount":"single","type":"entities"}	[]
data/modify/storage/target/targetPath/insert/index/string/entity/source/sourcePath	["data","modify","storage","target","targetPath","insert","index","string","entity","source","sourcePath"]	argument	1	minecraft:nbt_path	{}	[]
data/modify/storage/target/targetPath/insert/index/string/entity/source/sourcePath/start	["data","modify","storage","target","targetPath","insert","index","string","entity","source","sourcePath","start"]	argument	1	brigadier:integer	{}	[]
data/modify/storage/target/targetPath/insert/index/string/entity/source/sourcePath/start/end	["data","modify","storage","target","targetPath","insert","index","string","entity","source","sourcePath","start","end"]	argument	1	brigadier:integer	{}	[]
data/modify/storage/target/targetPath/insert/index/string/storage	["data","modify","storage","target","targetPath","insert","index","string","storage"]	literal	0		{}	[]
data/modify/storage/target/targetPath/insert/index/string/storage/source	["data","modify","storage","target","targetPath","insert","index","string","storage","source"]	argument	1	minecraft:resource_location	{}	[]
data/modify/storage/target/targetPath/insert/index/string/storage/source/sourcePath	["data","modify","storage","target","targetPath","insert","index","string","storage","source","sourcePath"]	argument	1	minecraft:nbt_path	{}	[]
data/modify/storage/target/targetPath/insert/index/string/storage/source/sourcePath/start	["data","modify","storage","target","targetPath","insert","index","string","storage","source","sourcePath","start"]	argument	1	brigadier:integer	{}	[]
data/modify/storage/target/targetPath/insert/index/string/storage/source/sourcePath/start/end	["data","modify","storage","target","targetPath","insert","index","string","storage","source","sourcePath","start","end"]	argument	1	brigadier:integer	{}	[]
data/modify/storage/target/targetPath/insert/index/value	["data","modify","storage","target","targetPath","insert","index","value"]	literal	0		{}	[]
data/modify/storage/target/targetPath/insert/index/value/value	["data","modify","storage","target","targetPath","insert","index","value","value"]	argument	1	minecraft:nbt_tag	{}	[]
data/modify/storage/target/targetPath/merge	["data","modify","storage","target","targetPath","merge"]	literal	0		{}	[]
data/modify/storage/target/targetPath/merge/compute	["data","modify","storage","target","targetPath","merge","compute"]	literal	0		{}	[]
data/modify/storage/target/targetPath/merge/compute/block	["data","modify","storage","target","targetPath","merge","compute","block"]	literal	0		{}	[]
data/modify/storage/target/targetPath/merge/compute/block/computePos	["data","modify","storage","target","targetPath","merge","compute","block","computePos"]	argument	0	minecraft:block_pos	{}	[]
data/modify/storage/target/targetPath/merge/compute/block/computePos/float	["data","modify","storage","target","targetPath","merge","compute","block","computePos","float"]	literal	0		{}	[]
data/modify/storage/target/targetPath/merge/compute/block/computePos/float/provider	["data","modify","storage","target","targetPath","merge","compute","block","computePos","float","provider"]	argument	1	minecraft:context_float_provider	{}	[]
data/modify/storage/target/targetPath/merge/compute/block/computePos/integer	["data","modify","storage","target","targetPath","merge","compute","block","computePos","integer"]	literal	0		{}	[]
data/modify/storage/target/targetPath/merge/compute/block/computePos/integer/provider	["data","modify","storage","target","targetPath","merge","compute","block","computePos","integer","provider"]	argument	1	minecraft:context_int_provider	{}	[]
data/modify/storage/target/targetPath/merge/compute/default	["data","modify","storage","target","targetPath","merge","compute","default"]	literal	0		{}	[]
data/modify/storage/target/targetPath/merge/compute/default/float	["data","modify","storage","target","targetPath","merge","compute","default","float"]	literal	0		{}	[]
data/modify/storage/target/targetPath/merge/compute/default/float/provider	["data","modify","storage","target","targetPath","merge","compute","default","float","provider"]	argument	1	minecraft:context_float_provider	{}	[]
data/modify/storage/target/targetPath/merge/compute/default/integer	["data","modify","storage","target","targetPath","merge","compute","default","integer"]	literal	0		{}	[]
data/modify/storage/target/targetPath/merge/compute/default/integer/provider	["data","modify","storage","target","targetPath","merge","compute","default","integer","provider"]	argument	1	minecraft:context_int_provider	{}	[]
data/modify/storage/target/targetPath/merge/compute/entity	["data","modify","storage","target","targetPath","merge","compute","entity"]	literal	0		{}	[]
data/modify/storage/target/targetPath/merge/compute/entity/computeTarget	["data","modify","storage","target","targetPath","merge","compute","entity","computeTarget"]	argument	0	minecraft:entity	{"amount":"single","type":"entities"}	[]
data/modify/storage/target/targetPath/merge/compute/entity/computeTarget/float	["data","modify","storage","target","targetPath","merge","compute","entity","computeTarget","float"]	literal	0		{}	[]
data/modify/storage/target/targetPath/merge/compute/entity/computeTarget/float/provider	["data","modify","storage","target","targetPath","merge","compute","entity","computeTarget","float","provider"]	argument	1	minecraft:context_float_provider	{}	[]
data/modify/storage/target/targetPath/merge/compute/entity/computeTarget/integer	["data","modify","storage","target","targetPath","merge","compute","entity","computeTarget","integer"]	literal	0		{}	[]
data/modify/storage/target/targetPath/merge/compute/entity/computeTarget/integer/provider	["data","modify","storage","target","targetPath","merge","compute","entity","computeTarget","integer","provider"]	argument	1	minecraft:context_int_provider	{}	[]
data/modify/storage/target/targetPath/merge/from	["data","modify","storage","target","targetPath","merge","from"]	literal	0		{}	[]
data/modify/storage/target/targetPath/merge/from/block	["data","modify","storage","target","targetPath","merge","from","block"]	literal	0		{}	[]
data/modify/storage/target/targetPath/merge/from/block/source	["data","modify","storage","target","targetPath","merge","from","block","source"]	argument	1	minecraft:block_pos	{}	[]
data/modify/storage/target/targetPath/merge/from/block/source/sourcePath	["data","modify","storage","target","targetPath","merge","from","block","source","sourcePath"]	argument	1	minecraft:nbt_path	{}	[]
data/modify/storage/target/targetPath/merge/from/entity	["data","modify","storage","target","targetPath","merge","from","entity"]	literal	0		{}	[]
data/modify/storage/target/targetPath/merge/from/entity/source	["data","modify","storage","target","targetPath","merge","from","entity","source"]	argument	1	minecraft:entity	{"amount":"single","type":"entities"}	[]
data/modify/storage/target/targetPath/merge/from/entity/source/sourcePath	["data","modify","storage","target","targetPath","merge","from","entity","source","sourcePath"]	argument	1	minecraft:nbt_path	{}	[]
data/modify/storage/target/targetPath/merge/from/storage	["data","modify","storage","target","targetPath","merge","from","storage"]	literal	0		{}	[]
data/modify/storage/target/targetPath/merge/from/storage/source	["data","modify","storage","target","targetPath","merge","from","storage","source"]	argument	1	minecraft:resource_location	{}	[]
data/modify/storage/target/targetPath/merge/from/storage/source/sourcePath	["data","modify","storage","target","targetPath","merge","from","storage","source","sourcePath"]	argument	1	minecraft:nbt_path	{}	[]
data/modify/storage/target/targetPath/merge/string	["data","modify","storage","target","targetPath","merge","string"]	literal	0		{}	[]
data/modify/storage/target/targetPath/merge/string/block	["data","modify","storage","target","targetPath","merge","string","block"]	literal	0		{}	[]
data/modify/storage/target/targetPath/merge/string/block/source	["data","modify","storage","target","targetPath","merge","string","block","source"]	argument	1	minecraft:block_pos	{}	[]
data/modify/storage/target/targetPath/merge/string/block/source/sourcePath	["data","modify","storage","target","targetPath","merge","string","block","source","sourcePath"]	argument	1	minecraft:nbt_path	{}	[]
data/modify/storage/target/targetPath/merge/string/block/source/sourcePath/start	["data","modify","storage","target","targetPath","merge","string","block","source","sourcePath","start"]	argument	1	brigadier:integer	{}	[]
data/modify/storage/target/targetPath/merge/string/block/source/sourcePath/start/end	["data","modify","storage","target","targetPath","merge","string","block","source","sourcePath","start","end"]	argument	1	brigadier:integer	{}	[]
data/modify/storage/target/targetPath/merge/string/entity	["data","modify","storage","target","targetPath","merge","string","entity"]	literal	0		{}	[]
data/modify/storage/target/targetPath/merge/string/entity/source	["data","modify","storage","target","targetPath","merge","string","entity","source"]	argument	1	minecraft:entity	{"amount":"single","type":"entities"}	[]
data/modify/storage/target/targetPath/merge/string/entity/source/sourcePath	["data","modify","storage","target","targetPath","merge","string","entity","source","sourcePath"]	argument	1	minecraft:nbt_path	{}	[]
data/modify/storage/target/targetPath/merge/string/entity/source/sourcePath/start	["data","modify","storage","target","targetPath","merge","string","entity","source","sourcePath","start"]	argument	1	brigadier:integer	{}	[]
data/modify/storage/target/targetPath/merge/string/entity/source/sourcePath/start/end	["data","modify","storage","target","targetPath","merge","string","entity","source","sourcePath","start","end"]	argument	1	brigadier:integer	{}	[]
data/modify/storage/target/targetPath/merge/string/storage	["data","modify","storage","target","targetPath","merge","string","storage"]	literal	0		{}	[]
data/modify/storage/target/targetPath/merge/string/storage/source	["data","modify","storage","target","targetPath","merge","string","storage","source"]	argument	1	minecraft:resource_location	{}	[]
data/modify/storage/target/targetPath/merge/string/storage/source/sourcePath	["data","modify","storage","target","targetPath","merge","string","storage","source","sourcePath"]	argument	1	minecraft:nbt_path	{}	[]
data/modify/storage/target/targetPath/merge/string/storage/source/sourcePath/start	["data","modify","storage","target","targetPath","merge","string","storage","source","sourcePath","start"]	argument	1	brigadier:integer	{}	[]
data/modify/storage/target/targetPath/merge/string/storage/source/sourcePath/start/end	["data","modify","storage","target","targetPath","merge","string","storage","source","sourcePath","start","end"]	argument	1	brigadier:integer	{}	[]
data/modify/storage/target/targetPath/merge/value	["data","modify","storage","target","targetPath","merge","value"]	literal	0		{}	[]
data/modify/storage/target/targetPath/merge/value/value	["data","modify","storage","target","targetPath","merge","value","value"]	argument	1	minecraft:nbt_tag	{}	[]
data/modify/storage/target/targetPath/prepend	["data","modify","storage","target","targetPath","prepend"]	literal	0		{}	[]
data/modify/storage/target/targetPath/prepend/compute	["data","modify","storage","target","targetPath","prepend","compute"]	literal	0		{}	[]
data/modify/storage/target/targetPath/prepend/compute/block	["data","modify","storage","target","targetPath","prepend","compute","block"]	literal	0		{}	[]
data/modify/storage/target/targetPath/prepend/compute/block/computePos	["data","modify","storage","target","targetPath","prepend","compute","block","computePos"]	argument	0	minecraft:block_pos	{}	[]
data/modify/storage/target/targetPath/prepend/compute/block/computePos/float	["data","modify","storage","target","targetPath","prepend","compute","block","computePos","float"]	literal	0		{}	[]
data/modify/storage/target/targetPath/prepend/compute/block/computePos/float/provider	["data","modify","storage","target","targetPath","prepend","compute","block","computePos","float","provider"]	argument	1	minecraft:context_float_provider	{}	[]
data/modify/storage/target/targetPath/prepend/compute/block/computePos/integer	["data","modify","storage","target","targetPath","prepend","compute","block","computePos","integer"]	literal	0		{}	[]
data/modify/storage/target/targetPath/prepend/compute/block/computePos/integer/provider	["data","modify","storage","target","targetPath","prepend","compute","block","computePos","integer","provider"]	argument	1	minecraft:context_int_provider	{}	[]
data/modify/storage/target/targetPath/prepend/compute/default	["data","modify","storage","target","targetPath","prepend","compute","default"]	literal	0		{}	[]
data/modify/storage/target/targetPath/prepend/compute/default/float	["data","modify","storage","target","targetPath","prepend","compute","default","float"]	literal	0		{}	[]
data/modify/storage/target/targetPath/prepend/compute/default/float/provider	["data","modify","storage","target","targetPath","prepend","compute","default","float","provider"]	argument	1	minecraft:context_float_provider	{}	[]
data/modify/storage/target/targetPath/prepend/compute/default/integer	["data","modify","storage","target","targetPath","prepend","compute","default","integer"]	literal	0		{}	[]
data/modify/storage/target/targetPath/prepend/compute/default/integer/provider	["data","modify","storage","target","targetPath","prepend","compute","default","integer","provider"]	argument	1	minecraft:context_int_provider	{}	[]
data/modify/storage/target/targetPath/prepend/compute/entity	["data","modify","storage","target","targetPath","prepend","compute","entity"]	literal	0		{}	[]
data/modify/storage/target/targetPath/prepend/compute/entity/computeTarget	["data","modify","storage","target","targetPath","prepend","compute","entity","computeTarget"]	argument	0	minecraft:entity	{"amount":"single","type":"entities"}	[]
data/modify/storage/target/targetPath/prepend/compute/entity/computeTarget/float	["data","modify","storage","target","targetPath","prepend","compute","entity","computeTarget","float"]	literal	0		{}	[]
data/modify/storage/target/targetPath/prepend/compute/entity/computeTarget/float/provider	["data","modify","storage","target","targetPath","prepend","compute","entity","computeTarget","float","provider"]	argument	1	minecraft:context_float_provider	{}	[]
data/modify/storage/target/targetPath/prepend/compute/entity/computeTarget/integer	["data","modify","storage","target","targetPath","prepend","compute","entity","computeTarget","integer"]	literal	0		{}	[]
data/modify/storage/target/targetPath/prepend/compute/entity/computeTarget/integer/provider	["data","modify","storage","target","targetPath","prepend","compute","entity","computeTarget","integer","provider"]	argument	1	minecraft:context_int_provider	{}	[]
data/modify/storage/target/targetPath/prepend/from	["data","modify","storage","target","targetPath","prepend","from"]	literal	0		{}	[]
data/modify/storage/target/targetPath/prepend/from/block	["data","modify","storage","target","targetPath","prepend","from","block"]	literal	0		{}	[]
data/modify/storage/target/targetPath/prepend/from/block/source	["data","modify","storage","target","targetPath","prepend","from","block","source"]	argument	1	minecraft:block_pos	{}	[]
data/modify/storage/target/targetPath/prepend/from/block/source/sourcePath	["data","modify","storage","target","targetPath","prepend","from","block","source","sourcePath"]	argument	1	minecraft:nbt_path	{}	[]
data/modify/storage/target/targetPath/prepend/from/entity	["data","modify","storage","target","targetPath","prepend","from","entity"]	literal	0		{}	[]
data/modify/storage/target/targetPath/prepend/from/entity/source	["data","modify","storage","target","targetPath","prepend","from","entity","source"]	argument	1	minecraft:entity	{"amount":"single","type":"entities"}	[]
data/modify/storage/target/targetPath/prepend/from/entity/source/sourcePath	["data","modify","storage","target","targetPath","prepend","from","entity","source","sourcePath"]	argument	1	minecraft:nbt_path	{}	[]
data/modify/storage/target/targetPath/prepend/from/storage	["data","modify","storage","target","targetPath","prepend","from","storage"]	literal	0		{}	[]
data/modify/storage/target/targetPath/prepend/from/storage/source	["data","modify","storage","target","targetPath","prepend","from","storage","source"]	argument	1	minecraft:resource_location	{}	[]
data/modify/storage/target/targetPath/prepend/from/storage/source/sourcePath	["data","modify","storage","target","targetPath","prepend","from","storage","source","sourcePath"]	argument	1	minecraft:nbt_path	{}	[]
data/modify/storage/target/targetPath/prepend/string	["data","modify","storage","target","targetPath","prepend","string"]	literal	0		{}	[]
data/modify/storage/target/targetPath/prepend/string/block	["data","modify","storage","target","targetPath","prepend","string","block"]	literal	0		{}	[]
data/modify/storage/target/targetPath/prepend/string/block/source	["data","modify","storage","target","targetPath","prepend","string","block","source"]	argument	1	minecraft:block_pos	{}	[]
data/modify/storage/target/targetPath/prepend/string/block/source/sourcePath	["data","modify","storage","target","targetPath","prepend","string","block","source","sourcePath"]	argument	1	minecraft:nbt_path	{}	[]
data/modify/storage/target/targetPath/prepend/string/block/source/sourcePath/start	["data","modify","storage","target","targetPath","prepend","string","block","source","sourcePath","start"]	argument	1	brigadier:integer	{}	[]
data/modify/storage/target/targetPath/prepend/string/block/source/sourcePath/start/end	["data","modify","storage","target","targetPath","prepend","string","block","source","sourcePath","start","end"]	argument	1	brigadier:integer	{}	[]
data/modify/storage/target/targetPath/prepend/string/entity	["data","modify","storage","target","targetPath","prepend","string","entity"]	literal	0		{}	[]
data/modify/storage/target/targetPath/prepend/string/entity/source	["data","modify","storage","target","targetPath","prepend","string","entity","source"]	argument	1	minecraft:entity	{"amount":"single","type":"entities"}	[]
data/modify/storage/target/targetPath/prepend/string/entity/source/sourcePath	["data","modify","storage","target","targetPath","prepend","string","entity","source","sourcePath"]	argument	1	minecraft:nbt_path	{}	[]
data/modify/storage/target/targetPath/prepend/string/entity/source/sourcePath/start	["data","modify","storage","target","targetPath","prepend","string","entity","source","sourcePath","start"]	argument	1	brigadier:integer	{}	[]
data/modify/storage/target/targetPath/prepend/string/entity/source/sourcePath/start/end	["data","modify","storage","target","targetPath","prepend","string","entity","source","sourcePath","start","end"]	argument	1	brigadier:integer	{}	[]
data/modify/storage/target/targetPath/prepend/string/storage	["data","modify","storage","target","targetPath","prepend","string","storage"]	literal	0		{}	[]
data/modify/storage/target/targetPath/prepend/string/storage/source	["data","modify","storage","target","targetPath","prepend","string","storage","source"]	argument	1	minecraft:resource_location	{}	[]
data/modify/storage/target/targetPath/prepend/string/storage/source/sourcePath	["data","modify","storage","target","targetPath","prepend","string","storage","source","sourcePath"]	argument	1	minecraft:nbt_path	{}	[]
data/modify/storage/target/targetPath/prepend/string/storage/source/sourcePath/start	["data","modify","storage","target","targetPath","prepend","string","storage","source","sourcePath","start"]	argument	1	brigadier:integer	{}	[]
data/modify/storage/target/targetPath/prepend/string/storage/source/sourcePath/start/end	["data","modify","storage","target","targetPath","prepend","string","storage","source","sourcePath","start","end"]	argument	1	brigadier:integer	{}	[]
data/modify/storage/target/targetPath/prepend/value	["data","modify","storage","target","targetPath","prepend","value"]	literal	0		{}	[]
data/modify/storage/target/targetPath/prepend/value/value	["data","modify","storage","target","targetPath","prepend","value","value"]	argument	1	minecraft:nbt_tag	{}	[]
data/modify/storage/target/targetPath/set	["data","modify","storage","target","targetPath","set"]	literal	0		{}	[]
data/modify/storage/target/targetPath/set/compute	["data","modify","storage","target","targetPath","set","compute"]	literal	0		{}	[]
data/modify/storage/target/targetPath/set/compute/block	["data","modify","storage","target","targetPath","set","compute","block"]	literal	0		{}	[]
data/modify/storage/target/targetPath/set/compute/block/computePos	["data","modify","storage","target","targetPath","set","compute","block","computePos"]	argument	0	minecraft:block_pos	{}	[]
data/modify/storage/target/targetPath/set/compute/block/computePos/float	["data","modify","storage","target","targetPath","set","compute","block","computePos","float"]	literal	0		{}	[]
data/modify/storage/target/targetPath/set/compute/block/computePos/float/provider	["data","modify","storage","target","targetPath","set","compute","block","computePos","float","provider"]	argument	1	minecraft:context_float_provider	{}	[]
data/modify/storage/target/targetPath/set/compute/block/computePos/integer	["data","modify","storage","target","targetPath","set","compute","block","computePos","integer"]	literal	0		{}	[]
data/modify/storage/target/targetPath/set/compute/block/computePos/integer/provider	["data","modify","storage","target","targetPath","set","compute","block","computePos","integer","provider"]	argument	1	minecraft:context_int_provider	{}	[]
data/modify/storage/target/targetPath/set/compute/default	["data","modify","storage","target","targetPath","set","compute","default"]	literal	0		{}	[]
data/modify/storage/target/targetPath/set/compute/default/float	["data","modify","storage","target","targetPath","set","compute","default","float"]	literal	0		{}	[]
data/modify/storage/target/targetPath/set/compute/default/float/provider	["data","modify","storage","target","targetPath","set","compute","default","float","provider"]	argument	1	minecraft:context_float_provider	{}	[]
data/modify/storage/target/targetPath/set/compute/default/integer	["data","modify","storage","target","targetPath","set","compute","default","integer"]	literal	0		{}	[]
data/modify/storage/target/targetPath/set/compute/default/integer/provider	["data","modify","storage","target","targetPath","set","compute","default","integer","provider"]	argument	1	minecraft:context_int_provider	{}	[]
data/modify/storage/target/targetPath/set/compute/entity	["data","modify","storage","target","targetPath","set","compute","entity"]	literal	0		{}	[]
data/modify/storage/target/targetPath/set/compute/entity/computeTarget	["data","modify","storage","target","targetPath","set","compute","entity","computeTarget"]	argument	0	minecraft:entity	{"amount":"single","type":"entities"}	[]
data/modify/storage/target/targetPath/set/compute/entity/computeTarget/float	["data","modify","storage","target","targetPath","set","compute","entity","computeTarget","float"]	literal	0		{}	[]
data/modify/storage/target/targetPath/set/compute/entity/computeTarget/float/provider	["data","modify","storage","target","targetPath","set","compute","entity","computeTarget","float","provider"]	argument	1	minecraft:context_float_provider	{}	[]
data/modify/storage/target/targetPath/set/compute/entity/computeTarget/integer	["data","modify","storage","target","targetPath","set","compute","entity","computeTarget","integer"]	literal	0		{}	[]
data/modify/storage/target/targetPath/set/compute/entity/computeTarget/integer/provider	["data","modify","storage","target","targetPath","set","compute","entity","computeTarget","integer","provider"]	argument	1	minecraft:context_int_provider	{}	[]
data/modify/storage/target/targetPath/set/from	["data","modify","storage","target","targetPath","set","from"]	literal	0		{}	[]
data/modify/storage/target/targetPath/set/from/block	["data","modify","storage","target","targetPath","set","from","block"]	literal	0		{}	[]
data/modify/storage/target/targetPath/set/from/block/source	["data","modify","storage","target","targetPath","set","from","block","source"]	argument	1	minecraft:block_pos	{}	[]
data/modify/storage/target/targetPath/set/from/block/source/sourcePath	["data","modify","storage","target","targetPath","set","from","block","source","sourcePath"]	argument	1	minecraft:nbt_path	{}	[]
data/modify/storage/target/targetPath/set/from/entity	["data","modify","storage","target","targetPath","set","from","entity"]	literal	0		{}	[]
data/modify/storage/target/targetPath/set/from/entity/source	["data","modify","storage","target","targetPath","set","from","entity","source"]	argument	1	minecraft:entity	{"amount":"single","type":"entities"}	[]
data/modify/storage/target/targetPath/set/from/entity/source/sourcePath	["data","modify","storage","target","targetPath","set","from","entity","source","sourcePath"]	argument	1	minecraft:nbt_path	{}	[]
data/modify/storage/target/targetPath/set/from/storage	["data","modify","storage","target","targetPath","set","from","storage"]	literal	0		{}	[]
data/modify/storage/target/targetPath/set/from/storage/source	["data","modify","storage","target","targetPath","set","from","storage","source"]	argument	1	minecraft:resource_location	{}	[]
data/modify/storage/target/targetPath/set/from/storage/source/sourcePath	["data","modify","storage","target","targetPath","set","from","storage","source","sourcePath"]	argument	1	minecraft:nbt_path	{}	[]
data/modify/storage/target/targetPath/set/string	["data","modify","storage","target","targetPath","set","string"]	literal	0		{}	[]
data/modify/storage/target/targetPath/set/string/block	["data","modify","storage","target","targetPath","set","string","block"]	literal	0		{}	[]
data/modify/storage/target/targetPath/set/string/block/source	["data","modify","storage","target","targetPath","set","string","block","source"]	argument	1	minecraft:block_pos	{}	[]
data/modify/storage/target/targetPath/set/string/block/source/sourcePath	["data","modify","storage","target","targetPath","set","string","block","source","sourcePath"]	argument	1	minecraft:nbt_path	{}	[]
data/modify/storage/target/targetPath/set/string/block/source/sourcePath/start	["data","modify","storage","target","targetPath","set","string","block","source","sourcePath","start"]	argument	1	brigadier:integer	{}	[]
data/modify/storage/target/targetPath/set/string/block/source/sourcePath/start/end	["data","modify","storage","target","targetPath","set","string","block","source","sourcePath","start","end"]	argument	1	brigadier:integer	{}	[]
data/modify/storage/target/targetPath/set/string/entity	["data","modify","storage","target","targetPath","set","string","entity"]	literal	0		{}	[]
data/modify/storage/target/targetPath/set/string/entity/source	["data","modify","storage","target","targetPath","set","string","entity","source"]	argument	1	minecraft:entity	{"amount":"single","type":"entities"}	[]
data/modify/storage/target/targetPath/set/string/entity/source/sourcePath	["data","modify","storage","target","targetPath","set","string","entity","source","sourcePath"]	argument	1	minecraft:nbt_path	{}	[]
data/modify/storage/target/targetPath/set/string/entity/source/sourcePath/start	["data","modify","storage","target","targetPath","set","string","entity","source","sourcePath","start"]	argument	1	brigadier:integer	{}	[]
data/modify/storage/target/targetPath/set/string/entity/source/sourcePath/start/end	["data","modify","storage","target","targetPath","set","string","entity","source","sourcePath","start","end"]	argument	1	brigadier:integer	{}	[]
data/modify/storage/target/targetPath/set/string/storage	["data","modify","storage","target","targetPath","set","string","storage"]	literal	0		{}	[]
data/modify/storage/target/targetPath/set/string/storage/source	["data","modify","storage","target","targetPath","set","string","storage","source"]	argument	1	minecraft:resource_location	{}	[]
data/modify/storage/target/targetPath/set/string/storage/source/sourcePath	["data","modify","storage","target","targetPath","set","string","storage","source","sourcePath"]	argument	1	minecraft:nbt_path	{}	[]
data/modify/storage/target/targetPath/set/string/storage/source/sourcePath/start	["data","modify","storage","target","targetPath","set","string","storage","source","sourcePath","start"]	argument	1	brigadier:integer	{}	[]
data/modify/storage/target/targetPath/set/string/storage/source/sourcePath/start/end	["data","modify","storage","target","targetPath","set","string","storage","source","sourcePath","start","end"]	argument	1	brigadier:integer	{}	[]
data/modify/storage/target/targetPath/set/value	["data","modify","storage","target","targetPath","set","value"]	literal	0		{}	[]
data/modify/storage/target/targetPath/set/value/value	["data","modify","storage","target","targetPath","set","value","value"]	argument	1	minecraft:nbt_tag	{}	[]
data/remove	["data","remove"]	literal	0		{}	[]
data/remove/block	["data","remove","block"]	literal	0		{}	[]
data/remove/block/target	["data","remove","block","target"]	argument	0	minecraft:block_pos	{}	[]
data/remove/block/target/path	["data","remove","block","target","path"]	argument	1	minecraft:nbt_path	{}	[]
data/remove/entity	["data","remove","entity"]	literal	0		{}	[]
data/remove/entity/target	["data","remove","entity","target"]	argument	0	minecraft:entity	{"amount":"single","type":"entities"}	[]
data/remove/entity/target/path	["data","remove","entity","target","path"]	argument	1	minecraft:nbt_path	{}	[]
data/remove/storage	["data","remove","storage"]	literal	0		{}	[]
data/remove/storage/target	["data","remove","storage","target"]	argument	0	minecraft:resource_location	{}	[]
data/remove/storage/target/path	["data","remove","storage","target","path"]	argument	1	minecraft:nbt_path	{}	[]
datapack	["datapack"]	literal	0		{}	[]
datapack/create	["datapack","create"]	literal	0		{}	[]
datapack/create/id	["datapack","create","id"]	argument	0	brigadier:string	{"type":"phrase"}	[]
datapack/create/id/description	["datapack","create","id","description"]	argument	1	minecraft:component	{}	[]
datapack/disable	["datapack","disable"]	literal	0		{}	[]
datapack/disable/name	["datapack","disable","name"]	argument	1	brigadier:string	{"type":"phrase"}	[]
datapack/enable	["datapack","enable"]	literal	0		{}	[]
datapack/enable/name	["datapack","enable","name"]	argument	1	brigadier:string	{"type":"phrase"}	[]
datapack/enable/name/after	["datapack","enable","name","after"]	literal	0		{}	[]
datapack/enable/name/after/existing	["datapack","enable","name","after","existing"]	argument	1	brigadier:string	{"type":"phrase"}	[]
datapack/enable/name/before	["datapack","enable","name","before"]	literal	0		{}	[]
datapack/enable/name/before/existing	["datapack","enable","name","before","existing"]	argument	1	brigadier:string	{"type":"phrase"}	[]
datapack/enable/name/first	["datapack","enable","name","first"]	literal	1		{}	[]
datapack/enable/name/last	["datapack","enable","name","last"]	literal	1		{}	[]
datapack/list	["datapack","list"]	literal	1		{}	[]
datapack/list/available	["datapack","list","available"]	literal	1		{}	[]
datapack/list/enabled	["datapack","list","enabled"]	literal	1		{}	[]
debug	["debug"]	literal	0		{}	[]
debug/function	["debug","function"]	literal	0		{}	[]
debug/function/name	["debug","function","name"]	argument	1	minecraft:function	{}	[]
debug/start	["debug","start"]	literal	1		{}	[]
debug/stop	["debug","stop"]	literal	1		{}	[]
defaultgamemode	["defaultgamemode"]	literal	0		{}	[]
defaultgamemode/gamemode	["defaultgamemode","gamemode"]	argument	1	minecraft:gamemode	{}	[]
deop	["deop"]	literal	0		{}	[]
deop/targets	["deop","targets"]	argument	1	minecraft:game_profile	{}	[]
dialog	["dialog"]	literal	0		{}	[]
dialog/clear	["dialog","clear"]	literal	0		{}	[]
dialog/clear/targets	["dialog","clear","targets"]	argument	1	minecraft:entity	{"amount":"multiple","type":"players"}	[]
dialog/show	["dialog","show"]	literal	0		{}	[]
dialog/show/targets	["dialog","show","targets"]	argument	0	minecraft:entity	{"amount":"multiple","type":"players"}	[]
dialog/show/targets/dialog	["dialog","show","targets","dialog"]	argument	1	minecraft:dialog	{}	[]
difficulty	["difficulty"]	literal	1		{}	[]
difficulty/easy	["difficulty","easy"]	literal	1		{}	[]
difficulty/hard	["difficulty","hard"]	literal	1		{}	[]
difficulty/normal	["difficulty","normal"]	literal	1		{}	[]
difficulty/peaceful	["difficulty","peaceful"]	literal	1		{}	[]
effect	["effect"]	literal	0		{}	[]
effect/clear	["effect","clear"]	literal	1		{}	[]
effect/clear/targets	["effect","clear","targets"]	argument	1	minecraft:entity	{"amount":"multiple","type":"entities"}	[]
effect/clear/targets/effect	["effect","clear","targets","effect"]	argument	1	minecraft:resource	{"registry":"minecraft:mob_effect"}	[]
effect/give	["effect","give"]	literal	0		{}	[]
effect/give/targets	["effect","give","targets"]	argument	0	minecraft:entity	{"amount":"multiple","type":"entities"}	[]
effect/give/targets/effect	["effect","give","targets","effect"]	argument	1	minecraft:resource	{"registry":"minecraft:mob_effect"}	[]
effect/give/targets/effect/infinite	["effect","give","targets","effect","infinite"]	literal	1		{}	[]
effect/give/targets/effect/infinite/amplifier	["effect","give","targets","effect","infinite","amplifier"]	argument	1	brigadier:integer	{"max":255,"min":0}	[]
effect/give/targets/effect/infinite/amplifier/hideParticles	["effect","give","targets","effect","infinite","amplifier","hideParticles"]	argument	1	brigadier:bool	{}	[]
effect/give/targets/effect/seconds	["effect","give","targets","effect","seconds"]	argument	1	brigadier:integer	{"max":1000000,"min":1}	[]
effect/give/targets/effect/seconds/amplifier	["effect","give","targets","effect","seconds","amplifier"]	argument	1	brigadier:integer	{"max":255,"min":0}	[]
effect/give/targets/effect/seconds/amplifier/hideParticles	["effect","give","targets","effect","seconds","amplifier","hideParticles"]	argument	1	brigadier:bool	{}	[]
enchant	["enchant"]	literal	0		{}	[]
enchant/targets	["enchant","targets"]	argument	0	minecraft:entity	{"amount":"multiple","type":"entities"}	[]
enchant/targets/enchantment	["enchant","targets","enchantment"]	argument	1	minecraft:resource	{"registry":"minecraft:enchantment"}	[]
enchant/targets/enchantment/level	["enchant","targets","enchantment","level"]	argument	1	brigadier:integer	{"min":0}	[]
execute	["execute"]	literal	0		{}	[]
execute/align	["execute","align"]	literal	0		{}	[]
execute/align/axes	["execute","align","axes"]	argument	0	minecraft:swizzle	{}	["execute"]
execute/anchored	["execute","anchored"]	literal	0		{}	[]
execute/anchored/anchor	["execute","anchored","anchor"]	argument	0	minecraft:entity_anchor	{}	["execute"]
execute/as	["execute","as"]	literal	0		{}	[]
execute/as/targets	["execute","as","targets"]	argument	0	minecraft:entity	{"amount":"multiple","type":"entities"}	["execute"]
execute/at	["execute","at"]	literal	0		{}	[]
execute/at/targets	["execute","at","targets"]	argument	0	minecraft:entity	{"amount":"multiple","type":"entities"}	["execute"]
execute/facing	["execute","facing"]	literal	0		{}	[]
execute/facing/entity	["execute","facing","entity"]	literal	0		{}	[]
execute/facing/entity/targets	["execute","facing","entity","targets"]	argument	0	minecraft:entity	{"amount":"multiple","type":"entities"}	[]
execute/facing/entity/targets/anchor	["execute","facing","entity","targets","anchor"]	argument	0	minecraft:entity_anchor	{}	["execute"]
execute/facing/pos	["execute","facing","pos"]	argument	0	minecraft:vec3	{}	["execute"]
execute/if	["execute","if"]	literal	0		{}	[]
execute/if/biome	["execute","if","biome"]	literal	0		{}	[]
execute/if/biome/pos	["execute","if","biome","pos"]	argument	0	minecraft:block_pos	{}	[]
execute/if/biome/pos/biome	["execute","if","biome","pos","biome"]	argument	1	minecraft:resource_or_tag	{"registry":"minecraft:worldgen/biome"}	["execute"]
execute/if/block	["execute","if","block"]	literal	0		{}	[]
execute/if/block/pos	["execute","if","block","pos"]	argument	0	minecraft:block_pos	{}	[]
execute/if/block/pos/block	["execute","if","block","pos","block"]	argument	1	minecraft:block_predicate	{}	["execute"]
execute/if/blocks	["execute","if","blocks"]	literal	0		{}	[]
execute/if/blocks/start	["execute","if","blocks","start"]	argument	0	minecraft:block_pos	{}	[]
execute/if/blocks/start/end	["execute","if","blocks","start","end"]	argument	0	minecraft:block_pos	{}	[]
execute/if/blocks/start/end/destination	["execute","if","blocks","start","end","destination"]	argument	0	minecraft:block_pos	{}	[]
execute/if/blocks/start/end/destination/all	["execute","if","blocks","start","end","destination","all"]	literal	1		{}	["execute"]
execute/if/blocks/start/end/destination/masked	["execute","if","blocks","start","end","destination","masked"]	literal	1		{}	["execute"]
execute/if/data	["execute","if","data"]	literal	0		{}	[]
execute/if/data/block	["execute","if","data","block"]	literal	0		{}	[]
execute/if/data/block/source	["execute","if","data","block","source"]	argument	0	minecraft:block_pos	{}	[]
execute/if/data/block/source/path	["execute","if","data","block","source","path"]	argument	1	minecraft:nbt_path	{}	["execute"]
execute/if/data/entity	["execute","if","data","entity"]	literal	0		{}	[]
execute/if/data/entity/source	["execute","if","data","entity","source"]	argument	0	minecraft:entity	{"amount":"single","type":"entities"}	[]
execute/if/data/entity/source/path	["execute","if","data","entity","source","path"]	argument	1	minecraft:nbt_path	{}	["execute"]
execute/if/data/storage	["execute","if","data","storage"]	literal	0		{}	[]
execute/if/data/storage/source	["execute","if","data","storage","source"]	argument	0	minecraft:resource_location	{}	[]
execute/if/data/storage/source/path	["execute","if","data","storage","source","path"]	argument	1	minecraft:nbt_path	{}	["execute"]
execute/if/dimension	["execute","if","dimension"]	literal	0		{}	[]
execute/if/dimension/dimension	["execute","if","dimension","dimension"]	argument	1	minecraft:dimension	{}	["execute"]
execute/if/entity	["execute","if","entity"]	literal	0		{}	[]
execute/if/entity/entities	["execute","if","entity","entities"]	argument	1	minecraft:entity	{"amount":"multiple","type":"entities"}	["execute"]
execute/if/function	["execute","if","function"]	literal	0		{}	[]
execute/if/function/name	["execute","if","function","name"]	argument	0	minecraft:function	{}	["execute"]
execute/if/items	["execute","if","items"]	literal	0		{}	[]
execute/if/items/block	["execute","if","items","block"]	literal	0		{}	[]
execute/if/items/block/source	["execute","if","items","block","source"]	argument	0	minecraft:block_pos	{}	[]
execute/if/items/block/source/slots	["execute","if","items","block","source","slots"]	argument	0	minecraft:slot_source	{}	[]
execute/if/items/block/source/slots/item_predicate	["execute","if","items","block","source","slots","item_predicate"]	argument	1	minecraft:item_predicate	{}	["execute"]
execute/if/items/entity	["execute","if","items","entity"]	literal	0		{}	[]
execute/if/items/entity/source	["execute","if","items","entity","source"]	argument	0	minecraft:entity	{"amount":"multiple","type":"entities"}	[]
execute/if/items/entity/source/slots	["execute","if","items","entity","source","slots"]	argument	0	minecraft:slot_source	{}	[]
execute/if/items/entity/source/slots/item_predicate	["execute","if","items","entity","source","slots","item_predicate"]	argument	1	minecraft:item_predicate	{}	["execute"]
execute/if/loaded	["execute","if","loaded"]	literal	0		{}	[]
execute/if/loaded/pos	["execute","if","loaded","pos"]	argument	1	minecraft:block_pos	{}	["execute"]
execute/if/predicate	["execute","if","predicate"]	literal	0		{}	[]
execute/if/predicate/predicate	["execute","if","predicate","predicate"]	argument	1	minecraft:loot_predicate	{}	["execute"]
execute/if/score	["execute","if","score"]	literal	0		{}	[]
execute/if/score/target	["execute","if","score","target"]	argument	0	minecraft:score_holder	{"amount":"single"}	[]
execute/if/score/target/targetObjective	["execute","if","score","target","targetObjective"]	argument	0	minecraft:objective	{}	[]
execute/if/score/target/targetObjective/<	["execute","if","score","target","targetObjective","<"]	literal	0		{}	[]
execute/if/score/target/targetObjective/</source	["execute","if","score","target","targetObjective","<","source"]	argument	0	minecraft:score_holder	{"amount":"single"}	[]
execute/if/score/target/targetObjective/</source/sourceObjective	["execute","if","score","target","targetObjective","<","source","sourceObjective"]	argument	1	minecraft:objective	{}	["execute"]
execute/if/score/target/targetObjective/<=	["execute","if","score","target","targetObjective","<="]	literal	0		{}	[]
execute/if/score/target/targetObjective/<=/source	["execute","if","score","target","targetObjective","<=","source"]	argument	0	minecraft:score_holder	{"amount":"single"}	[]
execute/if/score/target/targetObjective/<=/source/sourceObjective	["execute","if","score","target","targetObjective","<=","source","sourceObjective"]	argument	1	minecraft:objective	{}	["execute"]
execute/if/score/target/targetObjective/=	["execute","if","score","target","targetObjective","="]	literal	0		{}	[]
execute/if/score/target/targetObjective/=/source	["execute","if","score","target","targetObjective","=","source"]	argument	0	minecraft:score_holder	{"amount":"single"}	[]
execute/if/score/target/targetObjective/=/source/sourceObjective	["execute","if","score","target","targetObjective","=","source","sourceObjective"]	argument	1	minecraft:objective	{}	["execute"]
execute/if/score/target/targetObjective/>	["execute","if","score","target","targetObjective",">"]	literal	0		{}	[]
execute/if/score/target/targetObjective/>/source	["execute","if","score","target","targetObjective",">","source"]	argument	0	minecraft:score_holder	{"amount":"single"}	[]
execute/if/score/target/targetObjective/>/source/sourceObjective	["execute","if","score","target","targetObjective",">","source","sourceObjective"]	argument	1	minecraft:objective	{}	["execute"]
execute/if/score/target/targetObjective/>=	["execute","if","score","target","targetObjective",">="]	literal	0		{}	[]
execute/if/score/target/targetObjective/>=/source	["execute","if","score","target","targetObjective",">=","source"]	argument	0	minecraft:score_holder	{"amount":"single"}	[]
execute/if/score/target/targetObjective/>=/source/sourceObjective	["execute","if","score","target","targetObjective",">=","source","sourceObjective"]	argument	1	minecraft:objective	{}	["execute"]
execute/if/score/target/targetObjective/matches	["execute","if","score","target","targetObjective","matches"]	literal	0		{}	[]
execute/if/score/target/targetObjective/matches/range	["execute","if","score","target","targetObjective","matches","range"]	argument	1	minecraft:int_range	{}	["execute"]
execute/if/slots	["execute","if","slots"]	literal	0		{}	[]
execute/if/slots/block	["execute","if","slots","block"]	literal	0		{}	[]
execute/if/slots/block/source	["execute","if","slots","block","source"]	argument	0	minecraft:block_pos	{}	[]
execute/if/slots/block/source/slots	["execute","if","slots","block","source","slots"]	argument	1	minecraft:slot_source	{}	["execute"]
execute/if/slots/entity	["execute","if","slots","entity"]	literal	0		{}	[]
execute/if/slots/entity/source	["execute","if","slots","entity","source"]	argument	0	minecraft:entity	{"amount":"multiple","type":"entities"}	[]
execute/if/slots/entity/source/slots	["execute","if","slots","entity","source","slots"]	argument	1	minecraft:slot_source	{}	["execute"]
execute/if/stopwatch	["execute","if","stopwatch"]	literal	0		{}	[]
execute/if/stopwatch/id	["execute","if","stopwatch","id"]	argument	0	minecraft:resource_location	{}	[]
execute/if/stopwatch/id/range	["execute","if","stopwatch","id","range"]	argument	1	minecraft:float_range	{}	["execute"]
execute/in	["execute","in"]	literal	0		{}	[]
execute/in/dimension	["execute","in","dimension"]	argument	0	minecraft:dimension	{}	["execute"]
execute/on	["execute","on"]	literal	0		{}	[]
execute/on/attacker	["execute","on","attacker"]	literal	0		{}	["execute"]
execute/on/controller	["execute","on","controller"]	literal	0		{}	["execute"]
execute/on/leasher	["execute","on","leasher"]	literal	0		{}	["execute"]
execute/on/origin	["execute","on","origin"]	literal	0		{}	["execute"]
execute/on/owner	["execute","on","owner"]	literal	0		{}	["execute"]
execute/on/passengers	["execute","on","passengers"]	literal	0		{}	["execute"]
execute/on/target	["execute","on","target"]	literal	0		{}	["execute"]
execute/on/vehicle	["execute","on","vehicle"]	literal	0		{}	["execute"]
execute/positioned	["execute","positioned"]	literal	0		{}	[]
execute/positioned/as	["execute","positioned","as"]	literal	0		{}	[]
execute/positioned/as/targets	["execute","positioned","as","targets"]	argument	0	minecraft:entity	{"amount":"multiple","type":"entities"}	["execute"]
execute/positioned/over	["execute","positioned","over"]	literal	0		{}	[]
execute/positioned/over/heightmap	["execute","positioned","over","heightmap"]	argument	0	minecraft:heightmap	{}	["execute"]
execute/positioned/pos	["execute","positioned","pos"]	argument	0	minecraft:vec3	{}	["execute"]
execute/rotated	["execute","rotated"]	literal	0		{}	[]
execute/rotated/as	["execute","rotated","as"]	literal	0		{}	[]
execute/rotated/as/targets	["execute","rotated","as","targets"]	argument	0	minecraft:entity	{"amount":"multiple","type":"entities"}	["execute"]
execute/rotated/rot	["execute","rotated","rot"]	argument	0	minecraft:rotation	{}	["execute"]
execute/run	["execute","run"]	literal	0		{}	[]
execute/store	["execute","store"]	literal	0		{}	[]
execute/store/result	["execute","store","result"]	literal	0		{}	[]
execute/store/result/block	["execute","store","result","block"]	literal	0		{}	[]
execute/store/result/block/target	["execute","store","result","block","target"]	argument	0	minecraft:block_pos	{}	[]
execute/store/result/block/target/path	["execute","store","result","block","target","path"]	argument	0	minecraft:nbt_path	{}	[]
execute/store/result/block/target/path/byte	["execute","store","result","block","target","path","byte"]	literal	0		{}	[]
execute/store/result/block/target/path/byte/scale	["execute","store","result","block","target","path","byte","scale"]	argument	0	brigadier:double	{}	["execute"]
execute/store/result/block/target/path/double	["execute","store","result","block","target","path","double"]	literal	0		{}	[]
execute/store/result/block/target/path/double/scale	["execute","store","result","block","target","path","double","scale"]	argument	0	brigadier:double	{}	["execute"]
execute/store/result/block/target/path/float	["execute","store","result","block","target","path","float"]	literal	0		{}	[]
execute/store/result/block/target/path/float/scale	["execute","store","result","block","target","path","float","scale"]	argument	0	brigadier:double	{}	["execute"]
execute/store/result/block/target/path/int	["execute","store","result","block","target","path","int"]	literal	0		{}	[]
execute/store/result/block/target/path/int/scale	["execute","store","result","block","target","path","int","scale"]	argument	0	brigadier:double	{}	["execute"]
execute/store/result/block/target/path/long	["execute","store","result","block","target","path","long"]	literal	0		{}	[]
execute/store/result/block/target/path/long/scale	["execute","store","result","block","target","path","long","scale"]	argument	0	brigadier:double	{}	["execute"]
execute/store/result/block/target/path/short	["execute","store","result","block","target","path","short"]	literal	0		{}	[]
execute/store/result/block/target/path/short/scale	["execute","store","result","block","target","path","short","scale"]	argument	0	brigadier:double	{}	["execute"]
execute/store/result/bossbar	["execute","store","result","bossbar"]	literal	0		{}	[]
execute/store/result/bossbar/id	["execute","store","result","bossbar","id"]	argument	0	minecraft:resource_location	{}	[]
execute/store/result/bossbar/id/max	["execute","store","result","bossbar","id","max"]	literal	0		{}	["execute"]
execute/store/result/bossbar/id/value	["execute","store","result","bossbar","id","value"]	literal	0		{}	["execute"]
execute/store/result/entity	["execute","store","result","entity"]	literal	0		{}	[]
execute/store/result/entity/target	["execute","store","result","entity","target"]	argument	0	minecraft:entity	{"amount":"single","type":"entities"}	[]
execute/store/result/entity/target/path	["execute","store","result","entity","target","path"]	argument	0	minecraft:nbt_path	{}	[]
execute/store/result/entity/target/path/byte	["execute","store","result","entity","target","path","byte"]	literal	0		{}	[]
execute/store/result/entity/target/path/byte/scale	["execute","store","result","entity","target","path","byte","scale"]	argument	0	brigadier:double	{}	["execute"]
execute/store/result/entity/target/path/double	["execute","store","result","entity","target","path","double"]	literal	0		{}	[]
execute/store/result/entity/target/path/double/scale	["execute","store","result","entity","target","path","double","scale"]	argument	0	brigadier:double	{}	["execute"]
execute/store/result/entity/target/path/float	["execute","store","result","entity","target","path","float"]	literal	0		{}	[]
execute/store/result/entity/target/path/float/scale	["execute","store","result","entity","target","path","float","scale"]	argument	0	brigadier:double	{}	["execute"]
execute/store/result/entity/target/path/int	["execute","store","result","entity","target","path","int"]	literal	0		{}	[]
execute/store/result/entity/target/path/int/scale	["execute","store","result","entity","target","path","int","scale"]	argument	0	brigadier:double	{}	["execute"]
execute/store/result/entity/target/path/long	["execute","store","result","entity","target","path","long"]	literal	0		{}	[]
execute/store/result/entity/target/path/long/scale	["execute","store","result","entity","target","path","long","scale"]	argument	0	brigadier:double	{}	["execute"]
execute/store/result/entity/target/path/short	["execute","store","result","entity","target","path","short"]	literal	0		{}	[]
execute/store/result/entity/target/path/short/scale	["execute","store","result","entity","target","path","short","scale"]	argument	0	brigadier:double	{}	["execute"]
execute/store/result/score	["execute","store","result","score"]	literal	0		{}	[]
execute/store/result/score/targets	["execute","store","result","score","targets"]	argument	0	minecraft:score_holder	{"amount":"multiple"}	[]
execute/store/result/score/targets/objective	["execute","store","result","score","targets","objective"]	argument	0	minecraft:objective	{}	["execute"]
execute/store/result/storage	["execute","store","result","storage"]	literal	0		{}	[]
execute/store/result/storage/target	["execute","store","result","storage","target"]	argument	0	minecraft:resource_location	{}	[]
execute/store/result/storage/target/path	["execute","store","result","storage","target","path"]	argument	0	minecraft:nbt_path	{}	[]
execute/store/result/storage/target/path/byte	["execute","store","result","storage","target","path","byte"]	literal	0		{}	[]
execute/store/result/storage/target/path/byte/scale	["execute","store","result","storage","target","path","byte","scale"]	argument	0	brigadier:double	{}	["execute"]
execute/store/result/storage/target/path/double	["execute","store","result","storage","target","path","double"]	literal	0		{}	[]
execute/store/result/storage/target/path/double/scale	["execute","store","result","storage","target","path","double","scale"]	argument	0	brigadier:double	{}	["execute"]
execute/store/result/storage/target/path/float	["execute","store","result","storage","target","path","float"]	literal	0		{}	[]
execute/store/result/storage/target/path/float/scale	["execute","store","result","storage","target","path","float","scale"]	argument	0	brigadier:double	{}	["execute"]
execute/store/result/storage/target/path/int	["execute","store","result","storage","target","path","int"]	literal	0		{}	[]
execute/store/result/storage/target/path/int/scale	["execute","store","result","storage","target","path","int","scale"]	argument	0	brigadier:double	{}	["execute"]
execute/store/result/storage/target/path/long	["execute","store","result","storage","target","path","long"]	literal	0		{}	[]
execute/store/result/storage/target/path/long/scale	["execute","store","result","storage","target","path","long","scale"]	argument	0	brigadier:double	{}	["execute"]
execute/store/result/storage/target/path/short	["execute","store","result","storage","target","path","short"]	literal	0		{}	[]
execute/store/result/storage/target/path/short/scale	["execute","store","result","storage","target","path","short","scale"]	argument	0	brigadier:double	{}	["execute"]
execute/store/success	["execute","store","success"]	literal	0		{}	[]
execute/store/success/block	["execute","store","success","block"]	literal	0		{}	[]
execute/store/success/block/target	["execute","store","success","block","target"]	argument	0	minecraft:block_pos	{}	[]
execute/store/success/block/target/path	["execute","store","success","block","target","path"]	argument	0	minecraft:nbt_path	{}	[]
execute/store/success/block/target/path/byte	["execute","store","success","block","target","path","byte"]	literal	0		{}	[]
execute/store/success/block/target/path/byte/scale	["execute","store","success","block","target","path","byte","scale"]	argument	0	brigadier:double	{}	["execute"]
execute/store/success/block/target/path/double	["execute","store","success","block","target","path","double"]	literal	0		{}	[]
execute/store/success/block/target/path/double/scale	["execute","store","success","block","target","path","double","scale"]	argument	0	brigadier:double	{}	["execute"]
execute/store/success/block/target/path/float	["execute","store","success","block","target","path","float"]	literal	0		{}	[]
execute/store/success/block/target/path/float/scale	["execute","store","success","block","target","path","float","scale"]	argument	0	brigadier:double	{}	["execute"]
execute/store/success/block/target/path/int	["execute","store","success","block","target","path","int"]	literal	0		{}	[]
execute/store/success/block/target/path/int/scale	["execute","store","success","block","target","path","int","scale"]	argument	0	brigadier:double	{}	["execute"]
execute/store/success/block/target/path/long	["execute","store","success","block","target","path","long"]	literal	0		{}	[]
execute/store/success/block/target/path/long/scale	["execute","store","success","block","target","path","long","scale"]	argument	0	brigadier:double	{}	["execute"]
execute/store/success/block/target/path/short	["execute","store","success","block","target","path","short"]	literal	0		{}	[]
execute/store/success/block/target/path/short/scale	["execute","store","success","block","target","path","short","scale"]	argument	0	brigadier:double	{}	["execute"]
execute/store/success/bossbar	["execute","store","success","bossbar"]	literal	0		{}	[]
execute/store/success/bossbar/id	["execute","store","success","bossbar","id"]	argument	0	minecraft:resource_location	{}	[]
execute/store/success/bossbar/id/max	["execute","store","success","bossbar","id","max"]	literal	0		{}	["execute"]
execute/store/success/bossbar/id/value	["execute","store","success","bossbar","id","value"]	literal	0		{}	["execute"]
execute/store/success/entity	["execute","store","success","entity"]	literal	0		{}	[]
execute/store/success/entity/target	["execute","store","success","entity","target"]	argument	0	minecraft:entity	{"amount":"single","type":"entities"}	[]
execute/store/success/entity/target/path	["execute","store","success","entity","target","path"]	argument	0	minecraft:nbt_path	{}	[]
execute/store/success/entity/target/path/byte	["execute","store","success","entity","target","path","byte"]	literal	0		{}	[]
execute/store/success/entity/target/path/byte/scale	["execute","store","success","entity","target","path","byte","scale"]	argument	0	brigadier:double	{}	["execute"]
execute/store/success/entity/target/path/double	["execute","store","success","entity","target","path","double"]	literal	0		{}	[]
execute/store/success/entity/target/path/double/scale	["execute","store","success","entity","target","path","double","scale"]	argument	0	brigadier:double	{}	["execute"]
execute/store/success/entity/target/path/float	["execute","store","success","entity","target","path","float"]	literal	0		{}	[]
execute/store/success/entity/target/path/float/scale	["execute","store","success","entity","target","path","float","scale"]	argument	0	brigadier:double	{}	["execute"]
execute/store/success/entity/target/path/int	["execute","store","success","entity","target","path","int"]	literal	0		{}	[]
execute/store/success/entity/target/path/int/scale	["execute","store","success","entity","target","path","int","scale"]	argument	0	brigadier:double	{}	["execute"]
execute/store/success/entity/target/path/long	["execute","store","success","entity","target","path","long"]	literal	0		{}	[]
execute/store/success/entity/target/path/long/scale	["execute","store","success","entity","target","path","long","scale"]	argument	0	brigadier:double	{}	["execute"]
execute/store/success/entity/target/path/short	["execute","store","success","entity","target","path","short"]	literal	0		{}	[]
execute/store/success/entity/target/path/short/scale	["execute","store","success","entity","target","path","short","scale"]	argument	0	brigadier:double	{}	["execute"]
execute/store/success/score	["execute","store","success","score"]	literal	0		{}	[]
execute/store/success/score/targets	["execute","store","success","score","targets"]	argument	0	minecraft:score_holder	{"amount":"multiple"}	[]
execute/store/success/score/targets/objective	["execute","store","success","score","targets","objective"]	argument	0	minecraft:objective	{}	["execute"]
execute/store/success/storage	["execute","store","success","storage"]	literal	0		{}	[]
execute/store/success/storage/target	["execute","store","success","storage","target"]	argument	0	minecraft:resource_location	{}	[]
execute/store/success/storage/target/path	["execute","store","success","storage","target","path"]	argument	0	minecraft:nbt_path	{}	[]
execute/store/success/storage/target/path/byte	["execute","store","success","storage","target","path","byte"]	literal	0		{}	[]
execute/store/success/storage/target/path/byte/scale	["execute","store","success","storage","target","path","byte","scale"]	argument	0	brigadier:double	{}	["execute"]
execute/store/success/storage/target/path/double	["execute","store","success","storage","target","path","double"]	literal	0		{}	[]
execute/store/success/storage/target/path/double/scale	["execute","store","success","storage","target","path","double","scale"]	argument	0	brigadier:double	{}	["execute"]
execute/store/success/storage/target/path/float	["execute","store","success","storage","target","path","float"]	literal	0		{}	[]
execute/store/success/storage/target/path/float/scale	["execute","store","success","storage","target","path","float","scale"]	argument	0	brigadier:double	{}	["execute"]
execute/store/success/storage/target/path/int	["execute","store","success","storage","target","path","int"]	literal	0		{}	[]
execute/store/success/storage/target/path/int/scale	["execute","store","success","storage","target","path","int","scale"]	argument	0	brigadier:double	{}	["execute"]
execute/store/success/storage/target/path/long	["execute","store","success","storage","target","path","long"]	literal	0		{}	[]
execute/store/success/storage/target/path/long/scale	["execute","store","success","storage","target","path","long","scale"]	argument	0	brigadier:double	{}	["execute"]
execute/store/success/storage/target/path/short	["execute","store","success","storage","target","path","short"]	literal	0		{}	[]
execute/store/success/storage/target/path/short/scale	["execute","store","success","storage","target","path","short","scale"]	argument	0	brigadier:double	{}	["execute"]
execute/summon	["execute","summon"]	literal	0		{}	[]
execute/summon/entity	["execute","summon","entity"]	argument	0	minecraft:resource	{"registry":"minecraft:entity_type"}	["execute"]
execute/unless	["execute","unless"]	literal	0		{}	[]
execute/unless/biome	["execute","unless","biome"]	literal	0		{}	[]
execute/unless/biome/pos	["execute","unless","biome","pos"]	argument	0	minecraft:block_pos	{}	[]
execute/unless/biome/pos/biome	["execute","unless","biome","pos","biome"]	argument	1	minecraft:resource_or_tag	{"registry":"minecraft:worldgen/biome"}	["execute"]
execute/unless/block	["execute","unless","block"]	literal	0		{}	[]
execute/unless/block/pos	["execute","unless","block","pos"]	argument	0	minecraft:block_pos	{}	[]
execute/unless/block/pos/block	["execute","unless","block","pos","block"]	argument	1	minecraft:block_predicate	{}	["execute"]
execute/unless/blocks	["execute","unless","blocks"]	literal	0		{}	[]
execute/unless/blocks/start	["execute","unless","blocks","start"]	argument	0	minecraft:block_pos	{}	[]
execute/unless/blocks/start/end	["execute","unless","blocks","start","end"]	argument	0	minecraft:block_pos	{}	[]
execute/unless/blocks/start/end/destination	["execute","unless","blocks","start","end","destination"]	argument	0	minecraft:block_pos	{}	[]
execute/unless/blocks/start/end/destination/all	["execute","unless","blocks","start","end","destination","all"]	literal	1		{}	["execute"]
execute/unless/blocks/start/end/destination/masked	["execute","unless","blocks","start","end","destination","masked"]	literal	1		{}	["execute"]
execute/unless/data	["execute","unless","data"]	literal	0		{}	[]
execute/unless/data/block	["execute","unless","data","block"]	literal	0		{}	[]
execute/unless/data/block/source	["execute","unless","data","block","source"]	argument	0	minecraft:block_pos	{}	[]
execute/unless/data/block/source/path	["execute","unless","data","block","source","path"]	argument	1	minecraft:nbt_path	{}	["execute"]
execute/unless/data/entity	["execute","unless","data","entity"]	literal	0		{}	[]
execute/unless/data/entity/source	["execute","unless","data","entity","source"]	argument	0	minecraft:entity	{"amount":"single","type":"entities"}	[]
execute/unless/data/entity/source/path	["execute","unless","data","entity","source","path"]	argument	1	minecraft:nbt_path	{}	["execute"]
execute/unless/data/storage	["execute","unless","data","storage"]	literal	0		{}	[]
execute/unless/data/storage/source	["execute","unless","data","storage","source"]	argument	0	minecraft:resource_location	{}	[]
execute/unless/data/storage/source/path	["execute","unless","data","storage","source","path"]	argument	1	minecraft:nbt_path	{}	["execute"]
execute/unless/dimension	["execute","unless","dimension"]	literal	0		{}	[]
execute/unless/dimension/dimension	["execute","unless","dimension","dimension"]	argument	1	minecraft:dimension	{}	["execute"]
execute/unless/entity	["execute","unless","entity"]	literal	0		{}	[]
execute/unless/entity/entities	["execute","unless","entity","entities"]	argument	1	minecraft:entity	{"amount":"multiple","type":"entities"}	["execute"]
execute/unless/function	["execute","unless","function"]	literal	0		{}	[]
execute/unless/function/name	["execute","unless","function","name"]	argument	0	minecraft:function	{}	["execute"]
execute/unless/items	["execute","unless","items"]	literal	0		{}	[]
execute/unless/items/block	["execute","unless","items","block"]	literal	0		{}	[]
execute/unless/items/block/source	["execute","unless","items","block","source"]	argument	0	minecraft:block_pos	{}	[]
execute/unless/items/block/source/slots	["execute","unless","items","block","source","slots"]	argument	0	minecraft:slot_source	{}	[]
execute/unless/items/block/source/slots/item_predicate	["execute","unless","items","block","source","slots","item_predicate"]	argument	1	minecraft:item_predicate	{}	["execute"]
execute/unless/items/entity	["execute","unless","items","entity"]	literal	0		{}	[]
execute/unless/items/entity/source	["execute","unless","items","entity","source"]	argument	0	minecraft:entity	{"amount":"multiple","type":"entities"}	[]
execute/unless/items/entity/source/slots	["execute","unless","items","entity","source","slots"]	argument	0	minecraft:slot_source	{}	[]
execute/unless/items/entity/source/slots/item_predicate	["execute","unless","items","entity","source","slots","item_predicate"]	argument	1	minecraft:item_predicate	{}	["execute"]
execute/unless/loaded	["execute","unless","loaded"]	literal	0		{}	[]
execute/unless/loaded/pos	["execute","unless","loaded","pos"]	argument	1	minecraft:block_pos	{}	["execute"]
execute/unless/predicate	["execute","unless","predicate"]	literal	0		{}	[]
execute/unless/predicate/predicate	["execute","unless","predicate","predicate"]	argument	1	minecraft:loot_predicate	{}	["execute"]
execute/unless/score	["execute","unless","score"]	literal	0		{}	[]
execute/unless/score/target	["execute","unless","score","target"]	argument	0	minecraft:score_holder	{"amount":"single"}	[]
execute/unless/score/target/targetObjective	["execute","unless","score","target","targetObjective"]	argument	0	minecraft:objective	{}	[]
execute/unless/score/target/targetObjective/<	["execute","unless","score","target","targetObjective","<"]	literal	0		{}	[]
execute/unless/score/target/targetObjective/</source	["execute","unless","score","target","targetObjective","<","source"]	argument	0	minecraft:score_holder	{"amount":"single"}	[]
execute/unless/score/target/targetObjective/</source/sourceObjective	["execute","unless","score","target","targetObjective","<","source","sourceObjective"]	argument	1	minecraft:objective	{}	["execute"]
execute/unless/score/target/targetObjective/<=	["execute","unless","score","target","targetObjective","<="]	literal	0		{}	[]
execute/unless/score/target/targetObjective/<=/source	["execute","unless","score","target","targetObjective","<=","source"]	argument	0	minecraft:score_holder	{"amount":"single"}	[]
execute/unless/score/target/targetObjective/<=/source/sourceObjective	["execute","unless","score","target","targetObjective","<=","source","sourceObjective"]	argument	1	minecraft:objective	{}	["execute"]
execute/unless/score/target/targetObjective/=	["execute","unless","score","target","targetObjective","="]	literal	0		{}	[]
execute/unless/score/target/targetObjective/=/source	["execute","unless","score","target","targetObjective","=","source"]	argument	0	minecraft:score_holder	{"amount":"single"}	[]
execute/unless/score/target/targetObjective/=/source/sourceObjective	["execute","unless","score","target","targetObjective","=","source","sourceObjective"]	argument	1	minecraft:objective	{}	["execute"]
execute/unless/score/target/targetObjective/>	["execute","unless","score","target","targetObjective",">"]	literal	0		{}	[]
execute/unless/score/target/targetObjective/>/source	["execute","unless","score","target","targetObjective",">","source"]	argument	0	minecraft:score_holder	{"amount":"single"}	[]
execute/unless/score/target/targetObjective/>/source/sourceObjective	["execute","unless","score","target","targetObjective",">","source","sourceObjective"]	argument	1	minecraft:objective	{}	["execute"]
execute/unless/score/target/targetObjective/>=	["execute","unless","score","target","targetObjective",">="]	literal	0		{}	[]
execute/unless/score/target/targetObjective/>=/source	["execute","unless","score","target","targetObjective",">=","source"]	argument	0	minecraft:score_holder	{"amount":"single"}	[]
execute/unless/score/target/targetObjective/>=/source/sourceObjective	["execute","unless","score","target","targetObjective",">=","source","sourceObjective"]	argument	1	minecraft:objective	{}	["execute"]
execute/unless/score/target/targetObjective/matches	["execute","unless","score","target","targetObjective","matches"]	literal	0		{}	[]
execute/unless/score/target/targetObjective/matches/range	["execute","unless","score","target","targetObjective","matches","range"]	argument	1	minecraft:int_range	{}	["execute"]
execute/unless/slots	["execute","unless","slots"]	literal	0		{}	[]
execute/unless/slots/block	["execute","unless","slots","block"]	literal	0		{}	[]
execute/unless/slots/block/source	["execute","unless","slots","block","source"]	argument	0	minecraft:block_pos	{}	[]
execute/unless/slots/block/source/slots	["execute","unless","slots","block","source","slots"]	argument	1	minecraft:slot_source	{}	["execute"]
execute/unless/slots/entity	["execute","unless","slots","entity"]	literal	0		{}	[]
execute/unless/slots/entity/source	["execute","unless","slots","entity","source"]	argument	0	minecraft:entity	{"amount":"multiple","type":"entities"}	[]
execute/unless/slots/entity/source/slots	["execute","unless","slots","entity","source","slots"]	argument	1	minecraft:slot_source	{}	["execute"]
execute/unless/stopwatch	["execute","unless","stopwatch"]	literal	0		{}	[]
execute/unless/stopwatch/id	["execute","unless","stopwatch","id"]	argument	0	minecraft:resource_location	{}	[]
execute/unless/stopwatch/id/range	["execute","unless","stopwatch","id","range"]	argument	1	minecraft:float_range	{}	["execute"]
experience	["experience"]	literal	0		{}	[]
experience/add	["experience","add"]	literal	0		{}	[]
experience/add/target	["experience","add","target"]	argument	0	minecraft:entity	{"amount":"multiple","type":"players"}	[]
experience/add/target/amount	["experience","add","target","amount"]	argument	1	brigadier:integer	{}	[]
experience/add/target/amount/levels	["experience","add","target","amount","levels"]	literal	1		{}	[]
experience/add/target/amount/points	["experience","add","target","amount","points"]	literal	1		{}	[]
experience/query	["experience","query"]	literal	0		{}	[]
experience/query/target	["experience","query","target"]	argument	0	minecraft:entity	{"amount":"single","type":"players"}	[]
experience/query/target/levels	["experience","query","target","levels"]	literal	1		{}	[]
experience/query/target/points	["experience","query","target","points"]	literal	1		{}	[]
experience/set	["experience","set"]	literal	0		{}	[]
experience/set/target	["experience","set","target"]	argument	0	minecraft:entity	{"amount":"multiple","type":"players"}	[]
experience/set/target/amount	["experience","set","target","amount"]	argument	1	brigadier:integer	{"min":0}	[]
experience/set/target/amount/levels	["experience","set","target","amount","levels"]	literal	1		{}	[]
experience/set/target/amount/points	["experience","set","target","amount","points"]	literal	1		{}	[]
fetchprofile	["fetchprofile"]	literal	0		{}	[]
fetchprofile/entity	["fetchprofile","entity"]	literal	0		{}	[]
fetchprofile/entity/entity	["fetchprofile","entity","entity"]	argument	1	minecraft:entity	{"amount":"single","type":"entities"}	[]
fetchprofile/id	["fetchprofile","id"]	literal	0		{}	[]
fetchprofile/id/id	["fetchprofile","id","id"]	argument	1	minecraft:uuid	{}	[]
fetchprofile/name	["fetchprofile","name"]	literal	0		{}	[]
fetchprofile/name/name	["fetchprofile","name","name"]	argument	1	brigadier:string	{"type":"greedy"}	[]
fill	["fill"]	literal	0		{}	[]
fill/from	["fill","from"]	argument	0	minecraft:block_pos	{}	[]
fill/from/to	["fill","from","to"]	argument	0	minecraft:block_pos	{}	[]
fill/from/to/block	["fill","from","to","block"]	argument	1	minecraft:block_state	{}	[]
fill/from/to/block/destroy	["fill","from","to","block","destroy"]	literal	1		{}	[]
fill/from/to/block/hollow	["fill","from","to","block","hollow"]	literal	1		{}	[]
fill/from/to/block/keep	["fill","from","to","block","keep"]	literal	1		{}	[]
fill/from/to/block/outline	["fill","from","to","block","outline"]	literal	1		{}	[]
fill/from/to/block/replace	["fill","from","to","block","replace"]	literal	1		{}	[]
fill/from/to/block/replace/filter	["fill","from","to","block","replace","filter"]	argument	1	minecraft:block_predicate	{}	[]
fill/from/to/block/replace/filter/destroy	["fill","from","to","block","replace","filter","destroy"]	literal	1		{}	[]
fill/from/to/block/replace/filter/hollow	["fill","from","to","block","replace","filter","hollow"]	literal	1		{}	[]
fill/from/to/block/replace/filter/outline	["fill","from","to","block","replace","filter","outline"]	literal	1		{}	[]
fill/from/to/block/replace/filter/strict	["fill","from","to","block","replace","filter","strict"]	literal	1		{}	[]
fill/from/to/block/strict	["fill","from","to","block","strict"]	literal	1		{}	[]
fillbiome	["fillbiome"]	literal	0		{}	[]
fillbiome/from	["fillbiome","from"]	argument	0	minecraft:block_pos	{}	[]
fillbiome/from/to	["fillbiome","from","to"]	argument	0	minecraft:block_pos	{}	[]
fillbiome/from/to/biome	["fillbiome","from","to","biome"]	argument	1	minecraft:resource	{"registry":"minecraft:worldgen/biome"}	[]
fillbiome/from/to/biome/replace	["fillbiome","from","to","biome","replace"]	literal	0		{}	[]
fillbiome/from/to/biome/replace/filter	["fillbiome","from","to","biome","replace","filter"]	argument	1	minecraft:resource_or_tag	{"registry":"minecraft:worldgen/biome"}	[]
forceload	["forceload"]	literal	0		{}	[]
forceload/add	["forceload","add"]	literal	0		{}	[]
forceload/add/from	["forceload","add","from"]	argument	1	minecraft:column_pos	{}	[]
forceload/add/from/to	["forceload","add","from","to"]	argument	1	minecraft:column_pos	{}	[]
forceload/query	["forceload","query"]	literal	1		{}	[]
forceload/query/pos	["forceload","query","pos"]	argument	1	minecraft:column_pos	{}	[]
forceload/remove	["forceload","remove"]	literal	0		{}	[]
forceload/remove/all	["forceload","remove","all"]	literal	1		{}	[]
forceload/remove/from	["forceload","remove","from"]	argument	1	minecraft:column_pos	{}	[]
forceload/remove/from/to	["forceload","remove","from","to"]	argument	1	minecraft:column_pos	{}	[]
function	["function"]	literal	0		{}	[]
function/name	["function","name"]	argument	1	minecraft:function	{}	[]
function/name/arguments	["function","name","arguments"]	argument	1	minecraft:nbt_compound_tag	{}	[]
function/name/with	["function","name","with"]	literal	0		{}	[]
function/name/with/block	["function","name","with","block"]	literal	0		{}	[]
function/name/with/block/source	["function","name","with","block","source"]	argument	1	minecraft:block_pos	{}	[]
function/name/with/block/source/path	["function","name","with","block","source","path"]	argument	1	minecraft:nbt_path	{}	[]
function/name/with/entity	["function","name","with","entity"]	literal	0		{}	[]
function/name/with/entity/source	["function","name","with","entity","source"]	argument	1	minecraft:entity	{"amount":"single","type":"entities"}	[]
function/name/with/entity/source/path	["function","name","with","entity","source","path"]	argument	1	minecraft:nbt_path	{}	[]
function/name/with/storage	["function","name","with","storage"]	literal	0		{}	[]
function/name/with/storage/source	["function","name","with","storage","source"]	argument	1	minecraft:resource_location	{}	[]
function/name/with/storage/source/path	["function","name","with","storage","source","path"]	argument	1	minecraft:nbt_path	{}	[]
gamemode	["gamemode"]	literal	0		{}	[]
gamemode/gamemode	["gamemode","gamemode"]	argument	1	minecraft:gamemode	{}	[]
gamemode/gamemode/target	["gamemode","gamemode","target"]	argument	1	minecraft:entity	{"amount":"multiple","type":"players"}	[]
gamerule	["gamerule"]	literal	0		{}	[]
gamerule/advance_time	["gamerule","advance_time"]	literal	1		{}	[]
gamerule/advance_time/value	["gamerule","advance_time","value"]	argument	1	brigadier:bool	{}	[]
gamerule/advance_weather	["gamerule","advance_weather"]	literal	1		{}	[]
gamerule/advance_weather/value	["gamerule","advance_weather","value"]	argument	1	brigadier:bool	{}	[]
gamerule/allow_entering_nether_using_portals	["gamerule","allow_entering_nether_using_portals"]	literal	1		{}	[]
gamerule/allow_entering_nether_using_portals/value	["gamerule","allow_entering_nether_using_portals","value"]	argument	1	brigadier:bool	{}	[]
gamerule/block_drops	["gamerule","block_drops"]	literal	1		{}	[]
gamerule/block_drops/value	["gamerule","block_drops","value"]	argument	1	brigadier:bool	{}	[]
gamerule/block_explosion_drop_decay	["gamerule","block_explosion_drop_decay"]	literal	1		{}	[]
gamerule/block_explosion_drop_decay/value	["gamerule","block_explosion_drop_decay","value"]	argument	1	brigadier:bool	{}	[]
gamerule/command_block_output	["gamerule","command_block_output"]	literal	1		{}	[]
gamerule/command_block_output/value	["gamerule","command_block_output","value"]	argument	1	brigadier:bool	{}	[]
gamerule/command_blocks_work	["gamerule","command_blocks_work"]	literal	1		{}	[]
gamerule/command_blocks_work/value	["gamerule","command_blocks_work","value"]	argument	1	brigadier:bool	{}	[]
gamerule/drowning_damage	["gamerule","drowning_damage"]	literal	1		{}	[]
gamerule/drowning_damage/value	["gamerule","drowning_damage","value"]	argument	1	brigadier:bool	{}	[]
gamerule/elytra_movement_check	["gamerule","elytra_movement_check"]	literal	1		{}	[]
gamerule/elytra_movement_check/value	["gamerule","elytra_movement_check","value"]	argument	1	brigadier:bool	{}	[]
gamerule/ender_pearls_vanish_on_death	["gamerule","ender_pearls_vanish_on_death"]	literal	1		{}	[]
gamerule/ender_pearls_vanish_on_death/value	["gamerule","ender_pearls_vanish_on_death","value"]	argument	1	brigadier:bool	{}	[]
gamerule/entity_drops	["gamerule","entity_drops"]	literal	1		{}	[]
gamerule/entity_drops/value	["gamerule","entity_drops","value"]	argument	1	brigadier:bool	{}	[]
gamerule/fall_damage	["gamerule","fall_damage"]	literal	1		{}	[]
gamerule/fall_damage/value	["gamerule","fall_damage","value"]	argument	1	brigadier:bool	{}	[]
gamerule/fire_damage	["gamerule","fire_damage"]	literal	1		{}	[]
gamerule/fire_damage/value	["gamerule","fire_damage","value"]	argument	1	brigadier:bool	{}	[]
gamerule/fire_spread_radius_around_player	["gamerule","fire_spread_radius_around_player"]	literal	1		{}	[]
gamerule/fire_spread_radius_around_player/value	["gamerule","fire_spread_radius_around_player","value"]	argument	1	brigadier:integer	{"min":-1}	[]
gamerule/forgive_dead_players	["gamerule","forgive_dead_players"]	literal	1		{}	[]
gamerule/forgive_dead_players/value	["gamerule","forgive_dead_players","value"]	argument	1	brigadier:bool	{}	[]
gamerule/freeze_damage	["gamerule","freeze_damage"]	literal	1		{}	[]
gamerule/freeze_damage/value	["gamerule","freeze_damage","value"]	argument	1	brigadier:bool	{}	[]
gamerule/global_sound_events	["gamerule","global_sound_events"]	literal	1		{}	[]
gamerule/global_sound_events/value	["gamerule","global_sound_events","value"]	argument	1	brigadier:bool	{}	[]
gamerule/immediate_respawn	["gamerule","immediate_respawn"]	literal	1		{}	[]
gamerule/immediate_respawn/value	["gamerule","immediate_respawn","value"]	argument	1	brigadier:bool	{}	[]
gamerule/keep_inventory	["gamerule","keep_inventory"]	literal	1		{}	[]
gamerule/keep_inventory/value	["gamerule","keep_inventory","value"]	argument	1	brigadier:bool	{}	[]
gamerule/lava_source_conversion	["gamerule","lava_source_conversion"]	literal	1		{}	[]
gamerule/lava_source_conversion/value	["gamerule","lava_source_conversion","value"]	argument	1	brigadier:bool	{}	[]
gamerule/limited_crafting	["gamerule","limited_crafting"]	literal	1		{}	[]
gamerule/limited_crafting/value	["gamerule","limited_crafting","value"]	argument	1	brigadier:bool	{}	[]
gamerule/locator_bar	["gamerule","locator_bar"]	literal	1		{}	[]
gamerule/locator_bar/value	["gamerule","locator_bar","value"]	argument	1	brigadier:bool	{}	[]
gamerule/log_admin_commands	["gamerule","log_admin_commands"]	literal	1		{}	[]
gamerule/log_admin_commands/value	["gamerule","log_admin_commands","value"]	argument	1	brigadier:bool	{}	[]
gamerule/max_block_modifications	["gamerule","max_block_modifications"]	literal	1		{}	[]
gamerule/max_block_modifications/value	["gamerule","max_block_modifications","value"]	argument	1	brigadier:integer	{"min":1}	[]
gamerule/max_command_forks	["gamerule","max_command_forks"]	literal	1		{}	[]
gamerule/max_command_forks/value	["gamerule","max_command_forks","value"]	argument	1	brigadier:integer	{"min":0}	[]
gamerule/max_command_sequence_length	["gamerule","max_command_sequence_length"]	literal	1		{}	[]
gamerule/max_command_sequence_length/value	["gamerule","max_command_sequence_length","value"]	argument	1	brigadier:integer	{"min":0}	[]
gamerule/max_entity_cramming	["gamerule","max_entity_cramming"]	literal	1		{}	[]
gamerule/max_entity_cramming/value	["gamerule","max_entity_cramming","value"]	argument	1	brigadier:integer	{"min":0}	[]
gamerule/max_minecart_speed	["gamerule","max_minecart_speed"]	literal	1		{}	[]
gamerule/max_minecart_speed/value	["gamerule","max_minecart_speed","value"]	argument	1	brigadier:integer	{"max":1000,"min":1}	[]
gamerule/max_snow_accumulation_height	["gamerule","max_snow_accumulation_height"]	literal	1		{}	[]
gamerule/max_snow_accumulation_height/value	["gamerule","max_snow_accumulation_height","value"]	argument	1	brigadier:integer	{"max":8,"min":0}	[]
gamerule/minecraft:advance_time	["gamerule","minecraft:advance_time"]	literal	1		{}	[]
gamerule/minecraft:advance_time/value	["gamerule","minecraft:advance_time","value"]	argument	1	brigadier:bool	{}	[]
gamerule/minecraft:advance_weather	["gamerule","minecraft:advance_weather"]	literal	1		{}	[]
gamerule/minecraft:advance_weather/value	["gamerule","minecraft:advance_weather","value"]	argument	1	brigadier:bool	{}	[]
gamerule/minecraft:allow_entering_nether_using_portals	["gamerule","minecraft:allow_entering_nether_using_portals"]	literal	1		{}	[]
gamerule/minecraft:allow_entering_nether_using_portals/value	["gamerule","minecraft:allow_entering_nether_using_portals","value"]	argument	1	brigadier:bool	{}	[]
gamerule/minecraft:block_drops	["gamerule","minecraft:block_drops"]	literal	1		{}	[]
gamerule/minecraft:block_drops/value	["gamerule","minecraft:block_drops","value"]	argument	1	brigadier:bool	{}	[]
gamerule/minecraft:block_explosion_drop_decay	["gamerule","minecraft:block_explosion_drop_decay"]	literal	1		{}	[]
gamerule/minecraft:block_explosion_drop_decay/value	["gamerule","minecraft:block_explosion_drop_decay","value"]	argument	1	brigadier:bool	{}	[]
gamerule/minecraft:command_block_output	["gamerule","minecraft:command_block_output"]	literal	1		{}	[]
gamerule/minecraft:command_block_output/value	["gamerule","minecraft:command_block_output","value"]	argument	1	brigadier:bool	{}	[]
gamerule/minecraft:command_blocks_work	["gamerule","minecraft:command_blocks_work"]	literal	1		{}	[]
gamerule/minecraft:command_blocks_work/value	["gamerule","minecraft:command_blocks_work","value"]	argument	1	brigadier:bool	{}	[]
gamerule/minecraft:drowning_damage	["gamerule","minecraft:drowning_damage"]	literal	1		{}	[]
gamerule/minecraft:drowning_damage/value	["gamerule","minecraft:drowning_damage","value"]	argument	1	brigadier:bool	{}	[]
gamerule/minecraft:elytra_movement_check	["gamerule","minecraft:elytra_movement_check"]	literal	1		{}	[]
gamerule/minecraft:elytra_movement_check/value	["gamerule","minecraft:elytra_movement_check","value"]	argument	1	brigadier:bool	{}	[]
gamerule/minecraft:ender_pearls_vanish_on_death	["gamerule","minecraft:ender_pearls_vanish_on_death"]	literal	1		{}	[]
gamerule/minecraft:ender_pearls_vanish_on_death/value	["gamerule","minecraft:ender_pearls_vanish_on_death","value"]	argument	1	brigadier:bool	{}	[]
gamerule/minecraft:entity_drops	["gamerule","minecraft:entity_drops"]	literal	1		{}	[]
gamerule/minecraft:entity_drops/value	["gamerule","minecraft:entity_drops","value"]	argument	1	brigadier:bool	{}	[]
gamerule/minecraft:fall_damage	["gamerule","minecraft:fall_damage"]	literal	1		{}	[]
gamerule/minecraft:fall_damage/value	["gamerule","minecraft:fall_damage","value"]	argument	1	brigadier:bool	{}	[]
gamerule/minecraft:fire_damage	["gamerule","minecraft:fire_damage"]	literal	1		{}	[]
gamerule/minecraft:fire_damage/value	["gamerule","minecraft:fire_damage","value"]	argument	1	brigadier:bool	{}	[]
gamerule/minecraft:fire_spread_radius_around_player	["gamerule","minecraft:fire_spread_radius_around_player"]	literal	1		{}	[]
gamerule/minecraft:fire_spread_radius_around_player/value	["gamerule","minecraft:fire_spread_radius_around_player","value"]	argument	1	brigadier:integer	{"min":-1}	[]
gamerule/minecraft:forgive_dead_players	["gamerule","minecraft:forgive_dead_players"]	literal	1		{}	[]
gamerule/minecraft:forgive_dead_players/value	["gamerule","minecraft:forgive_dead_players","value"]	argument	1	brigadier:bool	{}	[]
gamerule/minecraft:freeze_damage	["gamerule","minecraft:freeze_damage"]	literal	1		{}	[]
gamerule/minecraft:freeze_damage/value	["gamerule","minecraft:freeze_damage","value"]	argument	1	brigadier:bool	{}	[]
gamerule/minecraft:global_sound_events	["gamerule","minecraft:global_sound_events"]	literal	1		{}	[]
gamerule/minecraft:global_sound_events/value	["gamerule","minecraft:global_sound_events","value"]	argument	1	brigadier:bool	{}	[]
gamerule/minecraft:immediate_respawn	["gamerule","minecraft:immediate_respawn"]	literal	1		{}	[]
gamerule/minecraft:immediate_respawn/value	["gamerule","minecraft:immediate_respawn","value"]	argument	1	brigadier:bool	{}	[]
gamerule/minecraft:keep_inventory	["gamerule","minecraft:keep_inventory"]	literal	1		{}	[]
gamerule/minecraft:keep_inventory/value	["gamerule","minecraft:keep_inventory","value"]	argument	1	brigadier:bool	{}	[]
gamerule/minecraft:lava_source_conversion	["gamerule","minecraft:lava_source_conversion"]	literal	1		{}	[]
gamerule/minecraft:lava_source_conversion/value	["gamerule","minecraft:lava_source_conversion","value"]	argument	1	brigadier:bool	{}	[]
gamerule/minecraft:limited_crafting	["gamerule","minecraft:limited_crafting"]	literal	1		{}	[]
gamerule/minecraft:limited_crafting/value	["gamerule","minecraft:limited_crafting","value"]	argument	1	brigadier:bool	{}	[]
gamerule/minecraft:locator_bar	["gamerule","minecraft:locator_bar"]	literal	1		{}	[]
gamerule/minecraft:locator_bar/value	["gamerule","minecraft:locator_bar","value"]	argument	1	brigadier:bool	{}	[]
gamerule/minecraft:log_admin_commands	["gamerule","minecraft:log_admin_commands"]	literal	1		{}	[]
gamerule/minecraft:log_admin_commands/value	["gamerule","minecraft:log_admin_commands","value"]	argument	1	brigadier:bool	{}	[]
gamerule/minecraft:max_block_modifications	["gamerule","minecraft:max_block_modifications"]	literal	1		{}	[]
gamerule/minecraft:max_block_modifications/value	["gamerule","minecraft:max_block_modifications","value"]	argument	1	brigadier:integer	{"min":1}	[]
gamerule/minecraft:max_command_forks	["gamerule","minecraft:max_command_forks"]	literal	1		{}	[]
gamerule/minecraft:max_command_forks/value	["gamerule","minecraft:max_command_forks","value"]	argument	1	brigadier:integer	{"min":0}	[]
gamerule/minecraft:max_command_sequence_length	["gamerule","minecraft:max_command_sequence_length"]	literal	1		{}	[]
gamerule/minecraft:max_command_sequence_length/value	["gamerule","minecraft:max_command_sequence_length","value"]	argument	1	brigadier:integer	{"min":0}	[]
gamerule/minecraft:max_entity_cramming	["gamerule","minecraft:max_entity_cramming"]	literal	1		{}	[]
gamerule/minecraft:max_entity_cramming/value	["gamerule","minecraft:max_entity_cramming","value"]	argument	1	brigadier:integer	{"min":0}	[]
gamerule/minecraft:max_minecart_speed	["gamerule","minecraft:max_minecart_speed"]	literal	1		{}	[]
gamerule/minecraft:max_minecart_speed/value	["gamerule","minecraft:max_minecart_speed","value"]	argument	1	brigadier:integer	{"max":1000,"min":1}	[]
gamerule/minecraft:max_snow_accumulation_height	["gamerule","minecraft:max_snow_accumulation_height"]	literal	1		{}	[]
gamerule/minecraft:max_snow_accumulation_height/value	["gamerule","minecraft:max_snow_accumulation_height","value"]	argument	1	brigadier:integer	{"max":8,"min":0}	[]
gamerule/minecraft:mob_drops	["gamerule","minecraft:mob_drops"]	literal	1		{}	[]
gamerule/minecraft:mob_drops/value	["gamerule","minecraft:mob_drops","value"]	argument	1	brigadier:bool	{}	[]
gamerule/minecraft:mob_explosion_drop_decay	["gamerule","minecraft:mob_explosion_drop_decay"]	literal	1		{}	[]
gamerule/minecraft:mob_explosion_drop_decay/value	["gamerule","minecraft:mob_explosion_drop_decay","value"]	argument	1	brigadier:bool	{}	[]
gamerule/minecraft:mob_griefing	["gamerule","minecraft:mob_griefing"]	literal	1		{}	[]
gamerule/minecraft:mob_griefing/value	["gamerule","minecraft:mob_griefing","value"]	argument	1	brigadier:bool	{}	[]
gamerule/minecraft:natural_health_regeneration	["gamerule","minecraft:natural_health_regeneration"]	literal	1		{}	[]
gamerule/minecraft:natural_health_regeneration/value	["gamerule","minecraft:natural_health_regeneration","value"]	argument	1	brigadier:bool	{}	[]
gamerule/minecraft:player_movement_check	["gamerule","minecraft:player_movement_check"]	literal	1		{}	[]
gamerule/minecraft:player_movement_check/value	["gamerule","minecraft:player_movement_check","value"]	argument	1	brigadier:bool	{}	[]
gamerule/minecraft:players_nether_portal_creative_delay	["gamerule","minecraft:players_nether_portal_creative_delay"]	literal	1		{}	[]
gamerule/minecraft:players_nether_portal_creative_delay/value	["gamerule","minecraft:players_nether_portal_creative_delay","value"]	argument	1	brigadier:integer	{"min":0}	[]
gamerule/minecraft:players_nether_portal_default_delay	["gamerule","minecraft:players_nether_portal_default_delay"]	literal	1		{}	[]
gamerule/minecraft:players_nether_portal_default_delay/value	["gamerule","minecraft:players_nether_portal_default_delay","value"]	argument	1	brigadier:integer	{"min":0}	[]
gamerule/minecraft:players_sleeping_percentage	["gamerule","minecraft:players_sleeping_percentage"]	literal	1		{}	[]
gamerule/minecraft:players_sleeping_percentage/value	["gamerule","minecraft:players_sleeping_percentage","value"]	argument	1	brigadier:integer	{"min":0}	[]
gamerule/minecraft:projectiles_can_break_blocks	["gamerule","minecraft:projectiles_can_break_blocks"]	literal	1		{}	[]
gamerule/minecraft:projectiles_can_break_blocks/value	["gamerule","minecraft:projectiles_can_break_blocks","value"]	argument	1	brigadier:bool	{}	[]
gamerule/minecraft:pvp	["gamerule","minecraft:pvp"]	literal	1		{}	[]
gamerule/minecraft:pvp/value	["gamerule","minecraft:pvp","value"]	argument	1	brigadier:bool	{}	[]
gamerule/minecraft:raids	["gamerule","minecraft:raids"]	literal	1		{}	[]
gamerule/minecraft:raids/value	["gamerule","minecraft:raids","value"]	argument	1	brigadier:bool	{}	[]
gamerule/minecraft:random_tick_speed	["gamerule","minecraft:random_tick_speed"]	literal	1		{}	[]
gamerule/minecraft:random_tick_speed/value	["gamerule","minecraft:random_tick_speed","value"]	argument	1	brigadier:integer	{"min":0}	[]
gamerule/minecraft:reduced_debug_info	["gamerule","minecraft:reduced_debug_info"]	literal	1		{}	[]
gamerule/minecraft:reduced_debug_info/value	["gamerule","minecraft:reduced_debug_info","value"]	argument	1	brigadier:bool	{}	[]
gamerule/minecraft:respawn_radius	["gamerule","minecraft:respawn_radius"]	literal	1		{}	[]
gamerule/minecraft:respawn_radius/value	["gamerule","minecraft:respawn_radius","value"]	argument	1	brigadier:integer	{"min":0}	[]
gamerule/minecraft:send_command_feedback	["gamerule","minecraft:send_command_feedback"]	literal	1		{}	[]
gamerule/minecraft:send_command_feedback/value	["gamerule","minecraft:send_command_feedback","value"]	argument	1	brigadier:bool	{}	[]
gamerule/minecraft:show_advancement_messages	["gamerule","minecraft:show_advancement_messages"]	literal	1		{}	[]
gamerule/minecraft:show_advancement_messages/value	["gamerule","minecraft:show_advancement_messages","value"]	argument	1	brigadier:bool	{}	[]
gamerule/minecraft:show_death_messages	["gamerule","minecraft:show_death_messages"]	literal	1		{}	[]
gamerule/minecraft:show_death_messages/value	["gamerule","minecraft:show_death_messages","value"]	argument	1	brigadier:bool	{}	[]
gamerule/minecraft:spawn_mobs	["gamerule","minecraft:spawn_mobs"]	literal	1		{}	[]
gamerule/minecraft:spawn_mobs/value	["gamerule","minecraft:spawn_mobs","value"]	argument	1	brigadier:bool	{}	[]
gamerule/minecraft:spawn_monsters	["gamerule","minecraft:spawn_monsters"]	literal	1		{}	[]
gamerule/minecraft:spawn_monsters/value	["gamerule","minecraft:spawn_monsters","value"]	argument	1	brigadier:bool	{}	[]
gamerule/minecraft:spawn_patrols	["gamerule","minecraft:spawn_patrols"]	literal	1		{}	[]
gamerule/minecraft:spawn_patrols/value	["gamerule","minecraft:spawn_patrols","value"]	argument	1	brigadier:bool	{}	[]
gamerule/minecraft:spawn_phantoms	["gamerule","minecraft:spawn_phantoms"]	literal	1		{}	[]
gamerule/minecraft:spawn_phantoms/value	["gamerule","minecraft:spawn_phantoms","value"]	argument	1	brigadier:bool	{}	[]
gamerule/minecraft:spawn_wandering_traders	["gamerule","minecraft:spawn_wandering_traders"]	literal	1		{}	[]
gamerule/minecraft:spawn_wandering_traders/value	["gamerule","minecraft:spawn_wandering_traders","value"]	argument	1	brigadier:bool	{}	[]
gamerule/minecraft:spawn_wardens	["gamerule","minecraft:spawn_wardens"]	literal	1		{}	[]
gamerule/minecraft:spawn_wardens/value	["gamerule","minecraft:spawn_wardens","value"]	argument	1	brigadier:bool	{}	[]
gamerule/minecraft:spawner_blocks_work	["gamerule","minecraft:spawner_blocks_work"]	literal	1		{}	[]
gamerule/minecraft:spawner_blocks_work/value	["gamerule","minecraft:spawner_blocks_work","value"]	argument	1	brigadier:bool	{}	[]
gamerule/minecraft:spectators_generate_chunks	["gamerule","minecraft:spectators_generate_chunks"]	literal	1		{}	[]
gamerule/minecraft:spectators_generate_chunks/value	["gamerule","minecraft:spectators_generate_chunks","value"]	argument	1	brigadier:bool	{}	[]
gamerule/minecraft:spread_vines	["gamerule","minecraft:spread_vines"]	literal	1		{}	[]
gamerule/minecraft:spread_vines/value	["gamerule","minecraft:spread_vines","value"]	argument	1	brigadier:bool	{}	[]
gamerule/minecraft:tnt_explodes	["gamerule","minecraft:tnt_explodes"]	literal	1		{}	[]
gamerule/minecraft:tnt_explodes/value	["gamerule","minecraft:tnt_explodes","value"]	argument	1	brigadier:bool	{}	[]
gamerule/minecraft:tnt_explosion_drop_decay	["gamerule","minecraft:tnt_explosion_drop_decay"]	literal	1		{}	[]
gamerule/minecraft:tnt_explosion_drop_decay/value	["gamerule","minecraft:tnt_explosion_drop_decay","value"]	argument	1	brigadier:bool	{}	[]
gamerule/minecraft:universal_anger	["gamerule","minecraft:universal_anger"]	literal	1		{}	[]
gamerule/minecraft:universal_anger/value	["gamerule","minecraft:universal_anger","value"]	argument	1	brigadier:bool	{}	[]
gamerule/minecraft:water_source_conversion	["gamerule","minecraft:water_source_conversion"]	literal	1		{}	[]
gamerule/minecraft:water_source_conversion/value	["gamerule","minecraft:water_source_conversion","value"]	argument	1	brigadier:bool	{}	[]
gamerule/mob_drops	["gamerule","mob_drops"]	literal	1		{}	[]
gamerule/mob_drops/value	["gamerule","mob_drops","value"]	argument	1	brigadier:bool	{}	[]
gamerule/mob_explosion_drop_decay	["gamerule","mob_explosion_drop_decay"]	literal	1		{}	[]
gamerule/mob_explosion_drop_decay/value	["gamerule","mob_explosion_drop_decay","value"]	argument	1	brigadier:bool	{}	[]
gamerule/mob_griefing	["gamerule","mob_griefing"]	literal	1		{}	[]
gamerule/mob_griefing/value	["gamerule","mob_griefing","value"]	argument	1	brigadier:bool	{}	[]
gamerule/natural_health_regeneration	["gamerule","natural_health_regeneration"]	literal	1		{}	[]
gamerule/natural_health_regeneration/value	["gamerule","natural_health_regeneration","value"]	argument	1	brigadier:bool	{}	[]
gamerule/player_movement_check	["gamerule","player_movement_check"]	literal	1		{}	[]
gamerule/player_movement_check/value	["gamerule","player_movement_check","value"]	argument	1	brigadier:bool	{}	[]
gamerule/players_nether_portal_creative_delay	["gamerule","players_nether_portal_creative_delay"]	literal	1		{}	[]
gamerule/players_nether_portal_creative_delay/value	["gamerule","players_nether_portal_creative_delay","value"]	argument	1	brigadier:integer	{"min":0}	[]
gamerule/players_nether_portal_default_delay	["gamerule","players_nether_portal_default_delay"]	literal	1		{}	[]
gamerule/players_nether_portal_default_delay/value	["gamerule","players_nether_portal_default_delay","value"]	argument	1	brigadier:integer	{"min":0}	[]
gamerule/players_sleeping_percentage	["gamerule","players_sleeping_percentage"]	literal	1		{}	[]
gamerule/players_sleeping_percentage/value	["gamerule","players_sleeping_percentage","value"]	argument	1	brigadier:integer	{"min":0}	[]
gamerule/projectiles_can_break_blocks	["gamerule","projectiles_can_break_blocks"]	literal	1		{}	[]
gamerule/projectiles_can_break_blocks/value	["gamerule","projectiles_can_break_blocks","value"]	argument	1	brigadier:bool	{}	[]
gamerule/pvp	["gamerule","pvp"]	literal	1		{}	[]
gamerule/pvp/value	["gamerule","pvp","value"]	argument	1	brigadier:bool	{}	[]
gamerule/raids	["gamerule","raids"]	literal	1		{}	[]
gamerule/raids/value	["gamerule","raids","value"]	argument	1	brigadier:bool	{}	[]
gamerule/random_tick_speed	["gamerule","random_tick_speed"]	literal	1		{}	[]
gamerule/random_tick_speed/value	["gamerule","random_tick_speed","value"]	argument	1	brigadier:integer	{"min":0}	[]
gamerule/reduced_debug_info	["gamerule","reduced_debug_info"]	literal	1		{}	[]
gamerule/reduced_debug_info/value	["gamerule","reduced_debug_info","value"]	argument	1	brigadier:bool	{}	[]
gamerule/respawn_radius	["gamerule","respawn_radius"]	literal	1		{}	[]
gamerule/respawn_radius/value	["gamerule","respawn_radius","value"]	argument	1	brigadier:integer	{"min":0}	[]
gamerule/send_command_feedback	["gamerule","send_command_feedback"]	literal	1		{}	[]
gamerule/send_command_feedback/value	["gamerule","send_command_feedback","value"]	argument	1	brigadier:bool	{}	[]
gamerule/show_advancement_messages	["gamerule","show_advancement_messages"]	literal	1		{}	[]
gamerule/show_advancement_messages/value	["gamerule","show_advancement_messages","value"]	argument	1	brigadier:bool	{}	[]
gamerule/show_death_messages	["gamerule","show_death_messages"]	literal	1		{}	[]
gamerule/show_death_messages/value	["gamerule","show_death_messages","value"]	argument	1	brigadier:bool	{}	[]
gamerule/spawn_mobs	["gamerule","spawn_mobs"]	literal	1		{}	[]
gamerule/spawn_mobs/value	["gamerule","spawn_mobs","value"]	argument	1	brigadier:bool	{}	[]
gamerule/spawn_monsters	["gamerule","spawn_monsters"]	literal	1		{}	[]
gamerule/spawn_monsters/value	["gamerule","spawn_monsters","value"]	argument	1	brigadier:bool	{}	[]
gamerule/spawn_patrols	["gamerule","spawn_patrols"]	literal	1		{}	[]
gamerule/spawn_patrols/value	["gamerule","spawn_patrols","value"]	argument	1	brigadier:bool	{}	[]
gamerule/spawn_phantoms	["gamerule","spawn_phantoms"]	literal	1		{}	[]
gamerule/spawn_phantoms/value	["gamerule","spawn_phantoms","value"]	argument	1	brigadier:bool	{}	[]
gamerule/spawn_wandering_traders	["gamerule","spawn_wandering_traders"]	literal	1		{}	[]
gamerule/spawn_wandering_traders/value	["gamerule","spawn_wandering_traders","value"]	argument	1	brigadier:bool	{}	[]
gamerule/spawn_wardens	["gamerule","spawn_wardens"]	literal	1		{}	[]
gamerule/spawn_wardens/value	["gamerule","spawn_wardens","value"]	argument	1	brigadier:bool	{}	[]
gamerule/spawner_blocks_work	["gamerule","spawner_blocks_work"]	literal	1		{}	[]
gamerule/spawner_blocks_work/value	["gamerule","spawner_blocks_work","value"]	argument	1	brigadier:bool	{}	[]
gamerule/spectators_generate_chunks	["gamerule","spectators_generate_chunks"]	literal	1		{}	[]
gamerule/spectators_generate_chunks/value	["gamerule","spectators_generate_chunks","value"]	argument	1	brigadier:bool	{}	[]
gamerule/spread_vines	["gamerule","spread_vines"]	literal	1		{}	[]
gamerule/spread_vines/value	["gamerule","spread_vines","value"]	argument	1	brigadier:bool	{}	[]
gamerule/tnt_explodes	["gamerule","tnt_explodes"]	literal	1		{}	[]
gamerule/tnt_explodes/value	["gamerule","tnt_explodes","value"]	argument	1	brigadier:bool	{}	[]
gamerule/tnt_explosion_drop_decay	["gamerule","tnt_explosion_drop_decay"]	literal	1		{}	[]
gamerule/tnt_explosion_drop_decay/value	["gamerule","tnt_explosion_drop_decay","value"]	argument	1	brigadier:bool	{}	[]
gamerule/universal_anger	["gamerule","universal_anger"]	literal	1		{}	[]
gamerule/universal_anger/value	["gamerule","universal_anger","value"]	argument	1	brigadier:bool	{}	[]
gamerule/water_source_conversion	["gamerule","water_source_conversion"]	literal	1		{}	[]
gamerule/water_source_conversion/value	["gamerule","water_source_conversion","value"]	argument	1	brigadier:bool	{}	[]
give	["give"]	literal	0		{}	[]
give/targets	["give","targets"]	argument	0	minecraft:entity	{"amount":"multiple","type":"players"}	[]
give/targets/item	["give","targets","item"]	argument	1	minecraft:item_stack	{}	[]
give/targets/item/count	["give","targets","item","count"]	argument	1	brigadier:integer	{"min":1}	[]
help	["help"]	literal	1		{}	[]
help/command	["help","command"]	argument	1	brigadier:string	{"type":"greedy"}	[]
item	["item"]	literal	0		{}	[]
item/fill	["item","fill"]	literal	0		{}	[]
item/fill/block	["item","fill","block"]	literal	0		{}	[]
item/fill/block/target	["item","fill","block","target"]	argument	0	minecraft:block_pos	{}	[]
item/fill/block/target/slots	["item","fill","block","target","slots"]	argument	0	minecraft:slot_source	{}	[]
item/fill/block/target/slots/from	["item","fill","block","target","slots","from"]	literal	0		{}	[]
item/fill/block/target/slots/from/block	["item","fill","block","target","slots","from","block"]	literal	0		{}	[]
item/fill/block/target/slots/from/block/source	["item","fill","block","target","slots","from","block","source"]	argument	0	minecraft:block_pos	{}	[]
item/fill/block/target/slots/from/block/source/sourceSlots	["item","fill","block","target","slots","from","block","source","sourceSlots"]	argument	1	minecraft:slot_source	{}	[]
item/fill/block/target/slots/from/block/source/sourceSlots/modifier	["item","fill","block","target","slots","from","block","source","sourceSlots","modifier"]	argument	1	minecraft:loot_modifier	{}	[]
item/fill/block/target/slots/from/entity	["item","fill","block","target","slots","from","entity"]	literal	0		{}	[]
item/fill/block/target/slots/from/entity/source	["item","fill","block","target","slots","from","entity","source"]	argument	0	minecraft:entity	{"amount":"multiple","type":"entities"}	[]
item/fill/block/target/slots/from/entity/source/sourceSlots	["item","fill","block","target","slots","from","entity","source","sourceSlots"]	argument	1	minecraft:slot_source	{}	[]
item/fill/block/target/slots/from/entity/source/sourceSlots/modifier	["item","fill","block","target","slots","from","entity","source","sourceSlots","modifier"]	argument	1	minecraft:loot_modifier	{}	[]
item/fill/block/target/slots/with	["item","fill","block","target","slots","with"]	literal	0		{}	[]
item/fill/block/target/slots/with/item	["item","fill","block","target","slots","with","item"]	argument	1	minecraft:item_stack	{}	[]
item/fill/block/target/slots/with/item/count	["item","fill","block","target","slots","with","item","count"]	argument	1	brigadier:integer	{"max":99,"min":1}	[]
item/fill/entity	["item","fill","entity"]	literal	0		{}	[]
item/fill/entity/target	["item","fill","entity","target"]	argument	0	minecraft:entity	{"amount":"multiple","type":"entities"}	[]
item/fill/entity/target/slots	["item","fill","entity","target","slots"]	argument	0	minecraft:slot_source	{}	[]
item/fill/entity/target/slots/from	["item","fill","entity","target","slots","from"]	literal	0		{}	[]
item/fill/entity/target/slots/from/block	["item","fill","entity","target","slots","from","block"]	literal	0		{}	[]
item/fill/entity/target/slots/from/block/source	["item","fill","entity","target","slots","from","block","source"]	argument	0	minecraft:block_pos	{}	[]
item/fill/entity/target/slots/from/block/source/sourceSlots	["item","fill","entity","target","slots","from","block","source","sourceSlots"]	argument	1	minecraft:slot_source	{}	[]
item/fill/entity/target/slots/from/block/source/sourceSlots/modifier	["item","fill","entity","target","slots","from","block","source","sourceSlots","modifier"]	argument	1	minecraft:loot_modifier	{}	[]
item/fill/entity/target/slots/from/entity	["item","fill","entity","target","slots","from","entity"]	literal	0		{}	[]
item/fill/entity/target/slots/from/entity/source	["item","fill","entity","target","slots","from","entity","source"]	argument	0	minecraft:entity	{"amount":"multiple","type":"entities"}	[]
item/fill/entity/target/slots/from/entity/source/sourceSlots	["item","fill","entity","target","slots","from","entity","source","sourceSlots"]	argument	1	minecraft:slot_source	{}	[]
item/fill/entity/target/slots/from/entity/source/sourceSlots/modifier	["item","fill","entity","target","slots","from","entity","source","sourceSlots","modifier"]	argument	1	minecraft:loot_modifier	{}	[]
item/fill/entity/target/slots/with	["item","fill","entity","target","slots","with"]	literal	0		{}	[]
item/fill/entity/target/slots/with/item	["item","fill","entity","target","slots","with","item"]	argument	1	minecraft:item_stack	{}	[]
item/fill/entity/target/slots/with/item/count	["item","fill","entity","target","slots","with","item","count"]	argument	1	brigadier:integer	{"max":99,"min":1}	[]
item/modify	["item","modify"]	literal	0		{}	[]
item/modify/block	["item","modify","block"]	literal	0		{}	[]
item/modify/block/target	["item","modify","block","target"]	argument	0	minecraft:block_pos	{}	[]
item/modify/block/target/slots	["item","modify","block","target","slots"]	argument	0	minecraft:slot_source	{}	[]
item/modify/block/target/slots/modifier	["item","modify","block","target","slots","modifier"]	argument	1	minecraft:loot_modifier	{}	[]
item/modify/entity	["item","modify","entity"]	literal	0		{}	[]
item/modify/entity/target	["item","modify","entity","target"]	argument	0	minecraft:entity	{"amount":"multiple","type":"entities"}	[]
item/modify/entity/target/slots	["item","modify","entity","target","slots"]	argument	0	minecraft:slot_source	{}	[]
item/modify/entity/target/slots/modifier	["item","modify","entity","target","slots","modifier"]	argument	1	minecraft:loot_modifier	{}	[]
item/override	["item","override"]	literal	0		{}	[]
item/override/block	["item","override","block"]	literal	0		{}	[]
item/override/block/target	["item","override","block","target"]	argument	0	minecraft:block_pos	{}	[]
item/override/block/target/slots	["item","override","block","target","slots"]	argument	0	minecraft:slot_source	{}	[]
item/override/block/target/slots/from	["item","override","block","target","slots","from"]	literal	0		{}	[]
item/override/block/target/slots/from/block	["item","override","block","target","slots","from","block"]	literal	0		{}	[]
item/override/block/target/slots/from/block/source	["item","override","block","target","slots","from","block","source"]	argument	0	minecraft:block_pos	{}	[]
item/override/block/target/slots/from/block/source/sourceSlots	["item","override","block","target","slots","from","block","source","sourceSlots"]	argument	1	minecraft:slot_source	{}	[]
item/override/block/target/slots/from/block/source/sourceSlots/modifier	["item","override","block","target","slots","from","block","source","sourceSlots","modifier"]	argument	1	minecraft:loot_modifier	{}	[]
item/override/block/target/slots/from/entity	["item","override","block","target","slots","from","entity"]	literal	0		{}	[]
item/override/block/target/slots/from/entity/source	["item","override","block","target","slots","from","entity","source"]	argument	0	minecraft:entity	{"amount":"multiple","type":"entities"}	[]
item/override/block/target/slots/from/entity/source/sourceSlots	["item","override","block","target","slots","from","entity","source","sourceSlots"]	argument	1	minecraft:slot_source	{}	[]
item/override/block/target/slots/from/entity/source/sourceSlots/modifier	["item","override","block","target","slots","from","entity","source","sourceSlots","modifier"]	argument	1	minecraft:loot_modifier	{}	[]
item/override/block/target/slots/with	["item","override","block","target","slots","with"]	literal	0		{}	[]
item/override/block/target/slots/with/item	["item","override","block","target","slots","with","item"]	argument	1	minecraft:item_stack	{}	[]
item/override/block/target/slots/with/item/count	["item","override","block","target","slots","with","item","count"]	argument	1	brigadier:integer	{"max":99,"min":1}	[]
item/override/entity	["item","override","entity"]	literal	0		{}	[]
item/override/entity/target	["item","override","entity","target"]	argument	0	minecraft:entity	{"amount":"multiple","type":"entities"}	[]
item/override/entity/target/slots	["item","override","entity","target","slots"]	argument	0	minecraft:slot_source	{}	[]
item/override/entity/target/slots/from	["item","override","entity","target","slots","from"]	literal	0		{}	[]
item/override/entity/target/slots/from/block	["item","override","entity","target","slots","from","block"]	literal	0		{}	[]
item/override/entity/target/slots/from/block/source	["item","override","entity","target","slots","from","block","source"]	argument	0	minecraft:block_pos	{}	[]
item/override/entity/target/slots/from/block/source/sourceSlots	["item","override","entity","target","slots","from","block","source","sourceSlots"]	argument	1	minecraft:slot_source	{}	[]
item/override/entity/target/slots/from/block/source/sourceSlots/modifier	["item","override","entity","target","slots","from","block","source","sourceSlots","modifier"]	argument	1	minecraft:loot_modifier	{}	[]
item/override/entity/target/slots/from/entity	["item","override","entity","target","slots","from","entity"]	literal	0		{}	[]
item/override/entity/target/slots/from/entity/source	["item","override","entity","target","slots","from","entity","source"]	argument	0	minecraft:entity	{"amount":"multiple","type":"entities"}	[]
item/override/entity/target/slots/from/entity/source/sourceSlots	["item","override","entity","target","slots","from","entity","source","sourceSlots"]	argument	1	minecraft:slot_source	{}	[]
item/override/entity/target/slots/from/entity/source/sourceSlots/modifier	["item","override","entity","target","slots","from","entity","source","sourceSlots","modifier"]	argument	1	minecraft:loot_modifier	{}	[]
item/override/entity/target/slots/with	["item","override","entity","target","slots","with"]	literal	0		{}	[]
item/override/entity/target/slots/with/item	["item","override","entity","target","slots","with","item"]	argument	1	minecraft:item_stack	{}	[]
item/override/entity/target/slots/with/item/count	["item","override","entity","target","slots","with","item","count"]	argument	1	brigadier:integer	{"max":99,"min":1}	[]
item/replace	["item","replace"]	literal	0		{}	[]
item/replace/block	["item","replace","block"]	literal	0		{}	[]
item/replace/block/target	["item","replace","block","target"]	argument	0	minecraft:block_pos	{}	[]
item/replace/block/target/slots	["item","replace","block","target","slots"]	argument	0	minecraft:slot_source	{}	[]
item/replace/block/target/slots/from	["item","replace","block","target","slots","from"]	literal	0		{}	[]
item/replace/block/target/slots/from/block	["item","replace","block","target","slots","from","block"]	literal	0		{}	[]
item/replace/block/target/slots/from/block/source	["item","replace","block","target","slots","from","block","source"]	argument	0	minecraft:block_pos	{}	[]
item/replace/block/target/slots/from/block/source/sourceSlots	["item","replace","block","target","slots","from","block","source","sourceSlots"]	argument	1	minecraft:slot_source	{}	[]
item/replace/block/target/slots/from/block/source/sourceSlots/modifier	["item","replace","block","target","slots","from","block","source","sourceSlots","modifier"]	argument	1	minecraft:loot_modifier	{}	[]
item/replace/block/target/slots/from/entity	["item","replace","block","target","slots","from","entity"]	literal	0		{}	[]
item/replace/block/target/slots/from/entity/source	["item","replace","block","target","slots","from","entity","source"]	argument	0	minecraft:entity	{"amount":"multiple","type":"entities"}	[]
item/replace/block/target/slots/from/entity/source/sourceSlots	["item","replace","block","target","slots","from","entity","source","sourceSlots"]	argument	1	minecraft:slot_source	{}	[]
item/replace/block/target/slots/from/entity/source/sourceSlots/modifier	["item","replace","block","target","slots","from","entity","source","sourceSlots","modifier"]	argument	1	minecraft:loot_modifier	{}	[]
item/replace/block/target/slots/with	["item","replace","block","target","slots","with"]	literal	0		{}	[]
item/replace/block/target/slots/with/item	["item","replace","block","target","slots","with","item"]	argument	1	minecraft:item_stack	{}	[]
item/replace/block/target/slots/with/item/count	["item","replace","block","target","slots","with","item","count"]	argument	1	brigadier:integer	{"max":99,"min":1}	[]
item/replace/entity	["item","replace","entity"]	literal	0		{}	[]
item/replace/entity/target	["item","replace","entity","target"]	argument	0	minecraft:entity	{"amount":"multiple","type":"entities"}	[]
item/replace/entity/target/slots	["item","replace","entity","target","slots"]	argument	0	minecraft:slot_source	{}	[]
item/replace/entity/target/slots/from	["item","replace","entity","target","slots","from"]	literal	0		{}	[]
item/replace/entity/target/slots/from/block	["item","replace","entity","target","slots","from","block"]	literal	0		{}	[]
item/replace/entity/target/slots/from/block/source	["item","replace","entity","target","slots","from","block","source"]	argument	0	minecraft:block_pos	{}	[]
item/replace/entity/target/slots/from/block/source/sourceSlots	["item","replace","entity","target","slots","from","block","source","sourceSlots"]	argument	1	minecraft:slot_source	{}	[]
item/replace/entity/target/slots/from/block/source/sourceSlots/modifier	["item","replace","entity","target","slots","from","block","source","sourceSlots","modifier"]	argument	1	minecraft:loot_modifier	{}	[]
item/replace/entity/target/slots/from/entity	["item","replace","entity","target","slots","from","entity"]	literal	0		{}	[]
item/replace/entity/target/slots/from/entity/source	["item","replace","entity","target","slots","from","entity","source"]	argument	0	minecraft:entity	{"amount":"multiple","type":"entities"}	[]
item/replace/entity/target/slots/from/entity/source/sourceSlots	["item","replace","entity","target","slots","from","entity","source","sourceSlots"]	argument	1	minecraft:slot_source	{}	[]
item/replace/entity/target/slots/from/entity/source/sourceSlots/modifier	["item","replace","entity","target","slots","from","entity","source","sourceSlots","modifier"]	argument	1	minecraft:loot_modifier	{}	[]
item/replace/entity/target/slots/with	["item","replace","entity","target","slots","with"]	literal	0		{}	[]
item/replace/entity/target/slots/with/item	["item","replace","entity","target","slots","with","item"]	argument	1	minecraft:item_stack	{}	[]
item/replace/entity/target/slots/with/item/count	["item","replace","entity","target","slots","with","item","count"]	argument	1	brigadier:integer	{"max":99,"min":1}	[]
jfr	["jfr"]	literal	0		{}	[]
jfr/start	["jfr","start"]	literal	1		{}	[]
jfr/stop	["jfr","stop"]	literal	1		{}	[]
kick	["kick"]	literal	0		{}	[]
kick/targets	["kick","targets"]	argument	1	minecraft:entity	{"amount":"multiple","type":"players"}	[]
kick/targets/reason	["kick","targets","reason"]	argument	1	minecraft:message	{}	[]
kill	["kill"]	literal	1		{}	[]
kill/targets	["kill","targets"]	argument	1	minecraft:entity	{"amount":"multiple","type":"entities"}	[]
list	["list"]	literal	1		{}	[]
list/uuids	["list","uuids"]	literal	1		{}	[]
locate	["locate"]	literal	0		{}	[]
locate/biome	["locate","biome"]	literal	0		{}	[]
locate/biome/biome	["locate","biome","biome"]	argument	1	minecraft:resource_or_tag	{"registry":"minecraft:worldgen/biome"}	[]
locate/poi	["locate","poi"]	literal	0		{}	[]
locate/poi/poi	["locate","poi","poi"]	argument	1	minecraft:resource_or_tag	{"registry":"minecraft:point_of_interest_type"}	[]
locate/structure	["locate","structure"]	literal	0		{}	[]
locate/structure/structure	["locate","structure","structure"]	argument	1	minecraft:resource_or_tag_key	{"registry":"minecraft:worldgen/structure"}	[]
loot	["loot"]	literal	0		{}	[]
loot/give	["loot","give"]	literal	0		{}	[]
loot/give/players	["loot","give","players"]	argument	0	minecraft:entity	{"amount":"multiple","type":"players"}	[]
loot/give/players/fish	["loot","give","players","fish"]	literal	0		{}	[]
loot/give/players/fish/loot_table	["loot","give","players","fish","loot_table"]	argument	0	minecraft:loot_table	{}	[]
loot/give/players/fish/loot_table/pos	["loot","give","players","fish","loot_table","pos"]	argument	1	minecraft:block_pos	{}	[]
loot/give/players/fish/loot_table/pos/mainhand	["loot","give","players","fish","loot_table","pos","mainhand"]	literal	1		{}	[]
loot/give/players/fish/loot_table/pos/offhand	["loot","give","players","fish","loot_table","pos","offhand"]	literal	1		{}	[]
loot/give/players/fish/loot_table/pos/tool	["loot","give","players","fish","loot_table","pos","tool"]	argument	1	minecraft:item_stack	{}	[]
loot/give/players/kill	["loot","give","players","kill"]	literal	0		{}	[]
loot/give/players/kill/target	["loot","give","players","kill","target"]	argument	1	minecraft:entity	{"amount":"single","type":"entities"}	[]
loot/give/players/loot	["loot","give","players","loot"]	literal	0		{}	[]
loot/give/players/loot/loot_table	["loot","give","players","loot","loot_table"]	argument	1	minecraft:loot_table	{}	[]
loot/give/players/mine	["loot","give","players","mine"]	literal	0		{}	[]
loot/give/players/mine/pos	["loot","give","players","mine","pos"]	argument	1	minecraft:block_pos	{}	[]
loot/give/players/mine/pos/mainhand	["loot","give","players","mine","pos","mainhand"]	literal	1		{}	[]
loot/give/players/mine/pos/offhand	["loot","give","players","mine","pos","offhand"]	literal	1		{}	[]
loot/give/players/mine/pos/tool	["loot","give","players","mine","pos","tool"]	argument	1	minecraft:item_stack	{}	[]
loot/insert	["loot","insert"]	literal	0		{}	[]
loot/insert/targetPos	["loot","insert","targetPos"]	argument	0	minecraft:block_pos	{}	[]
loot/insert/targetPos/fish	["loot","insert","targetPos","fish"]	literal	0		{}	[]
loot/insert/targetPos/fish/loot_table	["loot","insert","targetPos","fish","loot_table"]	argument	0	minecraft:loot_table	{}	[]
loot/insert/targetPos/fish/loot_table/pos	["loot","insert","targetPos","fish","loot_table","pos"]	argument	1	minecraft:block_pos	{}	[]
loot/insert/targetPos/fish/loot_table/pos/mainhand	["loot","insert","targetPos","fish","loot_table","pos","mainhand"]	literal	1		{}	[]
loot/insert/targetPos/fish/loot_table/pos/offhand	["loot","insert","targetPos","fish","loot_table","pos","offhand"]	literal	1		{}	[]
loot/insert/targetPos/fish/loot_table/pos/tool	["loot","insert","targetPos","fish","loot_table","pos","tool"]	argument	1	minecraft:item_stack	{}	[]
loot/insert/targetPos/kill	["loot","insert","targetPos","kill"]	literal	0		{}	[]
loot/insert/targetPos/kill/target	["loot","insert","targetPos","kill","target"]	argument	1	minecraft:entity	{"amount":"single","type":"entities"}	[]
loot/insert/targetPos/loot	["loot","insert","targetPos","loot"]	literal	0		{}	[]
loot/insert/targetPos/loot/loot_table	["loot","insert","targetPos","loot","loot_table"]	argument	1	minecraft:loot_table	{}	[]
loot/insert/targetPos/mine	["loot","insert","targetPos","mine"]	literal	0		{}	[]
loot/insert/targetPos/mine/pos	["loot","insert","targetPos","mine","pos"]	argument	1	minecraft:block_pos	{}	[]
loot/insert/targetPos/mine/pos/mainhand	["loot","insert","targetPos","mine","pos","mainhand"]	literal	1		{}	[]
loot/insert/targetPos/mine/pos/offhand	["loot","insert","targetPos","mine","pos","offhand"]	literal	1		{}	[]
loot/insert/targetPos/mine/pos/tool	["loot","insert","targetPos","mine","pos","tool"]	argument	1	minecraft:item_stack	{}	[]
loot/replace	["loot","replace"]	literal	0		{}	[]
loot/replace/block	["loot","replace","block"]	literal	0		{}	[]
loot/replace/block/targetPos	["loot","replace","block","targetPos"]	argument	0	minecraft:block_pos	{}	[]
loot/replace/block/targetPos/slot	["loot","replace","block","targetPos","slot"]	argument	0	minecraft:item_slot	{}	[]
loot/replace/block/targetPos/slot/count	["loot","replace","block","targetPos","slot","count"]	argument	0	brigadier:integer	{"min":0}	[]
loot/replace/block/targetPos/slot/count/fish	["loot","replace","block","targetPos","slot","count","fish"]	literal	0		{}	[]
loot/replace/block/targetPos/slot/count/fish/loot_table	["loot","replace","block","targetPos","slot","count","fish","loot_table"]	argument	0	minecraft:loot_table	{}	[]
loot/replace/block/targetPos/slot/count/fish/loot_table/pos	["loot","replace","block","targetPos","slot","count","fish","loot_table","pos"]	argument	1	minecraft:block_pos	{}	[]
loot/replace/block/targetPos/slot/count/fish/loot_table/pos/mainhand	["loot","replace","block","targetPos","slot","count","fish","loot_table","pos","mainhand"]	literal	1		{}	[]
loot/replace/block/targetPos/slot/count/fish/loot_table/pos/offhand	["loot","replace","block","targetPos","slot","count","fish","loot_table","pos","offhand"]	literal	1		{}	[]
loot/replace/block/targetPos/slot/count/fish/loot_table/pos/tool	["loot","replace","block","targetPos","slot","count","fish","loot_table","pos","tool"]	argument	1	minecraft:item_stack	{}	[]
loot/replace/block/targetPos/slot/count/kill	["loot","replace","block","targetPos","slot","count","kill"]	literal	0		{}	[]
loot/replace/block/targetPos/slot/count/kill/target	["loot","replace","block","targetPos","slot","count","kill","target"]	argument	1	minecraft:entity	{"amount":"single","type":"entities"}	[]
loot/replace/block/targetPos/slot/count/loot	["loot","replace","block","targetPos","slot","count","loot"]	literal	0		{}	[]
loot/replace/block/targetPos/slot/count/loot/loot_table	["loot","replace","block","targetPos","slot","count","loot","loot_table"]	argument	1	minecraft:loot_table	{}	[]
loot/replace/block/targetPos/slot/count/mine	["loot","replace","block","targetPos","slot","count","mine"]	literal	0		{}	[]
loot/replace/block/targetPos/slot/count/mine/pos	["loot","replace","block","targetPos","slot","count","mine","pos"]	argument	1	minecraft:block_pos	{}	[]
loot/replace/block/targetPos/slot/count/mine/pos/mainhand	["loot","replace","block","targetPos","slot","count","mine","pos","mainhand"]	literal	1		{}	[]
loot/replace/block/targetPos/slot/count/mine/pos/offhand	["loot","replace","block","targetPos","slot","count","mine","pos","offhand"]	literal	1		{}	[]
loot/replace/block/targetPos/slot/count/mine/pos/tool	["loot","replace","block","targetPos","slot","count","mine","pos","tool"]	argument	1	minecraft:item_stack	{}	[]
loot/replace/block/targetPos/slot/fish	["loot","replace","block","targetPos","slot","fish"]	literal	0		{}	[]
loot/replace/block/targetPos/slot/fish/loot_table	["loot","replace","block","targetPos","slot","fish","loot_table"]	argument	0	minecraft:loot_table	{}	[]
loot/replace/block/targetPos/slot/fish/loot_table/pos	["loot","replace","block","targetPos","slot","fish","loot_table","pos"]	argument	1	minecraft:block_pos	{}	[]
loot/replace/block/targetPos/slot/fish/loot_table/pos/mainhand	["loot","replace","block","targetPos","slot","fish","loot_table","pos","mainhand"]	literal	1		{}	[]
loot/replace/block/targetPos/slot/fish/loot_table/pos/offhand	["loot","replace","block","targetPos","slot","fish","loot_table","pos","offhand"]	literal	1		{}	[]
loot/replace/block/targetPos/slot/fish/loot_table/pos/tool	["loot","replace","block","targetPos","slot","fish","loot_table","pos","tool"]	argument	1	minecraft:item_stack	{}	[]
loot/replace/block/targetPos/slot/kill	["loot","replace","block","targetPos","slot","kill"]	literal	0		{}	[]
loot/replace/block/targetPos/slot/kill/target	["loot","replace","block","targetPos","slot","kill","target"]	argument	1	minecraft:entity	{"amount":"single","type":"entities"}	[]
loot/replace/block/targetPos/slot/loot	["loot","replace","block","targetPos","slot","loot"]	literal	0		{}	[]
loot/replace/block/targetPos/slot/loot/loot_table	["loot","replace","block","targetPos","slot","loot","loot_table"]	argument	1	minecraft:loot_table	{}	[]
loot/replace/block/targetPos/slot/mine	["loot","replace","block","targetPos","slot","mine"]	literal	0		{}	[]
loot/replace/block/targetPos/slot/mine/pos	["loot","replace","block","targetPos","slot","mine","pos"]	argument	1	minecraft:block_pos	{}	[]
loot/replace/block/targetPos/slot/mine/pos/mainhand	["loot","replace","block","targetPos","slot","mine","pos","mainhand"]	literal	1		{}	[]
loot/replace/block/targetPos/slot/mine/pos/offhand	["loot","replace","block","targetPos","slot","mine","pos","offhand"]	literal	1		{}	[]
loot/replace/block/targetPos/slot/mine/pos/tool	["loot","replace","block","targetPos","slot","mine","pos","tool"]	argument	1	minecraft:item_stack	{}	[]
loot/replace/entity	["loot","replace","entity"]	literal	0		{}	[]
loot/replace/entity/entities	["loot","replace","entity","entities"]	argument	0	minecraft:entity	{"amount":"multiple","type":"entities"}	[]
loot/replace/entity/entities/slot	["loot","replace","entity","entities","slot"]	argument	0	minecraft:item_slot	{}	[]
loot/replace/entity/entities/slot/count	["loot","replace","entity","entities","slot","count"]	argument	0	brigadier:integer	{"min":0}	[]
loot/replace/entity/entities/slot/count/fish	["loot","replace","entity","entities","slot","count","fish"]	literal	0		{}	[]
loot/replace/entity/entities/slot/count/fish/loot_table	["loot","replace","entity","entities","slot","count","fish","loot_table"]	argument	0	minecraft:loot_table	{}	[]
loot/replace/entity/entities/slot/count/fish/loot_table/pos	["loot","replace","entity","entities","slot","count","fish","loot_table","pos"]	argument	1	minecraft:block_pos	{}	[]
loot/replace/entity/entities/slot/count/fish/loot_table/pos/mainhand	["loot","replace","entity","entities","slot","count","fish","loot_table","pos","mainhand"]	literal	1		{}	[]
loot/replace/entity/entities/slot/count/fish/loot_table/pos/offhand	["loot","replace","entity","entities","slot","count","fish","loot_table","pos","offhand"]	literal	1		{}	[]
loot/replace/entity/entities/slot/count/fish/loot_table/pos/tool	["loot","replace","entity","entities","slot","count","fish","loot_table","pos","tool"]	argument	1	minecraft:item_stack	{}	[]
loot/replace/entity/entities/slot/count/kill	["loot","replace","entity","entities","slot","count","kill"]	literal	0		{}	[]
loot/replace/entity/entities/slot/count/kill/target	["loot","replace","entity","entities","slot","count","kill","target"]	argument	1	minecraft:entity	{"amount":"single","type":"entities"}	[]
loot/replace/entity/entities/slot/count/loot	["loot","replace","entity","entities","slot","count","loot"]	literal	0		{}	[]
loot/replace/entity/entities/slot/count/loot/loot_table	["loot","replace","entity","entities","slot","count","loot","loot_table"]	argument	1	minecraft:loot_table	{}	[]
loot/replace/entity/entities/slot/count/mine	["loot","replace","entity","entities","slot","count","mine"]	literal	0		{}	[]
loot/replace/entity/entities/slot/count/mine/pos	["loot","replace","entity","entities","slot","count","mine","pos"]	argument	1	minecraft:block_pos	{}	[]
loot/replace/entity/entities/slot/count/mine/pos/mainhand	["loot","replace","entity","entities","slot","count","mine","pos","mainhand"]	literal	1		{}	[]
loot/replace/entity/entities/slot/count/mine/pos/offhand	["loot","replace","entity","entities","slot","count","mine","pos","offhand"]	literal	1		{}	[]
loot/replace/entity/entities/slot/count/mine/pos/tool	["loot","replace","entity","entities","slot","count","mine","pos","tool"]	argument	1	minecraft:item_stack	{}	[]
loot/replace/entity/entities/slot/fish	["loot","replace","entity","entities","slot","fish"]	literal	0		{}	[]
loot/replace/entity/entities/slot/fish/loot_table	["loot","replace","entity","entities","slot","fish","loot_table"]	argument	0	minecraft:loot_table	{}	[]
loot/replace/entity/entities/slot/fish/loot_table/pos	["loot","replace","entity","entities","slot","fish","loot_table","pos"]	argument	1	minecraft:block_pos	{}	[]
loot/replace/entity/entities/slot/fish/loot_table/pos/mainhand	["loot","replace","entity","entities","slot","fish","loot_table","pos","mainhand"]	literal	1		{}	[]
loot/replace/entity/entities/slot/fish/loot_table/pos/offhand	["loot","replace","entity","entities","slot","fish","loot_table","pos","offhand"]	literal	1		{}	[]
loot/replace/entity/entities/slot/fish/loot_table/pos/tool	["loot","replace","entity","entities","slot","fish","loot_table","pos","tool"]	argument	1	minecraft:item_stack	{}	[]
loot/replace/entity/entities/slot/kill	["loot","replace","entity","entities","slot","kill"]	literal	0		{}	[]
loot/replace/entity/entities/slot/kill/target	["loot","replace","entity","entities","slot","kill","target"]	argument	1	minecraft:entity	{"amount":"single","type":"entities"}	[]
loot/replace/entity/entities/slot/loot	["loot","replace","entity","entities","slot","loot"]	literal	0		{}	[]
loot/replace/entity/entities/slot/loot/loot_table	["loot","replace","entity","entities","slot","loot","loot_table"]	argument	1	minecraft:loot_table	{}	[]
loot/replace/entity/entities/slot/mine	["loot","replace","entity","entities","slot","mine"]	literal	0		{}	[]
loot/replace/entity/entities/slot/mine/pos	["loot","replace","entity","entities","slot","mine","pos"]	argument	1	minecraft:block_pos	{}	[]
loot/replace/entity/entities/slot/mine/pos/mainhand	["loot","replace","entity","entities","slot","mine","pos","mainhand"]	literal	1		{}	[]
loot/replace/entity/entities/slot/mine/pos/offhand	["loot","replace","entity","entities","slot","mine","pos","offhand"]	literal	1		{}	[]
loot/replace/entity/entities/slot/mine/pos/tool	["loot","replace","entity","entities","slot","mine","pos","tool"]	argument	1	minecraft:item_stack	{}	[]
loot/spawn	["loot","spawn"]	literal	0		{}	[]
loot/spawn/targetPos	["loot","spawn","targetPos"]	argument	0	minecraft:vec3	{}	[]
loot/spawn/targetPos/fish	["loot","spawn","targetPos","fish"]	literal	0		{}	[]
loot/spawn/targetPos/fish/loot_table	["loot","spawn","targetPos","fish","loot_table"]	argument	0	minecraft:loot_table	{}	[]
loot/spawn/targetPos/fish/loot_table/pos	["loot","spawn","targetPos","fish","loot_table","pos"]	argument	1	minecraft:block_pos	{}	[]
loot/spawn/targetPos/fish/loot_table/pos/mainhand	["loot","spawn","targetPos","fish","loot_table","pos","mainhand"]	literal	1		{}	[]
loot/spawn/targetPos/fish/loot_table/pos/offhand	["loot","spawn","targetPos","fish","loot_table","pos","offhand"]	literal	1		{}	[]
loot/spawn/targetPos/fish/loot_table/pos/tool	["loot","spawn","targetPos","fish","loot_table","pos","tool"]	argument	1	minecraft:item_stack	{}	[]
loot/spawn/targetPos/kill	["loot","spawn","targetPos","kill"]	literal	0		{}	[]
loot/spawn/targetPos/kill/target	["loot","spawn","targetPos","kill","target"]	argument	1	minecraft:entity	{"amount":"single","type":"entities"}	[]
loot/spawn/targetPos/loot	["loot","spawn","targetPos","loot"]	literal	0		{}	[]
loot/spawn/targetPos/loot/loot_table	["loot","spawn","targetPos","loot","loot_table"]	argument	1	minecraft:loot_table	{}	[]
loot/spawn/targetPos/mine	["loot","spawn","targetPos","mine"]	literal	0		{}	[]
loot/spawn/targetPos/mine/pos	["loot","spawn","targetPos","mine","pos"]	argument	1	minecraft:block_pos	{}	[]
loot/spawn/targetPos/mine/pos/mainhand	["loot","spawn","targetPos","mine","pos","mainhand"]	literal	1		{}	[]
loot/spawn/targetPos/mine/pos/offhand	["loot","spawn","targetPos","mine","pos","offhand"]	literal	1		{}	[]
loot/spawn/targetPos/mine/pos/tool	["loot","spawn","targetPos","mine","pos","tool"]	argument	1	minecraft:item_stack	{}	[]
me	["me"]	literal	0		{}	[]
me/action	["me","action"]	argument	1	minecraft:message	{}	[]
msg	["msg"]	literal	0		{}	[]
msg/targets	["msg","targets"]	argument	0	minecraft:entity	{"amount":"multiple","type":"players"}	[]
msg/targets/message	["msg","targets","message"]	argument	1	minecraft:message	{}	[]
op	["op"]	literal	0		{}	[]
op/targets	["op","targets"]	argument	1	minecraft:game_profile	{}	[]
pardon	["pardon"]	literal	0		{}	[]
pardon/targets	["pardon","targets"]	argument	1	minecraft:game_profile	{}	[]
pardon-ip	["pardon-ip"]	literal	0		{}	[]
pardon-ip/target	["pardon-ip","target"]	argument	1	brigadier:string	{"type":"word"}	[]
particle	["particle"]	literal	0		{}	[]
particle/name	["particle","name"]	argument	1	minecraft:particle	{}	[]
particle/name/pos	["particle","name","pos"]	argument	1	minecraft:vec3	{}	[]
particle/name/pos/delta	["particle","name","pos","delta"]	argument	0	minecraft:vec3	{}	[]
particle/name/pos/delta/speed	["particle","name","pos","delta","speed"]	argument	0	brigadier:float	{"min":0.0}	[]
particle/name/pos/delta/speed/count	["particle","name","pos","delta","speed","count"]	argument	1	brigadier:integer	{"min":0}	[]
particle/name/pos/delta/speed/count/force	["particle","name","pos","delta","speed","count","force"]	literal	1		{}	[]
particle/name/pos/delta/speed/count/force/viewers	["particle","name","pos","delta","speed","count","force","viewers"]	argument	1	minecraft:entity	{"amount":"multiple","type":"players"}	[]
particle/name/pos/delta/speed/count/normal	["particle","name","pos","delta","speed","count","normal"]	literal	1		{}	[]
particle/name/pos/delta/speed/count/normal/viewers	["particle","name","pos","delta","speed","count","normal","viewers"]	argument	1	minecraft:entity	{"amount":"multiple","type":"players"}	[]
perf	["perf"]	literal	0		{}	[]
perf/start	["perf","start"]	literal	1		{}	[]
perf/stop	["perf","stop"]	literal	1		{}	[]
place	["place"]	literal	0		{}	[]
place/feature	["place","feature"]	literal	0		{}	[]
place/feature/feature	["place","feature","feature"]	argument	1	minecraft:feature	{}	[]
place/feature/feature/pos	["place","feature","feature","pos"]	argument	1	minecraft:block_pos	{}	[]
place/jigsaw	["place","jigsaw"]	literal	0		{}	[]
place/jigsaw/pool	["place","jigsaw","pool"]	argument	0	minecraft:resource_key	{"registry":"minecraft:worldgen/template_pool"}	[]
place/jigsaw/pool/target	["place","jigsaw","pool","target"]	argument	0	minecraft:resource_location	{}	[]
place/jigsaw/pool/target/max_depth	["place","jigsaw","pool","target","max_depth"]	argument	1	brigadier:integer	{"max":20,"min":1}	[]
place/jigsaw/pool/target/max_depth/position	["place","jigsaw","pool","target","max_depth","position"]	argument	1	minecraft:block_pos	{}	[]
place/structure	["place","structure"]	literal	0		{}	[]
place/structure/structure	["place","structure","structure"]	argument	1	minecraft:resource_key	{"registry":"minecraft:worldgen/structure"}	[]
place/structure/structure/pos	["place","structure","structure","pos"]	argument	1	minecraft:block_pos	{}	[]
place/template	["place","template"]	literal	0		{}	[]
place/template/template	["place","template","template"]	argument	1	minecraft:resource_location	{}	[]
place/template/template/pos	["place","template","template","pos"]	argument	1	minecraft:block_pos	{}	[]
place/template/template/pos/rotation	["place","template","template","pos","rotation"]	argument	1	minecraft:template_rotation	{}	[]
place/template/template/pos/rotation/mirror	["place","template","template","pos","rotation","mirror"]	argument	1	minecraft:template_mirror	{}	[]
place/template/template/pos/rotation/mirror/integrity	["place","template","template","pos","rotation","mirror","integrity"]	argument	1	brigadier:float	{"max":1.0,"min":0.0}	[]
place/template/template/pos/rotation/mirror/integrity/seed	["place","template","template","pos","rotation","mirror","integrity","seed"]	argument	1	brigadier:integer	{}	[]
place/template/template/pos/rotation/mirror/integrity/seed/strict	["place","template","template","pos","rotation","mirror","integrity","seed","strict"]	literal	1		{}	[]
playsound	["playsound"]	literal	0		{}	[]
playsound/sound	["playsound","sound"]	argument	1	minecraft:resource_location	{}	[]
playsound/sound/ambient	["playsound","sound","ambient"]	literal	1		{}	[]
playsound/sound/ambient/targets	["playsound","sound","ambient","targets"]	argument	1	minecraft:entity	{"amount":"multiple","type":"players"}	[]
playsound/sound/ambient/targets/pos	["playsound","sound","ambient","targets","pos"]	argument	1	minecraft:vec3	{}	[]
playsound/sound/ambient/targets/pos/volume	["playsound","sound","ambient","targets","pos","volume"]	argument	1	brigadier:float	{"min":0.0}	[]
playsound/sound/ambient/targets/pos/volume/pitch	["playsound","sound","ambient","targets","pos","volume","pitch"]	argument	1	brigadier:float	{"max":2.0,"min":0.0}	[]
playsound/sound/ambient/targets/pos/volume/pitch/minVolume	["playsound","sound","ambient","targets","pos","volume","pitch","minVolume"]	argument	1	brigadier:float	{"max":1.0,"min":0.0}	[]
playsound/sound/block	["playsound","sound","block"]	literal	1		{}	[]
playsound/sound/block/targets	["playsound","sound","block","targets"]	argument	1	minecraft:entity	{"amount":"multiple","type":"players"}	[]
playsound/sound/block/targets/pos	["playsound","sound","block","targets","pos"]	argument	1	minecraft:vec3	{}	[]
playsound/sound/block/targets/pos/volume	["playsound","sound","block","targets","pos","volume"]	argument	1	brigadier:float	{"min":0.0}	[]
playsound/sound/block/targets/pos/volume/pitch	["playsound","sound","block","targets","pos","volume","pitch"]	argument	1	brigadier:float	{"max":2.0,"min":0.0}	[]
playsound/sound/block/targets/pos/volume/pitch/minVolume	["playsound","sound","block","targets","pos","volume","pitch","minVolume"]	argument	1	brigadier:float	{"max":1.0,"min":0.0}	[]
playsound/sound/hostile	["playsound","sound","hostile"]	literal	1		{}	[]
playsound/sound/hostile/targets	["playsound","sound","hostile","targets"]	argument	1	minecraft:entity	{"amount":"multiple","type":"players"}	[]
playsound/sound/hostile/targets/pos	["playsound","sound","hostile","targets","pos"]	argument	1	minecraft:vec3	{}	[]
playsound/sound/hostile/targets/pos/volume	["playsound","sound","hostile","targets","pos","volume"]	argument	1	brigadier:float	{"min":0.0}	[]
playsound/sound/hostile/targets/pos/volume/pitch	["playsound","sound","hostile","targets","pos","volume","pitch"]	argument	1	brigadier:float	{"max":2.0,"min":0.0}	[]
playsound/sound/hostile/targets/pos/volume/pitch/minVolume	["playsound","sound","hostile","targets","pos","volume","pitch","minVolume"]	argument	1	brigadier:float	{"max":1.0,"min":0.0}	[]
playsound/sound/master	["playsound","sound","master"]	literal	1		{}	[]
playsound/sound/master/targets	["playsound","sound","master","targets"]	argument	1	minecraft:entity	{"amount":"multiple","type":"players"}	[]
playsound/sound/master/targets/pos	["playsound","sound","master","targets","pos"]	argument	1	minecraft:vec3	{}	[]
playsound/sound/master/targets/pos/volume	["playsound","sound","master","targets","pos","volume"]	argument	1	brigadier:float	{"min":0.0}	[]
playsound/sound/master/targets/pos/volume/pitch	["playsound","sound","master","targets","pos","volume","pitch"]	argument	1	brigadier:float	{"max":2.0,"min":0.0}	[]
playsound/sound/master/targets/pos/volume/pitch/minVolume	["playsound","sound","master","targets","pos","volume","pitch","minVolume"]	argument	1	brigadier:float	{"max":1.0,"min":0.0}	[]
playsound/sound/music	["playsound","sound","music"]	literal	1		{}	[]
playsound/sound/music/targets	["playsound","sound","music","targets"]	argument	1	minecraft:entity	{"amount":"multiple","type":"players"}	[]
playsound/sound/music/targets/pos	["playsound","sound","music","targets","pos"]	argument	1	minecraft:vec3	{}	[]
playsound/sound/music/targets/pos/volume	["playsound","sound","music","targets","pos","volume"]	argument	1	brigadier:float	{"min":0.0}	[]
playsound/sound/music/targets/pos/volume/pitch	["playsound","sound","music","targets","pos","volume","pitch"]	argument	1	brigadier:float	{"max":2.0,"min":0.0}	[]
playsound/sound/music/targets/pos/volume/pitch/minVolume	["playsound","sound","music","targets","pos","volume","pitch","minVolume"]	argument	1	brigadier:float	{"max":1.0,"min":0.0}	[]
playsound/sound/neutral	["playsound","sound","neutral"]	literal	1		{}	[]
playsound/sound/neutral/targets	["playsound","sound","neutral","targets"]	argument	1	minecraft:entity	{"amount":"multiple","type":"players"}	[]
playsound/sound/neutral/targets/pos	["playsound","sound","neutral","targets","pos"]	argument	1	minecraft:vec3	{}	[]
playsound/sound/neutral/targets/pos/volume	["playsound","sound","neutral","targets","pos","volume"]	argument	1	brigadier:float	{"min":0.0}	[]
playsound/sound/neutral/targets/pos/volume/pitch	["playsound","sound","neutral","targets","pos","volume","pitch"]	argument	1	brigadier:float	{"max":2.0,"min":0.0}	[]
playsound/sound/neutral/targets/pos/volume/pitch/minVolume	["playsound","sound","neutral","targets","pos","volume","pitch","minVolume"]	argument	1	brigadier:float	{"max":1.0,"min":0.0}	[]
playsound/sound/player	["playsound","sound","player"]	literal	1		{}	[]
playsound/sound/player/targets	["playsound","sound","player","targets"]	argument	1	minecraft:entity	{"amount":"multiple","type":"players"}	[]
playsound/sound/player/targets/pos	["playsound","sound","player","targets","pos"]	argument	1	minecraft:vec3	{}	[]
playsound/sound/player/targets/pos/volume	["playsound","sound","player","targets","pos","volume"]	argument	1	brigadier:float	{"min":0.0}	[]
playsound/sound/player/targets/pos/volume/pitch	["playsound","sound","player","targets","pos","volume","pitch"]	argument	1	brigadier:float	{"max":2.0,"min":0.0}	[]
playsound/sound/player/targets/pos/volume/pitch/minVolume	["playsound","sound","player","targets","pos","volume","pitch","minVolume"]	argument	1	brigadier:float	{"max":1.0,"min":0.0}	[]
playsound/sound/record	["playsound","sound","record"]	literal	1		{}	[]
playsound/sound/record/targets	["playsound","sound","record","targets"]	argument	1	minecraft:entity	{"amount":"multiple","type":"players"}	[]
playsound/sound/record/targets/pos	["playsound","sound","record","targets","pos"]	argument	1	minecraft:vec3	{}	[]
playsound/sound/record/targets/pos/volume	["playsound","sound","record","targets","pos","volume"]	argument	1	brigadier:float	{"min":0.0}	[]
playsound/sound/record/targets/pos/volume/pitch	["playsound","sound","record","targets","pos","volume","pitch"]	argument	1	brigadier:float	{"max":2.0,"min":0.0}	[]
playsound/sound/record/targets/pos/volume/pitch/minVolume	["playsound","sound","record","targets","pos","volume","pitch","minVolume"]	argument	1	brigadier:float	{"max":1.0,"min":0.0}	[]
playsound/sound/ui	["playsound","sound","ui"]	literal	1		{}	[]
playsound/sound/ui/targets	["playsound","sound","ui","targets"]	argument	1	minecraft:entity	{"amount":"multiple","type":"players"}	[]
playsound/sound/ui/targets/pos	["playsound","sound","ui","targets","pos"]	argument	1	minecraft:vec3	{}	[]
playsound/sound/ui/targets/pos/volume	["playsound","sound","ui","targets","pos","volume"]	argument	1	brigadier:float	{"min":0.0}	[]
playsound/sound/ui/targets/pos/volume/pitch	["playsound","sound","ui","targets","pos","volume","pitch"]	argument	1	brigadier:float	{"max":2.0,"min":0.0}	[]
playsound/sound/ui/targets/pos/volume/pitch/minVolume	["playsound","sound","ui","targets","pos","volume","pitch","minVolume"]	argument	1	brigadier:float	{"max":1.0,"min":0.0}	[]
playsound/sound/voice	["playsound","sound","voice"]	literal	1		{}	[]
playsound/sound/voice/targets	["playsound","sound","voice","targets"]	argument	1	minecraft:entity	{"amount":"multiple","type":"players"}	[]
playsound/sound/voice/targets/pos	["playsound","sound","voice","targets","pos"]	argument	1	minecraft:vec3	{}	[]
playsound/sound/voice/targets/pos/volume	["playsound","sound","voice","targets","pos","volume"]	argument	1	brigadier:float	{"min":0.0}	[]
playsound/sound/voice/targets/pos/volume/pitch	["playsound","sound","voice","targets","pos","volume","pitch"]	argument	1	brigadier:float	{"max":2.0,"min":0.0}	[]
playsound/sound/voice/targets/pos/volume/pitch/minVolume	["playsound","sound","voice","targets","pos","volume","pitch","minVolume"]	argument	1	brigadier:float	{"max":1.0,"min":0.0}	[]
playsound/sound/weather	["playsound","sound","weather"]	literal	1		{}	[]
playsound/sound/weather/targets	["playsound","sound","weather","targets"]	argument	1	minecraft:entity	{"amount":"multiple","type":"players"}	[]
playsound/sound/weather/targets/pos	["playsound","sound","weather","targets","pos"]	argument	1	minecraft:vec3	{}	[]
playsound/sound/weather/targets/pos/volume	["playsound","sound","weather","targets","pos","volume"]	argument	1	brigadier:float	{"min":0.0}	[]
playsound/sound/weather/targets/pos/volume/pitch	["playsound","sound","weather","targets","pos","volume","pitch"]	argument	1	brigadier:float	{"max":2.0,"min":0.0}	[]
playsound/sound/weather/targets/pos/volume/pitch/minVolume	["playsound","sound","weather","targets","pos","volume","pitch","minVolume"]	argument	1	brigadier:float	{"max":1.0,"min":0.0}	[]
posteffect	["posteffect"]	literal	0		{}	[]
posteffect/add	["posteffect","add"]	literal	0		{}	[]
posteffect/add/targets	["posteffect","add","targets"]	argument	0	minecraft:entity	{"amount":"multiple","type":"players"}	[]
posteffect/add/targets/posteffect	["posteffect","add","targets","posteffect"]	argument	1	minecraft:resource_location	{}	[]
posteffect/clear	["posteffect","clear"]	literal	0		{}	[]
posteffect/clear/targets	["posteffect","clear","targets"]	argument	1	minecraft:entity	{"amount":"multiple","type":"players"}	[]
posteffect/list	["posteffect","list"]	literal	0		{}	[]
posteffect/list/target	["posteffect","list","target"]	argument	1	minecraft:entity	{"amount":"single","type":"players"}	[]
posteffect/remove	["posteffect","remove"]	literal	0		{}	[]
posteffect/remove/targets	["posteffect","remove","targets"]	argument	0	minecraft:entity	{"amount":"multiple","type":"players"}	[]
posteffect/remove/targets/posteffect	["posteffect","remove","targets","posteffect"]	argument	1	minecraft:resource_location	{}	[]
publish	["publish"]	literal	1		{}	[]
publish/allowCommands	["publish","allowCommands"]	argument	1	brigadier:bool	{}	[]
publish/allowCommands/port	["publish","allowCommands","port"]	argument	1	brigadier:integer	{"max":65535,"min":0}	[]
random	["random"]	literal	0		{}	[]
random/reset	["random","reset"]	literal	0		{}	[]
random/reset/*	["random","reset","*"]	literal	1		{}	[]
random/reset/*/seed	["random","reset","*","seed"]	argument	1	brigadier:integer	{}	[]
random/reset/*/seed/includeWorldSeed	["random","reset","*","seed","includeWorldSeed"]	argument	1	brigadier:bool	{}	[]
random/reset/*/seed/includeWorldSeed/includeSequenceId	["random","reset","*","seed","includeWorldSeed","includeSequenceId"]	argument	1	brigadier:bool	{}	[]
random/reset/sequence	["random","reset","sequence"]	argument	1	minecraft:resource_location	{}	[]
random/reset/sequence/seed	["random","reset","sequence","seed"]	argument	1	brigadier:integer	{}	[]
random/reset/sequence/seed/includeWorldSeed	["random","reset","sequence","seed","includeWorldSeed"]	argument	1	brigadier:bool	{}	[]
random/reset/sequence/seed/includeWorldSeed/includeSequenceId	["random","reset","sequence","seed","includeWorldSeed","includeSequenceId"]	argument	1	brigadier:bool	{}	[]
random/roll	["random","roll"]	literal	0		{}	[]
random/roll/range	["random","roll","range"]	argument	1	minecraft:int_range	{}	[]
random/roll/range/sequence	["random","roll","range","sequence"]	argument	1	minecraft:resource_location	{}	[]
random/value	["random","value"]	literal	0		{}	[]
random/value/range	["random","value","range"]	argument	1	minecraft:int_range	{}	[]
random/value/range/sequence	["random","value","range","sequence"]	argument	1	minecraft:resource_location	{}	[]
recipe	["recipe"]	literal	0		{}	[]
recipe/give	["recipe","give"]	literal	0		{}	[]
recipe/give/targets	["recipe","give","targets"]	argument	0	minecraft:entity	{"amount":"multiple","type":"players"}	[]
recipe/give/targets/*	["recipe","give","targets","*"]	literal	1		{}	[]
recipe/give/targets/recipe	["recipe","give","targets","recipe"]	argument	1	minecraft:resource_key	{"registry":"minecraft:recipe"}	[]
recipe/take	["recipe","take"]	literal	0		{}	[]
recipe/take/targets	["recipe","take","targets"]	argument	0	minecraft:entity	{"amount":"multiple","type":"players"}	[]
recipe/take/targets/*	["recipe","take","targets","*"]	literal	1		{}	[]
recipe/take/targets/recipe	["recipe","take","targets","recipe"]	argument	1	minecraft:resource_key	{"registry":"minecraft:recipe"}	[]
reload	["reload"]	literal	1		{}	[]
return	["return"]	literal	0		{}	[]
return/fail	["return","fail"]	literal	1		{}	[]
return/run	["return","run"]	literal	0		{}	[]
return/value	["return","value"]	argument	1	brigadier:integer	{}	[]
ride	["ride"]	literal	0		{}	[]
ride/target	["ride","target"]	argument	0	minecraft:entity	{"amount":"single","type":"entities"}	[]
ride/target/dismount	["ride","target","dismount"]	literal	1		{}	[]
ride/target/mount	["ride","target","mount"]	literal	0		{}	[]
ride/target/mount/vehicle	["ride","target","mount","vehicle"]	argument	1	minecraft:entity	{"amount":"single","type":"entities"}	[]
rotate	["rotate"]	literal	0		{}	[]
rotate/target	["rotate","target"]	argument	0	minecraft:entity	{"amount":"single","type":"entities"}	[]
rotate/target/facing	["rotate","target","facing"]	literal	0		{}	[]
rotate/target/facing/entity	["rotate","target","facing","entity"]	literal	0		{}	[]
rotate/target/facing/entity/facingEntity	["rotate","target","facing","entity","facingEntity"]	argument	1	minecraft:entity	{"amount":"single","type":"entities"}	[]
rotate/target/facing/entity/facingEntity/facingAnchor	["rotate","target","facing","entity","facingEntity","facingAnchor"]	argument	1	minecraft:entity_anchor	{}	[]
rotate/target/facing/facingLocation	["rotate","target","facing","facingLocation"]	argument	1	minecraft:vec3	{}	[]
rotate/target/rotation	["rotate","target","rotation"]	argument	1	minecraft:rotation	{}	[]
save-all	["save-all"]	literal	1		{}	[]
save-all/flush	["save-all","flush"]	literal	1		{}	[]
save-off	["save-off"]	literal	1		{}	[]
save-on	["save-on"]	literal	1		{}	[]
say	["say"]	literal	0		{}	[]
say/message	["say","message"]	argument	1	minecraft:message	{}	[]
schedule	["schedule"]	literal	0		{}	[]
schedule/clear	["schedule","clear"]	literal	0		{}	[]
schedule/clear/function	["schedule","clear","function"]	argument	1	minecraft:resource_location	{}	[]
schedule/function	["schedule","function"]	literal	0		{}	[]
schedule/function/function	["schedule","function","function"]	argument	0	minecraft:function	{}	[]
schedule/function/function/time	["schedule","function","function","time"]	argument	1	minecraft:time	{"min":0}	[]
schedule/function/function/time/append	["schedule","function","function","time","append"]	literal	1		{}	[]
schedule/function/function/time/replace	["schedule","function","function","time","replace"]	literal	1		{}	[]
scoreboard	["scoreboard"]	literal	0		{}	[]
scoreboard/objectives	["scoreboard","objectives"]	literal	0		{}	[]
scoreboard/objectives/add	["scoreboard","objectives","add"]	literal	0		{}	[]
scoreboard/objectives/add/objective	["scoreboard","objectives","add","objective"]	argument	0	brigadier:string	{"type":"word"}	[]
scoreboard/objectives/add/objective/criteria	["scoreboard","objectives","add","objective","criteria"]	argument	1	minecraft:objective_criteria	{}	[]
scoreboard/objectives/add/objective/criteria/displayName	["scoreboard","objectives","add","objective","criteria","displayName"]	argument	1	minecraft:component	{}	[]
scoreboard/objectives/list	["scoreboard","objectives","list"]	literal	1		{}	[]
scoreboard/objectives/modify	["scoreboard","objectives","modify"]	literal	0		{}	[]
scoreboard/objectives/modify/objective	["scoreboard","objectives","modify","objective"]	argument	0	minecraft:objective	{}	[]
scoreboard/objectives/modify/objective/displayautoupdate	["scoreboard","objectives","modify","objective","displayautoupdate"]	literal	0		{}	[]
scoreboard/objectives/modify/objective/displayautoupdate/value	["scoreboard","objectives","modify","objective","displayautoupdate","value"]	argument	1	brigadier:bool	{}	[]
scoreboard/objectives/modify/objective/displayname	["scoreboard","objectives","modify","objective","displayname"]	literal	0		{}	[]
scoreboard/objectives/modify/objective/displayname/displayName	["scoreboard","objectives","modify","objective","displayname","displayName"]	argument	1	minecraft:component	{}	[]
scoreboard/objectives/modify/objective/numberformat	["scoreboard","objectives","modify","objective","numberformat"]	literal	1		{}	[]
scoreboard/objectives/modify/objective/numberformat/blank	["scoreboard","objectives","modify","objective","numberformat","blank"]	literal	1		{}	[]
scoreboard/objectives/modify/objective/numberformat/fixed	["scoreboard","objectives","modify","objective","numberformat","fixed"]	literal	0		{}	[]
scoreboard/objectives/modify/objective/numberformat/fixed/contents	["scoreboard","objectives","modify","objective","numberformat","fixed","contents"]	argument	1	minecraft:component	{}	[]
scoreboard/objectives/modify/objective/numberformat/styled	["scoreboard","objectives","modify","objective","numberformat","styled"]	literal	0		{}	[]
scoreboard/objectives/modify/objective/numberformat/styled/style	["scoreboard","objectives","modify","objective","numberformat","styled","style"]	argument	1	minecraft:style	{}	[]
scoreboard/objectives/modify/objective/rendertype	["scoreboard","objectives","modify","objective","rendertype"]	literal	0		{}	[]
scoreboard/objectives/modify/objective/rendertype/hearts	["scoreboard","objectives","modify","objective","rendertype","hearts"]	literal	1		{}	[]
scoreboard/objectives/modify/objective/rendertype/integer	["scoreboard","objectives","modify","objective","rendertype","integer"]	literal	1		{}	[]
scoreboard/objectives/remove	["scoreboard","objectives","remove"]	literal	0		{}	[]
scoreboard/objectives/remove/objective	["scoreboard","objectives","remove","objective"]	argument	1	minecraft:objective	{}	[]
scoreboard/objectives/setdisplay	["scoreboard","objectives","setdisplay"]	literal	0		{}	[]
scoreboard/objectives/setdisplay/slot	["scoreboard","objectives","setdisplay","slot"]	argument	1	minecraft:scoreboard_slot	{}	[]
scoreboard/objectives/setdisplay/slot/objective	["scoreboard","objectives","setdisplay","slot","objective"]	argument	1	minecraft:objective	{}	[]
scoreboard/players	["scoreboard","players"]	literal	0		{}	[]
scoreboard/players/add	["scoreboard","players","add"]	literal	0		{}	[]
scoreboard/players/add/targets	["scoreboard","players","add","targets"]	argument	0	minecraft:score_holder	{"amount":"multiple"}	[]
scoreboard/players/add/targets/objective	["scoreboard","players","add","targets","objective"]	argument	0	minecraft:objective	{}	[]
scoreboard/players/add/targets/objective/score	["scoreboard","players","add","targets","objective","score"]	argument	1	brigadier:integer	{"min":0}	[]
scoreboard/players/display	["scoreboard","players","display"]	literal	0		{}	[]
scoreboard/players/display/name	["scoreboard","players","display","name"]	literal	0		{}	[]
scoreboard/players/display/name/targets	["scoreboard","players","display","name","targets"]	argument	0	minecraft:score_holder	{"amount":"multiple"}	[]
scoreboard/players/display/name/targets/objective	["scoreboard","players","display","name","targets","objective"]	argument	1	minecraft:objective	{}	[]
scoreboard/players/display/name/targets/objective/name	["scoreboard","players","display","name","targets","objective","name"]	argument	1	minecraft:component	{}	[]
scoreboard/players/display/numberformat	["scoreboard","players","display","numberformat"]	literal	0		{}	[]
scoreboard/players/display/numberformat/targets	["scoreboard","players","display","numberformat","targets"]	argument	0	minecraft:score_holder	{"amount":"multiple"}	[]
scoreboard/players/display/numberformat/targets/objective	["scoreboard","players","display","numberformat","targets","objective"]	argument	1	minecraft:objective	{}	[]
scoreboard/players/display/numberformat/targets/objective/blank	["scoreboard","players","display","numberformat","targets","objective","blank"]	literal	1		{}	[]
scoreboard/players/display/numberformat/targets/objective/fixed	["scoreboard","players","display","numberformat","targets","objective","fixed"]	literal	0		{}	[]
scoreboard/players/display/numberformat/targets/objective/fixed/contents	["scoreboard","players","display","numberformat","targets","objective","fixed","contents"]	argument	1	minecraft:component	{}	[]
scoreboard/players/display/numberformat/targets/objective/styled	["scoreboard","players","display","numberformat","targets","objective","styled"]	literal	0		{}	[]
scoreboard/players/display/numberformat/targets/objective/styled/style	["scoreboard","players","display","numberformat","targets","objective","styled","style"]	argument	1	minecraft:style	{}	[]
scoreboard/players/enable	["scoreboard","players","enable"]	literal	0		{}	[]
scoreboard/players/enable/targets	["scoreboard","players","enable","targets"]	argument	0	minecraft:score_holder	{"amount":"multiple"}	[]
scoreboard/players/enable/targets/objective	["scoreboard","players","enable","targets","objective"]	argument	1	minecraft:objective	{}	[]
scoreboard/players/get	["scoreboard","players","get"]	literal	0		{}	[]
scoreboard/players/get/target	["scoreboard","players","get","target"]	argument	0	minecraft:score_holder	{"amount":"single"}	[]
scoreboard/players/get/target/objective	["scoreboard","players","get","target","objective"]	argument	1	minecraft:objective	{}	[]
scoreboard/players/list	["scoreboard","players","list"]	literal	1		{}	[]
scoreboard/players/list/target	["scoreboard","players","list","target"]	argument	1	minecraft:score_holder	{"amount":"single"}	[]
scoreboard/players/operation	["scoreboard","players","operation"]	literal	0		{}	[]
scoreboard/players/operation/targets	["scoreboard","players","operation","targets"]	argument	0	minecraft:score_holder	{"amount":"multiple"}	[]
scoreboard/players/operation/targets/targetObjective	["scoreboard","players","operation","targets","targetObjective"]	argument	0	minecraft:objective	{}	[]
scoreboard/players/operation/targets/targetObjective/operation	["scoreboard","players","operation","targets","targetObjective","operation"]	argument	0	minecraft:operation	{}	[]
scoreboard/players/operation/targets/targetObjective/operation/source	["scoreboard","players","operation","targets","targetObjective","operation","source"]	argument	0	minecraft:score_holder	{"amount":"multiple"}	[]
scoreboard/players/operation/targets/targetObjective/operation/source/sourceObjective	["scoreboard","players","operation","targets","targetObjective","operation","source","sourceObjective"]	argument	1	minecraft:objective	{}	[]
scoreboard/players/remove	["scoreboard","players","remove"]	literal	0		{}	[]
scoreboard/players/remove/targets	["scoreboard","players","remove","targets"]	argument	0	minecraft:score_holder	{"amount":"multiple"}	[]
scoreboard/players/remove/targets/objective	["scoreboard","players","remove","targets","objective"]	argument	0	minecraft:objective	{}	[]
scoreboard/players/remove/targets/objective/score	["scoreboard","players","remove","targets","objective","score"]	argument	1	brigadier:integer	{"min":0}	[]
scoreboard/players/reset	["scoreboard","players","reset"]	literal	0		{}	[]
scoreboard/players/reset/targets	["scoreboard","players","reset","targets"]	argument	1	minecraft:score_holder	{"amount":"multiple"}	[]
scoreboard/players/reset/targets/objective	["scoreboard","players","reset","targets","objective"]	argument	1	minecraft:objective	{}	[]
scoreboard/players/set	["scoreboard","players","set"]	literal	0		{}	[]
scoreboard/players/set/targets	["scoreboard","players","set","targets"]	argument	0	minecraft:score_holder	{"amount":"multiple"}	[]
scoreboard/players/set/targets/objective	["scoreboard","players","set","targets","objective"]	argument	0	minecraft:objective	{}	[]
scoreboard/players/set/targets/objective/score	["scoreboard","players","set","targets","objective","score"]	argument	1	brigadier:integer	{}	[]
seed	["seed"]	literal	1		{}	[]
setblock	["setblock"]	literal	0		{}	[]
setblock/pos	["setblock","pos"]	argument	0	minecraft:block_pos	{}	[]
setblock/pos/block	["setblock","pos","block"]	argument	1	minecraft:block_state	{}	[]
setblock/pos/block/destroy	["setblock","pos","block","destroy"]	literal	1		{}	[]
setblock/pos/block/keep	["setblock","pos","block","keep"]	literal	1		{}	[]
setblock/pos/block/replace	["setblock","pos","block","replace"]	literal	1		{}	[]
setblock/pos/block/strict	["setblock","pos","block","strict"]	literal	1		{}	[]
setidletimeout	["setidletimeout"]	literal	0		{}	[]
setidletimeout/minutes	["setidletimeout","minutes"]	argument	1	brigadier:integer	{"min":0}	[]
setworldspawn	["setworldspawn"]	literal	1		{}	[]
setworldspawn/pos	["setworldspawn","pos"]	argument	1	minecraft:block_pos	{}	[]
setworldspawn/pos/rotation	["setworldspawn","pos","rotation"]	argument	1	minecraft:rotation	{}	[]
spawnpoint	["spawnpoint"]	literal	1		{}	[]
spawnpoint/targets	["spawnpoint","targets"]	argument	1	minecraft:entity	{"amount":"multiple","type":"players"}	[]
spawnpoint/targets/pos	["spawnpoint","targets","pos"]	argument	1	minecraft:block_pos	{}	[]
spawnpoint/targets/pos/rotation	["spawnpoint","targets","pos","rotation"]	argument	1	minecraft:rotation	{}	[]
spectate	["spectate"]	literal	1		{}	[]
spectate/target	["spectate","target"]	argument	1	minecraft:entity	{"amount":"single","type":"entities"}	[]
spectate/target/player	["spectate","target","player"]	argument	1	minecraft:entity	{"amount":"single","type":"players"}	[]
spreadplayers	["spreadplayers"]	literal	0		{}	[]
spreadplayers/center	["spreadplayers","center"]	argument	0	minecraft:vec2	{}	[]
spreadplayers/center/spreadDistance	["spreadplayers","center","spreadDistance"]	argument	0	brigadier:float	{"min":0.0}	[]
spreadplayers/center/spreadDistance/maxRange	["spreadplayers","center","spreadDistance","maxRange"]	argument	0	brigadier:float	{"min":1.0}	[]
spreadplayers/center/spreadDistance/maxRange/respectTeams	["spreadplayers","center","spreadDistance","maxRange","respectTeams"]	argument	0	brigadier:bool	{}	[]
spreadplayers/center/spreadDistance/maxRange/respectTeams/targets	["spreadplayers","center","spreadDistance","maxRange","respectTeams","targets"]	argument	1	minecraft:entity	{"amount":"multiple","type":"entities"}	[]
spreadplayers/center/spreadDistance/maxRange/under	["spreadplayers","center","spreadDistance","maxRange","under"]	literal	0		{}	[]
spreadplayers/center/spreadDistance/maxRange/under/maxHeight	["spreadplayers","center","spreadDistance","maxRange","under","maxHeight"]	argument	0	brigadier:integer	{}	[]
spreadplayers/center/spreadDistance/maxRange/under/maxHeight/respectTeams	["spreadplayers","center","spreadDistance","maxRange","under","maxHeight","respectTeams"]	argument	0	brigadier:bool	{}	[]
spreadplayers/center/spreadDistance/maxRange/under/maxHeight/respectTeams/targets	["spreadplayers","center","spreadDistance","maxRange","under","maxHeight","respectTeams","targets"]	argument	1	minecraft:entity	{"amount":"multiple","type":"entities"}	[]
stop	["stop"]	literal	1		{}	[]
stopsound	["stopsound"]	literal	0		{}	[]
stopsound/targets	["stopsound","targets"]	argument	1	minecraft:entity	{"amount":"multiple","type":"players"}	[]
stopsound/targets/*	["stopsound","targets","*"]	literal	0		{}	[]
stopsound/targets/*/sound	["stopsound","targets","*","sound"]	argument	1	minecraft:resource_location	{}	[]
stopsound/targets/ambient	["stopsound","targets","ambient"]	literal	1		{}	[]
stopsound/targets/ambient/sound	["stopsound","targets","ambient","sound"]	argument	1	minecraft:resource_location	{}	[]
stopsound/targets/block	["stopsound","targets","block"]	literal	1		{}	[]
stopsound/targets/block/sound	["stopsound","targets","block","sound"]	argument	1	minecraft:resource_location	{}	[]
stopsound/targets/hostile	["stopsound","targets","hostile"]	literal	1		{}	[]
stopsound/targets/hostile/sound	["stopsound","targets","hostile","sound"]	argument	1	minecraft:resource_location	{}	[]
stopsound/targets/master	["stopsound","targets","master"]	literal	1		{}	[]
stopsound/targets/master/sound	["stopsound","targets","master","sound"]	argument	1	minecraft:resource_location	{}	[]
stopsound/targets/music	["stopsound","targets","music"]	literal	1		{}	[]
stopsound/targets/music/sound	["stopsound","targets","music","sound"]	argument	1	minecraft:resource_location	{}	[]
stopsound/targets/neutral	["stopsound","targets","neutral"]	literal	1		{}	[]
stopsound/targets/neutral/sound	["stopsound","targets","neutral","sound"]	argument	1	minecraft:resource_location	{}	[]
stopsound/targets/player	["stopsound","targets","player"]	literal	1		{}	[]
stopsound/targets/player/sound	["stopsound","targets","player","sound"]	argument	1	minecraft:resource_location	{}	[]
stopsound/targets/record	["stopsound","targets","record"]	literal	1		{}	[]
stopsound/targets/record/sound	["stopsound","targets","record","sound"]	argument	1	minecraft:resource_location	{}	[]
stopsound/targets/ui	["stopsound","targets","ui"]	literal	1		{}	[]
stopsound/targets/ui/sound	["stopsound","targets","ui","sound"]	argument	1	minecraft:resource_location	{}	[]
stopsound/targets/voice	["stopsound","targets","voice"]	literal	1		{}	[]
stopsound/targets/voice/sound	["stopsound","targets","voice","sound"]	argument	1	minecraft:resource_location	{}	[]
stopsound/targets/weather	["stopsound","targets","weather"]	literal	1		{}	[]
stopsound/targets/weather/sound	["stopsound","targets","weather","sound"]	argument	1	minecraft:resource_location	{}	[]
stopwatch	["stopwatch"]	literal	0		{}	[]
stopwatch/create	["stopwatch","create"]	literal	0		{}	[]
stopwatch/create/id	["stopwatch","create","id"]	argument	1	minecraft:resource_location	{}	[]
stopwatch/query	["stopwatch","query"]	literal	0		{}	[]
stopwatch/query/id	["stopwatch","query","id"]	argument	1	minecraft:resource_location	{}	[]
stopwatch/query/id/scale	["stopwatch","query","id","scale"]	argument	1	brigadier:double	{}	[]
stopwatch/remove	["stopwatch","remove"]	literal	0		{}	[]
stopwatch/remove/id	["stopwatch","remove","id"]	argument	1	minecraft:resource_location	{}	[]
stopwatch/restart	["stopwatch","restart"]	literal	0		{}	[]
stopwatch/restart/id	["stopwatch","restart","id"]	argument	1	minecraft:resource_location	{}	[]
summon	["summon"]	literal	0		{}	[]
summon/entity	["summon","entity"]	argument	1	minecraft:resource	{"registry":"minecraft:entity_type"}	[]
summon/entity/pos	["summon","entity","pos"]	argument	1	minecraft:vec3	{}	[]
summon/entity/pos/nbt	["summon","entity","pos","nbt"]	argument	1	minecraft:nbt_compound_tag	{}	[]
swing	["swing"]	literal	1		{}	[]
swing/targets	["swing","targets"]	argument	1	minecraft:entity	{"amount":"multiple","type":"entities"}	[]
swing/targets/mainhand	["swing","targets","mainhand"]	literal	1		{}	[]
swing/targets/mainhand/animation	["swing","targets","mainhand","animation"]	argument	1	minecraft:swing_animation	{}	[]
swing/targets/mainhand/animation/duration	["swing","targets","mainhand","animation","duration"]	argument	1	minecraft:time	{"min":1}	[]
swing/targets/offhand	["swing","targets","offhand"]	literal	1		{}	[]
swing/targets/offhand/animation	["swing","targets","offhand","animation"]	argument	1	minecraft:swing_animation	{}	[]
swing/targets/offhand/animation/duration	["swing","targets","offhand","animation","duration"]	argument	1	minecraft:time	{"min":1}	[]
tag	["tag"]	literal	0		{}	[]
tag/targets	["tag","targets"]	argument	0	minecraft:entity	{"amount":"multiple","type":"entities"}	[]
tag/targets/add	["tag","targets","add"]	literal	0		{}	[]
tag/targets/add/name	["tag","targets","add","name"]	argument	1	brigadier:string	{"type":"word"}	[]
tag/targets/list	["tag","targets","list"]	literal	1		{}	[]
tag/targets/remove	["tag","targets","remove"]	literal	0		{}	[]
tag/targets/remove/name	["tag","targets","remove","name"]	argument	1	brigadier:string	{"type":"word"}	[]
team	["team"]	literal	0		{}	[]
team/add	["team","add"]	literal	0		{}	[]
team/add/team	["team","add","team"]	argument	1	brigadier:string	{"type":"word"}	[]
team/add/team/displayName	["team","add","team","displayName"]	argument	1	minecraft:component	{}	[]
team/empty	["team","empty"]	literal	0		{}	[]
team/empty/team	["team","empty","team"]	argument	1	minecraft:team	{}	[]
team/join	["team","join"]	literal	0		{}	[]
team/join/team	["team","join","team"]	argument	1	minecraft:team	{}	[]
team/join/team/members	["team","join","team","members"]	argument	1	minecraft:score_holder	{"amount":"multiple"}	[]
team/leave	["team","leave"]	literal	0		{}	[]
team/leave/members	["team","leave","members"]	argument	1	minecraft:score_holder	{"amount":"multiple"}	[]
team/list	["team","list"]	literal	1		{}	[]
team/list/team	["team","list","team"]	argument	1	minecraft:team	{}	[]
team/modify	["team","modify"]	literal	0		{}	[]
team/modify/team	["team","modify","team"]	argument	0	minecraft:team	{}	[]
team/modify/team/collisionRule	["team","modify","team","collisionRule"]	literal	0		{}	[]
team/modify/team/collisionRule/always	["team","modify","team","collisionRule","always"]	literal	1		{}	[]
team/modify/team/collisionRule/never	["team","modify","team","collisionRule","never"]	literal	1		{}	[]
team/modify/team/collisionRule/pushOtherTeams	["team","modify","team","collisionRule","pushOtherTeams"]	literal	1		{}	[]
team/modify/team/collisionRule/pushOwnTeam	["team","modify","team","collisionRule","pushOwnTeam"]	literal	1		{}	[]
team/modify/team/color	["team","modify","team","color"]	literal	0		{}	[]
team/modify/team/color/reset	["team","modify","team","color","reset"]	literal	1		{}	[]
team/modify/team/color/value	["team","modify","team","color","value"]	argument	1	minecraft:team_color	{}	[]
team/modify/team/deathMessageVisibility	["team","modify","team","deathMessageVisibility"]	literal	0		{}	[]
team/modify/team/deathMessageVisibility/always	["team","modify","team","deathMessageVisibility","always"]	literal	1		{}	[]
team/modify/team/deathMessageVisibility/hideForOtherTeams	["team","modify","team","deathMessageVisibility","hideForOtherTeams"]	literal	1		{}	[]
team/modify/team/deathMessageVisibility/hideForOwnTeam	["team","modify","team","deathMessageVisibility","hideForOwnTeam"]	literal	1		{}	[]
team/modify/team/deathMessageVisibility/never	["team","modify","team","deathMessageVisibility","never"]	literal	1		{}	[]
team/modify/team/displayName	["team","modify","team","displayName"]	literal	0		{}	[]
team/modify/team/displayName/displayName	["team","modify","team","displayName","displayName"]	argument	1	minecraft:component	{}	[]
team/modify/team/friendlyFire	["team","modify","team","friendlyFire"]	literal	0		{}	[]
team/modify/team/friendlyFire/allowed	["team","modify","team","friendlyFire","allowed"]	argument	1	brigadier:bool	{}	[]
team/modify/team/nametagVisibility	["team","modify","team","nametagVisibility"]	literal	0		{}	[]
team/modify/team/nametagVisibility/always	["team","modify","team","nametagVisibility","always"]	literal	1		{}	[]
team/modify/team/nametagVisibility/hideForOtherTeams	["team","modify","team","nametagVisibility","hideForOtherTeams"]	literal	1		{}	[]
team/modify/team/nametagVisibility/hideForOwnTeam	["team","modify","team","nametagVisibility","hideForOwnTeam"]	literal	1		{}	[]
team/modify/team/nametagVisibility/never	["team","modify","team","nametagVisibility","never"]	literal	1		{}	[]
team/modify/team/prefix	["team","modify","team","prefix"]	literal	0		{}	[]
team/modify/team/prefix/prefix	["team","modify","team","prefix","prefix"]	argument	1	minecraft:component	{}	[]
team/modify/team/seeFriendlyInvisibles	["team","modify","team","seeFriendlyInvisibles"]	literal	0		{}	[]
team/modify/team/seeFriendlyInvisibles/allowed	["team","modify","team","seeFriendlyInvisibles","allowed"]	argument	1	brigadier:bool	{}	[]
team/modify/team/suffix	["team","modify","team","suffix"]	literal	0		{}	[]
team/modify/team/suffix/suffix	["team","modify","team","suffix","suffix"]	argument	1	minecraft:component	{}	[]
team/remove	["team","remove"]	literal	0		{}	[]
team/remove/team	["team","remove","team"]	argument	1	minecraft:team	{}	[]
teammsg	["teammsg"]	literal	0		{}	[]
teammsg/message	["teammsg","message"]	argument	1	minecraft:message	{}	[]
teleport	["teleport"]	literal	0		{}	[]
teleport/destination	["teleport","destination"]	argument	1	minecraft:entity	{"amount":"single","type":"entities"}	[]
teleport/location	["teleport","location"]	argument	1	minecraft:vec3	{}	[]
teleport/targets	["teleport","targets"]	argument	0	minecraft:entity	{"amount":"multiple","type":"entities"}	[]
teleport/targets/destination	["teleport","targets","destination"]	argument	1	minecraft:entity	{"amount":"single","type":"entities"}	[]
teleport/targets/location	["teleport","targets","location"]	argument	1	minecraft:vec3	{}	[]
teleport/targets/location/facing	["teleport","targets","location","facing"]	literal	0		{}	[]
teleport/targets/location/facing/entity	["teleport","targets","location","facing","entity"]	literal	0		{}	[]
teleport/targets/location/facing/entity/facingEntity	["teleport","targets","location","facing","entity","facingEntity"]	argument	1	minecraft:entity	{"amount":"single","type":"entities"}	[]
teleport/targets/location/facing/entity/facingEntity/facingAnchor	["teleport","targets","location","facing","entity","facingEntity","facingAnchor"]	argument	1	minecraft:entity_anchor	{}	[]
teleport/targets/location/facing/facingLocation	["teleport","targets","location","facing","facingLocation"]	argument	1	minecraft:vec3	{}	[]
teleport/targets/location/rotation	["teleport","targets","location","rotation"]	argument	1	minecraft:rotation	{}	[]
tell	["tell"]	literal	0		{}	["msg"]
tellraw	["tellraw"]	literal	0		{}	[]
tellraw/targets	["tellraw","targets"]	argument	0	minecraft:entity	{"amount":"multiple","type":"players"}	[]
tellraw/targets/message	["tellraw","targets","message"]	argument	1	minecraft:component	{}	[]
test	["test"]	literal	0		{}	[]
test/clearall	["test","clearall"]	literal	1		{}	[]
test/clearall/radius	["test","clearall","radius"]	argument	1	brigadier:integer	{}	[]
test/clearthat	["test","clearthat"]	literal	1		{}	[]
test/clearthese	["test","clearthese"]	literal	1		{}	[]
test/create	["test","create"]	literal	0		{}	[]
test/create/id	["test","create","id"]	argument	1	minecraft:resource_location	{}	[]
test/create/id/width	["test","create","id","width"]	argument	1	brigadier:integer	{}	[]
test/create/id/width/height	["test","create","id","width","height"]	argument	0	brigadier:integer	{}	[]
test/create/id/width/height/depth	["test","create","id","width","height","depth"]	argument	1	brigadier:integer	{}	[]
test/locate	["test","locate"]	literal	0		{}	[]
test/locate/tests	["test","locate","tests"]	argument	1	minecraft:resource_selector	{"registry":"minecraft:test_instance"}	[]
test/pos	["test","pos"]	literal	1		{}	[]
test/pos/var	["test","pos","var"]	argument	1	brigadier:string	{"type":"word"}	[]
test/resetclosest	["test","resetclosest"]	literal	1		{}	[]
test/resetthat	["test","resetthat"]	literal	1		{}	[]
test/resetthese	["test","resetthese"]	literal	1		{}	[]
test/run	["test","run"]	literal	0		{}	[]
test/run/tests	["test","run","tests"]	argument	1	minecraft:resource_selector	{"registry":"minecraft:test_instance"}	[]
test/run/tests/numberOfTimes	["test","run","tests","numberOfTimes"]	argument	1	brigadier:integer	{"min":0}	[]
test/run/tests/numberOfTimes/untilFailed	["test","run","tests","numberOfTimes","untilFailed"]	argument	1	brigadier:bool	{}	[]
test/run/tests/numberOfTimes/untilFailed/rotationSteps	["test","run","tests","numberOfTimes","untilFailed","rotationSteps"]	argument	1	brigadier:integer	{}	[]
test/run/tests/numberOfTimes/untilFailed/rotationSteps/testsPerRow	["test","run","tests","numberOfTimes","untilFailed","rotationSteps","testsPerRow"]	argument	1	brigadier:integer	{}	[]
test/runclosest	["test","runclosest"]	literal	1		{}	[]
test/runclosest/numberOfTimes	["test","runclosest","numberOfTimes"]	argument	1	brigadier:integer	{"min":0}	[]
test/runclosest/numberOfTimes/untilFailed	["test","runclosest","numberOfTimes","untilFailed"]	argument	1	brigadier:bool	{}	[]
test/runfailed	["test","runfailed"]	literal	1		{}	[]
test/runfailed/numberOfTimes	["test","runfailed","numberOfTimes"]	argument	1	brigadier:integer	{"min":0}	[]
test/runfailed/numberOfTimes/untilFailed	["test","runfailed","numberOfTimes","untilFailed"]	argument	1	brigadier:bool	{}	[]
test/runfailed/numberOfTimes/untilFailed/rotationSteps	["test","runfailed","numberOfTimes","untilFailed","rotationSteps"]	argument	1	brigadier:integer	{}	[]
test/runfailed/numberOfTimes/untilFailed/rotationSteps/testsPerRow	["test","runfailed","numberOfTimes","untilFailed","rotationSteps","testsPerRow"]	argument	1	brigadier:integer	{}	[]
test/runfailed/onlyRequiredTests	["test","runfailed","onlyRequiredTests"]	argument	1	brigadier:bool	{}	[]
test/runfailed/onlyRequiredTests/numberOfTimes	["test","runfailed","onlyRequiredTests","numberOfTimes"]	argument	1	brigadier:integer	{"min":0}	[]
test/runfailed/onlyRequiredTests/numberOfTimes/untilFailed	["test","runfailed","onlyRequiredTests","numberOfTimes","untilFailed"]	argument	1	brigadier:bool	{}	[]
test/runfailed/onlyRequiredTests/numberOfTimes/untilFailed/rotationSteps	["test","runfailed","onlyRequiredTests","numberOfTimes","untilFailed","rotationSteps"]	argument	1	brigadier:integer	{}	[]
test/runfailed/onlyRequiredTests/numberOfTimes/untilFailed/rotationSteps/testsPerRow	["test","runfailed","onlyRequiredTests","numberOfTimes","untilFailed","rotationSteps","testsPerRow"]	argument	1	brigadier:integer	{}	[]
test/runmultiple	["test","runmultiple"]	literal	0		{}	[]
test/runmultiple/tests	["test","runmultiple","tests"]	argument	1	minecraft:resource_selector	{"registry":"minecraft:test_instance"}	[]
test/runmultiple/tests/amount	["test","runmultiple","tests","amount"]	argument	1	brigadier:integer	{}	[]
test/runthat	["test","runthat"]	literal	1		{}	[]
test/runthat/numberOfTimes	["test","runthat","numberOfTimes"]	argument	1	brigadier:integer	{"min":0}	[]
test/runthat/numberOfTimes/untilFailed	["test","runthat","numberOfTimes","untilFailed"]	argument	1	brigadier:bool	{}	[]
test/runthese	["test","runthese"]	literal	1		{}	[]
test/runthese/numberOfTimes	["test","runthese","numberOfTimes"]	argument	1	brigadier:integer	{"min":0}	[]
test/runthese/numberOfTimes/untilFailed	["test","runthese","numberOfTimes","untilFailed"]	argument	1	brigadier:bool	{}	[]
test/stop	["test","stop"]	literal	1		{}	[]
test/verify	["test","verify"]	literal	0		{}	[]
test/verify/tests	["test","verify","tests"]	argument	1	minecraft:resource_selector	{"registry":"minecraft:test_instance"}	[]
tick	["tick"]	literal	0		{}	[]
tick/freeze	["tick","freeze"]	literal	1		{}	[]
tick/query	["tick","query"]	literal	1		{}	[]
tick/rate	["tick","rate"]	literal	0		{}	[]
tick/rate/rate	["tick","rate","rate"]	argument	1	brigadier:float	{"max":10000.0,"min":1.0}	[]
tick/sprint	["tick","sprint"]	literal	0		{}	[]
tick/sprint/stop	["tick","sprint","stop"]	literal	1		{}	[]
tick/sprint/time	["tick","sprint","time"]	argument	1	minecraft:time	{"min":1}	[]
tick/step	["tick","step"]	literal	1		{}	[]
tick/step/stop	["tick","step","stop"]	literal	1		{}	[]
tick/step/time	["tick","step","time"]	argument	1	minecraft:time	{"min":1}	[]
tick/unfreeze	["tick","unfreeze"]	literal	1		{}	[]
time	["time"]	literal	0		{}	[]
time/add	["time","add"]	literal	0		{}	[]
time/add/time	["time","add","time"]	argument	1	minecraft:time	{"min":-2147483648}	[]
time/of	["time","of"]	literal	0		{}	[]
time/of/clock	["time","of","clock"]	argument	0	minecraft:resource	{"registry":"minecraft:world_clock"}	[]
time/of/clock/add	["time","of","clock","add"]	literal	0		{}	[]
time/of/clock/add/time	["time","of","clock","add","time"]	argument	1	minecraft:time	{"min":-2147483648}	[]
time/of/clock/pause	["time","of","clock","pause"]	literal	1		{}	[]
time/of/clock/query	["time","of","clock","query"]	literal	0		{}	[]
time/of/clock/query/time	["time","of","clock","query","time"]	literal	1		{}	[]
time/of/clock/query/timeline	["time","of","clock","query","timeline"]	argument	1	minecraft:resource	{"registry":"minecraft:timeline"}	[]
time/of/clock/query/timeline/repetition	["time","of","clock","query","timeline","repetition"]	literal	1		{}	[]
time/of/clock/rate	["time","of","clock","rate"]	literal	0		{}	[]
time/of/clock/rate/rate	["time","of","clock","rate","rate"]	argument	1	brigadier:float	{"max":1000.0,"min":1e-05}	[]
time/of/clock/resume	["time","of","clock","resume"]	literal	1		{}	[]
time/of/clock/set	["time","of","clock","set"]	literal	0		{}	[]
time/of/clock/set/time	["time","of","clock","set","time"]	argument	1	minecraft:time	{"min":0}	[]
time/of/clock/set/timemarker	["time","of","clock","set","timemarker"]	argument	1	minecraft:resource_location	{}	[]
time/pause	["time","pause"]	literal	1		{}	[]
time/query	["time","query"]	literal	0		{}	[]
time/query/gametime	["time","query","gametime"]	literal	1		{}	[]
time/query/time	["time","query","time"]	literal	1		{}	[]
time/query/timeline	["time","query","timeline"]	argument	1	minecraft:resource	{"registry":"minecraft:timeline"}	[]
time/query/timeline/repetition	["time","query","timeline","repetition"]	literal	1		{}	[]
time/rate	["time","rate"]	literal	0		{}	[]
time/rate/rate	["time","rate","rate"]	argument	1	brigadier:float	{"max":1000.0,"min":1e-05}	[]
time/resume	["time","resume"]	literal	1		{}	[]
time/set	["time","set"]	literal	0		{}	[]
time/set/time	["time","set","time"]	argument	1	minecraft:time	{"min":0}	[]
time/set/timemarker	["time","set","timemarker"]	argument	1	minecraft:resource_location	{}	[]
title	["title"]	literal	0		{}	[]
title/targets	["title","targets"]	argument	0	minecraft:entity	{"amount":"multiple","type":"players"}	[]
title/targets/actionbar	["title","targets","actionbar"]	literal	0		{}	[]
title/targets/actionbar/title	["title","targets","actionbar","title"]	argument	1	minecraft:component	{}	[]
title/targets/clear	["title","targets","clear"]	literal	1		{}	[]
title/targets/reset	["title","targets","reset"]	literal	1		{}	[]
title/targets/subtitle	["title","targets","subtitle"]	literal	0		{}	[]
title/targets/subtitle/title	["title","targets","subtitle","title"]	argument	1	minecraft:component	{}	[]
title/targets/times	["title","targets","times"]	literal	0		{}	[]
title/targets/times/fadeIn	["title","targets","times","fadeIn"]	argument	0	minecraft:time	{"min":0}	[]
title/targets/times/fadeIn/stay	["title","targets","times","fadeIn","stay"]	argument	0	minecraft:time	{"min":0}	[]
title/targets/times/fadeIn/stay/fadeOut	["title","targets","times","fadeIn","stay","fadeOut"]	argument	1	minecraft:time	{"min":0}	[]
title/targets/title	["title","targets","title"]	literal	0		{}	[]
title/targets/title/title	["title","targets","title","title"]	argument	1	minecraft:component	{}	[]
tm	["tm"]	literal	0		{}	["teammsg"]
tp	["tp"]	literal	0		{}	["teleport"]
transfer	["transfer"]	literal	0		{}	[]
transfer/hostname	["transfer","hostname"]	argument	1	brigadier:string	{"type":"phrase"}	[]
transfer/hostname/port	["transfer","hostname","port"]	argument	1	brigadier:integer	{"max":65535,"min":1}	[]
transfer/hostname/port/players	["transfer","hostname","port","players"]	argument	1	minecraft:entity	{"amount":"multiple","type":"players"}	[]
trigger	["trigger"]	literal	0		{}	[]
trigger/objective	["trigger","objective"]	argument	1	minecraft:objective	{}	[]
trigger/objective/add	["trigger","objective","add"]	literal	0		{}	[]
trigger/objective/add/value	["trigger","objective","add","value"]	argument	1	brigadier:integer	{}	[]
trigger/objective/set	["trigger","objective","set"]	literal	0		{}	[]
trigger/objective/set/value	["trigger","objective","set","value"]	argument	1	brigadier:integer	{}	[]
unpublish	["unpublish"]	literal	1		{}	[]
version	["version"]	literal	1		{}	[]
w	["w"]	literal	0		{}	["msg"]
waypoint	["waypoint"]	literal	0		{}	[]
waypoint/list	["waypoint","list"]	literal	1		{}	[]
waypoint/modify	["waypoint","modify"]	literal	0		{}	[]
waypoint/modify/waypoint	["waypoint","modify","waypoint"]	argument	0	minecraft:entity	{"amount":"single","type":"entities"}	[]
waypoint/modify/waypoint/color	["waypoint","modify","waypoint","color"]	literal	0		{}	[]
waypoint/modify/waypoint/color/color	["waypoint","modify","waypoint","color","color"]	argument	1	minecraft:team_color	{}	[]
waypoint/modify/waypoint/color/hex	["waypoint","modify","waypoint","color","hex"]	literal	0		{}	[]
waypoint/modify/waypoint/color/hex/color	["waypoint","modify","waypoint","color","hex","color"]	argument	1	minecraft:hex_color	{}	[]
waypoint/modify/waypoint/color/reset	["waypoint","modify","waypoint","color","reset"]	literal	1		{}	[]
waypoint/modify/waypoint/style	["waypoint","modify","waypoint","style"]	literal	0		{}	[]
waypoint/modify/waypoint/style/reset	["waypoint","modify","waypoint","style","reset"]	literal	1		{}	[]
waypoint/modify/waypoint/style/set	["waypoint","modify","waypoint","style","set"]	literal	0		{}	[]
waypoint/modify/waypoint/style/set/style	["waypoint","modify","waypoint","style","set","style"]	argument	1	minecraft:resource_location	{}	[]
weather	["weather"]	literal	0		{}	[]
weather/clear	["weather","clear"]	literal	1		{}	[]
weather/clear/duration	["weather","clear","duration"]	argument	1	minecraft:time	{"min":1}	[]
weather/rain	["weather","rain"]	literal	1		{}	[]
weather/rain/duration	["weather","rain","duration"]	argument	1	minecraft:time	{"min":1}	[]
weather/thunder	["weather","thunder"]	literal	1		{}	[]
weather/thunder/duration	["weather","thunder","duration"]	argument	1	minecraft:time	{"min":1}	[]
whitelist	["whitelist"]	literal	0		{}	[]
whitelist/add	["whitelist","add"]	literal	0		{}	[]
whitelist/add/targets	["whitelist","add","targets"]	argument	1	minecraft:game_profile	{}	[]
whitelist/list	["whitelist","list"]	literal	1		{}	[]
whitelist/off	["whitelist","off"]	literal	1		{}	[]
whitelist/on	["whitelist","on"]	literal	1		{}	[]
whitelist/reload	["whitelist","reload"]	literal	1		{}	[]
whitelist/remove	["whitelist","remove"]	literal	0		{}	[]
whitelist/remove/targets	["whitelist","remove","targets"]	argument	1	minecraft:game_profile	{}	[]
worldborder	["worldborder"]	literal	0		{}	[]
worldborder/add	["worldborder","add"]	literal	0		{}	[]
worldborder/add/distance	["worldborder","add","distance"]	argument	1	brigadier:double	{"max":59999968.0,"min":-59999968.0}	[]
worldborder/add/distance/time	["worldborder","add","distance","time"]	argument	1	minecraft:time	{"min":0}	[]
worldborder/center	["worldborder","center"]	literal	0		{}	[]
worldborder/center/pos	["worldborder","center","pos"]	argument	1	minecraft:vec2	{}	[]
worldborder/damage	["worldborder","damage"]	literal	0		{}	[]
worldborder/damage/amount	["worldborder","damage","amount"]	literal	0		{}	[]
worldborder/damage/amount/damagePerBlock	["worldborder","damage","amount","damagePerBlock"]	argument	1	brigadier:float	{"min":0.0}	[]
worldborder/damage/buffer	["worldborder","damage","buffer"]	literal	0		{}	[]
worldborder/damage/buffer/distance	["worldborder","damage","buffer","distance"]	argument	1	brigadier:float	{"min":0.0}	[]
worldborder/get	["worldborder","get"]	literal	1		{}	[]
worldborder/set	["worldborder","set"]	literal	0		{}	[]
worldborder/set/distance	["worldborder","set","distance"]	argument	1	brigadier:double	{"max":59999968.0,"min":-59999968.0}	[]
worldborder/set/distance/time	["worldborder","set","distance","time"]	argument	1	minecraft:time	{"min":0}	[]
worldborder/warning	["worldborder","warning"]	literal	0		{}	[]
worldborder/warning/distance	["worldborder","warning","distance"]	literal	0		{}	[]
worldborder/warning/distance/distance	["worldborder","warning","distance","distance"]	argument	1	brigadier:integer	{"min":0}	[]
worldborder/warning/time	["worldborder","warning","time"]	literal	0		{}	[]
worldborder/warning/time/time	["worldborder","warning","time","time"]	argument	1	minecraft:time	{"min":0}	[]
xp	["xp"]	literal	0		{}	["experience"]
