BendBlockLightRegistry	1	26.3	4f75fa335a12e34cf74be71ff6a0ee530b13233212423f5463bb26a2fe4f3cfc	35723	55	18757	2
S	0	1	0	0	0	0	0	0	0	0
S	1	29	0	15	0	0	0	0	0	0
S	30	16	0	0	0	0	0	0	0	0
S	46	1	0	1	0	0	0	0	0	0
S	47	1	0	0	0	0	0	0	0	0
S	48	1	0	1	0	0	0	0	0	0
S	49	1	0	0	0	0	0	0	0	0
S	50	1	0	1	0	0	0	0	0	0
S	51	1	0	0	0	0	0	0	0	0
S	52	1	0	1	0	0	0	0	0	0
S	53	1	0	0	0	0	0	0	0	0
S	54	1	0	1	0	0	0	0	0	0
S	55	1	0	0	0	0	0	0	0	0
S	56	1	0	1	0	0	0	0	0	0
S	57	1	0	0	0	0	0	0	0	0
S	58	1	0	1	0	0	0	0	0	0
S	59	1	0	0	0	0	0	0	0	0
S	60	1	0	1	0	0	0	0	0	0
S	61	1	0	0	0	0	0	0	0	0
S	62	1	0	1	0	0	0	0	0	0
S	63	1	0	0	0	0	0	0	0	0
S	64	1	0	1	0	0	0	0	0	0
S	65	1	0	0	0	0	0	0	0	0
S	66	1	0	1	0	0	0	0	0	0
S	67	1	0	0	0	0	0	0	0	0
S	68	1	0	1	0	0	0	0	0	0
S	69	1	0	0	0	0	0	0	0	0
S	70	1	0	1	0	0	0	0	0	0
S	71	1	0	0	0	0	0	0	0	0
S	72	1	0	1	0	0	0	0	0	0
S	73	1	0	0	0	0	0	0	0	0
S	74	1	0	1	0	0	0	0	0	0
S	75	1	0	0	0	0	0	0	0	0
S	76	1	0	1	0	0	0	0	0	0
S	77	1	0	0	0	0	0	0	0	0
S	78	1	0	1	0	0	0	0	0	0
S	79	1	0	0	0	0	0	0	0	0
S	80	1	0	1	0	0	0	0	0	0
S	81	1	0	0	0	0	0	0	0	0
S	82	1	0	1	0	0	0	0	0	0
S	83	1	0	0	0	0	0	0	0	0
S	84	1	0	1	0	0	0	0	0	0
S	85	3	0	0	0	0	0	0	0	0
S	88	1	0	15	0	0	0	0	0	0
S	89	16	0	1	0	0	0	0	0	0
S	105	16	15	1	0	0	0	0	0	0
S	121	48	0	15	0	0	0	0	0	0
S	169	2	0	1	0	0	0	0	0	0
S	171	96	0	15	0	0	0	0	0	0
S	267	392	0	1	0	0	0	0	0	0
S	659	2	0	15	0	0	0	0	0	0
S	661	1	0	0	0	0	0	0	0	0
S	662	1368	0	15	0	0	0	0	0	0
S	2030	272	0	0	0	0	0	0	0	0
S	2302	1	0	1	0	0	0	0	0	0
S	2303	1	0	0	0	0	0	0	0	0
S	2304	1	0	1	0	0	0	0	0	0
S	2305	1	0	0	0	0	0	0	0	0
S	2306	1	0	1	0	0	0	0	0	0
S	2307	1	0	0	0	0	0	0	0	0
S	2308	1	0	1	0	0	0	0	0	0
S	2309	1	0	0	0	0	0	0	0	0
S	2310	1	0	1	0	0	0	0	0	0
S	2311	1	0	0	0	0	0	0	0	0
S	2312	1	0	1	0	0	0	0	0	0
S	2313	1	0	0	0	0	0	0	0	0
S	2314	1	0	1	0	0	0	0	0	0
S	2315	1	0	0	0	0	0	0	0	0
S	2316	1	0	1	0	0	0	0	0	0
S	2317	1	0	0	0	0	0	0	0	0
S	2318	1	0	1	0	0	0	0	0	0
S	2319	1	0	0	0	0	0	0	0	0
S	2320	1	0	1	0	0	0	0	0	0
S	2321	1	0	0	0	0	0	0	0	0
S	2322	1	0	1	0	0	0	0	0	0
S	2323	1	0	0	0	0	0	0	0	0
S	2324	1	0	1	0	0	0	0	0	0
S	2325	1	0	0	0	0	0	0	0	0
S	2326	1	0	1	0	0	0	0	0	0
S	2327	1	0	0	0	0	0	0	0	0
S	2328	1	0	1	0	0	0	0	0	0
S	2329	1	0	0	0	0	0	0	0	0
S	2330	1	0	1	0	0	0	0	0	0
S	2331	1	0	0	0	0	0	0	0	0
S	2332	1	0	1	0	0	0	0	0	0
S	2333	1	0	0	0	0	0	0	0	0
S	2334	1	0	1	0	0	0	0	0	0
S	2335	1	0	0	0	0	0	0	0	0
S	2336	1	0	1	0	0	0	0	0	0
S	2337	1	0	0	0	0	0	0	0	0
S	2338	1	0	1	0	0	0	0	0	0
S	2339	1	0	0	0	0	0	0	0	0
S	2340	1	0	1	0	0	0	0	0	0
S	2341	1	0	0	0	0	0	0	0	0
S	2342	1	0	1	0	0	0	0	0	0
S	2343	1	0	0	0	0	0	0	0	0
S	2344	1	0	1	0	0	0	0	0	0
S	2345	1	0	0	0	0	0	0	0	0
S	2346	1	0	1	0	0	0	0	0	0
S	2347	1	0	0	0	0	0	0	0	0
S	2348	1	0	1	0	0	0	0	0	0
S	2349	1	0	0	0	0	0	0	0	0
S	2350	1	0	0	1	1	0	2	1	1
S	2351	1	0	0	3	3	3	3	2	0
S	2352	1	0	0	4	4	2	0	4	4
S	2353	1	0	0	5	5	5	5	0	2
S	2354	1	0	0	2	0	6	6	6	6
S	2355	1	0	0	0	2	7	7	7	7
S	2356	6	0	15	0	0	0	0	0	0
S	2362	1	0	1	0	0	0	0	0	0
S	2363	7	0	0	0	0	0	0	0	0
S	2370	3	0	1	0	0	0	0	0	0
S	2373	1	0	0	1	1	0	2	1	1
S	2374	1	0	0	3	3	3	3	2	0
S	2375	1	0	0	4	4	2	0	4	4
S	2376	1	0	0	5	5	5	5	0	2
S	2377	1	0	0	2	0	6	6	6	6
S	2378	1	0	0	0	2	7	7	7	7
S	2379	6	0	15	0	0	0	0	0	0
S	2385	4	0	0	8	8	2	9	8	8
S	2389	4	0	0	10	10	10	10	11	2
S	2393	4	0	0	12	12	9	2	12	12
S	2397	4	0	0	13	13	13	13	2	11
S	2401	4	0	0	14	2	15	15	15	15
S	2405	4	0	0	2	14	16	16	16	16
S	2409	16	0	15	0	0	0	0	0	0
S	2425	1	0	1	17	2	2	18	19	19
S	2426	1	0	0	17	2	2	18	19	19
S	2427	1	0	1	20	2	2	21	2	19
S	2428	1	0	0	20	2	2	21	2	19
S	2429	1	0	1	22	2	2	23	19	2
S	2430	1	0	0	22	2	2	23	19	2
S	2431	1	0	1	24	2	21	18	19	18
S	2432	1	0	0	24	2	21	18	19	18
S	2433	1	0	1	25	2	23	18	18	19
S	2434	1	0	0	25	2	23	18	18	19
S	2435	1	0	1	2	17	2	26	27	27
S	2436	1	0	0	2	17	2	26	27	27
S	2437	1	0	1	2	20	2	28	2	27
S	2438	1	0	0	2	20	2	28	2	27
S	2439	1	0	1	2	22	2	29	27	2
S	2440	1	0	0	2	22	2	29	27	2
S	2441	1	0	1	2	24	28	26	27	26
S	2442	1	0	0	2	24	28	26	27	26
S	2443	1	0	1	2	25	29	26	26	27
S	2444	1	0	0	2	25	29	26	26	27
S	2445	1	0	1	30	2	18	2	31	31
S	2446	1	0	0	30	2	18	2	31	31
S	2447	1	0	1	32	2	23	2	31	2
S	2448	1	0	0	32	2	23	2	31	2
S	2449	1	0	1	33	2	21	2	2	31
S	2450	1	0	0	33	2	21	2	2	31
S	2451	1	0	1	34	2	18	23	18	31
S	2452	1	0	0	34	2	18	23	18	31
S	2453	1	0	1	35	2	18	21	31	18
S	2454	1	0	0	35	2	18	21	31	18
S	2455	1	0	1	2	30	26	2	36	36
S	2456	1	0	0	2	30	26	2	36	36
S	2457	1	0	1	2	32	29	2	36	2
S	2458	1	0	0	2	32	29	2	36	2
S	2459	1	0	1	2	33	28	2	2	36
S	2460	1	0	0	2	33	28	2	2	36
S	2461	1	0	1	2	34	26	29	26	36
S	2462	1	0	0	2	34	26	29	26	36
S	2463	1	0	1	2	35	26	28	36	26
S	2464	1	0	0	2	35	26	28	36	26
S	2465	1	0	1	37	2	21	21	2	18
S	2466	1	0	0	37	2	21	21	2	18
S	2467	1	0	1	33	2	21	2	2	31
S	2468	1	0	0	33	2	21	2	2	31
S	2469	1	0	1	20	2	2	21	2	19
S	2470	1	0	0	20	2	2	21	2	19
S	2471	1	0	1	35	2	18	21	31	18
S	2472	1	0	0	35	2	18	21	31	18
S	2473	1	0	1	24	2	21	18	19	18
S	2474	1	0	0	24	2	21	18	19	18
S	2475	1	0	1	2	37	28	28	2	26
S	2476	1	0	0	2	37	28	28	2	26
S	2477	1	0	1	2	33	28	2	2	36
S	2478	1	0	0	2	33	28	2	2	36
S	2479	1	0	1	2	20	2	28	2	27
S	2480	1	0	0	2	20	2	28	2	27
S	2481	1	0	1	2	35	26	28	36	26
S	2482	1	0	0	2	35	26	28	36	26
S	2483	1	0	1	2	24	28	26	27	26
S	2484	1	0	0	2	24	28	26	27	26
S	2485	1	0	1	38	2	23	23	18	2
S	2486	1	0	0	38	2	23	23	18	2
S	2487	1	0	1	22	2	2	23	19	2
S	2488	1	0	0	22	2	2	23	19	2
S	2489	1	0	1	32	2	23	2	31	2
S	2490	1	0	0	32	2	23	2	31	2
S	2491	1	0	1	25	2	23	18	18	19
S	2492	1	0	0	25	2	23	18	18	19
S	2493	1	0	1	34	2	18	23	18	31
S	2494	1	0	0	34	2	18	23	18	31
S	2495	1	0	1	2	38	29	29	26	2
S	2496	1	0	0	2	38	29	29	26	2
S	2497	1	0	1	2	22	2	29	27	2
S	2498	1	0	0	2	22	2	29	27	2
S	2499	1	0	1	2	32	29	2	36	2
S	2500	1	0	0	2	32	29	2	36	2
S	2501	1	0	1	2	25	29	26	26	27
S	2502	1	0	0	2	25	29	26	26	27
S	2503	1	0	1	2	34	26	29	26	36
S	2504	1	0	0	2	34	26	29	26	36
S	2505	1	0	1	17	2	2	18	19	19
S	2506	1	0	0	17	2	2	18	19	19
S	2507	1	0	1	20	2	2	21	2	19
S	2508	1	0	0	20	2	2	21	2	19
S	2509	1	0	1	22	2	2	23	19	2
S	2510	1	0	0	22	2	2	23	19	2
S	2511	1	0	1	24	2	21	18	19	18
S	2512	1	0	0	24	2	21	18	19	18
S	2513	1	0	1	25	2	23	18	18	19
S	2514	1	0	0	25	2	23	18	18	19
S	2515	1	0	1	2	17	2	26	27	27
S	2516	1	0	0	2	17	2	26	27	27
S	2517	1	0	1	2	20	2	28	2	27
S	2518	1	0	0	2	20	2	28	2	27
S	2519	1	0	1	2	22	2	29	27	2
S	2520	1	0	0	2	22	2	29	27	2
S	2521	1	0	1	2	24	28	26	27	26
S	2522	1	0	0	2	24	28	26	27	26
S	2523	1	0	1	2	25	29	26	26	27
S	2524	1	0	0	2	25	29	26	26	27
S	2525	1	0	1	30	2	18	2	31	31
S	2526	1	0	0	30	2	18	2	31	31
S	2527	1	0	1	32	2	23	2	31	2
S	2528	1	0	0	32	2	23	2	31	2
S	2529	1	0	1	33	2	21	2	2	31
S	2530	1	0	0	33	2	21	2	2	31
S	2531	1	0	1	34	2	18	23	18	31
S	2532	1	0	0	34	2	18	23	18	31
S	2533	1	0	1	35	2	18	21	31	18
S	2534	1	0	0	35	2	18	21	31	18
S	2535	1	0	1	2	30	26	2	36	36
S	2536	1	0	0	2	30	26	2	36	36
S	2537	1	0	1	2	32	29	2	36	2
S	2538	1	0	0	2	32	29	2	36	2
S	2539	1	0	1	2	33	28	2	2	36
S	2540	1	0	0	2	33	28	2	2	36
S	2541	1	0	1	2	34	26	29	26	36
S	2542	1	0	0	2	34	26	29	26	36
S	2543	1	0	1	2	35	26	28	36	26
S	2544	1	0	0	2	35	26	28	36	26
S	2545	1	0	1	37	2	21	21	2	18
S	2546	1	0	0	37	2	21	21	2	18
S	2547	1	0	1	33	2	21	2	2	31
S	2548	1	0	0	33	2	21	2	2	31
S	2549	1	0	1	20	2	2	21	2	19
S	2550	1	0	0	20	2	2	21	2	19
S	2551	1	0	1	35	2	18	21	31	18
S	2552	1	0	0	35	2	18	21	31	18
S	2553	1	0	1	24	2	21	18	19	18
S	2554	1	0	0	24	2	21	18	19	18
S	2555	1	0	1	2	37	28	28	2	26
S	2556	1	0	0	2	37	28	28	2	26
S	2557	1	0	1	2	33	28	2	2	36
S	2558	1	0	0	2	33	28	2	2	36
S	2559	1	0	1	2	20	2	28	2	27
S	2560	1	0	0	2	20	2	28	2	27
S	2561	1	0	1	2	35	26	28	36	26
S	2562	1	0	0	2	35	26	28	36	26
S	2563	1	0	1	2	24	28	26	27	26
S	2564	1	0	0	2	24	28	26	27	26
S	2565	1	0	1	38	2	23	23	18	2
S	2566	1	0	0	38	2	23	23	18	2
S	2567	1	0	1	22	2	2	23	19	2
S	2568	1	0	0	22	2	2	23	19	2
S	2569	1	0	1	32	2	23	2	31	2
S	2570	1	0	0	32	2	23	2	31	2
S	2571	1	0	1	25	2	23	18	18	19
S	2572	1	0	0	25	2	23	18	18	19
S	2573	1	0	1	34	2	18	23	18	31
S	2574	1	0	0	34	2	18	23	18	31
S	2575	1	0	1	2	38	29	29	26	2
S	2576	1	0	0	2	38	29	29	26	2
S	2577	1	0	1	2	22	2	29	27	2
S	2578	1	0	0	2	22	2	29	27	2
S	2579	1	0	1	2	32	29	2	36	2
S	2580	1	0	0	2	32	29	2	36	2
S	2581	1	0	1	2	25	29	26	26	27
S	2582	1	0	0	2	25	29	26	26	27
S	2583	1	0	1	2	34	26	29	26	36
S	2584	1	0	0	2	34	26	29	26	36
S	2585	1	0	1	17	2	2	18	19	19
S	2586	1	0	0	17	2	2	18	19	19
S	2587	1	0	1	20	2	2	21	2	19
S	2588	1	0	0	20	2	2	21	2	19
S	2589	1	0	1	22	2	2	23	19	2
S	2590	1	0	0	22	2	2	23	19	2
S	2591	1	0	1	24	2	21	18	19	18
S	2592	1	0	0	24	2	21	18	19	18
S	2593	1	0	1	25	2	23	18	18	19
S	2594	1	0	0	25	2	23	18	18	19
S	2595	1	0	1	2	17	2	26	27	27
S	2596	1	0	0	2	17	2	26	27	27
S	2597	1	0	1	2	20	2	28	2	27
S	2598	1	0	0	2	20	2	28	2	27
S	2599	1	0	1	2	22	2	29	27	2
S	2600	1	0	0	2	22	2	29	27	2
S	2601	1	0	1	2	24	28	26	27	26
S	2602	1	0	0	2	24	28	26	27	26
S	2603	1	0	1	2	25	29	26	26	27
S	2604	1	0	0	2	25	29	26	26	27
S	2605	1	0	1	30	2	18	2	31	31
S	2606	1	0	0	30	2	18	2	31	31
S	2607	1	0	1	32	2	23	2	31	2
S	2608	1	0	0	32	2	23	2	31	2
S	2609	1	0	1	33	2	21	2	2	31
S	2610	1	0	0	33	2	21	2	2	31
S	2611	1	0	1	34	2	18	23	18	31
S	2612	1	0	0	34	2	18	23	18	31
S	2613	1	0	1	35	2	18	21	31	18
S	2614	1	0	0	35	2	18	21	31	18
S	2615	1	0	1	2	30	26	2	36	36
S	2616	1	0	0	2	30	26	2	36	36
S	2617	1	0	1	2	32	29	2	36	2
S	2618	1	0	0	2	32	29	2	36	2
S	2619	1	0	1	2	33	28	2	2	36
S	2620	1	0	0	2	33	28	2	2	36
S	2621	1	0	1	2	34	26	29	26	36
S	2622	1	0	0	2	34	26	29	26	36
S	2623	1	0	1	2	35	26	28	36	26
S	2624	1	0	0	2	35	26	28	36	26
S	2625	1	0	1	37	2	21	21	2	18
S	2626	1	0	0	37	2	21	21	2	18
S	2627	1	0	1	33	2	21	2	2	31
S	2628	1	0	0	33	2	21	2	2	31
S	2629	1	0	1	20	2	2	21	2	19
S	2630	1	0	0	20	2	2	21	2	19
S	2631	1	0	1	35	2	18	21	31	18
S	2632	1	0	0	35	2	18	21	31	18
S	2633	1	0	1	24	2	21	18	19	18
S	2634	1	0	0	24	2	21	18	19	18
S	2635	1	0	1	2	37	28	28	2	26
S	2636	1	0	0	2	37	28	28	2	26
S	2637	1	0	1	2	33	28	2	2	36
S	2638	1	0	0	2	33	28	2	2	36
S	2639	1	0	1	2	20	2	28	2	27
S	2640	1	0	0	2	20	2	28	2	27
S	2641	1	0	1	2	35	26	28	36	26
S	2642	1	0	0	2	35	26	28	36	26
S	2643	1	0	1	2	24	28	26	27	26
S	2644	1	0	0	2	24	28	26	27	26
S	2645	1	0	1	38	2	23	23	18	2
S	2646	1	0	0	38	2	23	23	18	2
S	2647	1	0	1	22	2	2	23	19	2
S	2648	1	0	0	22	2	2	23	19	2
S	2649	1	0	1	32	2	23	2	31	2
S	2650	1	0	0	32	2	23	2	31	2
S	2651	1	0	1	25	2	23	18	18	19
S	2652	1	0	0	25	2	23	18	18	19
S	2653	1	0	1	34	2	18	23	18	31
S	2654	1	0	0	34	2	18	23	18	31
S	2655	1	0	1	2	38	29	29	26	2
S	2656	1	0	0	2	38	29	29	26	2
S	2657	1	0	1	2	22	2	29	27	2
S	2658	1	0	0	2	22	2	29	27	2
S	2659	1	0	1	2	32	29	2	36	2
S	2660	1	0	0	2	32	29	2	36	2
S	2661	1	0	1	2	25	29	26	26	27
S	2662	1	0	0	2	25	29	26	26	27
S	2663	1	0	1	2	34	26	29	26	36
S	2664	1	0	0	2	34	26	29	26	36
S	2665	1	0	1	17	2	2	18	19	19
S	2666	1	0	0	17	2	2	18	19	19
S	2667	1	0	1	20	2	2	21	2	19
S	2668	1	0	0	20	2	2	21	2	19
S	2669	1	0	1	22	2	2	23	19	2
S	2670	1	0	0	22	2	2	23	19	2
S	2671	1	0	1	24	2	21	18	19	18
S	2672	1	0	0	24	2	21	18	19	18
S	2673	1	0	1	25	2	23	18	18	19
S	2674	1	0	0	25	2	23	18	18	19
S	2675	1	0	1	2	17	2	26	27	27
S	2676	1	0	0	2	17	2	26	27	27
S	2677	1	0	1	2	20	2	28	2	27
S	2678	1	0	0	2	20	2	28	2	27
S	2679	1	0	1	2	22	2	29	27	2
S	2680	1	0	0	2	22	2	29	27	2
S	2681	1	0	1	2	24	28	26	27	26
S	2682	1	0	0	2	24	28	26	27	26
S	2683	1	0	1	2	25	29	26	26	27
S	2684	1	0	0	2	25	29	26	26	27
S	2685	1	0	1	30	2	18	2	31	31
S	2686	1	0	0	30	2	18	2	31	31
S	2687	1	0	1	32	2	23	2	31	2
S	2688	1	0	0	32	2	23	2	31	2
S	2689	1	0	1	33	2	21	2	2	31
S	2690	1	0	0	33	2	21	2	2	31
S	2691	1	0	1	34	2	18	23	18	31
S	2692	1	0	0	34	2	18	23	18	31
S	2693	1	0	1	35	2	18	21	31	18
S	2694	1	0	0	35	2	18	21	31	18
S	2695	1	0	1	2	30	26	2	36	36
S	2696	1	0	0	2	30	26	2	36	36
S	2697	1	0	1	2	32	29	2	36	2
S	2698	1	0	0	2	32	29	2	36	2
S	2699	1	0	1	2	33	28	2	2	36
S	2700	1	0	0	2	33	28	2	2	36
S	2701	1	0	1	2	34	26	29	26	36
S	2702	1	0	0	2	34	26	29	26	36
S	2703	1	0	1	2	35	26	28	36	26
S	2704	1	0	0	2	35	26	28	36	26
S	2705	1	0	1	37	2	21	21	2	18
S	2706	1	0	0	37	2	21	21	2	18
S	2707	1	0	1	33	2	21	2	2	31
S	2708	1	0	0	33	2	21	2	2	31
S	2709	1	0	1	20	2	2	21	2	19
S	2710	1	0	0	20	2	2	21	2	19
S	2711	1	0	1	35	2	18	21	31	18
S	2712	1	0	0	35	2	18	21	31	18
S	2713	1	0	1	24	2	21	18	19	18
S	2714	1	0	0	24	2	21	18	19	18
S	2715	1	0	1	2	37	28	28	2	26
S	2716	1	0	0	2	37	28	28	2	26
S	2717	1	0	1	2	33	28	2	2	36
S	2718	1	0	0	2	33	28	2	2	36
S	2719	1	0	1	2	20	2	28	2	27
S	2720	1	0	0	2	20	2	28	2	27
S	2721	1	0	1	2	35	26	28	36	26
S	2722	1	0	0	2	35	26	28	36	26
S	2723	1	0	1	2	24	28	26	27	26
S	2724	1	0	0	2	24	28	26	27	26
S	2725	1	0	1	38	2	23	23	18	2
S	2726	1	0	0	38	2	23	23	18	2
S	2727	1	0	1	22	2	2	23	19	2
S	2728	1	0	0	22	2	2	23	19	2
S	2729	1	0	1	32	2	23	2	31	2
S	2730	1	0	0	32	2	23	2	31	2
S	2731	1	0	1	25	2	23	18	18	19
S	2732	1	0	0	25	2	23	18	18	19
S	2733	1	0	1	34	2	18	23	18	31
S	2734	1	0	0	34	2	18	23	18	31
S	2735	1	0	1	2	38	29	29	26	2
S	2736	1	0	0	2	38	29	29	26	2
S	2737	1	0	1	2	22	2	29	27	2
S	2738	1	0	0	2	22	2	29	27	2
S	2739	1	0	1	2	32	29	2	36	2
S	2740	1	0	0	2	32	29	2	36	2
S	2741	1	0	1	2	25	29	26	26	27
S	2742	1	0	0	2	25	29	26	26	27
S	2743	1	0	1	2	34	26	29	26	36
S	2744	1	0	0	2	34	26	29	26	36
S	2745	1	0	1	17	2	2	18	19	19
S	2746	1	0	0	17	2	2	18	19	19
S	2747	1	0	1	20	2	2	21	2	19
S	2748	1	0	0	20	2	2	21	2	19
S	2749	1	0	1	22	2	2	23	19	2
S	2750	1	0	0	22	2	2	23	19	2
S	2751	1	0	1	24	2	21	18	19	18
S	2752	1	0	0	24	2	21	18	19	18
S	2753	1	0	1	25	2	23	18	18	19
S	2754	1	0	0	25	2	23	18	18	19
S	2755	1	0	1	2	17	2	26	27	27
S	2756	1	0	0	2	17	2	26	27	27
S	2757	1	0	1	2	20	2	28	2	27
S	2758	1	0	0	2	20	2	28	2	27
S	2759	1	0	1	2	22	2	29	27	2
S	2760	1	0	0	2	22	2	29	27	2
S	2761	1	0	1	2	24	28	26	27	26
S	2762	1	0	0	2	24	28	26	27	26
S	2763	1	0	1	2	25	29	26	26	27
S	2764	1	0	0	2	25	29	26	26	27
S	2765	1	0	1	30	2	18	2	31	31
S	2766	1	0	0	30	2	18	2	31	31
S	2767	1	0	1	32	2	23	2	31	2
S	2768	1	0	0	32	2	23	2	31	2
S	2769	1	0	1	33	2	21	2	2	31
S	2770	1	0	0	33	2	21	2	2	31
S	2771	1	0	1	34	2	18	23	18	31
S	2772	1	0	0	34	2	18	23	18	31
S	2773	1	0	1	35	2	18	21	31	18
S	2774	1	0	0	35	2	18	21	31	18
S	2775	1	0	1	2	30	26	2	36	36
S	2776	1	0	0	2	30	26	2	36	36
S	2777	1	0	1	2	32	29	2	36	2
S	2778	1	0	0	2	32	29	2	36	2
S	2779	1	0	1	2	33	28	2	2	36
S	2780	1	0	0	2	33	28	2	2	36
S	2781	1	0	1	2	34	26	29	26	36
S	2782	1	0	0	2	34	26	29	26	36
S	2783	1	0	1	2	35	26	28	36	26
S	2784	1	0	0	2	35	26	28	36	26
S	2785	1	0	1	37	2	21	21	2	18
S	2786	1	0	0	37	2	21	21	2	18
S	2787	1	0	1	33	2	21	2	2	31
S	2788	1	0	0	33	2	21	2	2	31
S	2789	1	0	1	20	2	2	21	2	19
S	2790	1	0	0	20	2	2	21	2	19
S	2791	1	0	1	35	2	18	21	31	18
S	2792	1	0	0	35	2	18	21	31	18
S	2793	1	0	1	24	2	21	18	19	18
S	2794	1	0	0	24	2	21	18	19	18
S	2795	1	0	1	2	37	28	28	2	26
S	2796	1	0	0	2	37	28	28	2	26
S	2797	1	0	1	2	33	28	2	2	36
S	2798	1	0	0	2	33	28	2	2	36
S	2799	1	0	1	2	20	2	28	2	27
S	2800	1	0	0	2	20	2	28	2	27
S	2801	1	0	1	2	35	26	28	36	26
S	2802	1	0	0	2	35	26	28	36	26
S	2803	1	0	1	2	24	28	26	27	26
S	2804	1	0	0	2	24	28	26	27	26
S	2805	1	0	1	38	2	23	23	18	2
S	2806	1	0	0	38	2	23	23	18	2
S	2807	1	0	1	22	2	2	23	19	2
S	2808	1	0	0	22	2	2	23	19	2
S	2809	1	0	1	32	2	23	2	31	2
S	2810	1	0	0	32	2	23	2	31	2
S	2811	1	0	1	25	2	23	18	18	19
S	2812	1	0	0	25	2	23	18	18	19
S	2813	1	0	1	34	2	18	23	18	31
S	2814	1	0	0	34	2	18	23	18	31
S	2815	1	0	1	2	38	29	29	26	2
S	2816	1	0	0	2	38	29	29	26	2
S	2817	1	0	1	2	22	2	29	27	2
S	2818	1	0	0	2	22	2	29	27	2
S	2819	1	0	1	2	32	29	2	36	2
S	2820	1	0	0	2	32	29	2	36	2
S	2821	1	0	1	2	25	29	26	26	27
S	2822	1	0	0	2	25	29	26	26	27
S	2823	1	0	1	2	34	26	29	26	36
S	2824	1	0	0	2	34	26	29	26	36
S	2825	1	0	1	17	2	2	18	19	19
S	2826	1	0	0	17	2	2	18	19	19
S	2827	1	0	1	20	2	2	21	2	19
S	2828	1	0	0	20	2	2	21	2	19
S	2829	1	0	1	22	2	2	23	19	2
S	2830	1	0	0	22	2	2	23	19	2
S	2831	1	0	1	24	2	21	18	19	18
S	2832	1	0	0	24	2	21	18	19	18
S	2833	1	0	1	25	2	23	18	18	19
S	2834	1	0	0	25	2	23	18	18	19
S	2835	1	0	1	2	17	2	26	27	27
S	2836	1	0	0	2	17	2	26	27	27
S	2837	1	0	1	2	20	2	28	2	27
S	2838	1	0	0	2	20	2	28	2	27
S	2839	1	0	1	2	22	2	29	27	2
S	2840	1	0	0	2	22	2	29	27	2
S	2841	1	0	1	2	24	28	26	27	26
S	2842	1	0	0	2	24	28	26	27	26
S	2843	1	0	1	2	25	29	26	26	27
S	2844	1	0	0	2	25	29	26	26	27
S	2845	1	0	1	30	2	18	2	31	31
S	2846	1	0	0	30	2	18	2	31	31
S	2847	1	0	1	32	2	23	2	31	2
S	2848	1	0	0	32	2	23	2	31	2
S	2849	1	0	1	33	2	21	2	2	31
S	2850	1	0	0	33	2	21	2	2	31
S	2851	1	0	1	34	2	18	23	18	31
S	2852	1	0	0	34	2	18	23	18	31
S	2853	1	0	1	35	2	18	21	31	18
S	2854	1	0	0	35	2	18	21	31	18
S	2855	1	0	1	2	30	26	2	36	36
S	2856	1	0	0	2	30	26	2	36	36
S	2857	1	0	1	2	32	29	2	36	2
S	2858	1	0	0	2	32	29	2	36	2
S	2859	1	0	1	2	33	28	2	2	36
S	2860	1	0	0	2	33	28	2	2	36
S	2861	1	0	1	2	34	26	29	26	36
S	2862	1	0	0	2	34	26	29	26	36
S	2863	1	0	1	2	35	26	28	36	26
S	2864	1	0	0	2	35	26	28	36	26
S	2865	1	0	1	37	2	21	21	2	18
S	2866	1	0	0	37	2	21	21	2	18
S	2867	1	0	1	33	2	21	2	2	31
S	2868	1	0	0	33	2	21	2	2	31
S	2869	1	0	1	20	2	2	21	2	19
S	2870	1	0	0	20	2	2	21	2	19
S	2871	1	0	1	35	2	18	21	31	18
S	2872	1	0	0	35	2	18	21	31	18
S	2873	1	0	1	24	2	21	18	19	18
S	2874	1	0	0	24	2	21	18	19	18
S	2875	1	0	1	2	37	28	28	2	26
S	2876	1	0	0	2	37	28	28	2	26
S	2877	1	0	1	2	33	28	2	2	36
S	2878	1	0	0	2	33	28	2	2	36
S	2879	1	0	1	2	20	2	28	2	27
S	2880	1	0	0	2	20	2	28	2	27
S	2881	1	0	1	2	35	26	28	36	26
S	2882	1	0	0	2	35	26	28	36	26
S	2883	1	0	1	2	24	28	26	27	26
S	2884	1	0	0	2	24	28	26	27	26
S	2885	1	0	1	38	2	23	23	18	2
S	2886	1	0	0	38	2	23	23	18	2
S	2887	1	0	1	22	2	2	23	19	2
S	2888	1	0	0	22	2	2	23	19	2
S	2889	1	0	1	32	2	23	2	31	2
S	2890	1	0	0	32	2	23	2	31	2
S	2891	1	0	1	25	2	23	18	18	19
S	2892	1	0	0	25	2	23	18	18	19
S	2893	1	0	1	34	2	18	23	18	31
S	2894	1	0	0	34	2	18	23	18	31
S	2895	1	0	1	2	38	29	29	26	2
S	2896	1	0	0	2	38	29	29	26	2
S	2897	1	0	1	2	22	2	29	27	2
S	2898	1	0	0	2	22	2	29	27	2
S	2899	1	0	1	2	32	29	2	36	2
S	2900	1	0	0	2	32	29	2	36	2
S	2901	1	0	1	2	25	29	26	26	27
S	2902	1	0	0	2	25	29	26	26	27
S	2903	1	0	1	2	34	26	29	26	36
S	2904	1	0	0	2	34	26	29	26	36
S	2905	1	0	1	17	2	2	18	19	19
S	2906	1	0	0	17	2	2	18	19	19
S	2907	1	0	1	20	2	2	21	2	19
S	2908	1	0	0	20	2	2	21	2	19
S	2909	1	0	1	22	2	2	23	19	2
S	2910	1	0	0	22	2	2	23	19	2
S	2911	1	0	1	24	2	21	18	19	18
S	2912	1	0	0	24	2	21	18	19	18
S	2913	1	0	1	25	2	23	18	18	19
S	2914	1	0	0	25	2	23	18	18	19
S	2915	1	0	1	2	17	2	26	27	27
S	2916	1	0	0	2	17	2	26	27	27
S	2917	1	0	1	2	20	2	28	2	27
S	2918	1	0	0	2	20	2	28	2	27
S	2919	1	0	1	2	22	2	29	27	2
S	2920	1	0	0	2	22	2	29	27	2
S	2921	1	0	1	2	24	28	26	27	26
S	2922	1	0	0	2	24	28	26	27	26
S	2923	1	0	1	2	25	29	26	26	27
S	2924	1	0	0	2	25	29	26	26	27
S	2925	1	0	1	30	2	18	2	31	31
S	2926	1	0	0	30	2	18	2	31	31
S	2927	1	0	1	32	2	23	2	31	2
S	2928	1	0	0	32	2	23	2	31	2
S	2929	1	0	1	33	2	21	2	2	31
S	2930	1	0	0	33	2	21	2	2	31
S	2931	1	0	1	34	2	18	23	18	31
S	2932	1	0	0	34	2	18	23	18	31
S	2933	1	0	1	35	2	18	21	31	18
S	2934	1	0	0	35	2	18	21	31	18
S	2935	1	0	1	2	30	26	2	36	36
S	2936	1	0	0	2	30	26	2	36	36
S	2937	1	0	1	2	32	29	2	36	2
S	2938	1	0	0	2	32	29	2	36	2
S	2939	1	0	1	2	33	28	2	2	36
S	2940	1	0	0	2	33	28	2	2	36
S	2941	1	0	1	2	34	26	29	26	36
S	2942	1	0	0	2	34	26	29	26	36
S	2943	1	0	1	2	35	26	28	36	26
S	2944	1	0	0	2	35	26	28	36	26
S	2945	1	0	1	37	2	21	21	2	18
S	2946	1	0	0	37	2	21	21	2	18
S	2947	1	0	1	33	2	21	2	2	31
S	2948	1	0	0	33	2	21	2	2	31
S	2949	1	0	1	20	2	2	21	2	19
S	2950	1	0	0	20	2	2	21	2	19
S	2951	1	0	1	35	2	18	21	31	18
S	2952	1	0	0	35	2	18	21	31	18
S	2953	1	0	1	24	2	21	18	19	18
S	2954	1	0	0	24	2	21	18	19	18
S	2955	1	0	1	2	37	28	28	2	26
S	2956	1	0	0	2	37	28	28	2	26
S	2957	1	0	1	2	33	28	2	2	36
S	2958	1	0	0	2	33	28	2	2	36
S	2959	1	0	1	2	20	2	28	2	27
S	2960	1	0	0	2	20	2	28	2	27
S	2961	1	0	1	2	35	26	28	36	26
S	2962	1	0	0	2	35	26	28	36	26
S	2963	1	0	1	2	24	28	26	27	26
S	2964	1	0	0	2	24	28	26	27	26
S	2965	1	0	1	38	2	23	23	18	2
S	2966	1	0	0	38	2	23	23	18	2
S	2967	1	0	1	22	2	2	23	19	2
S	2968	1	0	0	22	2	2	23	19	2
S	2969	1	0	1	32	2	23	2	31	2
S	2970	1	0	0	32	2	23	2	31	2
S	2971	1	0	1	25	2	23	18	18	19
S	2972	1	0	0	25	2	23	18	18	19
S	2973	1	0	1	34	2	18	23	18	31
S	2974	1	0	0	34	2	18	23	18	31
S	2975	1	0	1	2	38	29	29	26	2
S	2976	1	0	0	2	38	29	29	26	2
S	2977	1	0	1	2	22	2	29	27	2
S	2978	1	0	0	2	22	2	29	27	2
S	2979	1	0	1	2	32	29	2	36	2
S	2980	1	0	0	2	32	29	2	36	2
S	2981	1	0	1	2	25	29	26	26	27
S	2982	1	0	0	2	25	29	26	26	27
S	2983	1	0	1	2	34	26	29	26	36
S	2984	1	0	0	2	34	26	29	26	36
S	2985	1	0	1	17	2	2	18	19	19
S	2986	1	0	0	17	2	2	18	19	19
S	2987	1	0	1	20	2	2	21	2	19
S	2988	1	0	0	20	2	2	21	2	19
S	2989	1	0	1	22	2	2	23	19	2
S	2990	1	0	0	22	2	2	23	19	2
S	2991	1	0	1	24	2	21	18	19	18
S	2992	1	0	0	24	2	21	18	19	18
S	2993	1	0	1	25	2	23	18	18	19
S	2994	1	0	0	25	2	23	18	18	19
S	2995	1	0	1	2	17	2	26	27	27
S	2996	1	0	0	2	17	2	26	27	27
S	2997	1	0	1	2	20	2	28	2	27
S	2998	1	0	0	2	20	2	28	2	27
S	2999	1	0	1	2	22	2	29	27	2
S	3000	1	0	0	2	22	2	29	27	2
S	3001	1	0	1	2	24	28	26	27	26
S	3002	1	0	0	2	24	28	26	27	26
S	3003	1	0	1	2	25	29	26	26	27
S	3004	1	0	0	2	25	29	26	26	27
S	3005	1	0	1	30	2	18	2	31	31
S	3006	1	0	0	30	2	18	2	31	31
S	3007	1	0	1	32	2	23	2	31	2
S	3008	1	0	0	32	2	23	2	31	2
S	3009	1	0	1	33	2	21	2	2	31
S	3010	1	0	0	33	2	21	2	2	31
S	3011	1	0	1	34	2	18	23	18	31
S	3012	1	0	0	34	2	18	23	18	31
S	3013	1	0	1	35	2	18	21	31	18
S	3014	1	0	0	35	2	18	21	31	18
S	3015	1	0	1	2	30	26	2	36	36
S	3016	1	0	0	2	30	26	2	36	36
S	3017	1	0	1	2	32	29	2	36	2
S	3018	1	0	0	2	32	29	2	36	2
S	3019	1	0	1	2	33	28	2	2	36
S	3020	1	0	0	2	33	28	2	2	36
S	3021	1	0	1	2	34	26	29	26	36
S	3022	1	0	0	2	34	26	29	26	36
S	3023	1	0	1	2	35	26	28	36	26
S	3024	1	0	0	2	35	26	28	36	26
S	3025	1	0	1	37	2	21	21	2	18
S	3026	1	0	0	37	2	21	21	2	18
S	3027	1	0	1	33	2	21	2	2	31
S	3028	1	0	0	33	2	21	2	2	31
S	3029	1	0	1	20	2	2	21	2	19
S	3030	1	0	0	20	2	2	21	2	19
S	3031	1	0	1	35	2	18	21	31	18
S	3032	1	0	0	35	2	18	21	31	18
S	3033	1	0	1	24	2	21	18	19	18
S	3034	1	0	0	24	2	21	18	19	18
S	3035	1	0	1	2	37	28	28	2	26
S	3036	1	0	0	2	37	28	28	2	26
S	3037	1	0	1	2	33	28	2	2	36
S	3038	1	0	0	2	33	28	2	2	36
S	3039	1	0	1	2	20	2	28	2	27
S	3040	1	0	0	2	20	2	28	2	27
S	3041	1	0	1	2	35	26	28	36	26
S	3042	1	0	0	2	35	26	28	36	26
S	3043	1	0	1	2	24	28	26	27	26
S	3044	1	0	0	2	24	28	26	27	26
S	3045	1	0	1	38	2	23	23	18	2
S	3046	1	0	0	38	2	23	23	18	2
S	3047	1	0	1	22	2	2	23	19	2
S	3048	1	0	0	22	2	2	23	19	2
S	3049	1	0	1	32	2	23	2	31	2
S	3050	1	0	0	32	2	23	2	31	2
S	3051	1	0	1	25	2	23	18	18	19
S	3052	1	0	0	25	2	23	18	18	19
S	3053	1	0	1	34	2	18	23	18	31
S	3054	1	0	0	34	2	18	23	18	31
S	3055	1	0	1	2	38	29	29	26	2
S	3056	1	0	0	2	38	29	29	26	2
S	3057	1	0	1	2	22	2	29	27	2
S	3058	1	0	0	2	22	2	29	27	2
S	3059	1	0	1	2	32	29	2	36	2
S	3060	1	0	0	2	32	29	2	36	2
S	3061	1	0	1	2	25	29	26	26	27
S	3062	1	0	0	2	25	29	26	26	27
S	3063	1	0	1	2	34	26	29	26	36
S	3064	1	0	0	2	34	26	29	26	36
S	3065	1	0	1	17	2	2	18	19	19
S	3066	1	0	0	17	2	2	18	19	19
S	3067	1	0	1	20	2	2	21	2	19
S	3068	1	0	0	20	2	2	21	2	19
S	3069	1	0	1	22	2	2	23	19	2
S	3070	1	0	0	22	2	2	23	19	2
S	3071	1	0	1	24	2	21	18	19	18
S	3072	1	0	0	24	2	21	18	19	18
S	3073	1	0	1	25	2	23	18	18	19
S	3074	1	0	0	25	2	23	18	18	19
S	3075	1	0	1	2	17	2	26	27	27
S	3076	1	0	0	2	17	2	26	27	27
S	3077	1	0	1	2	20	2	28	2	27
S	3078	1	0	0	2	20	2	28	2	27
S	3079	1	0	1	2	22	2	29	27	2
S	3080	1	0	0	2	22	2	29	27	2
S	3081	1	0	1	2	24	28	26	27	26
S	3082	1	0	0	2	24	28	26	27	26
S	3083	1	0	1	2	25	29	26	26	27
S	3084	1	0	0	2	25	29	26	26	27
S	3085	1	0	1	30	2	18	2	31	31
S	3086	1	0	0	30	2	18	2	31	31
S	3087	1	0	1	32	2	23	2	31	2
S	3088	1	0	0	32	2	23	2	31	2
S	3089	1	0	1	33	2	21	2	2	31
S	3090	1	0	0	33	2	21	2	2	31
S	3091	1	0	1	34	2	18	23	18	31
S	3092	1	0	0	34	2	18	23	18	31
S	3093	1	0	1	35	2	18	21	31	18
S	3094	1	0	0	35	2	18	21	31	18
S	3095	1	0	1	2	30	26	2	36	36
S	3096	1	0	0	2	30	26	2	36	36
S	3097	1	0	1	2	32	29	2	36	2
S	3098	1	0	0	2	32	29	2	36	2
S	3099	1	0	1	2	33	28	2	2	36
S	3100	1	0	0	2	33	28	2	2	36
S	3101	1	0	1	2	34	26	29	26	36
S	3102	1	0	0	2	34	26	29	26	36
S	3103	1	0	1	2	35	26	28	36	26
S	3104	1	0	0	2	35	26	28	36	26
S	3105	1	0	1	37	2	21	21	2	18
S	3106	1	0	0	37	2	21	21	2	18
S	3107	1	0	1	33	2	21	2	2	31
S	3108	1	0	0	33	2	21	2	2	31
S	3109	1	0	1	20	2	2	21	2	19
S	3110	1	0	0	20	2	2	21	2	19
S	3111	1	0	1	35	2	18	21	31	18
S	3112	1	0	0	35	2	18	21	31	18
S	3113	1	0	1	24	2	21	18	19	18
S	3114	1	0	0	24	2	21	18	19	18
S	3115	1	0	1	2	37	28	28	2	26
S	3116	1	0	0	2	37	28	28	2	26
S	3117	1	0	1	2	33	28	2	2	36
S	3118	1	0	0	2	33	28	2	2	36
S	3119	1	0	1	2	20	2	28	2	27
S	3120	1	0	0	2	20	2	28	2	27
S	3121	1	0	1	2	35	26	28	36	26
S	3122	1	0	0	2	35	26	28	36	26
S	3123	1	0	1	2	24	28	26	27	26
S	3124	1	0	0	2	24	28	26	27	26
S	3125	1	0	1	38	2	23	23	18	2
S	3126	1	0	0	38	2	23	23	18	2
S	3127	1	0	1	22	2	2	23	19	2
S	3128	1	0	0	22	2	2	23	19	2
S	3129	1	0	1	32	2	23	2	31	2
S	3130	1	0	0	32	2	23	2	31	2
S	3131	1	0	1	25	2	23	18	18	19
S	3132	1	0	0	25	2	23	18	18	19
S	3133	1	0	1	34	2	18	23	18	31
S	3134	1	0	0	34	2	18	23	18	31
S	3135	1	0	1	2	38	29	29	26	2
S	3136	1	0	0	2	38	29	29	26	2
S	3137	1	0	1	2	22	2	29	27	2
S	3138	1	0	0	2	22	2	29	27	2
S	3139	1	0	1	2	32	29	2	36	2
S	3140	1	0	0	2	32	29	2	36	2
S	3141	1	0	1	2	25	29	26	26	27
S	3142	1	0	0	2	25	29	26	26	27
S	3143	1	0	1	2	34	26	29	26	36
S	3144	1	0	0	2	34	26	29	26	36
S	3145	1	0	1	17	2	2	18	19	19
S	3146	1	0	0	17	2	2	18	19	19
S	3147	1	0	1	20	2	2	21	2	19
S	3148	1	0	0	20	2	2	21	2	19
S	3149	1	0	1	22	2	2	23	19	2
S	3150	1	0	0	22	2	2	23	19	2
S	3151	1	0	1	24	2	21	18	19	18
S	3152	1	0	0	24	2	21	18	19	18
S	3153	1	0	1	25	2	23	18	18	19
S	3154	1	0	0	25	2	23	18	18	19
S	3155	1	0	1	2	17	2	26	27	27
S	3156	1	0	0	2	17	2	26	27	27
S	3157	1	0	1	2	20	2	28	2	27
S	3158	1	0	0	2	20	2	28	2	27
S	3159	1	0	1	2	22	2	29	27	2
S	3160	1	0	0	2	22	2	29	27	2
S	3161	1	0	1	2	24	28	26	27	26
S	3162	1	0	0	2	24	28	26	27	26
S	3163	1	0	1	2	25	29	26	26	27
S	3164	1	0	0	2	25	29	26	26	27
S	3165	1	0	1	30	2	18	2	31	31
S	3166	1	0	0	30	2	18	2	31	31
S	3167	1	0	1	32	2	23	2	31	2
S	3168	1	0	0	32	2	23	2	31	2
S	3169	1	0	1	33	2	21	2	2	31
S	3170	1	0	0	33	2	21	2	2	31
S	3171	1	0	1	34	2	18	23	18	31
S	3172	1	0	0	34	2	18	23	18	31
S	3173	1	0	1	35	2	18	21	31	18
S	3174	1	0	0	35	2	18	21	31	18
S	3175	1	0	1	2	30	26	2	36	36
S	3176	1	0	0	2	30	26	2	36	36
S	3177	1	0	1	2	32	29	2	36	2
S	3178	1	0	0	2	32	29	2	36	2
S	3179	1	0	1	2	33	28	2	2	36
S	3180	1	0	0	2	33	28	2	2	36
S	3181	1	0	1	2	34	26	29	26	36
S	3182	1	0	0	2	34	26	29	26	36
S	3183	1	0	1	2	35	26	28	36	26
S	3184	1	0	0	2	35	26	28	36	26
S	3185	1	0	1	37	2	21	21	2	18
S	3186	1	0	0	37	2	21	21	2	18
S	3187	1	0	1	33	2	21	2	2	31
S	3188	1	0	0	33	2	21	2	2	31
S	3189	1	0	1	20	2	2	21	2	19
S	3190	1	0	0	20	2	2	21	2	19
S	3191	1	0	1	35	2	18	21	31	18
S	3192	1	0	0	35	2	18	21	31	18
S	3193	1	0	1	24	2	21	18	19	18
S	3194	1	0	0	24	2	21	18	19	18
S	3195	1	0	1	2	37	28	28	2	26
S	3196	1	0	0	2	37	28	28	2	26
S	3197	1	0	1	2	33	28	2	2	36
S	3198	1	0	0	2	33	28	2	2	36
S	3199	1	0	1	2	20	2	28	2	27
S	3200	1	0	0	2	20	2	28	2	27
S	3201	1	0	1	2	35	26	28	36	26
S	3202	1	0	0	2	35	26	28	36	26
S	3203	1	0	1	2	24	28	26	27	26
S	3204	1	0	0	2	24	28	26	27	26
S	3205	1	0	1	38	2	23	23	18	2
S	3206	1	0	0	38	2	23	23	18	2
S	3207	1	0	1	22	2	2	23	19	2
S	3208	1	0	0	22	2	2	23	19	2
S	3209	1	0	1	32	2	23	2	31	2
S	3210	1	0	0	32	2	23	2	31	2
S	3211	1	0	1	25	2	23	18	18	19
S	3212	1	0	0	25	2	23	18	18	19
S	3213	1	0	1	34	2	18	23	18	31
S	3214	1	0	0	34	2	18	23	18	31
S	3215	1	0	1	2	38	29	29	26	2
S	3216	1	0	0	2	38	29	29	26	2
S	3217	1	0	1	2	22	2	29	27	2
S	3218	1	0	0	2	22	2	29	27	2
S	3219	1	0	1	2	32	29	2	36	2
S	3220	1	0	0	2	32	29	2	36	2
S	3221	1	0	1	2	25	29	26	26	27
S	3222	1	0	0	2	25	29	26	26	27
S	3223	1	0	1	2	34	26	29	26	36
S	3224	1	0	0	2	34	26	29	26	36
S	3225	1	0	1	17	2	2	18	19	19
S	3226	1	0	0	17	2	2	18	19	19
S	3227	1	0	1	20	2	2	21	2	19
S	3228	1	0	0	20	2	2	21	2	19
S	3229	1	0	1	22	2	2	23	19	2
S	3230	1	0	0	22	2	2	23	19	2
S	3231	1	0	1	24	2	21	18	19	18
S	3232	1	0	0	24	2	21	18	19	18
S	3233	1	0	1	25	2	23	18	18	19
S	3234	1	0	0	25	2	23	18	18	19
S	3235	1	0	1	2	17	2	26	27	27
S	3236	1	0	0	2	17	2	26	27	27
S	3237	1	0	1	2	20	2	28	2	27
S	3238	1	0	0	2	20	2	28	2	27
S	3239	1	0	1	2	22	2	29	27	2
S	3240	1	0	0	2	22	2	29	27	2
S	3241	1	0	1	2	24	28	26	27	26
S	3242	1	0	0	2	24	28	26	27	26
S	3243	1	0	1	2	25	29	26	26	27
S	3244	1	0	0	2	25	29	26	26	27
S	3245	1	0	1	30	2	18	2	31	31
S	3246	1	0	0	30	2	18	2	31	31
S	3247	1	0	1	32	2	23	2	31	2
S	3248	1	0	0	32	2	23	2	31	2
S	3249	1	0	1	33	2	21	2	2	31
S	3250	1	0	0	33	2	21	2	2	31
S	3251	1	0	1	34	2	18	23	18	31
S	3252	1	0	0	34	2	18	23	18	31
S	3253	1	0	1	35	2	18	21	31	18
S	3254	1	0	0	35	2	18	21	31	18
S	3255	1	0	1	2	30	26	2	36	36
S	3256	1	0	0	2	30	26	2	36	36
S	3257	1	0	1	2	32	29	2	36	2
S	3258	1	0	0	2	32	29	2	36	2
S	3259	1	0	1	2	33	28	2	2	36
S	3260	1	0	0	2	33	28	2	2	36
S	3261	1	0	1	2	34	26	29	26	36
S	3262	1	0	0	2	34	26	29	26	36
S	3263	1	0	1	2	35	26	28	36	26
S	3264	1	0	0	2	35	26	28	36	26
S	3265	1	0	1	37	2	21	21	2	18
S	3266	1	0	0	37	2	21	21	2	18
S	3267	1	0	1	33	2	21	2	2	31
S	3268	1	0	0	33	2	21	2	2	31
S	3269	1	0	1	20	2	2	21	2	19
S	3270	1	0	0	20	2	2	21	2	19
S	3271	1	0	1	35	2	18	21	31	18
S	3272	1	0	0	35	2	18	21	31	18
S	3273	1	0	1	24	2	21	18	19	18
S	3274	1	0	0	24	2	21	18	19	18
S	3275	1	0	1	2	37	28	28	2	26
S	3276	1	0	0	2	37	28	28	2	26
S	3277	1	0	1	2	33	28	2	2	36
S	3278	1	0	0	2	33	28	2	2	36
S	3279	1	0	1	2	20	2	28	2	27
S	3280	1	0	0	2	20	2	28	2	27
S	3281	1	0	1	2	35	26	28	36	26
S	3282	1	0	0	2	35	26	28	36	26
S	3283	1	0	1	2	24	28	26	27	26
S	3284	1	0	0	2	24	28	26	27	26
S	3285	1	0	1	38	2	23	23	18	2
S	3286	1	0	0	38	2	23	23	18	2
S	3287	1	0	1	22	2	2	23	19	2
S	3288	1	0	0	22	2	2	23	19	2
S	3289	1	0	1	32	2	23	2	31	2
S	3290	1	0	0	32	2	23	2	31	2
S	3291	1	0	1	25	2	23	18	18	19
S	3292	1	0	0	25	2	23	18	18	19
S	3293	1	0	1	34	2	18	23	18	31
S	3294	1	0	0	34	2	18	23	18	31
S	3295	1	0	1	2	38	29	29	26	2
S	3296	1	0	0	2	38	29	29	26	2
S	3297	1	0	1	2	22	2	29	27	2
S	3298	1	0	0	2	22	2	29	27	2
S	3299	1	0	1	2	32	29	2	36	2
S	3300	1	0	0	2	32	29	2	36	2
S	3301	1	0	1	2	25	29	26	26	27
S	3302	1	0	0	2	25	29	26	26	27
S	3303	1	0	1	2	34	26	29	26	36
S	3304	1	0	0	2	34	26	29	26	36
S	3305	1	0	1	17	2	2	18	19	19
S	3306	1	0	0	17	2	2	18	19	19
S	3307	1	0	1	20	2	2	21	2	19
S	3308	1	0	0	20	2	2	21	2	19
S	3309	1	0	1	22	2	2	23	19	2
S	3310	1	0	0	22	2	2	23	19	2
S	3311	1	0	1	24	2	21	18	19	18
S	3312	1	0	0	24	2	21	18	19	18
S	3313	1	0	1	25	2	23	18	18	19
S	3314	1	0	0	25	2	23	18	18	19
S	3315	1	0	1	2	17	2	26	27	27
S	3316	1	0	0	2	17	2	26	27	27
S	3317	1	0	1	2	20	2	28	2	27
S	3318	1	0	0	2	20	2	28	2	27
S	3319	1	0	1	2	22	2	29	27	2
S	3320	1	0	0	2	22	2	29	27	2
S	3321	1	0	1	2	24	28	26	27	26
S	3322	1	0	0	2	24	28	26	27	26
S	3323	1	0	1	2	25	29	26	26	27
S	3324	1	0	0	2	25	29	26	26	27
S	3325	1	0	1	30	2	18	2	31	31
S	3326	1	0	0	30	2	18	2	31	31
S	3327	1	0	1	32	2	23	2	31	2
S	3328	1	0	0	32	2	23	2	31	2
S	3329	1	0	1	33	2	21	2	2	31
S	3330	1	0	0	33	2	21	2	2	31
S	3331	1	0	1	34	2	18	23	18	31
S	3332	1	0	0	34	2	18	23	18	31
S	3333	1	0	1	35	2	18	21	31	18
S	3334	1	0	0	35	2	18	21	31	18
S	3335	1	0	1	2	30	26	2	36	36
S	3336	1	0	0	2	30	26	2	36	36
S	3337	1	0	1	2	32	29	2	36	2
S	3338	1	0	0	2	32	29	2	36	2
S	3339	1	0	1	2	33	28	2	2	36
S	3340	1	0	0	2	33	28	2	2	36
S	3341	1	0	1	2	34	26	29	26	36
S	3342	1	0	0	2	34	26	29	26	36
S	3343	1	0	1	2	35	26	28	36	26
S	3344	1	0	0	2	35	26	28	36	26
S	3345	1	0	1	37	2	21	21	2	18
S	3346	1	0	0	37	2	21	21	2	18
S	3347	1	0	1	33	2	21	2	2	31
S	3348	1	0	0	33	2	21	2	2	31
S	3349	1	0	1	20	2	2	21	2	19
S	3350	1	0	0	20	2	2	21	2	19
S	3351	1	0	1	35	2	18	21	31	18
S	3352	1	0	0	35	2	18	21	31	18
S	3353	1	0	1	24	2	21	18	19	18
S	3354	1	0	0	24	2	21	18	19	18
S	3355	1	0	1	2	37	28	28	2	26
S	3356	1	0	0	2	37	28	28	2	26
S	3357	1	0	1	2	33	28	2	2	36
S	3358	1	0	0	2	33	28	2	2	36
S	3359	1	0	1	2	20	2	28	2	27
S	3360	1	0	0	2	20	2	28	2	27
S	3361	1	0	1	2	35	26	28	36	26
S	3362	1	0	0	2	35	26	28	36	26
S	3363	1	0	1	2	24	28	26	27	26
S	3364	1	0	0	2	24	28	26	27	26
S	3365	1	0	1	38	2	23	23	18	2
S	3366	1	0	0	38	2	23	23	18	2
S	3367	1	0	1	22	2	2	23	19	2
S	3368	1	0	0	22	2	2	23	19	2
S	3369	1	0	1	32	2	23	2	31	2
S	3370	1	0	0	32	2	23	2	31	2
S	3371	1	0	1	25	2	23	18	18	19
S	3372	1	0	0	25	2	23	18	18	19
S	3373	1	0	1	34	2	18	23	18	31
S	3374	1	0	0	34	2	18	23	18	31
S	3375	1	0	1	2	38	29	29	26	2
S	3376	1	0	0	2	38	29	29	26	2
S	3377	1	0	1	2	22	2	29	27	2
S	3378	1	0	0	2	22	2	29	27	2
S	3379	1	0	1	2	32	29	2	36	2
S	3380	1	0	0	2	32	29	2	36	2
S	3381	1	0	1	2	25	29	26	26	27
S	3382	1	0	0	2	25	29	26	26	27
S	3383	1	0	1	2	34	26	29	26	36
S	3384	1	0	0	2	34	26	29	26	36
S	3385	1	0	1	17	2	2	18	19	19
S	3386	1	0	0	17	2	2	18	19	19
S	3387	1	0	1	20	2	2	21	2	19
S	3388	1	0	0	20	2	2	21	2	19
S	3389	1	0	1	22	2	2	23	19	2
S	3390	1	0	0	22	2	2	23	19	2
S	3391	1	0	1	24	2	21	18	19	18
S	3392	1	0	0	24	2	21	18	19	18
S	3393	1	0	1	25	2	23	18	18	19
S	3394	1	0	0	25	2	23	18	18	19
S	3395	1	0	1	2	17	2	26	27	27
S	3396	1	0	0	2	17	2	26	27	27
S	3397	1	0	1	2	20	2	28	2	27
S	3398	1	0	0	2	20	2	28	2	27
S	3399	1	0	1	2	22	2	29	27	2
S	3400	1	0	0	2	22	2	29	27	2
S	3401	1	0	1	2	24	28	26	27	26
S	3402	1	0	0	2	24	28	26	27	26
S	3403	1	0	1	2	25	29	26	26	27
S	3404	1	0	0	2	25	29	26	26	27
S	3405	1	0	1	30	2	18	2	31	31
S	3406	1	0	0	30	2	18	2	31	31
S	3407	1	0	1	32	2	23	2	31	2
S	3408	1	0	0	32	2	23	2	31	2
S	3409	1	0	1	33	2	21	2	2	31
S	3410	1	0	0	33	2	21	2	2	31
S	3411	1	0	1	34	2	18	23	18	31
S	3412	1	0	0	34	2	18	23	18	31
S	3413	1	0	1	35	2	18	21	31	18
S	3414	1	0	0	35	2	18	21	31	18
S	3415	1	0	1	2	30	26	2	36	36
S	3416	1	0	0	2	30	26	2	36	36
S	3417	1	0	1	2	32	29	2	36	2
S	3418	1	0	0	2	32	29	2	36	2
S	3419	1	0	1	2	33	28	2	2	36
S	3420	1	0	0	2	33	28	2	2	36
S	3421	1	0	1	2	34	26	29	26	36
S	3422	1	0	0	2	34	26	29	26	36
S	3423	1	0	1	2	35	26	28	36	26
S	3424	1	0	0	2	35	26	28	36	26
S	3425	1	0	1	37	2	21	21	2	18
S	3426	1	0	0	37	2	21	21	2	18
S	3427	1	0	1	33	2	21	2	2	31
S	3428	1	0	0	33	2	21	2	2	31
S	3429	1	0	1	20	2	2	21	2	19
S	3430	1	0	0	20	2	2	21	2	19
S	3431	1	0	1	35	2	18	21	31	18
S	3432	1	0	0	35	2	18	21	31	18
S	3433	1	0	1	24	2	21	18	19	18
S	3434	1	0	0	24	2	21	18	19	18
S	3435	1	0	1	2	37	28	28	2	26
S	3436	1	0	0	2	37	28	28	2	26
S	3437	1	0	1	2	33	28	2	2	36
S	3438	1	0	0	2	33	28	2	2	36
S	3439	1	0	1	2	20	2	28	2	27
S	3440	1	0	0	2	20	2	28	2	27
S	3441	1	0	1	2	35	26	28	36	26
S	3442	1	0	0	2	35	26	28	36	26
S	3443	1	0	1	2	24	28	26	27	26
S	3444	1	0	0	2	24	28	26	27	26
S	3445	1	0	1	38	2	23	23	18	2
S	3446	1	0	0	38	2	23	23	18	2
S	3447	1	0	1	22	2	2	23	19	2
S	3448	1	0	0	22	2	2	23	19	2
S	3449	1	0	1	32	2	23	2	31	2
S	3450	1	0	0	32	2	23	2	31	2
S	3451	1	0	1	25	2	23	18	18	19
S	3452	1	0	0	25	2	23	18	18	19
S	3453	1	0	1	34	2	18	23	18	31
S	3454	1	0	0	34	2	18	23	18	31
S	3455	1	0	1	2	38	29	29	26	2
S	3456	1	0	0	2	38	29	29	26	2
S	3457	1	0	1	2	22	2	29	27	2
S	3458	1	0	0	2	22	2	29	27	2
S	3459	1	0	1	2	32	29	2	36	2
S	3460	1	0	0	2	32	29	2	36	2
S	3461	1	0	1	2	25	29	26	26	27
S	3462	1	0	0	2	25	29	26	26	27
S	3463	1	0	1	2	34	26	29	26	36
S	3464	1	0	0	2	34	26	29	26	36
S	3465	1	0	1	17	2	2	18	19	19
S	3466	1	0	0	17	2	2	18	19	19
S	3467	1	0	1	20	2	2	21	2	19
S	3468	1	0	0	20	2	2	21	2	19
S	3469	1	0	1	22	2	2	23	19	2
S	3470	1	0	0	22	2	2	23	19	2
S	3471	1	0	1	24	2	21	18	19	18
S	3472	1	0	0	24	2	21	18	19	18
S	3473	1	0	1	25	2	23	18	18	19
S	3474	1	0	0	25	2	23	18	18	19
S	3475	1	0	1	2	17	2	26	27	27
S	3476	1	0	0	2	17	2	26	27	27
S	3477	1	0	1	2	20	2	28	2	27
S	3478	1	0	0	2	20	2	28	2	27
S	3479	1	0	1	2	22	2	29	27	2
S	3480	1	0	0	2	22	2	29	27	2
S	3481	1	0	1	2	24	28	26	27	26
S	3482	1	0	0	2	24	28	26	27	26
S	3483	1	0	1	2	25	29	26	26	27
S	3484	1	0	0	2	25	29	26	26	27
S	3485	1	0	1	30	2	18	2	31	31
S	3486	1	0	0	30	2	18	2	31	31
S	3487	1	0	1	32	2	23	2	31	2
S	3488	1	0	0	32	2	23	2	31	2
S	3489	1	0	1	33	2	21	2	2	31
S	3490	1	0	0	33	2	21	2	2	31
S	3491	1	0	1	34	2	18	23	18	31
S	3492	1	0	0	34	2	18	23	18	31
S	3493	1	0	1	35	2	18	21	31	18
S	3494	1	0	0	35	2	18	21	31	18
S	3495	1	0	1	2	30	26	2	36	36
S	3496	1	0	0	2	30	26	2	36	36
S	3497	1	0	1	2	32	29	2	36	2
S	3498	1	0	0	2	32	29	2	36	2
S	3499	1	0	1	2	33	28	2	2	36
S	3500	1	0	0	2	33	28	2	2	36
S	3501	1	0	1	2	34	26	29	26	36
S	3502	1	0	0	2	34	26	29	26	36
S	3503	1	0	1	2	35	26	28	36	26
S	3504	1	0	0	2	35	26	28	36	26
S	3505	1	0	1	37	2	21	21	2	18
S	3506	1	0	0	37	2	21	21	2	18
S	3507	1	0	1	33	2	21	2	2	31
S	3508	1	0	0	33	2	21	2	2	31
S	3509	1	0	1	20	2	2	21	2	19
S	3510	1	0	0	20	2	2	21	2	19
S	3511	1	0	1	35	2	18	21	31	18
S	3512	1	0	0	35	2	18	21	31	18
S	3513	1	0	1	24	2	21	18	19	18
S	3514	1	0	0	24	2	21	18	19	18
S	3515	1	0	1	2	37	28	28	2	26
S	3516	1	0	0	2	37	28	28	2	26
S	3517	1	0	1	2	33	28	2	2	36
S	3518	1	0	0	2	33	28	2	2	36
S	3519	1	0	1	2	20	2	28	2	27
S	3520	1	0	0	2	20	2	28	2	27
S	3521	1	0	1	2	35	26	28	36	26
S	3522	1	0	0	2	35	26	28	36	26
S	3523	1	0	1	2	24	28	26	27	26
S	3524	1	0	0	2	24	28	26	27	26
S	3525	1	0	1	38	2	23	23	18	2
S	3526	1	0	0	38	2	23	23	18	2
S	3527	1	0	1	22	2	2	23	19	2
S	3528	1	0	0	22	2	2	23	19	2
S	3529	1	0	1	32	2	23	2	31	2
S	3530	1	0	0	32	2	23	2	31	2
S	3531	1	0	1	25	2	23	18	18	19
S	3532	1	0	0	25	2	23	18	18	19
S	3533	1	0	1	34	2	18	23	18	31
S	3534	1	0	0	34	2	18	23	18	31
S	3535	1	0	1	2	38	29	29	26	2
S	3536	1	0	0	2	38	29	29	26	2
S	3537	1	0	1	2	22	2	29	27	2
S	3538	1	0	0	2	22	2	29	27	2
S	3539	1	0	1	2	32	29	2	36	2
S	3540	1	0	0	2	32	29	2	36	2
S	3541	1	0	1	2	25	29	26	26	27
S	3542	1	0	0	2	25	29	26	26	27
S	3543	1	0	1	2	34	26	29	26	36
S	3544	1	0	0	2	34	26	29	26	36
S	3545	1	0	1	17	2	2	18	19	19
S	3546	1	0	0	17	2	2	18	19	19
S	3547	1	0	1	20	2	2	21	2	19
S	3548	1	0	0	20	2	2	21	2	19
S	3549	1	0	1	22	2	2	23	19	2
S	3550	1	0	0	22	2	2	23	19	2
S	3551	1	0	1	24	2	21	18	19	18
S	3552	1	0	0	24	2	21	18	19	18
S	3553	1	0	1	25	2	23	18	18	19
S	3554	1	0	0	25	2	23	18	18	19
S	3555	1	0	1	2	17	2	26	27	27
S	3556	1	0	0	2	17	2	26	27	27
S	3557	1	0	1	2	20	2	28	2	27
S	3558	1	0	0	2	20	2	28	2	27
S	3559	1	0	1	2	22	2	29	27	2
S	3560	1	0	0	2	22	2	29	27	2
S	3561	1	0	1	2	24	28	26	27	26
S	3562	1	0	0	2	24	28	26	27	26
S	3563	1	0	1	2	25	29	26	26	27
S	3564	1	0	0	2	25	29	26	26	27
S	3565	1	0	1	30	2	18	2	31	31
S	3566	1	0	0	30	2	18	2	31	31
S	3567	1	0	1	32	2	23	2	31	2
S	3568	1	0	0	32	2	23	2	31	2
S	3569	1	0	1	33	2	21	2	2	31
S	3570	1	0	0	33	2	21	2	2	31
S	3571	1	0	1	34	2	18	23	18	31
S	3572	1	0	0	34	2	18	23	18	31
S	3573	1	0	1	35	2	18	21	31	18
S	3574	1	0	0	35	2	18	21	31	18
S	3575	1	0	1	2	30	26	2	36	36
S	3576	1	0	0	2	30	26	2	36	36
S	3577	1	0	1	2	32	29	2	36	2
S	3578	1	0	0	2	32	29	2	36	2
S	3579	1	0	1	2	33	28	2	2	36
S	3580	1	0	0	2	33	28	2	2	36
S	3581	1	0	1	2	34	26	29	26	36
S	3582	1	0	0	2	34	26	29	26	36
S	3583	1	0	1	2	35	26	28	36	26
S	3584	1	0	0	2	35	26	28	36	26
S	3585	1	0	1	37	2	21	21	2	18
S	3586	1	0	0	37	2	21	21	2	18
S	3587	1	0	1	33	2	21	2	2	31
S	3588	1	0	0	33	2	21	2	2	31
S	3589	1	0	1	20	2	2	21	2	19
S	3590	1	0	0	20	2	2	21	2	19
S	3591	1	0	1	35	2	18	21	31	18
S	3592	1	0	0	35	2	18	21	31	18
S	3593	1	0	1	24	2	21	18	19	18
S	3594	1	0	0	24	2	21	18	19	18
S	3595	1	0	1	2	37	28	28	2	26
S	3596	1	0	0	2	37	28	28	2	26
S	3597	1	0	1	2	33	28	2	2	36
S	3598	1	0	0	2	33	28	2	2	36
S	3599	1	0	1	2	20	2	28	2	27
S	3600	1	0	0	2	20	2	28	2	27
S	3601	1	0	1	2	35	26	28	36	26
S	3602	1	0	0	2	35	26	28	36	26
S	3603	1	0	1	2	24	28	26	27	26
S	3604	1	0	0	2	24	28	26	27	26
S	3605	1	0	1	38	2	23	23	18	2
S	3606	1	0	0	38	2	23	23	18	2
S	3607	1	0	1	22	2	2	23	19	2
S	3608	1	0	0	22	2	2	23	19	2
S	3609	1	0	1	32	2	23	2	31	2
S	3610	1	0	0	32	2	23	2	31	2
S	3611	1	0	1	25	2	23	18	18	19
S	3612	1	0	0	25	2	23	18	18	19
S	3613	1	0	1	34	2	18	23	18	31
S	3614	1	0	0	34	2	18	23	18	31
S	3615	1	0	1	2	38	29	29	26	2
S	3616	1	0	0	2	38	29	29	26	2
S	3617	1	0	1	2	22	2	29	27	2
S	3618	1	0	0	2	22	2	29	27	2
S	3619	1	0	1	2	32	29	2	36	2
S	3620	1	0	0	2	32	29	2	36	2
S	3621	1	0	1	2	25	29	26	26	27
S	3622	1	0	0	2	25	29	26	26	27
S	3623	1	0	1	2	34	26	29	26	36
S	3624	1	0	0	2	34	26	29	26	36
S	3625	1	0	1	17	2	2	18	19	19
S	3626	1	0	0	17	2	2	18	19	19
S	3627	1	0	1	20	2	2	21	2	19
S	3628	1	0	0	20	2	2	21	2	19
S	3629	1	0	1	22	2	2	23	19	2
S	3630	1	0	0	22	2	2	23	19	2
S	3631	1	0	1	24	2	21	18	19	18
S	3632	1	0	0	24	2	21	18	19	18
S	3633	1	0	1	25	2	23	18	18	19
S	3634	1	0	0	25	2	23	18	18	19
S	3635	1	0	1	2	17	2	26	27	27
S	3636	1	0	0	2	17	2	26	27	27
S	3637	1	0	1	2	20	2	28	2	27
S	3638	1	0	0	2	20	2	28	2	27
S	3639	1	0	1	2	22	2	29	27	2
S	3640	1	0	0	2	22	2	29	27	2
S	3641	1	0	1	2	24	28	26	27	26
S	3642	1	0	0	2	24	28	26	27	26
S	3643	1	0	1	2	25	29	26	26	27
S	3644	1	0	0	2	25	29	26	26	27
S	3645	1	0	1	30	2	18	2	31	31
S	3646	1	0	0	30	2	18	2	31	31
S	3647	1	0	1	32	2	23	2	31	2
S	3648	1	0	0	32	2	23	2	31	2
S	3649	1	0	1	33	2	21	2	2	31
S	3650	1	0	0	33	2	21	2	2	31
S	3651	1	0	1	34	2	18	23	18	31
S	3652	1	0	0	34	2	18	23	18	31
S	3653	1	0	1	35	2	18	21	31	18
S	3654	1	0	0	35	2	18	21	31	18
S	3655	1	0	1	2	30	26	2	36	36
S	3656	1	0	0	2	30	26	2	36	36
S	3657	1	0	1	2	32	29	2	36	2
S	3658	1	0	0	2	32	29	2	36	2
S	3659	1	0	1	2	33	28	2	2	36
S	3660	1	0	0	2	33	28	2	2	36
S	3661	1	0	1	2	34	26	29	26	36
S	3662	1	0	0	2	34	26	29	26	36
S	3663	1	0	1	2	35	26	28	36	26
S	3664	1	0	0	2	35	26	28	36	26
S	3665	1	0	1	37	2	21	21	2	18
S	3666	1	0	0	37	2	21	21	2	18
S	3667	1	0	1	33	2	21	2	2	31
S	3668	1	0	0	33	2	21	2	2	31
S	3669	1	0	1	20	2	2	21	2	19
S	3670	1	0	0	20	2	2	21	2	19
S	3671	1	0	1	35	2	18	21	31	18
S	3672	1	0	0	35	2	18	21	31	18
S	3673	1	0	1	24	2	21	18	19	18
S	3674	1	0	0	24	2	21	18	19	18
S	3675	1	0	1	2	37	28	28	2	26
S	3676	1	0	0	2	37	28	28	2	26
S	3677	1	0	1	2	33	28	2	2	36
S	3678	1	0	0	2	33	28	2	2	36
S	3679	1	0	1	2	20	2	28	2	27
S	3680	1	0	0	2	20	2	28	2	27
S	3681	1	0	1	2	35	26	28	36	26
S	3682	1	0	0	2	35	26	28	36	26
S	3683	1	0	1	2	24	28	26	27	26
S	3684	1	0	0	2	24	28	26	27	26
S	3685	1	0	1	38	2	23	23	18	2
S	3686	1	0	0	38	2	23	23	18	2
S	3687	1	0	1	22	2	2	23	19	2
S	3688	1	0	0	22	2	2	23	19	2
S	3689	1	0	1	32	2	23	2	31	2
S	3690	1	0	0	32	2	23	2	31	2
S	3691	1	0	1	25	2	23	18	18	19
S	3692	1	0	0	25	2	23	18	18	19
S	3693	1	0	1	34	2	18	23	18	31
S	3694	1	0	0	34	2	18	23	18	31
S	3695	1	0	1	2	38	29	29	26	2
S	3696	1	0	0	2	38	29	29	26	2
S	3697	1	0	1	2	22	2	29	27	2
S	3698	1	0	0	2	22	2	29	27	2
S	3699	1	0	1	2	32	29	2	36	2
S	3700	1	0	0	2	32	29	2	36	2
S	3701	1	0	1	2	25	29	26	26	27
S	3702	1	0	0	2	25	29	26	26	27
S	3703	1	0	1	2	34	26	29	26	36
S	3704	1	0	0	2	34	26	29	26	36
S	3705	1	0	1	0	2	18	18	18	18
S	3706	1	0	0	0	2	18	18	18	18
S	3707	1	0	1	2	0	26	26	26	26
S	3708	1	0	0	2	0	26	26	26	26
S	3709	2	0	15	0	0	0	0	0	0
S	3711	1	0	1	0	2	18	18	18	18
S	3712	1	0	0	0	2	18	18	18	18
S	3713	1	0	1	2	0	26	26	26	26
S	3714	1	0	0	2	0	26	26	26	26
S	3715	2	0	15	0	0	0	0	0	0
S	3717	1	0	1	0	2	18	18	18	18
S	3718	1	0	0	0	2	18	18	18	18
S	3719	1	0	1	2	0	26	26	26	26
S	3720	1	0	0	2	0	26	26	26	26
S	3721	2	0	15	0	0	0	0	0	0
S	3723	1	0	1	0	2	18	18	18	18
S	3724	1	0	0	0	2	18	18	18	18
S	3725	1	0	1	2	0	26	26	26	26
S	3726	1	0	0	2	0	26	26	26	26
S	3727	2	0	15	0	0	0	0	0	0
S	3729	1	0	1	0	2	18	18	18	18
S	3730	1	0	0	0	2	18	18	18	18
S	3731	1	0	1	2	0	26	26	26	26
S	3732	1	0	0	2	0	26	26	26	26
S	3733	2	0	15	0	0	0	0	0	0
S	3735	1	0	1	0	2	18	18	18	18
S	3736	1	0	0	0	2	18	18	18	18
S	3737	1	0	1	2	0	26	26	26	26
S	3738	1	0	0	2	0	26	26	26	26
S	3739	2	0	15	0	0	0	0	0	0
S	3741	1	0	1	0	2	18	18	18	18
S	3742	1	0	0	0	2	18	18	18	18
S	3743	1	0	1	2	0	26	26	26	26
S	3744	1	0	0	2	0	26	26	26	26
S	3745	2	0	15	0	0	0	0	0	0
S	3747	1	0	1	0	2	18	18	18	18
S	3748	1	0	0	0	2	18	18	18	18
S	3749	1	0	1	2	0	26	26	26	26
S	3750	1	0	0	2	0	26	26	26	26
S	3751	2	0	15	0	0	0	0	0	0
S	3753	1	0	1	0	2	18	18	18	18
S	3754	1	0	0	0	2	18	18	18	18
S	3755	1	0	1	2	0	26	26	26	26
S	3756	1	0	0	2	0	26	26	26	26
S	3757	2	0	15	0	0	0	0	0	0
S	3759	1	0	1	0	2	18	18	18	18
S	3760	1	0	0	0	2	18	18	18	18
S	3761	1	0	1	2	0	26	26	26	26
S	3762	1	0	0	2	0	26	26	26	26
S	3763	2	0	15	0	0	0	0	0	0
S	3765	1	0	1	0	2	18	18	18	18
S	3766	1	0	0	0	2	18	18	18	18
S	3767	1	0	1	2	0	26	26	26	26
S	3768	1	0	0	2	0	26	26	26	26
S	3769	2	0	15	0	0	0	0	0	0
S	3771	1	0	1	0	2	18	18	18	18
S	3772	1	0	0	0	2	18	18	18	18
S	3773	1	0	1	2	0	26	26	26	26
S	3774	1	0	0	2	0	26	26	26	26
S	3775	2	0	15	0	0	0	0	0	0
S	3777	1	0	1	0	2	18	18	18	18
S	3778	1	0	0	0	2	18	18	18	18
S	3779	1	0	1	2	0	26	26	26	26
S	3780	1	0	0	2	0	26	26	26	26
S	3781	2	0	15	0	0	0	0	0	0
S	3783	1	0	1	0	2	18	18	18	18
S	3784	1	0	0	0	2	18	18	18	18
S	3785	1	0	1	2	0	26	26	26	26
S	3786	1	0	0	2	0	26	26	26	26
S	3787	2	0	15	0	0	0	0	0	0
S	3789	1	0	1	0	2	18	18	18	18
S	3790	1	0	0	0	2	18	18	18	18
S	3791	1	0	1	2	0	26	26	26	26
S	3792	1	0	0	2	0	26	26	26	26
S	3793	2	0	15	0	0	0	0	0	0
S	3795	1	0	1	0	2	18	18	18	18
S	3796	1	0	0	0	2	18	18	18	18
S	3797	1	0	1	2	0	26	26	26	26
S	3798	1	0	0	2	0	26	26	26	26
S	3799	2	0	15	0	0	0	0	0	0
S	3801	27	0	0	0	0	0	0	0	0
S	3828	1	1	0	0	0	0	0	0	0
S	3829	1	0	0	0	0	0	0	0	0
S	3830	262	0	15	0	0	0	0	0	0
S	4092	1	0	1	39	39	0	2	40	40
S	4093	1	0	0	39	39	0	2	40	40
S	4094	1	0	1	39	39	0	2	40	40
S	4095	1	0	0	39	39	0	2	40	40
S	4096	1	0	1	39	39	0	2	40	40
S	4097	1	0	0	39	39	0	2	40	40
S	4098	1	0	1	39	39	0	2	40	40
S	4099	1	0	0	39	39	0	2	40	40
S	4100	1	0	1	39	39	0	2	40	40
S	4101	1	0	0	39	39	0	2	40	40
S	4102	1	0	1	39	39	0	2	40	40
S	4103	1	0	0	39	39	0	2	40	40
S	4104	1	0	1	39	39	0	2	40	40
S	4105	1	0	0	39	39	0	2	40	40
S	4106	1	0	1	39	39	0	2	40	40
S	4107	1	0	0	39	39	0	2	40	40
S	4108	1	0	1	41	41	2	0	42	42
S	4109	1	0	0	41	41	2	0	42	42
S	4110	1	0	1	41	41	2	0	42	42
S	4111	1	0	0	41	41	2	0	42	42
S	4112	1	0	1	41	41	2	0	42	42
S	4113	1	0	0	41	41	2	0	42	42
S	4114	1	0	1	41	41	2	0	42	42
S	4115	1	0	0	41	41	2	0	42	42
S	4116	1	0	1	41	41	2	0	42	42
S	4117	1	0	0	41	41	2	0	42	42
S	4118	1	0	1	41	41	2	0	42	42
S	4119	1	0	0	41	41	2	0	42	42
S	4120	1	0	1	41	41	2	0	42	42
S	4121	1	0	0	41	41	2	0	42	42
S	4122	1	0	1	41	41	2	0	42	42
S	4123	1	0	0	41	41	2	0	42	42
S	4124	1	0	1	43	43	44	44	0	2
S	4125	1	0	0	43	43	44	44	0	2
S	4126	1	0	1	43	43	44	44	0	2
S	4127	1	0	0	43	43	44	44	0	2
S	4128	1	0	1	43	43	44	44	0	2
S	4129	1	0	0	43	43	44	44	0	2
S	4130	1	0	1	43	43	44	44	0	2
S	4131	1	0	0	43	43	44	44	0	2
S	4132	1	0	1	43	43	44	44	0	2
S	4133	1	0	0	43	43	44	44	0	2
S	4134	1	0	1	43	43	44	44	0	2
S	4135	1	0	0	43	43	44	44	0	2
S	4136	1	0	1	43	43	44	44	0	2
S	4137	1	0	0	43	43	44	44	0	2
S	4138	1	0	1	43	43	44	44	0	2
S	4139	1	0	0	43	43	44	44	0	2
S	4140	1	0	1	45	45	46	46	2	0
S	4141	1	0	0	45	45	46	46	2	0
S	4142	1	0	1	45	45	46	46	2	0
S	4143	1	0	0	45	45	46	46	2	0
S	4144	1	0	1	45	45	46	46	2	0
S	4145	1	0	0	45	45	46	46	2	0
S	4146	1	0	1	45	45	46	46	2	0
S	4147	1	0	0	45	45	46	46	2	0
S	4148	1	0	1	45	45	46	46	2	0
S	4149	1	0	0	45	45	46	46	2	0
S	4150	1	0	1	45	45	46	46	2	0
S	4151	1	0	0	45	45	46	46	2	0
S	4152	1	0	1	45	45	46	46	2	0
S	4153	1	0	0	45	45	46	46	2	0
S	4154	1	0	1	45	45	46	46	2	0
S	4155	1	0	0	45	45	46	46	2	0
S	4156	1	0	1	39	39	0	2	40	40
S	4157	1	0	0	39	39	0	2	40	40
S	4158	1	0	1	39	39	0	2	40	40
S	4159	1	0	0	39	39	0	2	40	40
S	4160	1	0	1	39	39	0	2	40	40
S	4161	1	0	0	39	39	0	2	40	40
S	4162	1	0	1	39	39	0	2	40	40
S	4163	1	0	0	39	39	0	2	40	40
S	4164	1	0	1	39	39	0	2	40	40
S	4165	1	0	0	39	39	0	2	40	40
S	4166	1	0	1	39	39	0	2	40	40
S	4167	1	0	0	39	39	0	2	40	40
S	4168	1	0	1	39	39	0	2	40	40
S	4169	1	0	0	39	39	0	2	40	40
S	4170	1	0	1	39	39	0	2	40	40
S	4171	1	0	0	39	39	0	2	40	40
S	4172	1	0	1	41	41	2	0	42	42
S	4173	1	0	0	41	41	2	0	42	42
S	4174	1	0	1	41	41	2	0	42	42
S	4175	1	0	0	41	41	2	0	42	42
S	4176	1	0	1	41	41	2	0	42	42
S	4177	1	0	0	41	41	2	0	42	42
S	4178	1	0	1	41	41	2	0	42	42
S	4179	1	0	0	41	41	2	0	42	42
S	4180	1	0	1	41	41	2	0	42	42
S	4181	1	0	0	41	41	2	0	42	42
S	4182	1	0	1	41	41	2	0	42	42
S	4183	1	0	0	41	41	2	0	42	42
S	4184	1	0	1	41	41	2	0	42	42
S	4185	1	0	0	41	41	2	0	42	42
S	4186	1	0	1	41	41	2	0	42	42
S	4187	1	0	0	41	41	2	0	42	42
S	4188	1	0	1	43	43	44	44	0	2
S	4189	1	0	0	43	43	44	44	0	2
S	4190	1	0	1	43	43	44	44	0	2
S	4191	1	0	0	43	43	44	44	0	2
S	4192	1	0	1	43	43	44	44	0	2
S	4193	1	0	0	43	43	44	44	0	2
S	4194	1	0	1	43	43	44	44	0	2
S	4195	1	0	0	43	43	44	44	0	2
S	4196	1	0	1	43	43	44	44	0	2
S	4197	1	0	0	43	43	44	44	0	2
S	4198	1	0	1	43	43	44	44	0	2
S	4199	1	0	0	43	43	44	44	0	2
S	4200	1	0	1	43	43	44	44	0	2
S	4201	1	0	0	43	43	44	44	0	2
S	4202	1	0	1	43	43	44	44	0	2
S	4203	1	0	0	43	43	44	44	0	2
S	4204	1	0	1	45	45	46	46	2	0
S	4205	1	0	0	45	45	46	46	2	0
S	4206	1	0	1	45	45	46	46	2	0
S	4207	1	0	0	45	45	46	46	2	0
S	4208	1	0	1	45	45	46	46	2	0
S	4209	1	0	0	45	45	46	46	2	0
S	4210	1	0	1	45	45	46	46	2	0
S	4211	1	0	0	45	45	46	46	2	0
S	4212	1	0	1	45	45	46	46	2	0
S	4213	1	0	0	45	45	46	46	2	0
S	4214	1	0	1	45	45	46	46	2	0
S	4215	1	0	0	45	45	46	46	2	0
S	4216	1	0	1	45	45	46	46	2	0
S	4217	1	0	0	45	45	46	46	2	0
S	4218	1	0	1	45	45	46	46	2	0
S	4219	1	0	0	45	45	46	46	2	0
S	4220	1	0	1	39	39	0	2	40	40
S	4221	1	0	0	39	39	0	2	40	40
S	4222	1	0	1	39	39	0	2	40	40
S	4223	1	0	0	39	39	0	2	40	40
S	4224	1	0	1	39	39	0	2	40	40
S	4225	1	0	0	39	39	0	2	40	40
S	4226	1	0	1	39	39	0	2	40	40
S	4227	1	0	0	39	39	0	2	40	40
S	4228	1	0	1	39	39	0	2	40	40
S	4229	1	0	0	39	39	0	2	40	40
S	4230	1	0	1	39	39	0	2	40	40
S	4231	1	0	0	39	39	0	2	40	40
S	4232	1	0	1	39	39	0	2	40	40
S	4233	1	0	0	39	39	0	2	40	40
S	4234	1	0	1	39	39	0	2	40	40
S	4235	1	0	0	39	39	0	2	40	40
S	4236	1	0	1	41	41	2	0	42	42
S	4237	1	0	0	41	41	2	0	42	42
S	4238	1	0	1	41	41	2	0	42	42
S	4239	1	0	0	41	41	2	0	42	42
S	4240	1	0	1	41	41	2	0	42	42
S	4241	1	0	0	41	41	2	0	42	42
S	4242	1	0	1	41	41	2	0	42	42
S	4243	1	0	0	41	41	2	0	42	42
S	4244	1	0	1	41	41	2	0	42	42
S	4245	1	0	0	41	41	2	0	42	42
S	4246	1	0	1	41	41	2	0	42	42
S	4247	1	0	0	41	41	2	0	42	42
S	4248	1	0	1	41	41	2	0	42	42
S	4249	1	0	0	41	41	2	0	42	42
S	4250	1	0	1	41	41	2	0	42	42
S	4251	1	0	0	41	41	2	0	42	42
S	4252	1	0	1	43	43	44	44	0	2
S	4253	1	0	0	43	43	44	44	0	2
S	4254	1	0	1	43	43	44	44	0	2
S	4255	1	0	0	43	43	44	44	0	2
S	4256	1	0	1	43	43	44	44	0	2
S	4257	1	0	0	43	43	44	44	0	2
S	4258	1	0	1	43	43	44	44	0	2
S	4259	1	0	0	43	43	44	44	0	2
S	4260	1	0	1	43	43	44	44	0	2
S	4261	1	0	0	43	43	44	44	0	2
S	4262	1	0	1	43	43	44	44	0	2
S	4263	1	0	0	43	43	44	44	0	2
S	4264	1	0	1	43	43	44	44	0	2
S	4265	1	0	0	43	43	44	44	0	2
S	4266	1	0	1	43	43	44	44	0	2
S	4267	1	0	0	43	43	44	44	0	2
S	4268	1	0	1	45	45	46	46	2	0
S	4269	1	0	0	45	45	46	46	2	0
S	4270	1	0	1	45	45	46	46	2	0
S	4271	1	0	0	45	45	46	46	2	0
S	4272	1	0	1	45	45	46	46	2	0
S	4273	1	0	0	45	45	46	46	2	0
S	4274	1	0	1	45	45	46	46	2	0
S	4275	1	0	0	45	45	46	46	2	0
S	4276	1	0	1	45	45	46	46	2	0
S	4277	1	0	0	45	45	46	46	2	0
S	4278	1	0	1	45	45	46	46	2	0
S	4279	1	0	0	45	45	46	46	2	0
S	4280	1	0	1	45	45	46	46	2	0
S	4281	1	0	0	45	45	46	46	2	0
S	4282	1	0	1	45	45	46	46	2	0
S	4283	1	0	0	45	45	46	46	2	0
S	4284	1	0	1	39	39	0	2	40	40
S	4285	1	0	0	39	39	0	2	40	40
S	4286	1	0	1	39	39	0	2	40	40
S	4287	1	0	0	39	39	0	2	40	40
S	4288	1	0	1	39	39	0	2	40	40
S	4289	1	0	0	39	39	0	2	40	40
S	4290	1	0	1	39	39	0	2	40	40
S	4291	1	0	0	39	39	0	2	40	40
S	4292	1	0	1	39	39	0	2	40	40
S	4293	1	0	0	39	39	0	2	40	40
S	4294	1	0	1	39	39	0	2	40	40
S	4295	1	0	0	39	39	0	2	40	40
S	4296	1	0	1	39	39	0	2	40	40
S	4297	1	0	0	39	39	0	2	40	40
S	4298	1	0	1	39	39	0	2	40	40
S	4299	1	0	0	39	39	0	2	40	40
S	4300	1	0	1	41	41	2	0	42	42
S	4301	1	0	0	41	41	2	0	42	42
S	4302	1	0	1	41	41	2	0	42	42
S	4303	1	0	0	41	41	2	0	42	42
S	4304	1	0	1	41	41	2	0	42	42
S	4305	1	0	0	41	41	2	0	42	42
S	4306	1	0	1	41	41	2	0	42	42
S	4307	1	0	0	41	41	2	0	42	42
S	4308	1	0	1	41	41	2	0	42	42
S	4309	1	0	0	41	41	2	0	42	42
S	4310	1	0	1	41	41	2	0	42	42
S	4311	1	0	0	41	41	2	0	42	42
S	4312	1	0	1	41	41	2	0	42	42
S	4313	1	0	0	41	41	2	0	42	42
S	4314	1	0	1	41	41	2	0	42	42
S	4315	1	0	0	41	41	2	0	42	42
S	4316	1	0	1	43	43	44	44	0	2
S	4317	1	0	0	43	43	44	44	0	2
S	4318	1	0	1	43	43	44	44	0	2
S	4319	1	0	0	43	43	44	44	0	2
S	4320	1	0	1	43	43	44	44	0	2
S	4321	1	0	0	43	43	44	44	0	2
S	4322	1	0	1	43	43	44	44	0	2
S	4323	1	0	0	43	43	44	44	0	2
S	4324	1	0	1	43	43	44	44	0	2
S	4325	1	0	0	43	43	44	44	0	2
S	4326	1	0	1	43	43	44	44	0	2
S	4327	1	0	0	43	43	44	44	0	2
S	4328	1	0	1	43	43	44	44	0	2
S	4329	1	0	0	43	43	44	44	0	2
S	4330	1	0	1	43	43	44	44	0	2
S	4331	1	0	0	43	43	44	44	0	2
S	4332	1	0	1	45	45	46	46	2	0
S	4333	1	0	0	45	45	46	46	2	0
S	4334	1	0	1	45	45	46	46	2	0
S	4335	1	0	0	45	45	46	46	2	0
S	4336	1	0	1	45	45	46	46	2	0
S	4337	1	0	0	45	45	46	46	2	0
S	4338	1	0	1	45	45	46	46	2	0
S	4339	1	0	0	45	45	46	46	2	0
S	4340	1	0	1	45	45	46	46	2	0
S	4341	1	0	0	45	45	46	46	2	0
S	4342	1	0	1	45	45	46	46	2	0
S	4343	1	0	0	45	45	46	46	2	0
S	4344	1	0	1	45	45	46	46	2	0
S	4345	1	0	0	45	45	46	46	2	0
S	4346	1	0	1	45	45	46	46	2	0
S	4347	1	0	0	45	45	46	46	2	0
S	4348	1	0	1	39	39	0	2	40	40
S	4349	1	0	0	39	39	0	2	40	40
S	4350	1	0	1	39	39	0	2	40	40
S	4351	1	0	0	39	39	0	2	40	40
S	4352	1	0	1	39	39	0	2	40	40
S	4353	1	0	0	39	39	0	2	40	40
S	4354	1	0	1	39	39	0	2	40	40
S	4355	1	0	0	39	39	0	2	40	40
S	4356	1	0	1	39	39	0	2	40	40
S	4357	1	0	0	39	39	0	2	40	40
S	4358	1	0	1	39	39	0	2	40	40
S	4359	1	0	0	39	39	0	2	40	40
S	4360	1	0	1	39	39	0	2	40	40
S	4361	1	0	0	39	39	0	2	40	40
S	4362	1	0	1	39	39	0	2	40	40
S	4363	1	0	0	39	39	0	2	40	40
S	4364	1	0	1	41	41	2	0	42	42
S	4365	1	0	0	41	41	2	0	42	42
S	4366	1	0	1	41	41	2	0	42	42
S	4367	1	0	0	41	41	2	0	42	42
S	4368	1	0	1	41	41	2	0	42	42
S	4369	1	0	0	41	41	2	0	42	42
S	4370	1	0	1	41	41	2	0	42	42
S	4371	1	0	0	41	41	2	0	42	42
S	4372	1	0	1	41	41	2	0	42	42
S	4373	1	0	0	41	41	2	0	42	42
S	4374	1	0	1	41	41	2	0	42	42
S	4375	1	0	0	41	41	2	0	42	42
S	4376	1	0	1	41	41	2	0	42	42
S	4377	1	0	0	41	41	2	0	42	42
S	4378	1	0	1	41	41	2	0	42	42
S	4379	1	0	0	41	41	2	0	42	42
S	4380	1	0	1	43	43	44	44	0	2
S	4381	1	0	0	43	43	44	44	0	2
S	4382	1	0	1	43	43	44	44	0	2
S	4383	1	0	0	43	43	44	44	0	2
S	4384	1	0	1	43	43	44	44	0	2
S	4385	1	0	0	43	43	44	44	0	2
S	4386	1	0	1	43	43	44	44	0	2
S	4387	1	0	0	43	43	44	44	0	2
S	4388	1	0	1	43	43	44	44	0	2
S	4389	1	0	0	43	43	44	44	0	2
S	4390	1	0	1	43	43	44	44	0	2
S	4391	1	0	0	43	43	44	44	0	2
S	4392	1	0	1	43	43	44	44	0	2
S	4393	1	0	0	43	43	44	44	0	2
S	4394	1	0	1	43	43	44	44	0	2
S	4395	1	0	0	43	43	44	44	0	2
S	4396	1	0	1	45	45	46	46	2	0
S	4397	1	0	0	45	45	46	46	2	0
S	4398	1	0	1	45	45	46	46	2	0
S	4399	1	0	0	45	45	46	46	2	0
S	4400	1	0	1	45	45	46	46	2	0
S	4401	1	0	0	45	45	46	46	2	0
S	4402	1	0	1	45	45	46	46	2	0
S	4403	1	0	0	45	45	46	46	2	0
S	4404	1	0	1	45	45	46	46	2	0
S	4405	1	0	0	45	45	46	46	2	0
S	4406	1	0	1	45	45	46	46	2	0
S	4407	1	0	0	45	45	46	46	2	0
S	4408	1	0	1	45	45	46	46	2	0
S	4409	1	0	0	45	45	46	46	2	0
S	4410	1	0	1	45	45	46	46	2	0
S	4411	1	0	0	45	45	46	46	2	0
S	4412	1	0	1	39	39	0	2	40	40
S	4413	1	0	0	39	39	0	2	40	40
S	4414	1	0	1	39	39	0	2	40	40
S	4415	1	0	0	39	39	0	2	40	40
S	4416	1	0	1	39	39	0	2	40	40
S	4417	1	0	0	39	39	0	2	40	40
S	4418	1	0	1	39	39	0	2	40	40
S	4419	1	0	0	39	39	0	2	40	40
S	4420	1	0	1	39	39	0	2	40	40
S	4421	1	0	0	39	39	0	2	40	40
S	4422	1	0	1	39	39	0	2	40	40
S	4423	1	0	0	39	39	0	2	40	40
S	4424	1	0	1	39	39	0	2	40	40
S	4425	1	0	0	39	39	0	2	40	40
S	4426	1	0	1	39	39	0	2	40	40
S	4427	1	0	0	39	39	0	2	40	40
S	4428	1	0	1	41	41	2	0	42	42
S	4429	1	0	0	41	41	2	0	42	42
S	4430	1	0	1	41	41	2	0	42	42
S	4431	1	0	0	41	41	2	0	42	42
S	4432	1	0	1	41	41	2	0	42	42
S	4433	1	0	0	41	41	2	0	42	42
S	4434	1	0	1	41	41	2	0	42	42
S	4435	1	0	0	41	41	2	0	42	42
S	4436	1	0	1	41	41	2	0	42	42
S	4437	1	0	0	41	41	2	0	42	42
S	4438	1	0	1	41	41	2	0	42	42
S	4439	1	0	0	41	41	2	0	42	42
S	4440	1	0	1	41	41	2	0	42	42
S	4441	1	0	0	41	41	2	0	42	42
S	4442	1	0	1	41	41	2	0	42	42
S	4443	1	0	0	41	41	2	0	42	42
S	4444	1	0	1	43	43	44	44	0	2
S	4445	1	0	0	43	43	44	44	0	2
S	4446	1	0	1	43	43	44	44	0	2
S	4447	1	0	0	43	43	44	44	0	2
S	4448	1	0	1	43	43	44	44	0	2
S	4449	1	0	0	43	43	44	44	0	2
S	4450	1	0	1	43	43	44	44	0	2
S	4451	1	0	0	43	43	44	44	0	2
S	4452	1	0	1	43	43	44	44	0	2
S	4453	1	0	0	43	43	44	44	0	2
S	4454	1	0	1	43	43	44	44	0	2
S	4455	1	0	0	43	43	44	44	0	2
S	4456	1	0	1	43	43	44	44	0	2
S	4457	1	0	0	43	43	44	44	0	2
S	4458	1	0	1	43	43	44	44	0	2
S	4459	1	0	0	43	43	44	44	0	2
S	4460	1	0	1	45	45	46	46	2	0
S	4461	1	0	0	45	45	46	46	2	0
S	4462	1	0	1	45	45	46	46	2	0
S	4463	1	0	0	45	45	46	46	2	0
S	4464	1	0	1	45	45	46	46	2	0
S	4465	1	0	0	45	45	46	46	2	0
S	4466	1	0	1	45	45	46	46	2	0
S	4467	1	0	0	45	45	46	46	2	0
S	4468	1	0	1	45	45	46	46	2	0
S	4469	1	0	0	45	45	46	46	2	0
S	4470	1	0	1	45	45	46	46	2	0
S	4471	1	0	0	45	45	46	46	2	0
S	4472	1	0	1	45	45	46	46	2	0
S	4473	1	0	0	45	45	46	46	2	0
S	4474	1	0	1	45	45	46	46	2	0
S	4475	1	0	0	45	45	46	46	2	0
S	4476	1	0	1	39	39	0	2	40	40
S	4477	1	0	0	39	39	0	2	40	40
S	4478	1	0	1	39	39	0	2	40	40
S	4479	1	0	0	39	39	0	2	40	40
S	4480	1	0	1	39	39	0	2	40	40
S	4481	1	0	0	39	39	0	2	40	40
S	4482	1	0	1	39	39	0	2	40	40
S	4483	1	0	0	39	39	0	2	40	40
S	4484	1	0	1	39	39	0	2	40	40
S	4485	1	0	0	39	39	0	2	40	40
S	4486	1	0	1	39	39	0	2	40	40
S	4487	1	0	0	39	39	0	2	40	40
S	4488	1	0	1	39	39	0	2	40	40
S	4489	1	0	0	39	39	0	2	40	40
S	4490	1	0	1	39	39	0	2	40	40
S	4491	1	0	0	39	39	0	2	40	40
S	4492	1	0	1	41	41	2	0	42	42
S	4493	1	0	0	41	41	2	0	42	42
S	4494	1	0	1	41	41	2	0	42	42
S	4495	1	0	0	41	41	2	0	42	42
S	4496	1	0	1	41	41	2	0	42	42
S	4497	1	0	0	41	41	2	0	42	42
S	4498	1	0	1	41	41	2	0	42	42
S	4499	1	0	0	41	41	2	0	42	42
S	4500	1	0	1	41	41	2	0	42	42
S	4501	1	0	0	41	41	2	0	42	42
S	4502	1	0	1	41	41	2	0	42	42
S	4503	1	0	0	41	41	2	0	42	42
S	4504	1	0	1	41	41	2	0	42	42
S	4505	1	0	0	41	41	2	0	42	42
S	4506	1	0	1	41	41	2	0	42	42
S	4507	1	0	0	41	41	2	0	42	42
S	4508	1	0	1	43	43	44	44	0	2
S	4509	1	0	0	43	43	44	44	0	2
S	4510	1	0	1	43	43	44	44	0	2
S	4511	1	0	0	43	43	44	44	0	2
S	4512	1	0	1	43	43	44	44	0	2
S	4513	1	0	0	43	43	44	44	0	2
S	4514	1	0	1	43	43	44	44	0	2
S	4515	1	0	0	43	43	44	44	0	2
S	4516	1	0	1	43	43	44	44	0	2
S	4517	1	0	0	43	43	44	44	0	2
S	4518	1	0	1	43	43	44	44	0	2
S	4519	1	0	0	43	43	44	44	0	2
S	4520	1	0	1	43	43	44	44	0	2
S	4521	1	0	0	43	43	44	44	0	2
S	4522	1	0	1	43	43	44	44	0	2
S	4523	1	0	0	43	43	44	44	0	2
S	4524	1	0	1	45	45	46	46	2	0
S	4525	1	0	0	45	45	46	46	2	0
S	4526	1	0	1	45	45	46	46	2	0
S	4527	1	0	0	45	45	46	46	2	0
S	4528	1	0	1	45	45	46	46	2	0
S	4529	1	0	0	45	45	46	46	2	0
S	4530	1	0	1	45	45	46	46	2	0
S	4531	1	0	0	45	45	46	46	2	0
S	4532	1	0	1	45	45	46	46	2	0
S	4533	1	0	0	45	45	46	46	2	0
S	4534	1	0	1	45	45	46	46	2	0
S	4535	1	0	0	45	45	46	46	2	0
S	4536	1	0	1	45	45	46	46	2	0
S	4537	1	0	0	45	45	46	46	2	0
S	4538	1	0	1	45	45	46	46	2	0
S	4539	1	0	0	45	45	46	46	2	0
S	4540	1	0	1	39	39	0	2	40	40
S	4541	1	0	0	39	39	0	2	40	40
S	4542	1	0	1	39	39	0	2	40	40
S	4543	1	0	0	39	39	0	2	40	40
S	4544	1	0	1	39	39	0	2	40	40
S	4545	1	0	0	39	39	0	2	40	40
S	4546	1	0	1	39	39	0	2	40	40
S	4547	1	0	0	39	39	0	2	40	40
S	4548	1	0	1	39	39	0	2	40	40
S	4549	1	0	0	39	39	0	2	40	40
S	4550	1	0	1	39	39	0	2	40	40
S	4551	1	0	0	39	39	0	2	40	40
S	4552	1	0	1	39	39	0	2	40	40
S	4553	1	0	0	39	39	0	2	40	40
S	4554	1	0	1	39	39	0	2	40	40
S	4555	1	0	0	39	39	0	2	40	40
S	4556	1	0	1	41	41	2	0	42	42
S	4557	1	0	0	41	41	2	0	42	42
S	4558	1	0	1	41	41	2	0	42	42
S	4559	1	0	0	41	41	2	0	42	42
S	4560	1	0	1	41	41	2	0	42	42
S	4561	1	0	0	41	41	2	0	42	42
S	4562	1	0	1	41	41	2	0	42	42
S	4563	1	0	0	41	41	2	0	42	42
S	4564	1	0	1	41	41	2	0	42	42
S	4565	1	0	0	41	41	2	0	42	42
S	4566	1	0	1	41	41	2	0	42	42
S	4567	1	0	0	41	41	2	0	42	42
S	4568	1	0	1	41	41	2	0	42	42
S	4569	1	0	0	41	41	2	0	42	42
S	4570	1	0	1	41	41	2	0	42	42
S	4571	1	0	0	41	41	2	0	42	42
S	4572	1	0	1	43	43	44	44	0	2
S	4573	1	0	0	43	43	44	44	0	2
S	4574	1	0	1	43	43	44	44	0	2
S	4575	1	0	0	43	43	44	44	0	2
S	4576	1	0	1	43	43	44	44	0	2
S	4577	1	0	0	43	43	44	44	0	2
S	4578	1	0	1	43	43	44	44	0	2
S	4579	1	0	0	43	43	44	44	0	2
S	4580	1	0	1	43	43	44	44	0	2
S	4581	1	0	0	43	43	44	44	0	2
S	4582	1	0	1	43	43	44	44	0	2
S	4583	1	0	0	43	43	44	44	0	2
S	4584	1	0	1	43	43	44	44	0	2
S	4585	1	0	0	43	43	44	44	0	2
S	4586	1	0	1	43	43	44	44	0	2
S	4587	1	0	0	43	43	44	44	0	2
S	4588	1	0	1	45	45	46	46	2	0
S	4589	1	0	0	45	45	46	46	2	0
S	4590	1	0	1	45	45	46	46	2	0
S	4591	1	0	0	45	45	46	46	2	0
S	4592	1	0	1	45	45	46	46	2	0
S	4593	1	0	0	45	45	46	46	2	0
S	4594	1	0	1	45	45	46	46	2	0
S	4595	1	0	0	45	45	46	46	2	0
S	4596	1	0	1	45	45	46	46	2	0
S	4597	1	0	0	45	45	46	46	2	0
S	4598	1	0	1	45	45	46	46	2	0
S	4599	1	0	0	45	45	46	46	2	0
S	4600	1	0	1	45	45	46	46	2	0
S	4601	1	0	0	45	45	46	46	2	0
S	4602	1	0	1	45	45	46	46	2	0
S	4603	1	0	0	45	45	46	46	2	0
S	4604	1	0	1	39	39	0	2	40	40
S	4605	1	0	0	39	39	0	2	40	40
S	4606	1	0	1	39	39	0	2	40	40
S	4607	1	0	0	39	39	0	2	40	40
S	4608	1	0	1	39	39	0	2	40	40
S	4609	1	0	0	39	39	0	2	40	40
S	4610	1	0	1	39	39	0	2	40	40
S	4611	1	0	0	39	39	0	2	40	40
S	4612	1	0	1	39	39	0	2	40	40
S	4613	1	0	0	39	39	0	2	40	40
S	4614	1	0	1	39	39	0	2	40	40
S	4615	1	0	0	39	39	0	2	40	40
S	4616	1	0	1	39	39	0	2	40	40
S	4617	1	0	0	39	39	0	2	40	40
S	4618	1	0	1	39	39	0	2	40	40
S	4619	1	0	0	39	39	0	2	40	40
S	4620	1	0	1	41	41	2	0	42	42
S	4621	1	0	0	41	41	2	0	42	42
S	4622	1	0	1	41	41	2	0	42	42
S	4623	1	0	0	41	41	2	0	42	42
S	4624	1	0	1	41	41	2	0	42	42
S	4625	1	0	0	41	41	2	0	42	42
S	4626	1	0	1	41	41	2	0	42	42
S	4627	1	0	0	41	41	2	0	42	42
S	4628	1	0	1	41	41	2	0	42	42
S	4629	1	0	0	41	41	2	0	42	42
S	4630	1	0	1	41	41	2	0	42	42
S	4631	1	0	0	41	41	2	0	42	42
S	4632	1	0	1	41	41	2	0	42	42
S	4633	1	0	0	41	41	2	0	42	42
S	4634	1	0	1	41	41	2	0	42	42
S	4635	1	0	0	41	41	2	0	42	42
S	4636	1	0	1	43	43	44	44	0	2
S	4637	1	0	0	43	43	44	44	0	2
S	4638	1	0	1	43	43	44	44	0	2
S	4639	1	0	0	43	43	44	44	0	2
S	4640	1	0	1	43	43	44	44	0	2
S	4641	1	0	0	43	43	44	44	0	2
S	4642	1	0	1	43	43	44	44	0	2
S	4643	1	0	0	43	43	44	44	0	2
S	4644	1	0	1	43	43	44	44	0	2
S	4645	1	0	0	43	43	44	44	0	2
S	4646	1	0	1	43	43	44	44	0	2
S	4647	1	0	0	43	43	44	44	0	2
S	4648	1	0	1	43	43	44	44	0	2
S	4649	1	0	0	43	43	44	44	0	2
S	4650	1	0	1	43	43	44	44	0	2
S	4651	1	0	0	43	43	44	44	0	2
S	4652	1	0	1	45	45	46	46	2	0
S	4653	1	0	0	45	45	46	46	2	0
S	4654	1	0	1	45	45	46	46	2	0
S	4655	1	0	0	45	45	46	46	2	0
S	4656	1	0	1	45	45	46	46	2	0
S	4657	1	0	0	45	45	46	46	2	0
S	4658	1	0	1	45	45	46	46	2	0
S	4659	1	0	0	45	45	46	46	2	0
S	4660	1	0	1	45	45	46	46	2	0
S	4661	1	0	0	45	45	46	46	2	0
S	4662	1	0	1	45	45	46	46	2	0
S	4663	1	0	0	45	45	46	46	2	0
S	4664	1	0	1	45	45	46	46	2	0
S	4665	1	0	0	45	45	46	46	2	0
S	4666	1	0	1	45	45	46	46	2	0
S	4667	1	0	0	45	45	46	46	2	0
S	4668	1	0	1	39	39	0	2	40	40
S	4669	1	0	0	39	39	0	2	40	40
S	4670	1	0	1	39	39	0	2	40	40
S	4671	1	0	0	39	39	0	2	40	40
S	4672	1	0	1	39	39	0	2	40	40
S	4673	1	0	0	39	39	0	2	40	40
S	4674	1	0	1	39	39	0	2	40	40
S	4675	1	0	0	39	39	0	2	40	40
S	4676	1	0	1	39	39	0	2	40	40
S	4677	1	0	0	39	39	0	2	40	40
S	4678	1	0	1	39	39	0	2	40	40
S	4679	1	0	0	39	39	0	2	40	40
S	4680	1	0	1	39	39	0	2	40	40
S	4681	1	0	0	39	39	0	2	40	40
S	4682	1	0	1	39	39	0	2	40	40
S	4683	1	0	0	39	39	0	2	40	40
S	4684	1	0	1	41	41	2	0	42	42
S	4685	1	0	0	41	41	2	0	42	42
S	4686	1	0	1	41	41	2	0	42	42
S	4687	1	0	0	41	41	2	0	42	42
S	4688	1	0	1	41	41	2	0	42	42
S	4689	1	0	0	41	41	2	0	42	42
S	4690	1	0	1	41	41	2	0	42	42
S	4691	1	0	0	41	41	2	0	42	42
S	4692	1	0	1	41	41	2	0	42	42
S	4693	1	0	0	41	41	2	0	42	42
S	4694	1	0	1	41	41	2	0	42	42
S	4695	1	0	0	41	41	2	0	42	42
S	4696	1	0	1	41	41	2	0	42	42
S	4697	1	0	0	41	41	2	0	42	42
S	4698	1	0	1	41	41	2	0	42	42
S	4699	1	0	0	41	41	2	0	42	42
S	4700	1	0	1	43	43	44	44	0	2
S	4701	1	0	0	43	43	44	44	0	2
S	4702	1	0	1	43	43	44	44	0	2
S	4703	1	0	0	43	43	44	44	0	2
S	4704	1	0	1	43	43	44	44	0	2
S	4705	1	0	0	43	43	44	44	0	2
S	4706	1	0	1	43	43	44	44	0	2
S	4707	1	0	0	43	43	44	44	0	2
S	4708	1	0	1	43	43	44	44	0	2
S	4709	1	0	0	43	43	44	44	0	2
S	4710	1	0	1	43	43	44	44	0	2
S	4711	1	0	0	43	43	44	44	0	2
S	4712	1	0	1	43	43	44	44	0	2
S	4713	1	0	0	43	43	44	44	0	2
S	4714	1	0	1	43	43	44	44	0	2
S	4715	1	0	0	43	43	44	44	0	2
S	4716	1	0	1	45	45	46	46	2	0
S	4717	1	0	0	45	45	46	46	2	0
S	4718	1	0	1	45	45	46	46	2	0
S	4719	1	0	0	45	45	46	46	2	0
S	4720	1	0	1	45	45	46	46	2	0
S	4721	1	0	0	45	45	46	46	2	0
S	4722	1	0	1	45	45	46	46	2	0
S	4723	1	0	0	45	45	46	46	2	0
S	4724	1	0	1	45	45	46	46	2	0
S	4725	1	0	0	45	45	46	46	2	0
S	4726	1	0	1	45	45	46	46	2	0
S	4727	1	0	0	45	45	46	46	2	0
S	4728	1	0	1	45	45	46	46	2	0
S	4729	1	0	0	45	45	46	46	2	0
S	4730	1	0	1	45	45	46	46	2	0
S	4731	1	0	0	45	45	46	46	2	0
S	4732	1	0	1	39	39	0	2	40	40
S	4733	1	0	0	39	39	0	2	40	40
S	4734	1	0	1	39	39	0	2	40	40
S	4735	1	0	0	39	39	0	2	40	40
S	4736	1	0	1	39	39	0	2	40	40
S	4737	1	0	0	39	39	0	2	40	40
S	4738	1	0	1	39	39	0	2	40	40
S	4739	1	0	0	39	39	0	2	40	40
S	4740	1	0	1	39	39	0	2	40	40
S	4741	1	0	0	39	39	0	2	40	40
S	4742	1	0	1	39	39	0	2	40	40
S	4743	1	0	0	39	39	0	2	40	40
S	4744	1	0	1	39	39	0	2	40	40
S	4745	1	0	0	39	39	0	2	40	40
S	4746	1	0	1	39	39	0	2	40	40
S	4747	1	0	0	39	39	0	2	40	40
S	4748	1	0	1	41	41	2	0	42	42
S	4749	1	0	0	41	41	2	0	42	42
S	4750	1	0	1	41	41	2	0	42	42
S	4751	1	0	0	41	41	2	0	42	42
S	4752	1	0	1	41	41	2	0	42	42
S	4753	1	0	0	41	41	2	0	42	42
S	4754	1	0	1	41	41	2	0	42	42
S	4755	1	0	0	41	41	2	0	42	42
S	4756	1	0	1	41	41	2	0	42	42
S	4757	1	0	0	41	41	2	0	42	42
S	4758	1	0	1	41	41	2	0	42	42
S	4759	1	0	0	41	41	2	0	42	42
S	4760	1	0	1	41	41	2	0	42	42
S	4761	1	0	0	41	41	2	0	42	42
S	4762	1	0	1	41	41	2	0	42	42
S	4763	1	0	0	41	41	2	0	42	42
S	4764	1	0	1	43	43	44	44	0	2
S	4765	1	0	0	43	43	44	44	0	2
S	4766	1	0	1	43	43	44	44	0	2
S	4767	1	0	0	43	43	44	44	0	2
S	4768	1	0	1	43	43	44	44	0	2
S	4769	1	0	0	43	43	44	44	0	2
S	4770	1	0	1	43	43	44	44	0	2
S	4771	1	0	0	43	43	44	44	0	2
S	4772	1	0	1	43	43	44	44	0	2
S	4773	1	0	0	43	43	44	44	0	2
S	4774	1	0	1	43	43	44	44	0	2
S	4775	1	0	0	43	43	44	44	0	2
S	4776	1	0	1	43	43	44	44	0	2
S	4777	1	0	0	43	43	44	44	0	2
S	4778	1	0	1	43	43	44	44	0	2
S	4779	1	0	0	43	43	44	44	0	2
S	4780	1	0	1	45	45	46	46	2	0
S	4781	1	0	0	45	45	46	46	2	0
S	4782	1	0	1	45	45	46	46	2	0
S	4783	1	0	0	45	45	46	46	2	0
S	4784	1	0	1	45	45	46	46	2	0
S	4785	1	0	0	45	45	46	46	2	0
S	4786	1	0	1	45	45	46	46	2	0
S	4787	1	0	0	45	45	46	46	2	0
S	4788	1	0	1	45	45	46	46	2	0
S	4789	1	0	0	45	45	46	46	2	0
S	4790	1	0	1	45	45	46	46	2	0
S	4791	1	0	0	45	45	46	46	2	0
S	4792	1	0	1	45	45	46	46	2	0
S	4793	1	0	0	45	45	46	46	2	0
S	4794	1	0	1	45	45	46	46	2	0
S	4795	1	0	0	45	45	46	46	2	0
S	4796	1	0	1	39	39	0	2	40	40
S	4797	1	0	0	39	39	0	2	40	40
S	4798	1	0	1	39	39	0	2	40	40
S	4799	1	0	0	39	39	0	2	40	40
S	4800	1	0	1	39	39	0	2	40	40
S	4801	1	0	0	39	39	0	2	40	40
S	4802	1	0	1	39	39	0	2	40	40
S	4803	1	0	0	39	39	0	2	40	40
S	4804	1	0	1	39	39	0	2	40	40
S	4805	1	0	0	39	39	0	2	40	40
S	4806	1	0	1	39	39	0	2	40	40
S	4807	1	0	0	39	39	0	2	40	40
S	4808	1	0	1	39	39	0	2	40	40
S	4809	1	0	0	39	39	0	2	40	40
S	4810	1	0	1	39	39	0	2	40	40
S	4811	1	0	0	39	39	0	2	40	40
S	4812	1	0	1	41	41	2	0	42	42
S	4813	1	0	0	41	41	2	0	42	42
S	4814	1	0	1	41	41	2	0	42	42
S	4815	1	0	0	41	41	2	0	42	42
S	4816	1	0	1	41	41	2	0	42	42
S	4817	1	0	0	41	41	2	0	42	42
S	4818	1	0	1	41	41	2	0	42	42
S	4819	1	0	0	41	41	2	0	42	42
S	4820	1	0	1	41	41	2	0	42	42
S	4821	1	0	0	41	41	2	0	42	42
S	4822	1	0	1	41	41	2	0	42	42
S	4823	1	0	0	41	41	2	0	42	42
S	4824	1	0	1	41	41	2	0	42	42
S	4825	1	0	0	41	41	2	0	42	42
S	4826	1	0	1	41	41	2	0	42	42
S	4827	1	0	0	41	41	2	0	42	42
S	4828	1	0	1	43	43	44	44	0	2
S	4829	1	0	0	43	43	44	44	0	2
S	4830	1	0	1	43	43	44	44	0	2
S	4831	1	0	0	43	43	44	44	0	2
S	4832	1	0	1	43	43	44	44	0	2
S	4833	1	0	0	43	43	44	44	0	2
S	4834	1	0	1	43	43	44	44	0	2
S	4835	1	0	0	43	43	44	44	0	2
S	4836	1	0	1	43	43	44	44	0	2
S	4837	1	0	0	43	43	44	44	0	2
S	4838	1	0	1	43	43	44	44	0	2
S	4839	1	0	0	43	43	44	44	0	2
S	4840	1	0	1	43	43	44	44	0	2
S	4841	1	0	0	43	43	44	44	0	2
S	4842	1	0	1	43	43	44	44	0	2
S	4843	1	0	0	43	43	44	44	0	2
S	4844	1	0	1	45	45	46	46	2	0
S	4845	1	0	0	45	45	46	46	2	0
S	4846	1	0	1	45	45	46	46	2	0
S	4847	1	0	0	45	45	46	46	2	0
S	4848	1	0	1	45	45	46	46	2	0
S	4849	1	0	0	45	45	46	46	2	0
S	4850	1	0	1	45	45	46	46	2	0
S	4851	1	0	0	45	45	46	46	2	0
S	4852	1	0	1	45	45	46	46	2	0
S	4853	1	0	0	45	45	46	46	2	0
S	4854	1	0	1	45	45	46	46	2	0
S	4855	1	0	0	45	45	46	46	2	0
S	4856	1	0	1	45	45	46	46	2	0
S	4857	1	0	0	45	45	46	46	2	0
S	4858	1	0	1	45	45	46	46	2	0
S	4859	1	0	0	45	45	46	46	2	0
S	4860	1	0	1	39	39	0	2	40	40
S	4861	1	0	0	39	39	0	2	40	40
S	4862	1	0	1	39	39	0	2	40	40
S	4863	1	0	0	39	39	0	2	40	40
S	4864	1	0	1	39	39	0	2	40	40
S	4865	1	0	0	39	39	0	2	40	40
S	4866	1	0	1	39	39	0	2	40	40
S	4867	1	0	0	39	39	0	2	40	40
S	4868	1	0	1	39	39	0	2	40	40
S	4869	1	0	0	39	39	0	2	40	40
S	4870	1	0	1	39	39	0	2	40	40
S	4871	1	0	0	39	39	0	2	40	40
S	4872	1	0	1	39	39	0	2	40	40
S	4873	1	0	0	39	39	0	2	40	40
S	4874	1	0	1	39	39	0	2	40	40
S	4875	1	0	0	39	39	0	2	40	40
S	4876	1	0	1	41	41	2	0	42	42
S	4877	1	0	0	41	41	2	0	42	42
S	4878	1	0	1	41	41	2	0	42	42
S	4879	1	0	0	41	41	2	0	42	42
S	4880	1	0	1	41	41	2	0	42	42
S	4881	1	0	0	41	41	2	0	42	42
S	4882	1	0	1	41	41	2	0	42	42
S	4883	1	0	0	41	41	2	0	42	42
S	4884	1	0	1	41	41	2	0	42	42
S	4885	1	0	0	41	41	2	0	42	42
S	4886	1	0	1	41	41	2	0	42	42
S	4887	1	0	0	41	41	2	0	42	42
S	4888	1	0	1	41	41	2	0	42	42
S	4889	1	0	0	41	41	2	0	42	42
S	4890	1	0	1	41	41	2	0	42	42
S	4891	1	0	0	41	41	2	0	42	42
S	4892	1	0	1	43	43	44	44	0	2
S	4893	1	0	0	43	43	44	44	0	2
S	4894	1	0	1	43	43	44	44	0	2
S	4895	1	0	0	43	43	44	44	0	2
S	4896	1	0	1	43	43	44	44	0	2
S	4897	1	0	0	43	43	44	44	0	2
S	4898	1	0	1	43	43	44	44	0	2
S	4899	1	0	0	43	43	44	44	0	2
S	4900	1	0	1	43	43	44	44	0	2
S	4901	1	0	0	43	43	44	44	0	2
S	4902	1	0	1	43	43	44	44	0	2
S	4903	1	0	0	43	43	44	44	0	2
S	4904	1	0	1	43	43	44	44	0	2
S	4905	1	0	0	43	43	44	44	0	2
S	4906	1	0	1	43	43	44	44	0	2
S	4907	1	0	0	43	43	44	44	0	2
S	4908	1	0	1	45	45	46	46	2	0
S	4909	1	0	0	45	45	46	46	2	0
S	4910	1	0	1	45	45	46	46	2	0
S	4911	1	0	0	45	45	46	46	2	0
S	4912	1	0	1	45	45	46	46	2	0
S	4913	1	0	0	45	45	46	46	2	0
S	4914	1	0	1	45	45	46	46	2	0
S	4915	1	0	0	45	45	46	46	2	0
S	4916	1	0	1	45	45	46	46	2	0
S	4917	1	0	0	45	45	46	46	2	0
S	4918	1	0	1	45	45	46	46	2	0
S	4919	1	0	0	45	45	46	46	2	0
S	4920	1	0	1	45	45	46	46	2	0
S	4921	1	0	0	45	45	46	46	2	0
S	4922	1	0	1	45	45	46	46	2	0
S	4923	1	0	0	45	45	46	46	2	0
S	4924	2	0	15	0	0	0	0	0	0
S	4926	5	14	0	0	0	0	0	0	0
S	4931	512	15	0	0	0	0	0	0	0
S	5443	1	10	0	0	0	0	0	0	0
S	5444	1	0	1	0	0	0	0	0	0
S	5445	18	0	15	0	0	0	0	0	0
S	5463	1	0	1	17	2	2	18	19	19
S	5464	1	0	0	17	2	2	18	19	19
S	5465	1	0	1	20	2	2	21	2	19
S	5466	1	0	0	20	2	2	21	2	19
S	5467	1	0	1	22	2	2	23	19	2
S	5468	1	0	0	22	2	2	23	19	2
S	5469	1	0	1	24	2	21	18	19	18
S	5470	1	0	0	24	2	21	18	19	18
S	5471	1	0	1	25	2	23	18	18	19
S	5472	1	0	0	25	2	23	18	18	19
S	5473	1	0	1	2	17	2	26	27	27
S	5474	1	0	0	2	17	2	26	27	27
S	5475	1	0	1	2	20	2	28	2	27
S	5476	1	0	0	2	20	2	28	2	27
S	5477	1	0	1	2	22	2	29	27	2
S	5478	1	0	0	2	22	2	29	27	2
S	5479	1	0	1	2	24	28	26	27	26
S	5480	1	0	0	2	24	28	26	27	26
S	5481	1	0	1	2	25	29	26	26	27
S	5482	1	0	0	2	25	29	26	26	27
S	5483	1	0	1	30	2	18	2	31	31
S	5484	1	0	0	30	2	18	2	31	31
S	5485	1	0	1	32	2	23	2	31	2
S	5486	1	0	0	32	2	23	2	31	2
S	5487	1	0	1	33	2	21	2	2	31
S	5488	1	0	0	33	2	21	2	2	31
S	5489	1	0	1	34	2	18	23	18	31
S	5490	1	0	0	34	2	18	23	18	31
S	5491	1	0	1	35	2	18	21	31	18
S	5492	1	0	0	35	2	18	21	31	18
S	5493	1	0	1	2	30	26	2	36	36
S	5494	1	0	0	2	30	26	2	36	36
S	5495	1	0	1	2	32	29	2	36	2
S	5496	1	0	0	2	32	29	2	36	2
S	5497	1	0	1	2	33	28	2	2	36
S	5498	1	0	0	2	33	28	2	2	36
S	5499	1	0	1	2	34	26	29	26	36
S	5500	1	0	0	2	34	26	29	26	36
S	5501	1	0	1	2	35	26	28	36	26
S	5502	1	0	0	2	35	26	28	36	26
S	5503	1	0	1	37	2	21	21	2	18
S	5504	1	0	0	37	2	21	21	2	18
S	5505	1	0	1	33	2	21	2	2	31
S	5506	1	0	0	33	2	21	2	2	31
S	5507	1	0	1	20	2	2	21	2	19
S	5508	1	0	0	20	2	2	21	2	19
S	5509	1	0	1	35	2	18	21	31	18
S	5510	1	0	0	35	2	18	21	31	18
S	5511	1	0	1	24	2	21	18	19	18
S	5512	1	0	0	24	2	21	18	19	18
S	5513	1	0	1	2	37	28	28	2	26
S	5514	1	0	0	2	37	28	28	2	26
S	5515	1	0	1	2	33	28	2	2	36
S	5516	1	0	0	2	33	28	2	2	36
S	5517	1	0	1	2	20	2	28	2	27
S	5518	1	0	0	2	20	2	28	2	27
S	5519	1	0	1	2	35	26	28	36	26
S	5520	1	0	0	2	35	26	28	36	26
S	5521	1	0	1	2	24	28	26	27	26
S	5522	1	0	0	2	24	28	26	27	26
S	5523	1	0	1	38	2	23	23	18	2
S	5524	1	0	0	38	2	23	23	18	2
S	5525	1	0	1	22	2	2	23	19	2
S	5526	1	0	0	22	2	2	23	19	2
S	5527	1	0	1	32	2	23	2	31	2
S	5528	1	0	0	32	2	23	2	31	2
S	5529	1	0	1	25	2	23	18	18	19
S	5530	1	0	0	25	2	23	18	18	19
S	5531	1	0	1	34	2	18	23	18	31
S	5532	1	0	0	34	2	18	23	18	31
S	5533	1	0	1	2	38	29	29	26	2
S	5534	1	0	0	2	38	29	29	26	2
S	5535	1	0	1	2	22	2	29	27	2
S	5536	1	0	0	2	22	2	29	27	2
S	5537	1	0	1	2	32	29	2	36	2
S	5538	1	0	0	2	32	29	2	36	2
S	5539	1	0	1	2	25	29	26	26	27
S	5540	1	0	0	2	25	29	26	26	27
S	5541	1	0	1	2	34	26	29	26	36
S	5542	1	0	0	2	34	26	29	26	36
S	5543	1	0	1	0	0	0	0	0	0
S	5544	1	0	0	0	0	0	0	0	0
S	5545	1	0	1	0	0	0	0	0	0
S	5546	1	0	0	0	0	0	0	0	0
S	5547	1	0	1	0	0	0	0	0	0
S	5548	1	0	0	0	0	0	0	0	0
S	5549	1	0	1	0	0	0	0	0	0
S	5550	1	0	0	0	0	0	0	0	0
S	5551	1	0	1	0	0	0	0	0	0
S	5552	1	0	0	0	0	0	0	0	0
S	5553	1	0	1	0	0	0	0	0	0
S	5554	1	0	0	0	0	0	0	0	0
S	5555	1	0	1	0	0	0	0	0	0
S	5556	1	0	0	0	0	0	0	0	0
S	5557	1	0	1	0	0	0	0	0	0
S	5558	1	0	0	0	0	0	0	0	0
S	5559	1	0	1	0	0	0	0	0	0
S	5560	1	0	0	0	0	0	0	0	0
S	5561	1	0	1	0	0	0	0	0	0
S	5562	1	0	0	0	0	0	0	0	0
S	5563	1	0	1	0	0	0	0	0	0
S	5564	1	0	0	0	0	0	0	0	0
S	5565	1	0	1	0	0	0	0	0	0
S	5566	1297	0	0	0	0	0	0	0	0
S	6863	4	0	15	0	0	0	0	0	0
S	6867	8	0	0	0	0	0	0	0	0
S	6875	8	0	0	2	0	47	47	47	47
S	6883	1	13	15	0	0	0	0	0	0
S	6884	1	0	15	0	0	0	0	0	0
S	6885	1	13	15	0	0	0	0	0	0
S	6886	1	0	15	0	0	0	0	0	0
S	6887	1	13	15	0	0	0	0	0	0
S	6888	1	0	15	0	0	0	0	0	0
S	6889	1	13	15	0	0	0	0	0	0
S	6890	1	0	15	0	0	0	0	0	0
S	6891	1	0	1	0	0	0	0	0	0
S	6892	1	0	0	0	0	0	0	0	0
S	6893	1	0	1	0	0	0	0	0	0
S	6894	1	0	0	0	0	0	0	0	0
S	6895	1	0	1	0	0	0	0	0	0
S	6896	1	0	0	0	0	0	0	0	0
S	6897	1	0	1	0	0	0	0	0	0
S	6898	1	0	0	0	0	0	0	0	0
S	6899	1	0	1	0	0	0	0	0	0
S	6900	1	0	0	0	0	0	0	0	0
S	6901	1	0	1	0	0	0	0	0	0
S	6902	1	0	0	0	0	0	0	0	0
S	6903	1	0	1	0	0	0	0	0	0
S	6904	1	0	0	0	0	0	0	0	0
S	6905	1	0	1	0	0	0	0	0	0
S	6906	1	0	0	0	0	0	0	0	0
S	6907	1	0	1	0	0	0	0	0	0
S	6908	1	0	0	0	0	0	0	0	0
S	6909	1	0	1	0	0	0	0	0	0
S	6910	1	0	0	0	0	0	0	0	0
S	6911	1	0	1	0	0	0	0	0	0
S	6912	1	0	0	0	0	0	0	0	0
S	6913	1	0	1	0	0	0	0	0	0
S	6914	1	0	0	0	0	0	0	0	0
S	6915	1	0	1	0	0	0	0	0	0
S	6916	1	0	0	0	0	0	0	0	0
S	6917	1	0	1	0	0	0	0	0	0
S	6918	1	0	0	0	0	0	0	0	0
S	6919	1	0	1	0	0	0	0	0	0
S	6920	1	0	0	0	0	0	0	0	0
S	6921	1	0	1	0	0	0	0	0	0
S	6922	1	0	0	0	0	0	0	0	0
S	6923	1	0	1	0	0	0	0	0	0
S	6924	1	0	0	0	0	0	0	0	0
S	6925	1	0	1	0	0	0	0	0	0
S	6926	1	0	0	0	0	0	0	0	0
S	6927	1	0	1	0	0	0	0	0	0
S	6928	1	0	0	0	0	0	0	0	0
S	6929	1	0	1	0	0	0	0	0	0
S	6930	1	0	0	0	0	0	0	0	0
S	6931	1	0	1	0	0	0	0	0	0
S	6932	1	0	0	0	0	0	0	0	0
S	6933	1	0	1	0	0	0	0	0	0
S	6934	1	0	0	0	0	0	0	0	0
S	6935	1	0	1	0	0	0	0	0	0
S	6936	1	0	0	0	0	0	0	0	0
S	6937	1	0	1	0	0	0	0	0	0
S	6938	1	0	0	0	0	0	0	0	0
S	6939	1	0	1	0	0	0	0	0	0
S	6940	1	0	0	0	0	0	0	0	0
S	6941	1	0	1	0	0	0	0	0	0
S	6942	1	0	0	0	0	0	0	0	0
S	6943	1	0	1	0	0	0	0	0	0
S	6944	1	0	0	0	0	0	0	0	0
S	6945	1	0	1	0	0	0	0	0	0
S	6946	1	0	0	0	0	0	0	0	0
S	6947	1	0	1	0	0	0	0	0	0
S	6948	1	0	0	0	0	0	0	0	0
S	6949	1	0	1	0	0	0	0	0	0
S	6950	1	0	0	0	0	0	0	0	0
S	6951	1	0	1	0	0	0	0	0	0
S	6952	1	0	0	0	0	0	0	0	0
S	6953	1	0	1	0	0	0	0	0	0
S	6954	1	0	0	0	0	0	0	0	0
S	6955	1	0	1	0	0	0	0	0	0
S	6956	1	0	0	0	0	0	0	0	0
S	6957	1	0	1	0	0	0	0	0	0
S	6958	1	0	0	0	0	0	0	0	0
S	6959	1	0	1	0	0	0	0	0	0
S	6960	1	0	0	0	0	0	0	0	0
S	6961	1	0	1	0	0	0	0	0	0
S	6962	1	0	0	0	0	0	0	0	0
S	6963	1	0	1	0	0	0	0	0	0
S	6964	1	0	0	0	0	0	0	0	0
S	6965	1	0	1	0	0	0	0	0	0
S	6966	1	0	0	0	0	0	0	0	0
S	6967	1	0	1	0	0	0	0	0	0
S	6968	1	0	0	0	0	0	0	0	0
S	6969	1	0	1	0	0	0	0	0	0
S	6970	1	0	0	0	0	0	0	0	0
S	6971	1	0	1	0	0	0	0	0	0
S	6972	1	0	0	0	0	0	0	0	0
S	6973	1	0	1	0	0	0	0	0	0
S	6974	1	0	0	0	0	0	0	0	0
S	6975	1	0	1	0	0	0	0	0	0
S	6976	1	0	0	0	0	0	0	0	0
S	6977	1	0	1	0	0	0	0	0	0
S	6978	1	0	0	0	0	0	0	0	0
S	6979	1	0	1	0	0	0	0	0	0
S	6980	1	0	0	0	0	0	0	0	0
S	6981	1	0	1	0	0	0	0	0	0
S	6982	1	0	0	0	0	0	0	0	0
S	6983	1	0	1	0	0	0	0	0	0
S	6984	1	0	0	0	0	0	0	0	0
S	6985	1	0	1	0	0	0	0	0	0
S	6986	1	0	0	0	0	0	0	0	0
S	6987	1	0	1	0	0	0	0	0	0
S	6988	1	0	0	0	0	0	0	0	0
S	6989	1	0	1	0	0	0	0	0	0
S	6990	1	0	0	0	0	0	0	0	0
S	6991	1	0	1	0	0	0	0	0	0
S	6992	1	0	0	0	0	0	0	0	0
S	6993	1	0	1	0	0	0	0	0	0
S	6994	1	0	0	0	0	0	0	0	0
S	6995	1	0	1	0	0	0	0	0	0
S	6996	1	0	0	0	0	0	0	0	0
S	6997	1	0	1	0	0	0	0	0	0
S	6998	1	0	0	0	0	0	0	0	0
S	6999	1	0	1	0	0	0	0	0	0
S	7000	1	0	0	0	0	0	0	0	0
S	7001	1	0	1	0	0	0	0	0	0
S	7002	1	0	0	0	0	0	0	0	0
S	7003	1	0	1	0	0	0	0	0	0
S	7004	1	0	0	0	0	0	0	0	0
S	7005	1	0	1	0	0	0	0	0	0
S	7006	1	0	0	0	0	0	0	0	0
S	7007	1	0	1	0	0	0	0	0	0
S	7008	1	0	0	0	0	0	0	0	0
S	7009	1	0	1	0	0	0	0	0	0
S	7010	1	0	0	0	0	0	0	0	0
S	7011	1	0	1	0	0	0	0	0	0
S	7012	1	0	0	0	0	0	0	0	0
S	7013	1	0	1	0	0	0	0	0	0
S	7014	1	0	0	0	0	0	0	0	0
S	7015	1	0	1	0	0	0	0	0	0
S	7016	1	0	0	0	0	0	0	0	0
S	7017	1	0	1	0	0	0	0	0	0
S	7018	1	0	0	0	0	0	0	0	0
S	7019	1	0	1	0	0	0	0	0	0
S	7020	1	0	0	0	0	0	0	0	0
S	7021	1	0	1	0	0	0	0	0	0
S	7022	1	0	0	0	0	0	0	0	0
S	7023	1	0	1	0	0	0	0	0	0
S	7024	1	0	0	0	0	0	0	0	0
S	7025	1	0	1	0	0	0	0	0	0
S	7026	1	0	0	0	0	0	0	0	0
S	7027	1	0	1	0	0	0	0	0	0
S	7028	1	0	0	0	0	0	0	0	0
S	7029	1	0	1	0	0	0	0	0	0
S	7030	1	0	0	0	0	0	0	0	0
S	7031	1	0	1	0	0	0	0	0	0
S	7032	1	0	0	0	0	0	0	0	0
S	7033	1	0	1	0	0	0	0	0	0
S	7034	1	0	0	0	0	0	0	0	0
S	7035	1	0	1	0	0	0	0	0	0
S	7036	1	0	0	0	0	0	0	0	0
S	7037	1	0	1	0	0	0	0	0	0
S	7038	1	0	0	0	0	0	0	0	0
S	7039	1	0	1	0	0	0	0	0	0
S	7040	1	0	0	0	0	0	0	0	0
S	7041	1	0	1	0	0	0	0	0	0
S	7042	1	0	0	0	0	0	0	0	0
S	7043	1	0	1	0	0	0	0	0	0
S	7044	1	0	0	0	0	0	0	0	0
S	7045	1	0	1	0	0	0	0	0	0
S	7046	1	0	0	0	0	0	0	0	0
S	7047	1	0	1	0	0	0	0	0	0
S	7048	1	0	0	0	0	0	0	0	0
S	7049	1	0	1	0	0	0	0	0	0
S	7050	1	0	0	0	0	0	0	0	0
S	7051	1	0	1	0	0	0	0	0	0
S	7052	1	0	0	0	0	0	0	0	0
S	7053	1	0	1	0	0	0	0	0	0
S	7054	1	0	0	0	0	0	0	0	0
S	7055	1	0	1	0	0	0	0	0	0
S	7056	1	0	0	0	0	0	0	0	0
S	7057	1	0	1	0	0	0	0	0	0
S	7058	1	0	0	0	0	0	0	0	0
S	7059	1	0	1	0	0	0	0	0	0
S	7060	1	0	0	0	0	0	0	0	0
S	7061	1	0	1	0	0	0	0	0	0
S	7062	1	0	0	0	0	0	0	0	0
S	7063	1	0	1	0	0	0	0	0	0
S	7064	1	0	0	0	0	0	0	0	0
S	7065	1	0	1	0	0	0	0	0	0
S	7066	1	0	0	0	0	0	0	0	0
S	7067	1	0	1	0	0	0	0	0	0
S	7068	1	0	0	0	0	0	0	0	0
S	7069	1	0	1	0	0	0	0	0	0
S	7070	1	0	0	0	0	0	0	0	0
S	7071	1	0	1	0	0	0	0	0	0
S	7072	1	0	0	0	0	0	0	0	0
S	7073	1	0	1	0	0	0	0	0	0
S	7074	1	0	0	0	0	0	0	0	0
S	7075	1	0	1	0	0	0	0	0	0
S	7076	1	0	0	0	0	0	0	0	0
S	7077	1	0	1	0	0	0	0	0	0
S	7078	1	0	0	0	0	0	0	0	0
S	7079	1	0	1	0	0	0	0	0	0
S	7080	1	0	0	0	0	0	0	0	0
S	7081	1	0	1	0	0	0	0	0	0
S	7082	1	0	0	0	0	0	0	0	0
S	7083	1	0	1	0	0	0	0	0	0
S	7084	1	0	0	0	0	0	0	0	0
S	7085	1	0	1	0	0	0	0	0	0
S	7086	1	0	0	0	0	0	0	0	0
S	7087	1	0	1	0	0	0	0	0	0
S	7088	1	0	0	0	0	0	0	0	0
S	7089	1	0	1	0	0	0	0	0	0
S	7090	1	0	0	0	0	0	0	0	0
S	7091	1	0	1	0	0	0	0	0	0
S	7092	1	0	0	0	0	0	0	0	0
S	7093	1	0	1	0	0	0	0	0	0
S	7094	1	0	0	0	0	0	0	0	0
S	7095	1	0	1	0	0	0	0	0	0
S	7096	1	0	0	0	0	0	0	0	0
S	7097	1	0	1	0	0	0	0	0	0
S	7098	1	0	0	0	0	0	0	0	0
S	7099	1	0	1	0	0	0	0	0	0
S	7100	1	0	0	0	0	0	0	0	0
S	7101	1	0	1	0	0	0	0	0	0
S	7102	1	0	0	0	0	0	0	0	0
S	7103	1	0	1	0	0	0	0	0	0
S	7104	1	0	0	0	0	0	0	0	0
S	7105	1	0	1	0	0	0	0	0	0
S	7106	1	0	0	0	0	0	0	0	0
S	7107	1	0	1	0	0	0	0	0	0
S	7108	1	0	0	0	0	0	0	0	0
S	7109	1	0	1	0	0	0	0	0	0
S	7110	1	0	0	0	0	0	0	0	0
S	7111	1	0	1	0	0	0	0	0	0
S	7112	1	0	0	0	0	0	0	0	0
S	7113	1	0	1	0	0	0	0	0	0
S	7114	1	0	0	0	0	0	0	0	0
S	7115	1	0	1	0	0	0	0	0	0
S	7116	1	0	0	0	0	0	0	0	0
S	7117	1	0	1	0	0	0	0	0	0
S	7118	1	0	0	0	0	0	0	0	0
S	7119	1	0	1	0	0	0	0	0	0
S	7120	1	0	0	0	0	0	0	0	0
S	7121	1	0	1	0	0	0	0	0	0
S	7122	1	0	0	0	0	0	0	0	0
S	7123	1	0	1	0	0	0	0	0	0
S	7124	1	0	0	0	0	0	0	0	0
S	7125	1	0	1	0	0	0	0	0	0
S	7126	1	0	0	0	0	0	0	0	0
S	7127	1	0	1	0	0	0	0	0	0
S	7128	1	0	0	0	0	0	0	0	0
S	7129	1	0	1	0	0	0	0	0	0
S	7130	1	0	0	0	0	0	0	0	0
S	7131	1	0	1	0	0	0	0	0	0
S	7132	1	0	0	0	0	0	0	0	0
S	7133	1	0	1	0	0	0	0	0	0
S	7134	1	0	0	0	0	0	0	0	0
S	7135	1	0	1	0	0	0	0	0	0
S	7136	1	0	0	0	0	0	0	0	0
S	7137	1	0	1	0	0	0	0	0	0
S	7138	1	0	0	0	0	0	0	0	0
S	7139	1	0	1	0	0	0	0	0	0
S	7140	1	0	0	0	0	0	0	0	0
S	7141	1	0	1	0	0	0	0	0	0
S	7142	1	0	0	0	0	0	0	0	0
S	7143	1	0	1	0	0	0	0	0	0
S	7144	1	0	0	0	0	0	0	0	0
S	7145	1	0	1	0	0	0	0	0	0
S	7146	1	0	0	0	0	0	0	0	0
S	7147	1	0	1	0	0	0	0	0	0
S	7148	1	0	0	0	0	0	0	0	0
S	7149	1	0	1	0	0	0	0	0	0
S	7150	1	0	0	0	0	0	0	0	0
S	7151	1	0	1	0	0	0	0	0	0
S	7152	1	0	0	0	0	0	0	0	0
S	7153	1	0	1	0	0	0	0	0	0
S	7154	1	0	0	0	0	0	0	0	0
S	7155	1	0	1	0	0	0	0	0	0
S	7156	1	0	0	0	0	0	0	0	0
S	7157	1	0	1	0	0	0	0	0	0
S	7158	1	0	0	0	0	0	0	0	0
S	7159	1	0	1	0	0	0	0	0	0
S	7160	1	0	0	0	0	0	0	0	0
S	7161	1	0	1	0	0	0	0	0	0
S	7162	1	0	0	0	0	0	0	0	0
S	7163	1	0	1	0	0	0	0	0	0
S	7164	1	0	0	0	0	0	0	0	0
S	7165	1	0	1	0	0	0	0	0	0
S	7166	1	0	0	0	0	0	0	0	0
S	7167	1	0	1	0	0	0	0	0	0
S	7168	1	0	0	0	0	0	0	0	0
S	7169	1	0	1	0	0	0	0	0	0
S	7170	1	0	0	0	0	0	0	0	0
S	7171	1	0	1	0	0	0	0	0	0
S	7172	1	0	0	0	0	0	0	0	0
S	7173	1	0	1	0	0	0	0	0	0
S	7174	1	0	0	0	0	0	0	0	0
S	7175	1	0	1	0	0	0	0	0	0
S	7176	1	0	0	0	0	0	0	0	0
S	7177	1	0	1	0	0	0	0	0	0
S	7178	1	0	0	0	0	0	0	0	0
S	7179	1	0	1	0	0	0	0	0	0
S	7180	1	0	0	0	0	0	0	0	0
S	7181	1	0	1	0	0	0	0	0	0
S	7182	1	0	0	0	0	0	0	0	0
S	7183	1	0	1	0	0	0	0	0	0
S	7184	1	0	0	0	0	0	0	0	0
S	7185	1	0	1	0	0	0	0	0	0
S	7186	1	0	0	0	0	0	0	0	0
S	7187	1	0	1	0	0	0	0	0	0
S	7188	1	0	0	0	0	0	0	0	0
S	7189	1	0	1	0	0	0	0	0	0
S	7190	1	0	0	0	0	0	0	0	0
S	7191	1	0	1	0	0	0	0	0	0
S	7192	1	0	0	0	0	0	0	0	0
S	7193	1	0	1	0	0	0	0	0	0
S	7194	1	0	0	0	0	0	0	0	0
S	7195	1	0	1	0	0	0	0	0	0
S	7196	1	0	0	0	0	0	0	0	0
S	7197	1	0	1	0	0	0	0	0	0
S	7198	1	0	0	0	0	0	0	0	0
S	7199	1	0	1	0	0	0	0	0	0
S	7200	1	0	0	0	0	0	0	0	0
S	7201	1	0	1	0	0	0	0	0	0
S	7202	1	0	0	0	0	0	0	0	0
S	7203	1	0	1	0	0	0	0	0	0
S	7204	1	0	0	0	0	0	0	0	0
S	7205	1	0	1	0	0	0	0	0	0
S	7206	1	0	0	0	0	0	0	0	0
S	7207	1	0	1	0	0	0	0	0	0
S	7208	1	0	0	0	0	0	0	0	0
S	7209	1	0	1	0	0	0	0	0	0
S	7210	1	0	0	0	0	0	0	0	0
S	7211	1	0	1	0	0	0	0	0	0
S	7212	1	0	0	0	0	0	0	0	0
S	7213	1	0	1	0	0	0	0	0	0
S	7214	1	0	0	0	0	0	0	0	0
S	7215	1	0	1	0	0	0	0	0	0
S	7216	1	0	0	0	0	0	0	0	0
S	7217	1	0	1	0	0	0	0	0	0
S	7218	1	0	0	0	0	0	0	0	0
S	7219	1	0	1	0	0	0	0	0	0
S	7220	1	0	0	0	0	0	0	0	0
S	7221	1	0	1	0	0	0	0	0	0
S	7222	1	0	0	0	0	0	0	0	0
S	7223	1	0	1	0	0	0	0	0	0
S	7224	1	0	0	0	0	0	0	0	0
S	7225	1	0	1	0	0	0	0	0	0
S	7226	1	0	0	0	0	0	0	0	0
S	7227	1	0	1	0	0	0	0	0	0
S	7228	1	0	0	0	0	0	0	0	0
S	7229	1	0	1	0	0	0	0	0	0
S	7230	1	0	0	0	0	0	0	0	0
S	7231	1	0	1	0	0	0	0	0	0
S	7232	1	0	0	0	0	0	0	0	0
S	7233	1	0	1	0	0	0	0	0	0
S	7234	1	0	0	0	0	0	0	0	0
S	7235	1	0	1	0	0	0	0	0	0
S	7236	1	0	0	0	0	0	0	0	0
S	7237	1	0	1	0	0	0	0	0	0
S	7238	1	0	0	0	0	0	0	0	0
S	7239	1	0	1	0	0	0	0	0	0
S	7240	1	0	0	0	0	0	0	0	0
S	7241	1	0	1	0	0	0	0	0	0
S	7242	65	0	0	0	0	0	0	0	0
S	7307	1	0	1	0	0	0	0	0	0
S	7308	1	0	0	0	0	0	0	0	0
S	7309	1	0	1	0	0	0	0	0	0
S	7310	1	0	0	0	0	0	0	0	0
S	7311	1	0	1	0	0	0	0	0	0
S	7312	1	0	0	0	0	0	0	0	0
S	7313	1	0	1	0	0	0	0	0	0
S	7314	1	0	0	0	0	0	0	0	0
S	7315	1	0	1	0	0	0	0	0	0
S	7316	1	0	0	0	0	0	0	0	0
S	7317	1	0	1	0	0	0	0	0	0
S	7318	1	0	0	0	0	0	0	0	0
S	7319	1	0	1	0	0	0	0	0	0
S	7320	1	0	0	0	0	0	0	0	0
S	7321	1	0	1	0	0	0	0	0	0
S	7322	1	0	0	0	0	0	0	0	0
S	7323	1	0	1	0	0	0	0	0	0
S	7324	1	0	0	0	0	0	0	0	0
S	7325	1	0	1	0	0	0	0	0	0
S	7326	1	0	0	0	0	0	0	0	0
S	7327	1	0	1	0	0	0	0	0	0
S	7328	1	0	0	0	0	0	0	0	0
S	7329	1	0	1	0	0	0	0	0	0
S	7330	1	0	0	0	0	0	0	0	0
S	7331	1	0	1	0	0	0	0	0	0
S	7332	1	0	0	0	0	0	0	0	0
S	7333	1	0	1	0	0	0	0	0	0
S	7334	1	0	0	0	0	0	0	0	0
S	7335	1	0	1	17	2	2	18	19	19
S	7336	1	0	0	17	2	2	18	19	19
S	7337	1	0	1	20	2	2	21	2	19
S	7338	1	0	0	20	2	2	21	2	19
S	7339	1	0	1	22	2	2	23	19	2
S	7340	1	0	0	22	2	2	23	19	2
S	7341	1	0	1	24	2	21	18	19	18
S	7342	1	0	0	24	2	21	18	19	18
S	7343	1	0	1	25	2	23	18	18	19
S	7344	1	0	0	25	2	23	18	18	19
S	7345	1	0	1	2	17	2	26	27	27
S	7346	1	0	0	2	17	2	26	27	27
S	7347	1	0	1	2	20	2	28	2	27
S	7348	1	0	0	2	20	2	28	2	27
S	7349	1	0	1	2	22	2	29	27	2
S	7350	1	0	0	2	22	2	29	27	2
S	7351	1	0	1	2	24	28	26	27	26
S	7352	1	0	0	2	24	28	26	27	26
S	7353	1	0	1	2	25	29	26	26	27
S	7354	1	0	0	2	25	29	26	26	27
S	7355	1	0	1	30	2	18	2	31	31
S	7356	1	0	0	30	2	18	2	31	31
S	7357	1	0	1	32	2	23	2	31	2
S	7358	1	0	0	32	2	23	2	31	2
S	7359	1	0	1	33	2	21	2	2	31
S	7360	1	0	0	33	2	21	2	2	31
S	7361	1	0	1	34	2	18	23	18	31
S	7362	1	0	0	34	2	18	23	18	31
S	7363	1	0	1	35	2	18	21	31	18
S	7364	1	0	0	35	2	18	21	31	18
S	7365	1	0	1	2	30	26	2	36	36
S	7366	1	0	0	2	30	26	2	36	36
S	7367	1	0	1	2	32	29	2	36	2
S	7368	1	0	0	2	32	29	2	36	2
S	7369	1	0	1	2	33	28	2	2	36
S	7370	1	0	0	2	33	28	2	2	36
S	7371	1	0	1	2	34	26	29	26	36
S	7372	1	0	0	2	34	26	29	26	36
S	7373	1	0	1	2	35	26	28	36	26
S	7374	1	0	0	2	35	26	28	36	26
S	7375	1	0	1	37	2	21	21	2	18
S	7376	1	0	0	37	2	21	21	2	18
S	7377	1	0	1	33	2	21	2	2	31
S	7378	1	0	0	33	2	21	2	2	31
S	7379	1	0	1	20	2	2	21	2	19
S	7380	1	0	0	20	2	2	21	2	19
S	7381	1	0	1	35	2	18	21	31	18
S	7382	1	0	0	35	2	18	21	31	18
S	7383	1	0	1	24	2	21	18	19	18
S	7384	1	0	0	24	2	21	18	19	18
S	7385	1	0	1	2	37	28	28	2	26
S	7386	1	0	0	2	37	28	28	2	26
S	7387	1	0	1	2	33	28	2	2	36
S	7388	1	0	0	2	33	28	2	2	36
S	7389	1	0	1	2	20	2	28	2	27
S	7390	1	0	0	2	20	2	28	2	27
S	7391	1	0	1	2	35	26	28	36	26
S	7392	1	0	0	2	35	26	28	36	26
S	7393	1	0	1	2	24	28	26	27	26
S	7394	1	0	0	2	24	28	26	27	26
S	7395	1	0	1	38	2	23	23	18	2
S	7396	1	0	0	38	2	23	23	18	2
S	7397	1	0	1	22	2	2	23	19	2
S	7398	1	0	0	22	2	2	23	19	2
S	7399	1	0	1	32	2	23	2	31	2
S	7400	1	0	0	32	2	23	2	31	2
S	7401	1	0	1	25	2	23	18	18	19
S	7402	1	0	0	25	2	23	18	18	19
S	7403	1	0	1	34	2	18	23	18	31
S	7404	1	0	0	34	2	18	23	18	31
S	7405	1	0	1	2	38	29	29	26	2
S	7406	1	0	0	2	38	29	29	26	2
S	7407	1	0	1	2	22	2	29	27	2
S	7408	1	0	0	2	22	2	29	27	2
S	7409	1	0	1	2	32	29	2	36	2
S	7410	1	0	0	2	32	29	2	36	2
S	7411	1	0	1	2	25	29	26	26	27
S	7412	1	0	0	2	25	29	26	26	27
S	7413	1	0	1	2	34	26	29	26	36
S	7414	1	0	0	2	34	26	29	26	36
S	7415	1	0	1	0	0	0	0	0	0
S	7416	1	0	0	0	0	0	0	0	0
S	7417	1	0	1	0	0	0	0	0	0
S	7418	1	0	0	0	0	0	0	0	0
S	7419	1	0	1	0	0	0	0	0	0
S	7420	1	0	0	0	0	0	0	0	0
S	7421	1	0	1	0	0	0	0	0	0
S	7422	1	0	0	0	0	0	0	0	0
S	7423	1	0	1	0	0	0	0	0	0
S	7424	1	0	0	0	0	0	0	0	0
S	7425	1	0	1	0	0	0	0	0	0
S	7426	1	0	0	0	0	0	0	0	0
S	7427	1	0	1	0	0	0	0	0	0
S	7428	1	0	0	0	0	0	0	0	0
S	7429	1	0	1	0	0	0	0	0	0
S	7430	1	0	0	0	0	0	0	0	0
S	7431	1	0	1	0	0	0	0	0	0
S	7432	1	0	0	0	0	0	0	0	0
S	7433	1	0	1	0	0	0	0	0	0
S	7434	1	0	0	0	0	0	0	0	0
S	7435	1	0	1	0	0	0	0	0	0
S	7436	1	0	0	0	0	0	0	0	0
S	7437	1	0	1	0	0	0	0	0	0
S	7438	1	0	0	0	0	0	0	0	0
S	7439	1	0	1	0	0	0	0	0	0
S	7440	1	0	0	0	0	0	0	0	0
S	7441	1	0	1	0	0	0	0	0	0
S	7442	1	0	0	0	0	0	0	0	0
S	7443	1	0	1	0	0	0	0	0	0
S	7444	1	0	0	0	0	0	0	0	0
S	7445	1	0	1	0	0	0	0	0	0
S	7446	1	0	0	0	0	0	0	0	0
S	7447	1	0	1	0	0	0	0	0	0
S	7448	1	0	0	0	0	0	0	0	0
S	7449	1	0	1	0	0	0	0	0	0
S	7450	1	0	0	0	0	0	0	0	0
S	7451	1	0	1	0	0	0	0	0	0
S	7452	1	0	0	0	0	0	0	0	0
S	7453	1	0	1	0	0	0	0	0	0
S	7454	1	0	0	0	0	0	0	0	0
S	7455	1	0	1	0	0	0	0	0	0
S	7456	1	0	0	0	0	0	0	0	0
S	7457	1	0	1	0	0	0	0	0	0
S	7458	1	0	0	0	0	0	0	0	0
S	7459	1	0	1	0	0	0	0	0	0
S	7460	1	0	0	0	0	0	0	0	0
S	7461	1	0	1	0	0	0	0	0	0
S	7462	1	0	0	0	0	0	0	0	0
S	7463	1	0	1	0	0	0	0	0	0
S	7464	1	0	0	0	0	0	0	0	0
S	7465	1	0	1	0	0	0	0	0	0
S	7466	1	0	0	0	0	0	0	0	0
S	7467	1	0	1	0	0	0	0	0	0
S	7468	1	0	0	0	0	0	0	0	0
S	7469	1	0	1	0	0	0	0	0	0
S	7470	1	0	0	0	0	0	0	0	0
S	7471	1	0	1	0	0	0	0	0	0
S	7472	1	0	0	0	0	0	0	0	0
S	7473	1	0	1	0	0	0	0	0	0
S	7474	1	0	0	0	0	0	0	0	0
S	7475	1	0	1	0	0	0	0	0	0
S	7476	1	0	0	0	0	0	0	0	0
S	7477	1	0	1	0	0	0	0	0	0
S	7478	1	0	0	0	0	0	0	0	0
S	7479	1	0	1	0	0	0	0	0	0
S	7480	1	0	0	0	0	0	0	0	0
S	7481	1	0	1	0	0	0	0	0	0
S	7482	1	0	0	0	0	0	0	0	0
S	7483	1	0	1	0	0	0	0	0	0
S	7484	1	0	0	0	0	0	0	0	0
S	7485	1	0	1	0	0	0	0	0	0
S	7486	1	0	0	0	0	0	0	0	0
S	7487	1	0	1	0	0	0	0	0	0
S	7488	1	0	0	0	0	0	0	0	0
S	7489	1	0	1	0	0	0	0	0	0
S	7490	1	0	0	0	0	0	0	0	0
S	7491	1	0	1	0	0	0	0	0	0
S	7492	1	0	0	0	0	0	0	0	0
S	7493	1	0	1	0	0	0	0	0	0
S	7494	1	0	0	0	0	0	0	0	0
S	7495	1	0	1	0	0	0	0	0	0
S	7496	1	0	0	0	0	0	0	0	0
S	7497	1	0	1	0	0	0	0	0	0
S	7498	1	0	0	0	0	0	0	0	0
S	7499	1	0	1	0	0	0	0	0	0
S	7500	1	0	0	0	0	0	0	0	0
S	7501	1	0	1	0	0	0	0	0	0
S	7502	1	0	0	0	0	0	0	0	0
S	7503	1	0	1	0	0	0	0	0	0
S	7504	1	0	0	0	0	0	0	0	0
S	7505	1	0	1	0	0	0	0	0	0
S	7506	1	0	0	0	0	0	0	0	0
S	7507	1	0	1	0	0	0	0	0	0
S	7508	1	0	0	0	0	0	0	0	0
S	7509	1	0	1	0	0	0	0	0	0
S	7510	1	0	0	0	0	0	0	0	0
S	7511	1	0	1	0	0	0	0	0	0
S	7512	1	0	0	0	0	0	0	0	0
S	7513	1	0	1	0	0	0	0	0	0
S	7514	1	0	0	0	0	0	0	0	0
S	7515	1	0	1	0	0	0	0	0	0
S	7516	1	0	0	0	0	0	0	0	0
S	7517	1	0	1	0	0	0	0	0	0
S	7518	1	0	0	0	0	0	0	0	0
S	7519	1	0	1	0	0	0	0	0	0
S	7520	1	0	0	0	0	0	0	0	0
S	7521	1	0	1	0	0	0	0	0	0
S	7522	1	0	0	0	0	0	0	0	0
S	7523	1	0	1	0	0	0	0	0	0
S	7524	1	0	0	0	0	0	0	0	0
S	7525	1	0	1	0	0	0	0	0	0
S	7526	1	0	0	0	0	0	0	0	0
S	7527	1	0	1	0	0	0	0	0	0
S	7528	1	0	0	0	0	0	0	0	0
S	7529	1	0	1	0	0	0	0	0	0
S	7530	1	0	0	0	0	0	0	0	0
S	7531	1	0	1	0	0	0	0	0	0
S	7532	1	0	0	0	0	0	0	0	0
S	7533	1	0	1	0	0	0	0	0	0
S	7534	1	0	0	0	0	0	0	0	0
S	7535	1	0	1	0	0	0	0	0	0
S	7536	1	0	0	0	0	0	0	0	0
S	7537	1	0	1	0	0	0	0	0	0
S	7538	1	0	0	0	0	0	0	0	0
S	7539	1	0	1	0	0	0	0	0	0
S	7540	1	0	0	0	0	0	0	0	0
S	7541	1	0	1	0	0	0	0	0	0
S	7542	1	0	0	0	0	0	0	0	0
S	7543	1	0	1	0	0	0	0	0	0
S	7544	1	0	0	0	0	0	0	0	0
S	7545	1	0	1	0	0	0	0	0	0
S	7546	1	0	0	0	0	0	0	0	0
S	7547	1	0	1	0	0	0	0	0	0
S	7548	1	0	0	0	0	0	0	0	0
S	7549	1	0	1	0	0	0	0	0	0
S	7550	1	0	0	0	0	0	0	0	0
S	7551	1	0	1	0	0	0	0	0	0
S	7552	1	0	0	0	0	0	0	0	0
S	7553	1	0	1	0	0	0	0	0	0
S	7554	1	0	0	0	0	0	0	0	0
S	7555	1	0	1	0	0	0	0	0	0
S	7556	1	0	0	0	0	0	0	0	0
S	7557	1	0	1	0	0	0	0	0	0
S	7558	1	0	0	0	0	0	0	0	0
S	7559	1	0	1	0	0	0	0	0	0
S	7560	1	0	0	0	0	0	0	0	0
S	7561	1	0	1	0	0	0	0	0	0
S	7562	1	0	0	0	0	0	0	0	0
S	7563	1	0	1	0	0	0	0	0	0
S	7564	1	0	0	0	0	0	0	0	0
S	7565	1	0	1	0	0	0	0	0	0
S	7566	1	0	0	0	0	0	0	0	0
S	7567	1	0	1	0	0	0	0	0	0
S	7568	1	0	0	0	0	0	0	0	0
S	7569	1	0	1	0	0	0	0	0	0
S	7570	1	0	0	0	0	0	0	0	0
S	7571	1	0	1	0	0	0	0	0	0
S	7572	1	0	0	0	0	0	0	0	0
S	7573	1	0	1	0	0	0	0	0	0
S	7574	1	0	0	0	0	0	0	0	0
S	7575	1	0	1	0	0	0	0	0	0
S	7576	1	0	0	0	0	0	0	0	0
S	7577	1	0	1	0	0	0	0	0	0
S	7578	1	0	0	0	0	0	0	0	0
S	7579	1	0	1	0	0	0	0	0	0
S	7580	1	0	0	0	0	0	0	0	0
S	7581	1	0	1	0	0	0	0	0	0
S	7582	1	0	0	0	0	0	0	0	0
S	7583	1	0	1	0	0	0	0	0	0
S	7584	1	0	0	0	0	0	0	0	0
S	7585	1	0	1	0	0	0	0	0	0
S	7586	1	0	0	0	0	0	0	0	0
S	7587	1	0	1	0	0	0	0	0	0
S	7588	1	0	0	0	0	0	0	0	0
S	7589	1	0	1	0	0	0	0	0	0
S	7590	1	0	0	0	0	0	0	0	0
S	7591	1	0	1	0	0	0	0	0	0
S	7592	1	0	0	0	0	0	0	0	0
S	7593	1	0	1	0	0	0	0	0	0
S	7594	1	0	0	0	0	0	0	0	0
S	7595	1	0	1	0	0	0	0	0	0
S	7596	1	0	0	0	0	0	0	0	0
S	7597	1	0	1	0	0	0	0	0	0
S	7598	1	0	0	0	0	0	0	0	0
S	7599	1	0	1	0	0	0	0	0	0
S	7600	1	0	0	0	0	0	0	0	0
S	7601	1	0	1	0	0	0	0	0	0
S	7602	1	0	0	0	0	0	0	0	0
S	7603	1	0	1	0	0	0	0	0	0
S	7604	1	0	0	0	0	0	0	0	0
S	7605	1	0	1	0	0	0	0	0	0
S	7606	1	0	0	0	0	0	0	0	0
S	7607	1	0	1	0	0	0	0	0	0
S	7608	1	0	0	0	0	0	0	0	0
S	7609	1	0	1	0	0	0	0	0	0
S	7610	1	0	0	0	0	0	0	0	0
S	7611	1	0	1	0	0	0	0	0	0
S	7612	1	0	0	0	0	0	0	0	0
S	7613	1	0	1	0	0	0	0	0	0
S	7614	1	0	0	0	0	0	0	0	0
S	7615	1	0	1	0	0	0	0	0	0
S	7616	1	0	0	0	0	0	0	0	0
S	7617	1	0	1	0	0	0	0	0	0
S	7618	1	0	0	0	0	0	0	0	0
S	7619	1	0	1	0	0	0	0	0	0
S	7620	1	0	0	0	0	0	0	0	0
S	7621	1	0	1	0	0	0	0	0	0
S	7622	1	0	0	0	0	0	0	0	0
S	7623	1	0	1	0	0	0	0	0	0
S	7624	1	0	0	0	0	0	0	0	0
S	7625	1	0	1	0	0	0	0	0	0
S	7626	1	0	0	0	0	0	0	0	0
S	7627	1	0	1	0	0	0	0	0	0
S	7628	1	0	0	0	0	0	0	0	0
S	7629	1	0	1	0	0	0	0	0	0
S	7630	1	0	0	0	0	0	0	0	0
S	7631	1	0	1	0	0	0	0	0	0
S	7632	1	0	0	0	0	0	0	0	0
S	7633	1	0	1	0	0	0	0	0	0
S	7634	1	0	0	0	0	0	0	0	0
S	7635	1	0	1	0	0	0	0	0	0
S	7636	1	0	0	0	0	0	0	0	0
S	7637	1	0	1	0	0	0	0	0	0
S	7638	1	0	0	0	0	0	0	0	0
S	7639	1	0	1	0	0	0	0	0	0
S	7640	1	0	0	0	0	0	0	0	0
S	7641	1	0	1	0	0	0	0	0	0
S	7642	1	0	0	0	0	0	0	0	0
S	7643	1	0	1	0	0	0	0	0	0
S	7644	1	0	0	0	0	0	0	0	0
S	7645	1	0	1	0	0	0	0	0	0
S	7646	1	0	0	0	0	0	0	0	0
S	7647	1	0	1	0	0	0	0	0	0
S	7648	1	0	0	0	0	0	0	0	0
S	7649	1	0	1	0	0	0	0	0	0
S	7650	1	0	0	0	0	0	0	0	0
S	7651	1	0	1	0	0	0	0	0	0
S	7652	1	0	0	0	0	0	0	0	0
S	7653	1	0	1	0	0	0	0	0	0
S	7654	1	0	0	0	0	0	0	0	0
S	7655	1	0	1	0	0	0	0	0	0
S	7656	1	0	0	0	0	0	0	0	0
S	7657	1	0	1	0	0	0	0	0	0
S	7658	1	0	0	0	0	0	0	0	0
S	7659	1	0	1	0	0	0	0	0	0
S	7660	1	0	0	0	0	0	0	0	0
S	7661	1	0	1	0	0	0	0	0	0
S	7662	1	0	0	0	0	0	0	0	0
S	7663	1	0	1	0	0	0	0	0	0
S	7664	1	0	0	0	0	0	0	0	0
S	7665	1	0	1	0	0	0	0	0	0
S	7666	1	0	0	0	0	0	0	0	0
S	7667	1	0	1	0	0	0	0	0	0
S	7668	1	0	0	0	0	0	0	0	0
S	7669	1	0	1	0	0	0	0	0	0
S	7670	1	0	0	0	0	0	0	0	0
S	7671	1	0	1	0	0	0	0	0	0
S	7672	1	0	0	0	0	0	0	0	0
S	7673	1	0	1	0	0	0	0	0	0
S	7674	1	0	0	0	0	0	0	0	0
S	7675	1	0	1	0	0	0	0	0	0
S	7676	1	0	0	0	0	0	0	0	0
S	7677	1	0	1	0	0	0	0	0	0
S	7678	1	0	0	0	0	0	0	0	0
S	7679	1	0	1	0	0	0	0	0	0
S	7680	1	0	0	0	0	0	0	0	0
S	7681	1	0	1	0	0	0	0	0	0
S	7682	1	0	0	0	0	0	0	0	0
S	7683	1	0	1	0	0	0	0	0	0
S	7684	1	0	0	0	0	0	0	0	0
S	7685	1	0	1	0	0	0	0	0	0
S	7686	1	0	0	0	0	0	0	0	0
S	7687	1	0	1	0	0	0	0	0	0
S	7688	1	0	0	0	0	0	0	0	0
S	7689	1	0	1	0	0	0	0	0	0
S	7690	1	0	0	0	0	0	0	0	0
S	7691	1	0	1	0	0	0	0	0	0
S	7692	1	0	0	0	0	0	0	0	0
S	7693	1	0	1	0	0	0	0	0	0
S	7694	1	0	0	0	0	0	0	0	0
S	7695	1	0	1	0	0	0	0	0	0
S	7696	1	0	0	0	0	0	0	0	0
S	7697	1	0	1	0	0	0	0	0	0
S	7698	1	0	0	0	0	0	0	0	0
S	7699	1	0	1	0	0	0	0	0	0
S	7700	1	0	0	0	0	0	0	0	0
S	7701	1	0	1	0	0	0	0	0	0
S	7702	1	0	0	0	0	0	0	0	0
S	7703	1	0	1	0	0	0	0	0	0
S	7704	1	0	0	0	0	0	0	0	0
S	7705	1	0	1	0	0	0	0	0	0
S	7706	1	0	0	0	0	0	0	0	0
S	7707	1	0	1	0	0	0	0	0	0
S	7708	1	0	0	0	0	0	0	0	0
S	7709	1	0	1	0	0	0	0	0	0
S	7710	1	0	0	0	0	0	0	0	0
S	7711	1	0	1	0	0	0	0	0	0
S	7712	1	0	0	0	0	0	0	0	0
S	7713	1	0	1	0	0	0	0	0	0
S	7714	1	0	0	0	0	0	0	0	0
S	7715	1	0	1	0	0	0	0	0	0
S	7716	1	0	0	0	0	0	0	0	0
S	7717	1	0	1	0	0	0	0	0	0
S	7718	1	0	0	0	0	0	0	0	0
S	7719	1	0	1	0	0	0	0	0	0
S	7720	1	0	0	0	0	0	0	0	0
S	7721	1	0	1	0	0	0	0	0	0
S	7722	1	0	0	0	0	0	0	0	0
S	7723	1	0	1	0	0	0	0	0	0
S	7724	1	0	0	0	0	0	0	0	0
S	7725	1	0	1	0	0	0	0	0	0
S	7726	1	0	0	0	0	0	0	0	0
S	7727	1	0	1	0	0	0	0	0	0
S	7728	1	0	0	0	0	0	0	0	0
S	7729	1	0	1	0	0	0	0	0	0
S	7730	1	0	0	0	0	0	0	0	0
S	7731	1	0	1	0	0	0	0	0	0
S	7732	1	0	0	0	0	0	0	0	0
S	7733	1	0	1	0	0	0	0	0	0
S	7734	1	0	0	0	0	0	0	0	0
S	7735	1	0	1	0	0	0	0	0	0
S	7736	1	0	0	0	0	0	0	0	0
S	7737	1	0	1	0	0	0	0	0	0
S	7738	1	0	0	0	0	0	0	0	0
S	7739	1	0	1	0	0	0	0	0	0
S	7740	1	0	0	0	0	0	0	0	0
S	7741	1	0	1	0	0	0	0	0	0
S	7742	1	0	0	0	0	0	0	0	0
S	7743	1	0	1	0	0	0	0	0	0
S	7744	1	0	0	0	0	0	0	0	0
S	7745	1	0	1	0	0	0	0	0	0
S	7746	1	0	0	0	0	0	0	0	0
S	7747	1	0	1	0	0	0	0	0	0
S	7748	1	0	0	0	0	0	0	0	0
S	7749	1	0	1	0	0	0	0	0	0
S	7750	1	0	0	0	0	0	0	0	0
S	7751	1	0	1	0	0	0	0	0	0
S	7752	1	0	0	0	0	0	0	0	0
S	7753	1	0	1	0	0	0	0	0	0
S	7754	1	0	0	0	0	0	0	0	0
S	7755	1	0	1	0	0	0	0	0	0
S	7756	1	0	0	0	0	0	0	0	0
S	7757	1	0	1	0	0	0	0	0	0
S	7758	1	0	0	0	0	0	0	0	0
S	7759	1	0	1	0	0	0	0	0	0
S	7760	1	0	0	0	0	0	0	0	0
S	7761	1	0	1	0	0	0	0	0	0
S	7762	1	0	0	0	0	0	0	0	0
S	7763	1	0	1	0	0	0	0	0	0
S	7764	1	0	0	0	0	0	0	0	0
S	7765	1	0	1	0	0	0	0	0	0
S	7766	1	0	0	0	0	0	0	0	0
S	7767	1	0	1	0	0	0	0	0	0
S	7768	1	0	0	0	0	0	0	0	0
S	7769	1	0	1	0	0	0	0	0	0
S	7770	1	0	0	0	0	0	0	0	0
S	7771	1	0	1	0	0	0	0	0	0
S	7772	1	0	0	0	0	0	0	0	0
S	7773	1	0	1	0	0	0	0	0	0
S	7774	1	0	0	0	0	0	0	0	0
S	7775	1	0	1	0	0	0	0	0	0
S	7776	1	0	0	0	0	0	0	0	0
S	7777	1	0	1	0	0	0	0	0	0
S	7778	1	0	0	0	0	0	0	0	0
S	7779	1	0	1	0	0	0	0	0	0
S	7780	1	0	0	0	0	0	0	0	0
S	7781	1	0	1	0	0	0	0	0	0
S	7782	1	0	0	0	0	0	0	0	0
S	7783	1	0	1	0	0	0	0	0	0
S	7784	1	0	0	0	0	0	0	0	0
S	7785	1	0	1	0	0	0	0	0	0
S	7786	1	0	0	0	0	0	0	0	0
S	7787	1	0	1	0	0	0	0	0	0
S	7788	1	0	0	0	0	0	0	0	0
S	7789	1	0	1	0	0	0	0	0	0
S	7790	1	0	0	0	0	0	0	0	0
S	7791	1	0	1	0	0	0	0	0	0
S	7792	1	0	0	0	0	0	0	0	0
S	7793	1	0	1	0	0	0	0	0	0
S	7794	1	0	0	0	0	0	0	0	0
S	7795	1	0	1	0	0	0	0	0	0
S	7796	1	0	0	0	0	0	0	0	0
S	7797	1	0	1	0	0	0	0	0	0
S	7798	1	0	0	0	0	0	0	0	0
S	7799	1	0	1	0	0	0	0	0	0
S	7800	1	0	0	0	0	0	0	0	0
S	7801	1	0	1	0	0	0	0	0	0
S	7802	1	0	0	0	0	0	0	0	0
S	7803	1	0	1	0	0	0	0	0	0
S	7804	1	0	0	0	0	0	0	0	0
S	7805	1	0	1	0	0	0	0	0	0
S	7806	1	0	0	0	0	0	0	0	0
S	7807	1	0	1	0	0	0	0	0	0
S	7808	1	0	0	0	0	0	0	0	0
S	7809	1	0	1	0	0	0	0	0	0
S	7810	1	0	0	0	0	0	0	0	0
S	7811	1	0	1	0	0	0	0	0	0
S	7812	1	0	0	0	0	0	0	0	0
S	7813	1	0	1	0	0	0	0	0	0
S	7814	1	0	0	0	0	0	0	0	0
S	7815	1	0	1	0	0	0	0	0	0
S	7816	1	0	0	0	0	0	0	0	0
S	7817	1	0	1	0	0	0	0	0	0
S	7818	1	0	0	0	0	0	0	0	0
S	7819	1	0	1	0	0	0	0	0	0
S	7820	1	0	0	0	0	0	0	0	0
S	7821	1	0	1	0	0	0	0	0	0
S	7822	1	0	0	0	0	0	0	0	0
S	7823	1	0	1	0	0	0	0	0	0
S	7824	1	0	0	0	0	0	0	0	0
S	7825	1	0	1	0	0	0	0	0	0
S	7826	1	0	0	0	0	0	0	0	0
S	7827	1	0	1	0	0	0	0	0	0
S	7828	1	0	0	0	0	0	0	0	0
S	7829	1	0	1	0	0	0	0	0	0
S	7830	1	0	0	0	0	0	0	0	0
S	7831	1	0	1	0	0	0	0	0	0
S	7832	1	0	0	0	0	0	0	0	0
S	7833	1	0	1	0	0	0	0	0	0
S	7834	1	0	0	0	0	0	0	0	0
S	7835	1	0	1	0	0	0	0	0	0
S	7836	1	0	0	0	0	0	0	0	0
S	7837	1	0	1	0	0	0	0	0	0
S	7838	1	0	0	0	0	0	0	0	0
S	7839	1	0	1	0	0	0	0	0	0
S	7840	1	0	0	0	0	0	0	0	0
S	7841	1	0	1	0	0	0	0	0	0
S	7842	1	0	0	0	0	0	0	0	0
S	7843	1	0	1	0	0	0	0	0	0
S	7844	1	0	0	0	0	0	0	0	0
S	7845	1	0	1	0	0	0	0	0	0
S	7846	1	0	0	0	0	0	0	0	0
S	7847	1	0	1	0	0	0	0	0	0
S	7848	1	0	0	0	0	0	0	0	0
S	7849	1	0	1	0	0	0	0	0	0
S	7850	1	0	0	0	0	0	0	0	0
S	7851	1	0	1	0	0	0	0	0	0
S	7852	1	0	0	0	0	0	0	0	0
S	7853	1	0	1	0	0	0	0	0	0
S	7854	1	0	0	0	0	0	0	0	0
S	7855	1	0	1	0	0	0	0	0	0
S	7856	1	0	0	0	0	0	0	0	0
S	7857	1	0	1	0	0	0	0	0	0
S	7858	1	0	0	0	0	0	0	0	0
S	7859	1	0	1	0	0	0	0	0	0
S	7860	1	0	0	0	0	0	0	0	0
S	7861	1	0	1	0	0	0	0	0	0
S	7862	1	0	0	0	0	0	0	0	0
S	7863	1	0	1	0	0	0	0	0	0
S	7864	1	0	0	0	0	0	0	0	0
S	7865	1	0	1	0	0	0	0	0	0
S	7866	1	0	0	0	0	0	0	0	0
S	7867	1	0	1	0	0	0	0	0	0
S	7868	1	0	0	0	0	0	0	0	0
S	7869	1	0	1	0	0	0	0	0	0
S	7870	1	0	0	0	0	0	0	0	0
S	7871	1	0	1	0	0	0	0	0	0
S	7872	1	0	0	0	0	0	0	0	0
S	7873	1	0	1	0	0	0	0	0	0
S	7874	1	0	0	0	0	0	0	0	0
S	7875	1	0	1	0	0	0	0	0	0
S	7876	1	0	0	0	0	0	0	0	0
S	7877	1	0	1	0	0	0	0	0	0
S	7878	1	0	0	0	0	0	0	0	0
S	7879	1	0	1	0	0	0	0	0	0
S	7880	1	0	0	0	0	0	0	0	0
S	7881	1	0	1	0	0	0	0	0	0
S	7882	1	0	0	0	0	0	0	0	0
S	7883	1	0	1	0	0	0	0	0	0
S	7884	1	0	0	0	0	0	0	0	0
S	7885	1	0	1	0	0	0	0	0	0
S	7886	1	0	0	0	0	0	0	0	0
S	7887	1	0	1	0	0	0	0	0	0
S	7888	1	0	0	0	0	0	0	0	0
S	7889	1	0	1	0	0	0	0	0	0
S	7890	1	0	0	0	0	0	0	0	0
S	7891	1	0	1	0	0	0	0	0	0
S	7892	1	0	0	0	0	0	0	0	0
S	7893	1	0	1	0	0	0	0	0	0
S	7894	1	0	0	0	0	0	0	0	0
S	7895	1	0	1	0	0	0	0	0	0
S	7896	1	0	0	0	0	0	0	0	0
S	7897	1	0	1	0	0	0	0	0	0
S	7898	1	0	0	0	0	0	0	0	0
S	7899	1	0	1	0	0	0	0	0	0
S	7900	1	0	0	0	0	0	0	0	0
S	7901	1	0	1	0	0	0	0	0	0
S	7902	1	0	0	0	0	0	0	0	0
S	7903	1	0	1	0	0	0	0	0	0
S	7904	1	0	0	0	0	0	0	0	0
S	7905	1	0	1	0	0	0	0	0	0
S	7906	1	0	0	0	0	0	0	0	0
S	7907	1	0	1	0	0	0	0	0	0
S	7908	1	0	0	0	0	0	0	0	0
S	7909	1	0	1	0	0	0	0	0	0
S	7910	1	0	0	0	0	0	0	0	0
S	7911	1	0	1	0	0	0	0	0	0
S	7912	1	0	0	0	0	0	0	0	0
S	7913	1	0	1	0	0	0	0	0	0
S	7914	1	0	0	0	0	0	0	0	0
S	7915	1	0	1	0	0	0	0	0	0
S	7916	1	0	0	0	0	0	0	0	0
S	7917	1	0	1	0	0	0	0	0	0
S	7918	1	0	0	0	0	0	0	0	0
S	7919	1	0	1	0	0	0	0	0	0
S	7920	1	0	0	0	0	0	0	0	0
S	7921	1	0	1	0	0	0	0	0	0
S	7922	1	0	0	0	0	0	0	0	0
S	7923	1	0	1	0	0	0	0	0	0
S	7924	1	0	0	0	0	0	0	0	0
S	7925	1	0	1	0	0	0	0	0	0
S	7926	1	0	0	0	0	0	0	0	0
S	7927	1	0	1	0	0	0	0	0	0
S	7928	1	0	0	0	0	0	0	0	0
S	7929	1	0	1	0	0	0	0	0	0
S	7930	1	0	0	0	0	0	0	0	0
S	7931	1	0	1	0	0	0	0	0	0
S	7932	1	0	0	0	0	0	0	0	0
S	7933	1	0	1	0	0	0	0	0	0
S	7934	1	0	0	0	0	0	0	0	0
S	7935	1	0	1	0	0	0	0	0	0
S	7936	1	0	0	0	0	0	0	0	0
S	7937	1	0	1	0	0	0	0	0	0
S	7938	1	0	0	0	0	0	0	0	0
S	7939	1	0	1	0	0	0	0	0	0
S	7940	1	0	0	0	0	0	0	0	0
S	7941	1	0	1	0	0	0	0	0	0
S	7942	1	0	0	0	0	0	0	0	0
S	7943	1	0	1	0	0	0	0	0	0
S	7944	1	0	0	0	0	0	0	0	0
S	7945	1	0	1	0	0	0	0	0	0
S	7946	1	0	0	0	0	0	0	0	0
S	7947	1	0	1	0	0	0	0	0	0
S	7948	1	0	0	0	0	0	0	0	0
S	7949	1	0	1	0	0	0	0	0	0
S	7950	1	0	0	0	0	0	0	0	0
S	7951	1	0	1	0	0	0	0	0	0
S	7952	1	0	0	0	0	0	0	0	0
S	7953	1	0	1	0	0	0	0	0	0
S	7954	1	0	0	0	0	0	0	0	0
S	7955	1	0	1	0	0	0	0	0	0
S	7956	1	0	0	0	0	0	0	0	0
S	7957	1	0	1	0	0	0	0	0	0
S	7958	1	0	0	0	0	0	0	0	0
S	7959	1	0	1	0	0	0	0	0	0
S	7960	1	0	0	0	0	0	0	0	0
S	7961	1	0	1	0	0	0	0	0	0
S	7962	1	0	0	0	0	0	0	0	0
S	7963	1	0	1	0	0	0	0	0	0
S	7964	1	0	0	0	0	0	0	0	0
S	7965	1	0	1	0	0	0	0	0	0
S	7966	1	0	0	0	0	0	0	0	0
S	7967	1	0	1	0	0	0	0	0	0
S	7968	1	0	0	0	0	0	0	0	0
S	7969	1	0	1	0	0	0	0	0	0
S	7970	1	0	0	0	0	0	0	0	0
S	7971	1	0	1	0	0	0	0	0	0
S	7972	1	0	0	0	0	0	0	0	0
S	7973	1	0	1	0	0	0	0	0	0
S	7974	1	0	0	0	0	0	0	0	0
S	7975	1	0	1	0	0	0	0	0	0
S	7976	1	0	0	0	0	0	0	0	0
S	7977	1	0	1	0	0	0	0	0	0
S	7978	1	0	0	0	0	0	0	0	0
S	7979	1	0	1	0	0	0	0	0	0
S	7980	1	0	0	0	0	0	0	0	0
S	7981	1	0	1	0	0	0	0	0	0
S	7982	1	0	0	0	0	0	0	0	0
S	7983	1	0	1	0	0	0	0	0	0
S	7984	1	0	0	0	0	0	0	0	0
S	7985	1	0	1	0	0	0	0	0	0
S	7986	1	0	0	0	0	0	0	0	0
S	7987	1	0	1	0	0	0	0	0	0
S	7988	1	0	0	0	0	0	0	0	0
S	7989	1	0	1	0	0	0	0	0	0
S	7990	1	0	0	0	0	0	0	0	0
S	7991	1	0	1	0	0	0	0	0	0
S	7992	1	0	0	0	0	0	0	0	0
S	7993	1	0	1	0	0	0	0	0	0
S	7994	1	0	0	0	0	0	0	0	0
S	7995	1	0	1	0	0	0	0	0	0
S	7996	1	0	0	0	0	0	0	0	0
S	7997	1	0	1	0	0	0	0	0	0
S	7998	1	0	0	0	0	0	0	0	0
S	7999	1	0	1	0	0	0	0	0	0
S	8000	1	0	0	0	0	0	0	0	0
S	8001	1	0	1	0	0	0	0	0	0
S	8002	1	0	0	0	0	0	0	0	0
S	8003	1	0	1	0	0	0	0	0	0
S	8004	1	0	0	0	0	0	0	0	0
S	8005	1	0	1	0	0	0	0	0	0
S	8006	1	0	0	0	0	0	0	0	0
S	8007	1	0	1	0	0	0	0	0	0
S	8008	1	0	0	0	0	0	0	0	0
S	8009	1	0	1	0	0	0	0	0	0
S	8010	1	0	0	0	0	0	0	0	0
S	8011	1	0	1	0	0	0	0	0	0
S	8012	1	0	0	0	0	0	0	0	0
S	8013	1	0	1	0	0	0	0	0	0
S	8014	1	0	0	0	0	0	0	0	0
S	8015	1	0	1	0	0	0	0	0	0
S	8016	1	0	0	0	0	0	0	0	0
S	8017	1	0	1	0	0	0	0	0	0
S	8018	1	0	0	0	0	0	0	0	0
S	8019	1	0	1	0	0	0	0	0	0
S	8020	1	0	0	0	0	0	0	0	0
S	8021	1	0	1	0	0	0	0	0	0
S	8022	1	0	0	0	0	0	0	0	0
S	8023	1	0	1	0	0	0	0	0	0
S	8024	1	0	0	0	0	0	0	0	0
S	8025	1	0	1	0	0	0	0	0	0
S	8026	1	0	0	0	0	0	0	0	0
S	8027	1	0	1	0	0	0	0	0	0
S	8028	1	0	0	0	0	0	0	0	0
S	8029	1	0	1	0	0	0	0	0	0
S	8030	1	0	0	0	0	0	0	0	0
S	8031	1	0	1	0	0	0	0	0	0
S	8032	1	0	0	0	0	0	0	0	0
S	8033	1	0	1	0	0	0	0	0	0
S	8034	1	0	0	0	0	0	0	0	0
S	8035	1	0	1	0	0	0	0	0	0
S	8036	1	0	0	0	0	0	0	0	0
S	8037	1	0	1	0	0	0	0	0	0
S	8038	1	0	0	0	0	0	0	0	0
S	8039	1	0	1	0	0	0	0	0	0
S	8040	1	0	0	0	0	0	0	0	0
S	8041	1	0	1	0	0	0	0	0	0
S	8042	1	0	0	0	0	0	0	0	0
S	8043	1	0	1	0	0	0	0	0	0
S	8044	1	0	0	0	0	0	0	0	0
S	8045	1	0	1	0	0	0	0	0	0
S	8046	1	0	0	0	0	0	0	0	0
S	8047	1	0	1	0	0	0	0	0	0
S	8048	1	0	0	0	0	0	0	0	0
S	8049	1	0	1	0	0	0	0	0	0
S	8050	1	0	0	0	0	0	0	0	0
S	8051	1	0	1	0	0	0	0	0	0
S	8052	1	0	0	0	0	0	0	0	0
S	8053	1	0	1	0	0	0	0	0	0
S	8054	1	0	0	0	0	0	0	0	0
S	8055	1	0	1	0	0	0	0	0	0
S	8056	1	0	0	0	0	0	0	0	0
S	8057	1	0	1	0	0	0	0	0	0
S	8058	1	0	0	0	0	0	0	0	0
S	8059	1	0	1	0	0	0	0	0	0
S	8060	1	0	0	0	0	0	0	0	0
S	8061	1	0	1	0	0	0	0	0	0
S	8062	1	0	0	0	0	0	0	0	0
S	8063	1	0	1	0	0	0	0	0	0
S	8064	1	0	0	0	0	0	0	0	0
S	8065	1	0	1	0	0	0	0	0	0
S	8066	1	0	0	0	0	0	0	0	0
S	8067	1	0	1	0	0	0	0	0	0
S	8068	1	0	0	0	0	0	0	0	0
S	8069	1	0	1	0	0	0	0	0	0
S	8070	1	0	0	0	0	0	0	0	0
S	8071	1	0	1	0	0	0	0	0	0
S	8072	1	0	0	0	0	0	0	0	0
S	8073	1	0	1	0	0	0	0	0	0
S	8074	1	0	0	0	0	0	0	0	0
S	8075	1	0	1	0	0	0	0	0	0
S	8076	1	0	0	0	0	0	0	0	0
S	8077	1	0	1	0	0	0	0	0	0
S	8078	1	0	0	0	0	0	0	0	0
S	8079	1	0	1	0	0	0	0	0	0
S	8080	1	0	0	0	0	0	0	0	0
S	8081	1	0	1	0	0	0	0	0	0
S	8082	1	0	0	0	0	0	0	0	0
S	8083	1	0	1	0	0	0	0	0	0
S	8084	1	0	0	0	0	0	0	0	0
S	8085	1	0	1	0	0	0	0	0	0
S	8086	1	0	0	0	0	0	0	0	0
S	8087	1	0	1	0	0	0	0	0	0
S	8088	1	0	0	0	0	0	0	0	0
S	8089	1	0	1	0	0	0	0	0	0
S	8090	1	0	0	0	0	0	0	0	0
S	8091	1	0	1	0	0	0	0	0	0
S	8092	1	0	0	0	0	0	0	0	0
S	8093	1	0	1	0	0	0	0	0	0
S	8094	1	0	0	0	0	0	0	0	0
S	8095	1	0	1	0	0	0	0	0	0
S	8096	1	0	0	0	0	0	0	0	0
S	8097	1	0	1	0	0	0	0	0	0
S	8098	1	0	0	0	0	0	0	0	0
S	8099	1	0	1	0	0	0	0	0	0
S	8100	1	0	0	0	0	0	0	0	0
S	8101	1	0	1	0	0	0	0	0	0
S	8102	1	0	0	0	0	0	0	0	0
S	8103	1	0	1	0	0	0	0	0	0
S	8104	1	0	0	0	0	0	0	0	0
S	8105	1	0	1	0	0	0	0	0	0
S	8106	1	0	0	0	0	0	0	0	0
S	8107	1	0	1	0	0	0	0	0	0
S	8108	1	0	0	0	0	0	0	0	0
S	8109	1	0	1	0	0	0	0	0	0
S	8110	1	0	0	0	0	0	0	0	0
S	8111	1	0	1	0	0	0	0	0	0
S	8112	1	0	0	0	0	0	0	0	0
S	8113	1	0	1	0	0	0	0	0	0
S	8114	1	0	0	0	0	0	0	0	0
S	8115	1	0	1	0	0	0	0	0	0
S	8116	1	0	0	0	0	0	0	0	0
S	8117	1	0	1	0	0	0	0	0	0
S	8118	1	0	0	0	0	0	0	0	0
S	8119	1	0	1	0	0	0	0	0	0
S	8120	1	0	0	0	0	0	0	0	0
S	8121	1	0	1	0	0	0	0	0	0
S	8122	1	0	0	0	0	0	0	0	0
S	8123	1	0	1	0	0	0	0	0	0
S	8124	1	0	0	0	0	0	0	0	0
S	8125	1	0	1	0	0	0	0	0	0
S	8126	1	0	0	0	0	0	0	0	0
S	8127	1	0	1	0	0	0	0	0	0
S	8128	1	0	0	0	0	0	0	0	0
S	8129	1	0	1	0	0	0	0	0	0
S	8130	1	0	0	0	0	0	0	0	0
S	8131	1	0	1	0	0	0	0	0	0
S	8132	1	0	0	0	0	0	0	0	0
S	8133	1	0	1	0	0	0	0	0	0
S	8134	1	0	0	0	0	0	0	0	0
S	8135	1	0	1	0	0	0	0	0	0
S	8136	1	0	0	0	0	0	0	0	0
S	8137	1	0	1	0	0	0	0	0	0
S	8138	1	0	0	0	0	0	0	0	0
S	8139	1	0	1	0	0	0	0	0	0
S	8140	1	0	0	0	0	0	0	0	0
S	8141	1	0	1	0	0	0	0	0	0
S	8142	1	0	0	0	0	0	0	0	0
S	8143	1	0	1	0	0	0	0	0	0
S	8144	1	0	0	0	0	0	0	0	0
S	8145	1	0	1	0	0	0	0	0	0
S	8146	1	0	0	0	0	0	0	0	0
S	8147	1	0	1	0	0	0	0	0	0
S	8148	1	0	0	0	0	0	0	0	0
S	8149	1	0	1	0	0	0	0	0	0
S	8150	1	0	0	0	0	0	0	0	0
S	8151	1	0	1	0	0	0	0	0	0
S	8152	1	0	0	0	0	0	0	0	0
S	8153	1	0	1	0	0	0	0	0	0
S	8154	1	0	0	0	0	0	0	0	0
S	8155	1	0	1	0	0	0	0	0	0
S	8156	1	0	0	0	0	0	0	0	0
S	8157	1	0	1	0	0	0	0	0	0
S	8158	1	0	0	0	0	0	0	0	0
S	8159	1	0	1	0	0	0	0	0	0
S	8160	1	0	0	0	0	0	0	0	0
S	8161	1	0	1	0	0	0	0	0	0
S	8162	1	0	0	0	0	0	0	0	0
S	8163	1	0	1	0	0	0	0	0	0
S	8164	1	0	0	0	0	0	0	0	0
S	8165	1	0	1	0	0	0	0	0	0
S	8166	1	0	0	0	0	0	0	0	0
S	8167	1	0	1	0	0	0	0	0	0
S	8168	1	0	0	0	0	0	0	0	0
S	8169	1	0	1	0	0	0	0	0	0
S	8170	1	0	0	0	0	0	0	0	0
S	8171	1	0	1	0	0	0	0	0	0
S	8172	1	0	0	0	0	0	0	0	0
S	8173	1	0	1	0	0	0	0	0	0
S	8174	1	0	0	0	0	0	0	0	0
S	8175	1	0	1	0	0	0	0	0	0
S	8176	1	0	0	0	0	0	0	0	0
S	8177	1	0	1	0	0	0	0	0	0
S	8178	1	0	0	0	0	0	0	0	0
S	8179	1	0	1	0	0	0	0	0	0
S	8180	1	0	0	0	0	0	0	0	0
S	8181	1	0	1	0	0	0	0	0	0
S	8182	1	0	0	0	0	0	0	0	0
S	8183	1	0	1	0	0	0	0	0	0
S	8184	1	0	0	0	0	0	0	0	0
S	8185	1	0	1	0	0	0	0	0	0
S	8186	1	0	0	0	0	0	0	0	0
S	8187	1	0	1	0	0	0	0	0	0
S	8188	1	0	0	0	0	0	0	0	0
S	8189	1	0	1	0	0	0	0	0	0
S	8190	1	0	0	0	0	0	0	0	0
S	8191	1	0	1	0	0	0	0	0	0
S	8192	1	0	0	0	0	0	0	0	0
S	8193	1	0	1	0	0	0	0	0	0
S	8194	1	0	0	0	0	0	0	0	0
S	8195	1	0	1	0	0	0	0	0	0
S	8196	1	0	0	0	0	0	0	0	0
S	8197	1	0	1	0	0	0	0	0	0
S	8198	1	0	0	0	0	0	0	0	0
S	8199	1	0	1	0	0	0	0	0	0
S	8200	1	0	0	0	0	0	0	0	0
S	8201	1	0	1	0	0	0	0	0	0
S	8202	1	0	0	0	0	0	0	0	0
S	8203	1	0	1	0	0	0	0	0	0
S	8204	1	0	0	0	0	0	0	0	0
S	8205	1	0	1	0	0	0	0	0	0
S	8206	1	0	0	0	0	0	0	0	0
S	8207	1	0	1	0	0	0	0	0	0
S	8208	1	0	0	0	0	0	0	0	0
S	8209	1	0	1	0	0	0	0	0	0
S	8210	1	0	0	0	0	0	0	0	0
S	8211	1	0	1	0	0	0	0	0	0
S	8212	1	0	0	0	0	0	0	0	0
S	8213	1	0	1	0	0	0	0	0	0
S	8214	1	0	0	0	0	0	0	0	0
S	8215	1	0	1	0	0	0	0	0	0
S	8216	1	0	0	0	0	0	0	0	0
S	8217	1	0	1	0	0	0	0	0	0
S	8218	1	0	0	0	0	0	0	0	0
S	8219	1	0	1	0	0	0	0	0	0
S	8220	1	0	0	0	0	0	0	0	0
S	8221	1	0	1	0	0	0	0	0	0
S	8222	1	0	0	0	0	0	0	0	0
S	8223	1	0	1	0	0	0	0	0	0
S	8224	1	0	0	0	0	0	0	0	0
S	8225	1	0	1	0	0	0	0	0	0
S	8226	1	0	0	0	0	0	0	0	0
S	8227	1	0	1	0	0	0	0	0	0
S	8228	1	0	0	0	0	0	0	0	0
S	8229	1	0	1	0	0	0	0	0	0
S	8230	1	0	0	0	0	0	0	0	0
S	8231	1	0	1	0	0	0	0	0	0
S	8232	1	0	0	0	0	0	0	0	0
S	8233	1	0	1	0	0	0	0	0	0
S	8234	1	0	0	0	0	0	0	0	0
S	8235	1	0	1	0	0	0	0	0	0
S	8236	1	0	0	0	0	0	0	0	0
S	8237	1	0	1	0	0	0	0	0	0
S	8238	1	0	0	0	0	0	0	0	0
S	8239	1	0	1	0	0	0	0	0	0
S	8240	1	0	0	0	0	0	0	0	0
S	8241	1	0	1	0	0	0	0	0	0
S	8242	1	0	0	0	0	0	0	0	0
S	8243	1	0	1	0	0	0	0	0	0
S	8244	1	0	0	0	0	0	0	0	0
S	8245	1	0	1	0	0	0	0	0	0
S	8246	1	0	0	0	0	0	0	0	0
S	8247	1	0	1	0	0	0	0	0	0
S	8248	1	0	0	0	0	0	0	0	0
S	8249	1	0	1	0	0	0	0	0	0
S	8250	1	0	0	0	0	0	0	0	0
S	8251	1	0	1	0	0	0	0	0	0
S	8252	1	0	0	0	0	0	0	0	0
S	8253	1	0	1	0	0	0	0	0	0
S	8254	1	0	0	0	0	0	0	0	0
S	8255	1	0	1	0	0	0	0	0	0
S	8256	1	0	0	0	0	0	0	0	0
S	8257	1	0	1	0	0	0	0	0	0
S	8258	1	0	0	0	0	0	0	0	0
S	8259	1	0	1	0	0	0	0	0	0
S	8260	1	0	0	0	0	0	0	0	0
S	8261	1	0	1	0	0	0	0	0	0
S	8262	1	0	0	0	0	0	0	0	0
S	8263	1	0	1	0	0	0	0	0	0
S	8264	1	0	0	0	0	0	0	0	0
S	8265	1	0	1	0	0	0	0	0	0
S	8266	1	0	0	0	0	0	0	0	0
S	8267	1	0	1	0	0	0	0	0	0
S	8268	1	0	0	0	0	0	0	0	0
S	8269	1	0	1	0	0	0	0	0	0
S	8270	1	0	0	0	0	0	0	0	0
S	8271	1	0	1	0	0	0	0	0	0
S	8272	1	0	0	0	0	0	0	0	0
S	8273	1	0	1	0	0	0	0	0	0
S	8274	1	0	0	0	0	0	0	0	0
S	8275	1	0	1	0	0	0	0	0	0
S	8276	1	0	0	0	0	0	0	0	0
S	8277	1	0	1	0	0	0	0	0	0
S	8278	1	0	0	0	0	0	0	0	0
S	8279	1	0	1	0	0	0	0	0	0
S	8280	1	0	0	0	0	0	0	0	0
S	8281	1	0	1	0	0	0	0	0	0
S	8282	1	0	0	0	0	0	0	0	0
S	8283	1	0	1	0	0	0	0	0	0
S	8284	1	0	0	0	0	0	0	0	0
S	8285	1	0	1	0	0	0	0	0	0
S	8286	1	0	0	0	0	0	0	0	0
S	8287	1	0	1	0	0	0	0	0	0
S	8288	1	0	0	0	0	0	0	0	0
S	8289	1	0	1	0	0	0	0	0	0
S	8290	1	0	0	0	0	0	0	0	0
S	8291	1	0	1	0	0	0	0	0	0
S	8292	1	0	0	0	0	0	0	0	0
S	8293	1	0	1	0	0	0	0	0	0
S	8294	1	0	0	0	0	0	0	0	0
S	8295	1	0	1	0	0	0	0	0	0
S	8296	1	0	0	0	0	0	0	0	0
S	8297	1	0	1	0	0	0	0	0	0
S	8298	1	0	0	0	0	0	0	0	0
S	8299	1	0	1	0	0	0	0	0	0
S	8300	1	0	0	0	0	0	0	0	0
S	8301	1	0	1	0	0	0	0	0	0
S	8302	1	0	0	0	0	0	0	0	0
S	8303	1	0	1	0	0	0	0	0	0
S	8304	1	0	0	0	0	0	0	0	0
S	8305	1	0	1	0	0	0	0	0	0
S	8306	1	0	0	0	0	0	0	0	0
S	8307	1	0	1	0	0	0	0	0	0
S	8308	1	0	0	0	0	0	0	0	0
S	8309	1	0	1	0	0	0	0	0	0
S	8310	1	0	0	0	0	0	0	0	0
S	8311	1	0	1	0	0	0	0	0	0
S	8312	1	0	0	0	0	0	0	0	0
S	8313	1	0	1	0	0	0	0	0	0
S	8314	1	0	0	0	0	0	0	0	0
S	8315	1	0	1	0	0	0	0	0	0
S	8316	1	0	0	0	0	0	0	0	0
S	8317	1	0	1	0	0	0	0	0	0
S	8318	1	0	0	0	0	0	0	0	0
S	8319	1	0	1	0	0	0	0	0	0
S	8320	1	0	0	0	0	0	0	0	0
S	8321	1	0	1	0	0	0	0	0	0
S	8322	1	0	0	0	0	0	0	0	0
S	8323	1	0	1	0	0	0	0	0	0
S	8324	1	0	0	0	0	0	0	0	0
S	8325	1	0	1	0	0	0	0	0	0
S	8326	1	0	0	0	0	0	0	0	0
S	8327	1	0	1	0	0	0	0	0	0
S	8328	1	0	0	0	0	0	0	0	0
S	8329	1	0	1	0	0	0	0	0	0
S	8330	1	0	0	0	0	0	0	0	0
S	8331	1	0	1	0	0	0	0	0	0
S	8332	1	0	0	0	0	0	0	0	0
S	8333	1	0	1	0	0	0	0	0	0
S	8334	1	0	0	0	0	0	0	0	0
S	8335	1	0	1	0	0	0	0	0	0
S	8336	1	0	0	0	0	0	0	0	0
S	8337	1	0	1	0	0	0	0	0	0
S	8338	1	0	0	0	0	0	0	0	0
S	8339	1	0	1	0	0	0	0	0	0
S	8340	1	0	0	0	0	0	0	0	0
S	8341	1	0	1	0	0	0	0	0	0
S	8342	1	0	0	0	0	0	0	0	0
S	8343	1	0	1	0	0	0	0	0	0
S	8344	1	0	0	0	0	0	0	0	0
S	8345	1	0	1	0	0	0	0	0	0
S	8346	1	0	0	0	0	0	0	0	0
S	8347	1	0	1	0	0	0	0	0	0
S	8348	1	0	0	0	0	0	0	0	0
S	8349	1	0	1	0	0	0	0	0	0
S	8350	1	0	0	0	0	0	0	0	0
S	8351	1	0	1	0	0	0	0	0	0
S	8352	1	0	0	0	0	0	0	0	0
S	8353	1	0	1	0	0	0	0	0	0
S	8354	1	0	0	0	0	0	0	0	0
S	8355	1	0	1	0	0	0	0	0	0
S	8356	1	0	0	0	0	0	0	0	0
S	8357	1	0	1	0	0	0	0	0	0
S	8358	1	0	0	0	0	0	0	0	0
S	8359	1	0	1	0	0	0	0	0	0
S	8360	1	0	0	0	0	0	0	0	0
S	8361	1	0	1	0	0	0	0	0	0
S	8362	1	0	0	0	0	0	0	0	0
S	8363	1	0	1	0	0	0	0	0	0
S	8364	1	0	0	0	0	0	0	0	0
S	8365	1	0	1	0	0	0	0	0	0
S	8366	1	0	0	0	0	0	0	0	0
S	8367	1	0	1	0	0	0	0	0	0
S	8368	1	0	0	0	0	0	0	0	0
S	8369	1	0	1	0	0	0	0	0	0
S	8370	1	0	0	0	0	0	0	0	0
S	8371	1	0	1	0	0	0	0	0	0
S	8372	1	0	0	0	0	0	0	0	0
S	8373	1	0	1	0	0	0	0	0	0
S	8374	1	0	0	0	0	0	0	0	0
S	8375	1	0	1	0	0	0	0	0	0
S	8376	1	0	0	0	0	0	0	0	0
S	8377	1	0	1	0	0	0	0	0	0
S	8378	1	0	0	0	0	0	0	0	0
S	8379	1	0	1	0	0	0	0	0	0
S	8380	1	0	0	0	0	0	0	0	0
S	8381	1	0	1	0	0	0	0	0	0
S	8382	1	0	0	0	0	0	0	0	0
S	8383	1	0	1	0	0	0	0	0	0
S	8384	1	0	0	0	0	0	0	0	0
S	8385	1	0	1	0	0	0	0	0	0
S	8386	1	0	0	0	0	0	0	0	0
S	8387	1	0	1	0	0	0	0	0	0
S	8388	1	0	0	0	0	0	0	0	0
S	8389	1	0	1	0	0	0	0	0	0
S	8390	1	0	0	0	0	0	0	0	0
S	8391	1	0	1	0	0	0	0	0	0
S	8392	1	0	0	0	0	0	0	0	0
S	8393	1	0	1	0	0	0	0	0	0
S	8394	1	0	0	0	0	0	0	0	0
S	8395	1	0	1	0	0	0	0	0	0
S	8396	1	0	0	0	0	0	0	0	0
S	8397	1	0	1	0	0	0	0	0	0
S	8398	1	0	0	0	0	0	0	0	0
S	8399	1	0	1	0	0	0	0	0	0
S	8400	1	0	0	0	0	0	0	0	0
S	8401	1	0	1	0	0	0	0	0	0
S	8402	1	0	0	0	0	0	0	0	0
S	8403	1	0	1	0	0	0	0	0	0
S	8404	1	0	0	0	0	0	0	0	0
S	8405	1	0	1	0	0	0	0	0	0
S	8406	1	0	0	0	0	0	0	0	0
S	8407	1	0	1	0	0	0	0	0	0
S	8408	1	0	0	0	0	0	0	0	0
S	8409	1	0	1	0	0	0	0	0	0
S	8410	1	0	0	0	0	0	0	0	0
S	8411	1	0	1	0	0	0	0	0	0
S	8412	1	0	0	0	0	0	0	0	0
S	8413	1	0	1	0	0	0	0	0	0
S	8414	1	0	0	0	0	0	0	0	0
S	8415	1	0	1	0	0	0	0	0	0
S	8416	1	0	0	0	0	0	0	0	0
S	8417	1	0	1	0	0	0	0	0	0
S	8418	1	0	0	0	0	0	0	0	0
S	8419	1	0	1	0	0	0	0	0	0
S	8420	1	0	0	0	0	0	0	0	0
S	8421	1	0	1	0	0	0	0	0	0
S	8422	1	0	0	0	0	0	0	0	0
S	8423	1	0	1	0	0	0	0	0	0
S	8424	1	0	0	0	0	0	0	0	0
S	8425	1	0	1	0	0	0	0	0	0
S	8426	1	0	0	0	0	0	0	0	0
S	8427	1	0	1	0	0	0	0	0	0
S	8428	1	0	0	0	0	0	0	0	0
S	8429	1	0	1	0	0	0	0	0	0
S	8430	1	0	0	0	0	0	0	0	0
S	8431	1	0	1	0	0	0	0	0	0
S	8432	1	0	0	0	0	0	0	0	0
S	8433	1	0	1	0	0	0	0	0	0
S	8434	1	0	0	0	0	0	0	0	0
S	8435	1	0	1	0	0	0	0	0	0
S	8436	1	0	0	0	0	0	0	0	0
S	8437	1	0	1	0	0	0	0	0	0
S	8438	113	0	0	0	0	0	0	0	0
S	8551	1	9	15	0	0	0	0	0	0
S	8552	1	0	15	0	0	0	0	0	0
S	8553	1	9	15	0	0	0	0	0	0
S	8554	1	0	15	0	0	0	0	0	0
S	8555	1	7	0	0	0	0	0	0	0
S	8556	1	0	0	0	0	0	0	0	0
S	8557	1	7	0	0	0	0	0	0	0
S	8558	1	0	0	0	0	0	0	0	0
S	8559	1	7	0	0	0	0	0	0	0
S	8560	1	0	0	0	0	0	0	0	0
S	8561	1	7	0	0	0	0	0	0	0
S	8562	1	0	0	0	0	0	0	0	0
S	8563	1	7	0	0	0	0	0	0	0
S	8564	25	0	0	0	0	0	0	0	0
S	8589	1	0	0	2	0	48	48	48	48
S	8590	1	0	0	2	0	16	16	16	16
S	8591	1	0	0	2	0	49	49	49	49
S	8592	1	0	0	2	0	26	26	26	26
S	8593	1	0	0	2	0	50	50	50	50
S	8594	1	0	0	2	0	6	6	6	6
S	8595	1	0	0	2	0	51	51	51	51
S	8596	1	0	15	2	2	2	2	2	2
S	8597	1	0	1	0	0	0	0	0	0
S	8598	1	0	15	0	0	0	0	0	0
S	8599	17	0	0	0	0	0	0	0	0
S	8616	1	0	15	0	0	0	0	0	0
S	8617	16	0	0	0	0	0	0	0	0
S	8633	2	0	15	0	0	0	0	0	0
S	8635	2	0	1	0	0	0	0	0	0
S	8637	2	0	0	0	0	0	0	0	0
S	8639	2	0	1	0	0	0	0	0	0
S	8641	2	0	0	0	0	0	0	0	0
S	8643	2	0	1	0	0	0	0	0	0
S	8645	2	0	0	0	0	0	0	0	0
S	8647	2	0	1	0	0	0	0	0	0
S	8649	2	0	0	0	0	0	0	0	0
S	8651	2	0	1	0	0	0	0	0	0
S	8653	2	0	0	0	0	0	0	0	0
S	8655	2	0	1	0	0	0	0	0	0
S	8657	2	0	0	0	0	0	0	0	0
S	8659	2	0	1	0	0	0	0	0	0
S	8661	2	0	0	0	0	0	0	0	0
S	8663	2	0	1	0	0	0	0	0	0
S	8665	2	0	0	0	0	0	0	0	0
S	8667	9	0	15	0	0	0	0	0	0
S	8676	5	10	0	0	0	0	0	0	0
S	8681	5	14	0	0	0	0	0	0	0
S	8686	1	15	15	0	0	0	0	0	0
S	8687	2	11	0	0	0	0	0	0	0
S	8689	4	0	15	0	0	0	0	0	0
S	8693	4	15	15	0	0	0	0	0	0
S	8697	87	0	0	0	0	0	0	0	0
S	8784	1	0	1	0	0	0	0	0	0
S	8785	1	0	0	0	0	0	0	0	0
S	8786	1	0	1	0	0	0	0	0	0
S	8787	1	0	0	0	0	0	0	0	0
S	8788	1	0	1	0	0	0	0	0	0
S	8789	1	0	0	0	0	0	0	0	0
S	8790	1	0	1	0	0	0	0	0	0
S	8791	1	0	0	0	0	0	0	0	0
S	8792	1	0	1	0	0	0	0	0	0
S	8793	1	0	0	0	0	0	0	0	0
S	8794	1	0	1	0	0	0	0	0	0
S	8795	1	0	0	0	0	0	0	0	0
S	8796	1	0	1	0	0	0	0	0	0
S	8797	1	0	0	0	0	0	0	0	0
S	8798	1	0	1	0	0	0	0	0	0
S	8799	1	0	0	0	0	0	0	0	0
S	8800	1	0	1	0	0	0	0	0	0
S	8801	1	0	0	0	0	0	0	0	0
S	8802	1	0	1	0	0	0	0	0	0
S	8803	1	0	0	0	0	0	0	0	0
S	8804	1	0	1	0	0	0	0	0	0
S	8805	1	0	0	0	0	0	0	0	0
S	8806	1	0	1	0	0	0	0	0	0
S	8807	1	0	0	0	0	0	0	0	0
S	8808	1	0	1	0	0	0	0	0	0
S	8809	1	0	0	0	0	0	0	0	0
S	8810	1	0	1	0	0	0	0	0	0
S	8811	1	0	0	0	0	0	0	0	0
S	8812	1	0	1	0	0	0	0	0	0
S	8813	1	0	0	0	0	0	0	0	0
S	8814	1	0	1	0	0	0	0	0	0
S	8815	1	0	0	0	0	0	0	0	0
S	8816	1	0	1	0	0	0	0	0	0
S	8817	1	0	0	0	0	0	0	0	0
S	8818	1	0	1	0	0	0	0	0	0
S	8819	1	0	0	0	0	0	0	0	0
S	8820	1	0	1	0	0	0	0	0	0
S	8821	1	0	0	0	0	0	0	0	0
S	8822	1	0	1	0	0	0	0	0	0
S	8823	1	0	0	0	0	0	0	0	0
S	8824	1	0	1	0	0	0	0	0	0
S	8825	1	0	0	0	0	0	0	0	0
S	8826	1	0	1	0	0	0	0	0	0
S	8827	1	0	0	0	0	0	0	0	0
S	8828	1	0	1	0	0	0	0	0	0
S	8829	1	0	0	0	0	0	0	0	0
S	8830	1	0	1	0	0	0	0	0	0
S	8831	1	0	0	0	0	0	0	0	0
S	8832	1	0	1	0	0	0	0	0	0
S	8833	1	0	0	0	0	0	0	0	0
S	8834	1	0	1	0	0	0	0	0	0
S	8835	1	0	0	0	0	0	0	0	0
S	8836	1	0	1	0	0	0	0	0	0
S	8837	1	0	0	0	0	0	0	0	0
S	8838	1	0	1	0	0	0	0	0	0
S	8839	1	0	0	0	0	0	0	0	0
S	8840	1	0	1	0	0	0	0	0	0
S	8841	1	0	0	0	0	0	0	0	0
S	8842	1	0	1	0	0	0	0	0	0
S	8843	1	0	0	0	0	0	0	0	0
S	8844	1	0	1	0	0	0	0	0	0
S	8845	1	0	0	0	0	0	0	0	0
S	8846	1	0	1	0	0	0	0	0	0
S	8847	1	0	0	0	0	0	0	0	0
S	8848	1	0	1	0	0	0	0	0	0
S	8849	1	0	0	0	0	0	0	0	0
S	8850	1	0	1	0	0	0	0	0	0
S	8851	1	0	0	0	0	0	0	0	0
S	8852	1	0	1	0	0	0	0	0	0
S	8853	1	0	0	0	0	0	0	0	0
S	8854	1	0	1	0	0	0	0	0	0
S	8855	1	0	0	0	0	0	0	0	0
S	8856	1	0	1	0	0	0	0	0	0
S	8857	1	0	0	0	0	0	0	0	0
S	8858	1	0	1	0	0	0	0	0	0
S	8859	1	0	0	0	0	0	0	0	0
S	8860	1	0	1	0	0	0	0	0	0
S	8861	1	0	0	0	0	0	0	0	0
S	8862	1	0	1	0	0	0	0	0	0
S	8863	1	0	0	0	0	0	0	0	0
S	8864	1	0	1	0	0	0	0	0	0
S	8865	1	0	0	0	0	0	0	0	0
S	8866	1	0	1	0	0	0	0	0	0
S	8867	1	0	0	0	0	0	0	0	0
S	8868	1	0	1	0	0	0	0	0	0
S	8869	1	0	0	0	0	0	0	0	0
S	8870	1	0	1	0	0	0	0	0	0
S	8871	1	0	0	0	0	0	0	0	0
S	8872	1	0	1	0	0	0	0	0	0
S	8873	1	0	0	0	0	0	0	0	0
S	8874	1	0	1	0	0	0	0	0	0
S	8875	1	0	0	0	0	0	0	0	0
S	8876	1	0	1	0	0	0	0	0	0
S	8877	1	0	0	0	0	0	0	0	0
S	8878	1	0	1	0	0	0	0	0	0
S	8879	1	0	0	0	0	0	0	0	0
S	8880	1	0	1	0	0	0	0	0	0
S	8881	1	0	0	0	0	0	0	0	0
S	8882	1	0	1	0	0	0	0	0	0
S	8883	1	0	0	0	0	0	0	0	0
S	8884	1	0	1	0	0	0	0	0	0
S	8885	1	0	0	0	0	0	0	0	0
S	8886	1	0	1	0	0	0	0	0	0
S	8887	1	0	0	0	0	0	0	0	0
S	8888	1	0	1	0	0	0	0	0	0
S	8889	1	0	0	0	0	0	0	0	0
S	8890	1	0	1	0	0	0	0	0	0
S	8891	1	0	0	0	0	0	0	0	0
S	8892	1	0	1	0	0	0	0	0	0
S	8893	1	0	0	0	0	0	0	0	0
S	8894	1	0	1	0	0	0	0	0	0
S	8895	1	0	0	0	0	0	0	0	0
S	8896	1	0	1	0	0	0	0	0	0
S	8897	1	0	0	0	0	0	0	0	0
S	8898	1	0	1	0	0	0	0	0	0
S	8899	1	0	0	0	0	0	0	0	0
S	8900	1	0	1	0	0	0	0	0	0
S	8901	1	0	0	0	0	0	0	0	0
S	8902	1	0	1	0	0	0	0	0	0
S	8903	1	0	0	0	0	0	0	0	0
S	8904	1	0	1	0	0	0	0	0	0
S	8905	1	0	0	0	0	0	0	0	0
S	8906	1	0	1	0	0	0	0	0	0
S	8907	1	0	0	0	0	0	0	0	0
S	8908	1	0	1	0	0	0	0	0	0
S	8909	1	0	0	0	0	0	0	0	0
S	8910	1	0	1	0	0	0	0	0	0
S	8911	1	0	0	0	0	0	0	0	0
S	8912	1	0	1	0	0	0	0	0	0
S	8913	1	0	0	0	0	0	0	0	0
S	8914	1	0	1	0	0	0	0	0	0
S	8915	1	0	0	0	0	0	0	0	0
S	8916	1	0	1	0	0	0	0	0	0
S	8917	1	0	0	0	0	0	0	0	0
S	8918	1	0	1	0	0	0	0	0	0
S	8919	1	0	0	0	0	0	0	0	0
S	8920	1	0	1	0	0	0	0	0	0
S	8921	1	0	0	0	0	0	0	0	0
S	8922	1	0	1	0	0	0	0	0	0
S	8923	1	0	0	0	0	0	0	0	0
S	8924	1	0	1	0	0	0	0	0	0
S	8925	1	0	0	0	0	0	0	0	0
S	8926	1	0	1	0	0	0	0	0	0
S	8927	1	0	0	0	0	0	0	0	0
S	8928	1	0	1	0	0	0	0	0	0
S	8929	1	0	0	0	0	0	0	0	0
S	8930	1	0	1	0	0	0	0	0	0
S	8931	1	0	0	0	0	0	0	0	0
S	8932	1	0	1	0	0	0	0	0	0
S	8933	1	0	0	0	0	0	0	0	0
S	8934	1	0	1	0	0	0	0	0	0
S	8935	1	0	0	0	0	0	0	0	0
S	8936	1	0	1	0	0	0	0	0	0
S	8937	1	0	0	0	0	0	0	0	0
S	8938	1	0	1	0	0	0	0	0	0
S	8939	1	0	0	0	0	0	0	0	0
S	8940	1	0	1	0	0	0	0	0	0
S	8941	1	0	0	0	0	0	0	0	0
S	8942	1	0	1	0	0	0	0	0	0
S	8943	1	0	0	0	0	0	0	0	0
S	8944	1	0	1	0	0	0	0	0	0
S	8945	1	0	0	0	0	0	0	0	0
S	8946	1	0	1	0	0	0	0	0	0
S	8947	1	0	0	0	0	0	0	0	0
S	8948	1	0	1	0	0	0	0	0	0
S	8949	1	0	0	0	0	0	0	0	0
S	8950	1	0	1	0	0	0	0	0	0
S	8951	1	0	0	0	0	0	0	0	0
S	8952	1	0	1	0	0	0	0	0	0
S	8953	1	0	0	0	0	0	0	0	0
S	8954	1	0	1	0	0	0	0	0	0
S	8955	1	0	0	0	0	0	0	0	0
S	8956	1	0	1	0	0	0	0	0	0
S	8957	1	0	0	0	0	0	0	0	0
S	8958	1	0	1	0	0	0	0	0	0
S	8959	1	0	0	0	0	0	0	0	0
S	8960	1	0	1	0	0	0	0	0	0
S	8961	1	0	0	0	0	0	0	0	0
S	8962	1	0	1	0	0	0	0	0	0
S	8963	1	0	0	0	0	0	0	0	0
S	8964	1	0	1	0	0	0	0	0	0
S	8965	1	0	0	0	0	0	0	0	0
S	8966	1	0	1	0	0	0	0	0	0
S	8967	1	0	0	0	0	0	0	0	0
S	8968	1	0	1	0	0	0	0	0	0
S	8969	1	0	0	0	0	0	0	0	0
S	8970	1	0	1	0	0	0	0	0	0
S	8971	1	0	0	0	0	0	0	0	0
S	8972	1	0	1	0	0	0	0	0	0
S	8973	1	0	0	0	0	0	0	0	0
S	8974	1	0	1	0	0	0	0	0	0
S	8975	1	0	0	0	0	0	0	0	0
S	8976	1	0	1	0	0	0	0	0	0
S	8977	1	0	0	0	0	0	0	0	0
S	8978	1	0	1	0	0	0	0	0	0
S	8979	1	0	0	0	0	0	0	0	0
S	8980	1	0	1	0	0	0	0	0	0
S	8981	1	0	0	0	0	0	0	0	0
S	8982	1	0	1	0	0	0	0	0	0
S	8983	1	0	0	0	0	0	0	0	0
S	8984	1	0	1	0	0	0	0	0	0
S	8985	1	0	0	0	0	0	0	0	0
S	8986	1	0	1	0	0	0	0	0	0
S	8987	1	0	0	0	0	0	0	0	0
S	8988	1	0	1	0	0	0	0	0	0
S	8989	1	0	0	0	0	0	0	0	0
S	8990	1	0	1	0	0	0	0	0	0
S	8991	1	0	0	0	0	0	0	0	0
S	8992	1	0	1	0	0	0	0	0	0
S	8993	1	0	0	0	0	0	0	0	0
S	8994	1	0	1	0	0	0	0	0	0
S	8995	1	0	0	0	0	0	0	0	0
S	8996	1	0	1	0	0	0	0	0	0
S	8997	1	0	0	0	0	0	0	0	0
S	8998	1	0	1	0	0	0	0	0	0
S	8999	1	0	0	0	0	0	0	0	0
S	9000	1	0	1	0	0	0	0	0	0
S	9001	1	0	0	0	0	0	0	0	0
S	9002	1	0	1	0	0	0	0	0	0
S	9003	1	0	0	0	0	0	0	0	0
S	9004	1	0	1	0	0	0	0	0	0
S	9005	1	0	0	0	0	0	0	0	0
S	9006	1	0	1	0	0	0	0	0	0
S	9007	1	0	0	0	0	0	0	0	0
S	9008	1	0	1	0	0	0	0	0	0
S	9009	1	0	0	0	0	0	0	0	0
S	9010	1	0	1	0	0	0	0	0	0
S	9011	1	0	0	0	0	0	0	0	0
S	9012	1	0	1	0	0	0	0	0	0
S	9013	1	0	0	0	0	0	0	0	0
S	9014	1	0	1	0	0	0	0	0	0
S	9015	1	0	0	0	0	0	0	0	0
S	9016	1	0	1	0	0	0	0	0	0
S	9017	1	0	0	0	0	0	0	0	0
S	9018	1	0	1	0	0	0	0	0	0
S	9019	1	0	0	0	0	0	0	0	0
S	9020	1	0	1	0	0	0	0	0	0
S	9021	1	0	0	0	0	0	0	0	0
S	9022	1	0	1	0	0	0	0	0	0
S	9023	1	0	0	0	0	0	0	0	0
S	9024	1	0	1	0	0	0	0	0	0
S	9025	1	0	0	0	0	0	0	0	0
S	9026	1	0	1	0	0	0	0	0	0
S	9027	1	0	0	0	0	0	0	0	0
S	9028	1	0	1	0	0	0	0	0	0
S	9029	1	0	0	0	0	0	0	0	0
S	9030	1	0	1	0	0	0	0	0	0
S	9031	1	0	0	0	0	0	0	0	0
S	9032	1	0	1	0	0	0	0	0	0
S	9033	1	0	0	0	0	0	0	0	0
S	9034	1	0	1	0	0	0	0	0	0
S	9035	1	0	0	0	0	0	0	0	0
S	9036	1	0	1	0	0	0	0	0	0
S	9037	1	0	0	0	0	0	0	0	0
S	9038	1	0	1	0	0	0	0	0	0
S	9039	1	0	0	0	0	0	0	0	0
S	9040	1	0	1	0	0	0	0	0	0
S	9041	1	0	0	0	0	0	0	0	0
S	9042	1	0	1	0	0	0	0	0	0
S	9043	1	0	0	0	0	0	0	0	0
S	9044	1	0	1	0	0	0	0	0	0
S	9045	1	0	0	0	0	0	0	0	0
S	9046	1	0	1	0	0	0	0	0	0
S	9047	1	0	0	0	0	0	0	0	0
S	9048	1	0	1	0	0	0	0	0	0
S	9049	1	0	0	0	0	0	0	0	0
S	9050	1	0	1	0	0	0	0	0	0
S	9051	1	0	0	0	0	0	0	0	0
S	9052	1	0	1	0	0	0	0	0	0
S	9053	1	0	0	0	0	0	0	0	0
S	9054	1	0	1	0	0	0	0	0	0
S	9055	1	0	0	0	0	0	0	0	0
S	9056	1	0	1	0	0	0	0	0	0
S	9057	1	0	0	0	0	0	0	0	0
S	9058	1	0	1	0	0	0	0	0	0
S	9059	1	0	0	0	0	0	0	0	0
S	9060	1	0	1	0	0	0	0	0	0
S	9061	1	0	0	0	0	0	0	0	0
S	9062	1	0	1	0	0	0	0	0	0
S	9063	1	0	0	0	0	0	0	0	0
S	9064	1	0	1	0	0	0	0	0	0
S	9065	1	0	0	0	0	0	0	0	0
S	9066	1	0	1	0	0	0	0	0	0
S	9067	1	0	0	0	0	0	0	0	0
S	9068	1	0	1	0	0	0	0	0	0
S	9069	1	0	0	0	0	0	0	0	0
S	9070	1	0	1	0	0	0	0	0	0
S	9071	1	0	0	0	0	0	0	0	0
S	9072	1	0	1	0	0	0	0	0	0
S	9073	1	0	0	0	0	0	0	0	0
S	9074	1	0	1	0	0	0	0	0	0
S	9075	1	0	0	0	0	0	0	0	0
S	9076	1	0	1	0	0	0	0	0	0
S	9077	1	0	0	0	0	0	0	0	0
S	9078	1	0	1	0	0	0	0	0	0
S	9079	1	0	0	0	0	0	0	0	0
S	9080	1	0	1	0	0	0	0	0	0
S	9081	1	0	0	0	0	0	0	0	0
S	9082	1	0	1	0	0	0	0	0	0
S	9083	1	0	0	0	0	0	0	0	0
S	9084	1	0	1	0	0	0	0	0	0
S	9085	1	0	0	0	0	0	0	0	0
S	9086	1	0	1	0	0	0	0	0	0
S	9087	1	0	0	0	0	0	0	0	0
S	9088	1	0	1	0	0	0	0	0	0
S	9089	1	0	0	0	0	0	0	0	0
S	9090	1	0	1	0	0	0	0	0	0
S	9091	1	0	0	0	0	0	0	0	0
S	9092	1	0	1	0	0	0	0	0	0
S	9093	1	0	0	0	0	0	0	0	0
S	9094	1	0	1	0	0	0	0	0	0
S	9095	1	0	0	0	0	0	0	0	0
S	9096	1	0	1	0	0	0	0	0	0
S	9097	1	0	0	0	0	0	0	0	0
S	9098	1	0	1	0	0	0	0	0	0
S	9099	1	0	0	0	0	0	0	0	0
S	9100	1	0	1	0	0	0	0	0	0
S	9101	1	0	0	0	0	0	0	0	0
S	9102	1	0	1	0	0	0	0	0	0
S	9103	1	0	0	0	0	0	0	0	0
S	9104	1	0	1	0	0	0	0	0	0
S	9105	1	0	0	0	0	0	0	0	0
S	9106	1	0	1	0	0	0	0	0	0
S	9107	1	0	0	0	0	0	0	0	0
S	9108	1	0	1	0	0	0	0	0	0
S	9109	1	0	0	0	0	0	0	0	0
S	9110	1	0	1	0	0	0	0	0	0
S	9111	1	0	0	0	0	0	0	0	0
S	9112	1	0	1	0	0	0	0	0	0
S	9113	1	0	0	0	0	0	0	0	0
S	9114	1	0	1	0	0	0	0	0	0
S	9115	1	0	0	0	0	0	0	0	0
S	9116	1	0	1	0	0	0	0	0	0
S	9117	1	0	0	0	0	0	0	0	0
S	9118	1	0	1	0	0	0	0	0	0
S	9119	1	0	0	0	0	0	0	0	0
S	9120	1	0	1	0	0	0	0	0	0
S	9121	1	0	0	0	0	0	0	0	0
S	9122	1	0	1	0	0	0	0	0	0
S	9123	1	0	0	0	0	0	0	0	0
S	9124	1	0	1	0	0	0	0	0	0
S	9125	1	0	0	0	0	0	0	0	0
S	9126	1	0	1	0	0	0	0	0	0
S	9127	1	0	0	0	0	0	0	0	0
S	9128	1	0	1	0	0	0	0	0	0
S	9129	1	0	0	0	0	0	0	0	0
S	9130	1	0	1	0	0	0	0	0	0
S	9131	1	0	0	0	0	0	0	0	0
S	9132	1	0	1	0	0	0	0	0	0
S	9133	1	0	0	0	0	0	0	0	0
S	9134	1	0	1	0	0	0	0	0	0
S	9135	1	0	0	0	0	0	0	0	0
S	9136	1	0	1	0	0	0	0	0	0
S	9137	1	0	0	0	0	0	0	0	0
S	9138	1	0	1	0	0	0	0	0	0
S	9139	1	0	0	0	0	0	0	0	0
S	9140	1	0	1	0	0	0	0	0	0
S	9141	1	0	0	0	0	0	0	0	0
S	9142	1	0	1	0	0	0	0	0	0
S	9143	1	0	0	0	0	0	0	0	0
S	9144	1	0	1	0	0	0	0	0	0
S	9145	1	0	0	0	0	0	0	0	0
S	9146	1	0	1	0	0	0	0	0	0
S	9147	1	0	0	0	0	0	0	0	0
S	9148	1	0	1	0	0	0	0	0	0
S	9149	1	0	0	0	0	0	0	0	0
S	9150	1	0	1	0	0	0	0	0	0
S	9151	1	0	0	0	0	0	0	0	0
S	9152	1	0	1	0	0	0	0	0	0
S	9153	1	0	0	0	0	0	0	0	0
S	9154	1	0	1	0	0	0	0	0	0
S	9155	1	0	0	0	0	0	0	0	0
S	9156	1	0	1	0	0	0	0	0	0
S	9157	1	0	0	0	0	0	0	0	0
S	9158	1	0	1	0	0	0	0	0	0
S	9159	1	0	0	0	0	0	0	0	0
S	9160	1	0	1	0	0	0	0	0	0
S	9161	1	0	0	0	0	0	0	0	0
S	9162	1	0	1	0	0	0	0	0	0
S	9163	1	0	0	0	0	0	0	0	0
S	9164	1	0	1	0	0	0	0	0	0
S	9165	1	0	0	0	0	0	0	0	0
S	9166	1	0	1	0	0	0	0	0	0
S	9167	1	0	0	0	0	0	0	0	0
S	9168	1	0	1	0	0	0	0	0	0
S	9169	1	0	0	0	0	0	0	0	0
S	9170	1	0	1	0	0	0	0	0	0
S	9171	1	0	0	0	0	0	0	0	0
S	9172	1	0	1	0	0	0	0	0	0
S	9173	1	0	0	0	0	0	0	0	0
S	9174	1	0	1	0	0	0	0	0	0
S	9175	1	0	0	0	0	0	0	0	0
S	9176	1	0	1	0	0	0	0	0	0
S	9177	1	0	0	0	0	0	0	0	0
S	9178	1	0	1	0	0	0	0	0	0
S	9179	1	0	0	0	0	0	0	0	0
S	9180	1	0	1	0	0	0	0	0	0
S	9181	1	0	0	0	0	0	0	0	0
S	9182	1	0	1	0	0	0	0	0	0
S	9183	1	0	0	0	0	0	0	0	0
S	9184	1	0	1	0	0	0	0	0	0
S	9185	1	0	0	0	0	0	0	0	0
S	9186	1	0	1	0	0	0	0	0	0
S	9187	1	0	0	0	0	0	0	0	0
S	9188	1	0	1	0	0	0	0	0	0
S	9189	1	0	0	0	0	0	0	0	0
S	9190	1	0	1	0	0	0	0	0	0
S	9191	1	0	0	0	0	0	0	0	0
S	9192	1	0	1	0	0	0	0	0	0
S	9193	1	0	0	0	0	0	0	0	0
S	9194	1	0	1	0	0	0	0	0	0
S	9195	1	0	0	0	0	0	0	0	0
S	9196	1	0	1	0	0	0	0	0	0
S	9197	1	0	0	0	0	0	0	0	0
S	9198	1	0	1	0	0	0	0	0	0
S	9199	1	0	0	0	0	0	0	0	0
S	9200	1	0	1	0	0	0	0	0	0
S	9201	1	0	0	0	0	0	0	0	0
S	9202	1	0	1	0	0	0	0	0	0
S	9203	1	0	0	0	0	0	0	0	0
S	9204	1	0	1	0	0	0	0	0	0
S	9205	1	0	0	0	0	0	0	0	0
S	9206	1	0	1	0	0	0	0	0	0
S	9207	1	0	0	0	0	0	0	0	0
S	9208	1	0	1	0	0	0	0	0	0
S	9209	1	0	0	0	0	0	0	0	0
S	9210	1	0	1	0	0	0	0	0	0
S	9211	1	0	0	0	0	0	0	0	0
S	9212	1	0	1	0	0	0	0	0	0
S	9213	1	0	0	0	0	0	0	0	0
S	9214	1	0	1	0	0	0	0	0	0
S	9215	1	0	0	0	0	0	0	0	0
S	9216	1	0	1	0	0	0	0	0	0
S	9217	1	0	0	0	0	0	0	0	0
S	9218	1	0	1	0	0	0	0	0	0
S	9219	1	0	0	0	0	0	0	0	0
S	9220	1	0	1	0	0	0	0	0	0
S	9221	1	0	0	0	0	0	0	0	0
S	9222	1	0	1	0	0	0	0	0	0
S	9223	1	0	0	0	0	0	0	0	0
S	9224	1	0	1	0	0	0	0	0	0
S	9225	1	0	0	0	0	0	0	0	0
S	9226	1	0	1	0	0	0	0	0	0
S	9227	1	0	0	0	0	0	0	0	0
S	9228	1	0	1	0	0	0	0	0	0
S	9229	1	0	0	0	0	0	0	0	0
S	9230	1	0	1	0	0	0	0	0	0
S	9231	1	0	0	0	0	0	0	0	0
S	9232	1	0	1	0	0	0	0	0	0
S	9233	1	0	0	0	0	0	0	0	0
S	9234	1	0	1	0	0	0	0	0	0
S	9235	1	0	0	0	0	0	0	0	0
S	9236	1	0	1	0	0	0	0	0	0
S	9237	1	0	0	0	0	0	0	0	0
S	9238	1	0	1	0	0	0	0	0	0
S	9239	1	0	0	0	0	0	0	0	0
S	9240	1	0	1	0	0	0	0	0	0
S	9241	1	0	0	0	0	0	0	0	0
S	9242	1	0	1	0	0	0	0	0	0
S	9243	1	0	0	0	0	0	0	0	0
S	9244	1	0	1	0	0	0	0	0	0
S	9245	1	0	0	0	0	0	0	0	0
S	9246	1	0	1	0	0	0	0	0	0
S	9247	1	0	0	0	0	0	0	0	0
S	9248	1	0	1	0	0	0	0	0	0
S	9249	1	0	0	0	0	0	0	0	0
S	9250	1	0	1	0	0	0	0	0	0
S	9251	1	0	0	0	0	0	0	0	0
S	9252	1	0	1	0	0	0	0	0	0
S	9253	1	0	0	0	0	0	0	0	0
S	9254	1	0	1	0	0	0	0	0	0
S	9255	1	0	0	0	0	0	0	0	0
S	9256	1	0	1	0	0	0	0	0	0
S	9257	1	0	0	0	0	0	0	0	0
S	9258	1	0	1	0	0	0	0	0	0
S	9259	1	0	0	0	0	0	0	0	0
S	9260	1	0	1	0	0	0	0	0	0
S	9261	1	0	0	0	0	0	0	0	0
S	9262	1	0	1	0	0	0	0	0	0
S	9263	1	0	0	0	0	0	0	0	0
S	9264	1	0	1	0	0	0	0	0	0
S	9265	1	0	0	0	0	0	0	0	0
S	9266	1	0	1	0	0	0	0	0	0
S	9267	1	0	0	0	0	0	0	0	0
S	9268	1	0	1	0	0	0	0	0	0
S	9269	1	0	0	0	0	0	0	0	0
S	9270	1	0	1	0	0	0	0	0	0
S	9271	1	0	0	0	0	0	0	0	0
S	9272	1	0	1	0	0	0	0	0	0
S	9273	1	0	0	0	0	0	0	0	0
S	9274	1	0	1	0	0	0	0	0	0
S	9275	1	0	0	0	0	0	0	0	0
S	9276	1	0	1	0	0	0	0	0	0
S	9277	1	0	0	0	0	0	0	0	0
S	9278	1	0	1	0	0	0	0	0	0
S	9279	1	0	0	0	0	0	0	0	0
S	9280	1	0	1	0	0	0	0	0	0
S	9281	1	0	0	0	0	0	0	0	0
S	9282	1	0	1	0	0	0	0	0	0
S	9283	1	0	0	0	0	0	0	0	0
S	9284	1	0	1	0	0	0	0	0	0
S	9285	1	0	0	0	0	0	0	0	0
S	9286	1	0	1	0	0	0	0	0	0
S	9287	1	0	0	0	0	0	0	0	0
S	9288	1	0	1	0	0	0	0	0	0
S	9289	1	0	0	0	0	0	0	0	0
S	9290	1	0	1	0	0	0	0	0	0
S	9291	1	0	0	0	0	0	0	0	0
S	9292	1	0	1	0	0	0	0	0	0
S	9293	1	0	0	0	0	0	0	0	0
S	9294	1	0	1	0	0	0	0	0	0
S	9295	1	0	0	0	0	0	0	0	0
S	9296	1	0	1	0	0	0	0	0	0
S	9297	1	0	0	0	0	0	0	0	0
S	9298	1	0	1	0	0	0	0	0	0
S	9299	1	0	0	0	0	0	0	0	0
S	9300	1	0	1	0	0	0	0	0	0
S	9301	1	0	0	0	0	0	0	0	0
S	9302	1	0	1	0	0	0	0	0	0
S	9303	1	0	0	0	0	0	0	0	0
S	9304	1	0	1	0	0	0	0	0	0
S	9305	1	0	0	0	0	0	0	0	0
S	9306	1	0	1	0	0	0	0	0	0
S	9307	1	0	0	0	0	0	0	0	0
S	9308	1	0	1	0	0	0	0	0	0
S	9309	1	0	0	0	0	0	0	0	0
S	9310	1	0	1	0	0	0	0	0	0
S	9311	1	0	0	0	0	0	0	0	0
S	9312	1	0	1	0	0	0	0	0	0
S	9313	1	0	0	0	0	0	0	0	0
S	9314	1	0	1	0	0	0	0	0	0
S	9315	1	0	0	0	0	0	0	0	0
S	9316	1	0	1	0	0	0	0	0	0
S	9317	1	0	0	0	0	0	0	0	0
S	9318	1	0	1	0	0	0	0	0	0
S	9319	1	0	0	0	0	0	0	0	0
S	9320	1	0	1	0	0	0	0	0	0
S	9321	1	0	0	0	0	0	0	0	0
S	9322	1	0	1	0	0	0	0	0	0
S	9323	1	0	0	0	0	0	0	0	0
S	9324	1	0	1	0	0	0	0	0	0
S	9325	1	0	0	0	0	0	0	0	0
S	9326	1	0	1	0	0	0	0	0	0
S	9327	1	0	0	0	0	0	0	0	0
S	9328	1	0	1	0	0	0	0	0	0
S	9329	1	0	0	0	0	0	0	0	0
S	9330	1	0	1	0	0	0	0	0	0
S	9331	1	0	0	0	0	0	0	0	0
S	9332	1	0	1	0	0	0	0	0	0
S	9333	1	0	0	0	0	0	0	0	0
S	9334	1	0	1	0	0	0	0	0	0
S	9335	1	0	0	0	0	0	0	0	0
S	9336	1	0	1	0	0	0	0	0	0
S	9337	1	0	0	0	0	0	0	0	0
S	9338	1	0	1	0	0	0	0	0	0
S	9339	1	0	0	0	0	0	0	0	0
S	9340	1	0	1	0	0	0	0	0	0
S	9341	1	0	0	0	0	0	0	0	0
S	9342	1	0	1	0	0	0	0	0	0
S	9343	1	0	0	0	0	0	0	0	0
S	9344	1	0	1	0	0	0	0	0	0
S	9345	1	0	0	0	0	0	0	0	0
S	9346	1	0	1	0	0	0	0	0	0
S	9347	1	0	0	0	0	0	0	0	0
S	9348	1	0	1	0	0	0	0	0	0
S	9349	1	0	0	0	0	0	0	0	0
S	9350	1	0	1	0	0	0	0	0	0
S	9351	1	0	0	0	0	0	0	0	0
S	9352	1	0	1	0	0	0	0	0	0
S	9353	1	0	0	0	0	0	0	0	0
S	9354	1	0	1	0	0	0	0	0	0
S	9355	1	0	0	0	0	0	0	0	0
S	9356	1	0	1	0	0	0	0	0	0
S	9357	1	0	0	0	0	0	0	0	0
S	9358	1	0	1	0	0	0	0	0	0
S	9359	1	0	0	0	0	0	0	0	0
S	9360	1	0	1	0	0	0	0	0	0
S	9361	1	0	0	0	0	0	0	0	0
S	9362	1	0	1	0	0	0	0	0	0
S	9363	1	0	0	0	0	0	0	0	0
S	9364	1	0	1	0	0	0	0	0	0
S	9365	1	0	0	0	0	0	0	0	0
S	9366	1	0	1	0	0	0	0	0	0
S	9367	1	0	0	0	0	0	0	0	0
S	9368	1	0	1	0	0	0	0	0	0
S	9369	1	0	0	0	0	0	0	0	0
S	9370	1	0	1	0	0	0	0	0	0
S	9371	1	0	0	0	0	0	0	0	0
S	9372	1	0	1	0	0	0	0	0	0
S	9373	1	0	0	0	0	0	0	0	0
S	9374	1	0	1	0	0	0	0	0	0
S	9375	1	0	0	0	0	0	0	0	0
S	9376	1	0	1	0	0	0	0	0	0
S	9377	1	0	0	0	0	0	0	0	0
S	9378	1	0	1	0	0	0	0	0	0
S	9379	1	0	0	0	0	0	0	0	0
S	9380	1	0	1	0	0	0	0	0	0
S	9381	1	0	0	0	0	0	0	0	0
S	9382	1	0	1	0	0	0	0	0	0
S	9383	1	0	0	0	0	0	0	0	0
S	9384	1	0	1	0	0	0	0	0	0
S	9385	1	0	0	0	0	0	0	0	0
S	9386	1	0	1	0	0	0	0	0	0
S	9387	1	0	0	0	0	0	0	0	0
S	9388	1	0	1	0	0	0	0	0	0
S	9389	1	0	0	0	0	0	0	0	0
S	9390	1	0	1	0	0	0	0	0	0
S	9391	1	0	0	0	0	0	0	0	0
S	9392	1	0	1	0	0	0	0	0	0
S	9393	1	0	0	0	0	0	0	0	0
S	9394	1	0	1	0	0	0	0	0	0
S	9395	1	0	0	0	0	0	0	0	0
S	9396	1	0	1	0	0	0	0	0	0
S	9397	1	0	0	0	0	0	0	0	0
S	9398	1	0	1	0	0	0	0	0	0
S	9399	1	0	0	0	0	0	0	0	0
S	9400	1	0	1	0	0	0	0	0	0
S	9401	1	0	0	0	0	0	0	0	0
S	9402	1	0	1	0	0	0	0	0	0
S	9403	1	0	0	0	0	0	0	0	0
S	9404	1	0	1	0	0	0	0	0	0
S	9405	1	0	0	0	0	0	0	0	0
S	9406	1	0	1	0	0	0	0	0	0
S	9407	1	0	0	0	0	0	0	0	0
S	9408	1	0	1	0	0	0	0	0	0
S	9409	1	0	0	0	0	0	0	0	0
S	9410	1	0	1	0	0	0	0	0	0
S	9411	1	0	0	0	0	0	0	0	0
S	9412	1	0	1	0	0	0	0	0	0
S	9413	1	0	0	0	0	0	0	0	0
S	9414	1	0	1	0	0	0	0	0	0
S	9415	1	0	0	0	0	0	0	0	0
S	9416	1	0	1	0	0	0	0	0	0
S	9417	1	0	0	0	0	0	0	0	0
S	9418	1	0	1	0	0	0	0	0	0
S	9419	1	0	0	0	0	0	0	0	0
S	9420	1	0	1	0	0	0	0	0	0
S	9421	1	0	0	0	0	0	0	0	0
S	9422	1	0	1	0	0	0	0	0	0
S	9423	1	0	0	0	0	0	0	0	0
S	9424	1	0	1	0	0	0	0	0	0
S	9425	1	0	0	0	0	0	0	0	0
S	9426	1	0	1	0	0	0	0	0	0
S	9427	1	0	0	0	0	0	0	0	0
S	9428	1	0	1	0	0	0	0	0	0
S	9429	1	0	0	0	0	0	0	0	0
S	9430	1	0	1	0	0	0	0	0	0
S	9431	1	0	0	0	0	0	0	0	0
S	9432	1	0	1	0	0	0	0	0	0
S	9433	1	0	0	0	0	0	0	0	0
S	9434	1	0	1	0	0	0	0	0	0
S	9435	1	0	0	0	0	0	0	0	0
S	9436	1	0	1	0	0	0	0	0	0
S	9437	1	0	0	0	0	0	0	0	0
S	9438	1	0	1	0	0	0	0	0	0
S	9439	1	0	0	0	0	0	0	0	0
S	9440	1	0	1	0	0	0	0	0	0
S	9441	1	0	0	0	0	0	0	0	0
S	9442	1	0	1	0	0	0	0	0	0
S	9443	1	0	0	0	0	0	0	0	0
S	9444	1	0	1	0	0	0	0	0	0
S	9445	1	0	0	0	0	0	0	0	0
S	9446	1	0	1	0	0	0	0	0	0
S	9447	1	0	0	0	0	0	0	0	0
S	9448	1	0	1	0	0	0	0	0	0
S	9449	1	0	0	0	0	0	0	0	0
S	9450	1	0	1	0	0	0	0	0	0
S	9451	1	0	0	0	0	0	0	0	0
S	9452	1	0	1	0	0	0	0	0	0
S	9453	1	0	0	0	0	0	0	0	0
S	9454	1	0	1	0	0	0	0	0	0
S	9455	1	0	0	0	0	0	0	0	0
S	9456	1	0	1	0	0	0	0	0	0
S	9457	1	0	0	0	0	0	0	0	0
S	9458	1	0	1	0	0	0	0	0	0
S	9459	1	0	0	0	0	0	0	0	0
S	9460	1	0	1	0	0	0	0	0	0
S	9461	1	0	0	0	0	0	0	0	0
S	9462	1	0	1	0	0	0	0	0	0
S	9463	1	0	0	0	0	0	0	0	0
S	9464	1	0	1	0	0	0	0	0	0
S	9465	1	0	0	0	0	0	0	0	0
S	9466	1	0	1	0	0	0	0	0	0
S	9467	1	0	0	0	0	0	0	0	0
S	9468	1	0	1	0	0	0	0	0	0
S	9469	1	0	0	0	0	0	0	0	0
S	9470	1	0	1	0	0	0	0	0	0
S	9471	1	0	0	0	0	0	0	0	0
S	9472	1	0	1	0	0	0	0	0	0
S	9473	1	0	0	0	0	0	0	0	0
S	9474	1	0	1	0	0	0	0	0	0
S	9475	1	0	0	0	0	0	0	0	0
S	9476	1	0	1	0	0	0	0	0	0
S	9477	1	0	0	0	0	0	0	0	0
S	9478	1	0	1	0	0	0	0	0	0
S	9479	1	0	0	0	0	0	0	0	0
S	9480	1	0	1	0	0	0	0	0	0
S	9481	1	0	0	0	0	0	0	0	0
S	9482	1	0	1	0	0	0	0	0	0
S	9483	1	0	0	0	0	0	0	0	0
S	9484	1	0	1	0	0	0	0	0	0
S	9485	1	0	0	0	0	0	0	0	0
S	9486	1	0	1	0	0	0	0	0	0
S	9487	1	0	0	0	0	0	0	0	0
S	9488	204	0	15	0	0	0	0	0	0
S	9692	2	0	1	0	0	0	0	0	0
S	9694	2	0	0	0	0	0	0	0	0
S	9696	2	0	1	0	0	0	0	0	0
S	9698	2	0	0	0	0	0	0	0	0
S	9700	2	0	1	0	0	0	0	0	0
S	9702	2	0	0	0	0	0	0	0	0
S	9704	2	0	1	0	0	0	0	0	0
S	9706	2	0	0	0	0	0	0	0	0
S	9708	2	0	1	0	0	0	0	0	0
S	9710	2	0	0	0	0	0	0	0	0
S	9712	2	0	1	0	0	0	0	0	0
S	9714	2	0	0	0	0	0	0	0	0
S	9716	2	0	1	0	0	0	0	0	0
S	9718	2	0	0	0	0	0	0	0	0
S	9720	2	0	1	0	0	0	0	0	0
S	9722	2	0	0	0	0	0	0	0	0
S	9724	2	0	1	0	0	0	0	0	0
S	9726	2	0	0	0	0	0	0	0	0
S	9728	2	0	1	0	0	0	0	0	0
S	9730	2	0	0	0	0	0	0	0	0
S	9732	2	0	1	0	0	0	0	0	0
S	9734	2	0	0	0	0	0	0	0	0
S	9736	2	0	1	0	0	0	0	0	0
S	9738	2	0	0	0	0	0	0	0	0
S	9740	2	0	1	0	0	0	0	0	0
S	9742	2	0	0	0	0	0	0	0	0
S	9744	2	0	1	0	0	0	0	0	0
S	9746	2	0	0	0	0	0	0	0	0
S	9748	2	0	1	0	0	0	0	0	0
S	9750	2	0	0	0	0	0	0	0	0
S	9752	2	0	1	0	0	0	0	0	0
S	9754	2	0	0	0	0	0	0	0	0
S	9756	2	0	1	0	0	0	0	0	0
S	9758	2	0	0	0	0	0	0	0	0
S	9760	2	0	1	0	0	0	0	0	0
S	9762	2	0	0	0	0	0	0	0	0
S	9764	2	0	1	0	0	0	0	0	0
S	9766	2	0	0	0	0	0	0	0	0
S	9768	2	0	1	0	0	0	0	0	0
S	9770	2	0	0	0	0	0	0	0	0
S	9772	2	0	1	0	0	0	0	0	0
S	9774	2	0	0	0	0	0	0	0	0
S	9776	2	0	1	0	0	0	0	0	0
S	9778	2	0	0	0	0	0	0	0	0
S	9780	2	0	1	0	0	0	0	0	0
S	9782	2	0	0	0	0	0	0	0	0
S	9784	2	0	1	0	0	0	0	0	0
S	9786	2	0	0	0	0	0	0	0	0
S	9788	2	0	1	0	0	0	0	0	0
S	9790	2	0	0	0	0	0	0	0	0
S	9792	2	0	1	0	0	0	0	0	0
S	9794	2	0	0	0	0	0	0	0	0
S	9796	2	0	1	0	0	0	0	0	0
S	9798	2	0	0	0	0	0	0	0	0
S	9800	2	0	1	0	0	0	0	0	0
S	9802	2	0	0	0	0	0	0	0	0
S	9804	2	0	1	0	0	0	0	0	0
S	9806	2	0	0	0	0	0	0	0	0
S	9808	2	0	1	0	0	0	0	0	0
S	9810	2	0	0	0	0	0	0	0	0
S	9812	2	0	1	0	0	0	0	0	0
S	9814	2	0	0	0	0	0	0	0	0
S	9816	2	0	1	0	0	0	0	0	0
S	9818	2	0	0	0	0	0	0	0	0
S	9820	2	0	1	0	0	0	0	0	0
S	9822	2	0	0	0	0	0	0	0	0
S	9824	2	0	1	0	0	0	0	0	0
S	9826	2	0	0	0	0	0	0	0	0
S	9828	2	0	1	0	0	0	0	0	0
S	9830	2	0	0	0	0	0	0	0	0
S	9832	2	0	1	0	0	0	0	0	0
S	9834	2	0	0	0	0	0	0	0	0
S	9836	2	0	1	0	0	0	0	0	0
S	9838	2	0	0	0	0	0	0	0	0
S	9840	2	0	1	0	0	0	0	0	0
S	9842	2	0	0	0	0	0	0	0	0
S	9844	2	0	1	0	0	0	0	0	0
S	9846	2	0	0	0	0	0	0	0	0
S	9848	2	0	1	0	0	0	0	0	0
S	9850	2	0	0	0	0	0	0	0	0
S	9852	2	0	1	0	0	0	0	0	0
S	9854	2	0	0	0	0	0	0	0	0
S	9856	2	0	1	0	0	0	0	0	0
S	9858	2	0	0	0	0	0	0	0	0
S	9860	2	0	1	0	0	0	0	0	0
S	9862	2	0	0	0	0	0	0	0	0
S	9864	2	0	1	0	0	0	0	0	0
S	9866	2	0	0	0	0	0	0	0	0
S	9868	2	0	1	0	0	0	0	0	0
S	9870	2	0	0	0	0	0	0	0	0
S	9872	2	0	1	0	0	0	0	0	0
S	9874	2	0	0	0	0	0	0	0	0
S	9876	2	0	1	0	0	0	0	0	0
S	9878	2	0	0	0	0	0	0	0	0
S	9880	2	0	1	0	0	0	0	0	0
S	9882	2	0	0	0	0	0	0	0	0
S	9884	2	0	1	0	0	0	0	0	0
S	9886	2	0	0	0	0	0	0	0	0
S	9888	2	0	1	0	0	0	0	0	0
S	9890	2	0	0	0	0	0	0	0	0
S	9892	2	0	1	0	0	0	0	0	0
S	9894	2	0	0	0	0	0	0	0	0
S	9896	2	0	1	0	0	0	0	0	0
S	9898	2	0	0	0	0	0	0	0	0
S	9900	2	0	1	0	0	0	0	0	0
S	9902	2	0	0	0	0	0	0	0	0
S	9904	2	0	1	0	0	0	0	0	0
S	9906	2	0	0	0	0	0	0	0	0
S	9908	2	0	1	0	0	0	0	0	0
S	9910	2	0	0	0	0	0	0	0	0
S	9912	2	0	1	0	0	0	0	0	0
S	9914	2	0	0	0	0	0	0	0	0
S	9916	2	0	1	0	0	0	0	0	0
S	9918	2	0	0	0	0	0	0	0	0
S	9920	2	0	1	0	0	0	0	0	0
S	9922	2	0	0	0	0	0	0	0	0
S	9924	2	0	1	0	0	0	0	0	0
S	9926	2	0	0	0	0	0	0	0	0
S	9928	2	0	1	0	0	0	0	0	0
S	9930	2	0	0	0	0	0	0	0	0
S	9932	2	0	1	0	0	0	0	0	0
S	9934	2	0	0	0	0	0	0	0	0
S	9936	2	0	1	0	0	0	0	0	0
S	9938	2	0	0	0	0	0	0	0	0
S	9940	2	0	1	0	0	0	0	0	0
S	9942	2	0	0	0	0	0	0	0	0
S	9944	2	0	1	0	0	0	0	0	0
S	9946	2	0	0	0	0	0	0	0	0
S	9948	2	0	1	0	0	0	0	0	0
S	9950	2	0	0	0	0	0	0	0	0
S	9952	2	0	1	0	0	0	0	0	0
S	9954	2	0	0	0	0	0	0	0	0
S	9956	2	0	1	0	0	0	0	0	0
S	9958	2	0	0	0	0	0	0	0	0
S	9960	2	0	1	0	0	0	0	0	0
S	9962	2	0	0	0	0	0	0	0	0
S	9964	2	0	1	0	0	0	0	0	0
S	9966	2	0	0	0	0	0	0	0	0
S	9968	2	0	1	0	0	0	0	0	0
S	9970	2	0	0	0	0	0	0	0	0
S	9972	2	0	1	0	0	0	0	0	0
S	9974	2	0	0	0	0	0	0	0	0
S	9976	2	0	1	0	0	0	0	0	0
S	9978	2	0	0	0	0	0	0	0	0
S	9980	1	0	1	0	0	0	0	0	0
S	9981	1	0	0	0	0	0	0	0	0
S	9982	1	0	1	0	0	0	0	0	0
S	9983	1	0	0	0	0	0	0	0	0
S	9984	1	0	1	0	0	0	0	0	0
S	9985	1	0	0	0	0	0	0	0	0
S	9986	1	0	1	0	0	0	0	0	0
S	9987	1	0	0	0	0	0	0	0	0
S	9988	1	0	1	0	0	0	0	0	0
S	9989	1	0	0	0	0	0	0	0	0
S	9990	1	0	1	0	0	0	0	0	0
S	9991	1	0	0	0	0	0	0	0	0
S	9992	1	0	1	0	0	0	0	0	0
S	9993	1	0	0	0	0	0	0	0	0
S	9994	1	0	1	0	0	0	0	0	0
S	9995	1	0	0	0	0	0	0	0	0
S	9996	1	0	1	0	0	0	0	0	0
S	9997	1	0	0	0	0	0	0	0	0
S	9998	1	0	1	0	0	0	0	0	0
S	9999	1	0	0	0	0	0	0	0	0
S	10000	1	0	1	0	0	0	0	0	0
S	10001	1	0	0	0	0	0	0	0	0
S	10002	1	0	1	0	0	0	0	0	0
S	10003	1	0	0	0	0	0	0	0	0
S	10004	1	0	1	0	0	0	0	0	0
S	10005	1	0	0	0	0	0	0	0	0
S	10006	1	0	1	0	0	0	0	0	0
S	10007	1	0	0	0	0	0	0	0	0
S	10008	1	0	1	0	0	0	0	0	0
S	10009	1	0	0	0	0	0	0	0	0
S	10010	1	0	1	0	0	0	0	0	0
S	10011	1	0	0	0	0	0	0	0	0
S	10012	1	0	1	0	0	0	0	0	0
S	10013	1	0	0	0	0	0	0	0	0
S	10014	1	0	1	0	0	0	0	0	0
S	10015	1	0	0	0	0	0	0	0	0
S	10016	1	0	1	0	0	0	0	0	0
S	10017	1	0	0	0	0	0	0	0	0
S	10018	1	0	1	0	0	0	0	0	0
S	10019	1	0	0	0	0	0	0	0	0
S	10020	1	0	1	0	0	0	0	0	0
S	10021	1	0	0	0	0	0	0	0	0
S	10022	1	0	1	0	0	0	0	0	0
S	10023	1	0	0	0	0	0	0	0	0
S	10024	1	0	1	0	0	0	0	0	0
S	10025	1	0	0	0	0	0	0	0	0
S	10026	1	0	1	0	0	0	0	0	0
S	10027	1	0	0	0	0	0	0	0	0
S	10028	1	0	1	0	0	0	0	0	0
S	10029	1	0	0	0	0	0	0	0	0
S	10030	1	0	1	0	0	0	0	0	0
S	10031	1	0	0	0	0	0	0	0	0
S	10032	1	0	1	0	0	0	0	0	0
S	10033	1	0	0	0	0	0	0	0	0
S	10034	2	0	1	0	0	0	0	0	0
S	10036	2	0	0	0	0	0	0	0	0
S	10038	2	0	1	0	0	0	0	0	0
S	10040	2	0	0	0	0	0	0	0	0
S	10042	2	0	1	0	0	0	0	0	0
S	10044	2	0	0	0	0	0	0	0	0
S	10046	2	0	1	0	0	0	0	0	0
S	10048	2	0	0	0	0	0	0	0	0
S	10050	2	0	1	0	0	0	0	0	0
S	10052	2	0	0	0	0	0	0	0	0
S	10054	2	0	1	0	0	0	0	0	0
S	10056	2	0	0	0	0	0	0	0	0
S	10058	2	0	1	0	0	0	0	0	0
S	10060	2	0	0	0	0	0	0	0	0
S	10062	2	0	1	0	0	0	0	0	0
S	10064	2	0	0	0	0	0	0	0	0
S	10066	2	0	15	0	0	0	0	0	0
S	10068	56	0	0	0	0	0	0	0	0
S	10124	2	7	1	0	0	0	0	0	0
S	10126	2	7	0	0	0	0	0	0	0
S	10128	2	7	1	0	0	0	0	0	0
S	10130	2	7	0	0	0	0	0	0	0
S	10132	2	7	1	0	0	0	0	0	0
S	10134	2	7	0	0	0	0	0	0	0
S	10136	2	7	1	0	0	0	0	0	0
S	10138	2	7	0	0	0	0	0	0	0
S	10140	2	7	1	0	0	0	0	0	0
S	10142	2	7	0	0	0	0	0	0	0
S	10144	2	7	1	0	0	0	0	0	0
S	10146	2	7	0	0	0	0	0	0	0
S	10148	2	7	1	0	0	0	0	0	0
S	10150	2	7	0	0	0	0	0	0	0
S	10152	2	7	1	0	0	0	0	0	0
S	10154	2	7	0	0	0	0	0	0	0
S	10156	2	7	1	0	0	0	0	0	0
S	10158	2	7	0	0	0	0	0	0	0
S	10160	2	7	1	0	0	0	0	0	0
S	10162	2	7	0	0	0	0	0	0	0
S	10164	2	7	1	0	0	0	0	0	0
S	10166	2	7	0	0	0	0	0	0	0
S	10168	2	7	1	0	0	0	0	0	0
S	10170	2	7	0	0	0	0	0	0	0
S	10172	2	7	1	0	0	0	0	0	0
S	10174	2	7	0	0	0	0	0	0	0
S	10176	2	7	1	0	0	0	0	0	0
S	10178	2	7	0	0	0	0	0	0	0
S	10180	2	7	1	0	0	0	0	0	0
S	10182	2	7	0	0	0	0	0	0	0
S	10184	2	7	1	0	0	0	0	0	0
S	10186	2	7	0	0	0	0	0	0	0
S	10188	2	7	1	0	0	0	0	0	0
S	10190	2	7	0	0	0	0	0	0	0
S	10192	2	7	1	0	0	0	0	0	0
S	10194	2	7	0	0	0	0	0	0	0
S	10196	2	7	1	0	0	0	0	0	0
S	10198	2	7	0	0	0	0	0	0	0
S	10200	2	7	1	0	0	0	0	0	0
S	10202	2	7	0	0	0	0	0	0	0
S	10204	2	7	1	0	0	0	0	0	0
S	10206	2	7	0	0	0	0	0	0	0
S	10208	2	7	1	0	0	0	0	0	0
S	10210	2	7	0	0	0	0	0	0	0
S	10212	2	7	1	0	0	0	0	0	0
S	10214	2	7	0	0	0	0	0	0	0
S	10216	2	7	1	0	0	0	0	0	0
S	10218	2	7	0	0	0	0	0	0	0
S	10220	2	7	1	0	0	0	0	0	0
S	10222	2	7	0	0	0	0	0	0	0
S	10224	2	7	1	0	0	0	0	0	0
S	10226	2	7	0	0	0	0	0	0	0
S	10228	2	7	1	0	0	0	0	0	0
S	10230	2	7	0	0	0	0	0	0	0
S	10232	2	7	1	0	0	0	0	0	0
S	10234	2	7	0	0	0	0	0	0	0
S	10236	2	7	1	0	0	0	0	0	0
S	10238	2	7	0	0	0	0	0	0	0
S	10240	2	7	1	0	0	0	0	0	0
S	10242	2	7	0	0	0	0	0	0	0
S	10244	2	7	1	0	0	0	0	0	0
S	10246	2	7	0	0	0	0	0	0	0
S	10248	1	7	1	0	0	0	0	0	0
S	10249	1	0	1	0	0	0	0	0	0
S	10250	1	7	0	0	0	0	0	0	0
S	10251	1	0	0	0	0	0	0	0	0
S	10252	2	0	1	0	0	0	0	0	0
S	10254	2	0	0	0	0	0	0	0	0
S	10256	2	0	1	0	0	0	0	0	0
S	10258	2	0	0	0	0	0	0	0	0
S	10260	2	0	1	0	0	0	0	0	0
S	10262	2	0	0	0	0	0	0	0	0
S	10264	2	0	1	0	0	0	0	0	0
S	10266	2	0	0	0	0	0	0	0	0
S	10268	2	0	1	0	0	0	0	0	0
S	10270	2	0	0	0	0	0	0	0	0
S	10272	2	0	1	0	0	0	0	0	0
S	10274	2	0	0	0	0	0	0	0	0
S	10276	2	0	1	0	0	0	0	0	0
S	10278	2	0	0	0	0	0	0	0	0
S	10280	2	0	1	0	0	0	0	0	0
S	10282	2	0	0	0	0	0	0	0	0
S	10284	2	0	1	0	0	0	0	0	0
S	10286	2	0	0	0	0	0	0	0	0
S	10288	2	0	1	0	0	0	0	0	0
S	10290	2	0	0	0	0	0	0	0	0
S	10292	2	0	1	0	0	0	0	0	0
S	10294	2	0	0	0	0	0	0	0	0
S	10296	2	0	1	0	0	0	0	0	0
S	10298	2	0	0	0	0	0	0	0	0
S	10300	2	0	1	0	0	0	0	0	0
S	10302	2	0	0	0	0	0	0	0	0
S	10304	2	0	1	0	0	0	0	0	0
S	10306	2	0	0	0	0	0	0	0	0
S	10308	2	0	1	0	0	0	0	0	0
S	10310	2	0	0	0	0	0	0	0	0
S	10312	2	0	1	0	0	0	0	0	0
S	10314	2	0	0	0	0	0	0	0	0
S	10316	2	0	1	0	0	0	0	0	0
S	10318	2	0	0	0	0	0	0	0	0
S	10320	2	0	1	0	0	0	0	0	0
S	10322	2	0	0	0	0	0	0	0	0
S	10324	2	0	1	0	0	0	0	0	0
S	10326	2	0	0	0	0	0	0	0	0
S	10328	2	0	1	0	0	0	0	0	0
S	10330	2	0	0	0	0	0	0	0	0
S	10332	2	0	1	0	0	0	0	0	0
S	10334	2	0	0	0	0	0	0	0	0
S	10336	2	0	1	0	0	0	0	0	0
S	10338	2	0	0	0	0	0	0	0	0
S	10340	2	0	1	0	0	0	0	0	0
S	10342	2	0	0	0	0	0	0	0	0
S	10344	2	0	1	0	0	0	0	0	0
S	10346	2	0	0	0	0	0	0	0	0
S	10348	2	0	1	0	0	0	0	0	0
S	10350	2	0	0	0	0	0	0	0	0
S	10352	2	0	1	0	0	0	0	0	0
S	10354	2	0	0	0	0	0	0	0	0
S	10356	2	0	1	0	0	0	0	0	0
S	10358	2	0	0	0	0	0	0	0	0
S	10360	2	0	1	0	0	0	0	0	0
S	10362	2	0	0	0	0	0	0	0	0
S	10364	2	0	1	0	0	0	0	0	0
S	10366	2	0	0	0	0	0	0	0	0
S	10368	2	0	1	0	0	0	0	0	0
S	10370	2	0	0	0	0	0	0	0	0
S	10372	2	0	1	0	0	0	0	0	0
S	10374	2	0	0	0	0	0	0	0	0
S	10376	2	0	1	0	0	0	0	0	0
S	10378	1	0	0	0	0	0	0	0	0
S	10379	1	0	1	0	0	0	0	0	0
S	10380	32	0	0	0	0	0	0	0	0
S	10412	1	0	1	17	2	2	18	19	19
S	10413	1	0	0	17	2	2	18	19	19
S	10414	1	0	1	20	2	2	21	2	19
S	10415	1	0	0	20	2	2	21	2	19
S	10416	1	0	1	22	2	2	23	19	2
S	10417	1	0	0	22	2	2	23	19	2
S	10418	1	0	1	24	2	21	18	19	18
S	10419	1	0	0	24	2	21	18	19	18
S	10420	1	0	1	25	2	23	18	18	19
S	10421	1	0	0	25	2	23	18	18	19
S	10422	1	0	1	2	17	2	26	27	27
S	10423	1	0	0	2	17	2	26	27	27
S	10424	1	0	1	2	20	2	28	2	27
S	10425	1	0	0	2	20	2	28	2	27
S	10426	1	0	1	2	22	2	29	27	2
S	10427	1	0	0	2	22	2	29	27	2
S	10428	1	0	1	2	24	28	26	27	26
S	10429	1	0	0	2	24	28	26	27	26
S	10430	1	0	1	2	25	29	26	26	27
S	10431	1	0	0	2	25	29	26	26	27
S	10432	1	0	1	30	2	18	2	31	31
S	10433	1	0	0	30	2	18	2	31	31
S	10434	1	0	1	32	2	23	2	31	2
S	10435	1	0	0	32	2	23	2	31	2
S	10436	1	0	1	33	2	21	2	2	31
S	10437	1	0	0	33	2	21	2	2	31
S	10438	1	0	1	34	2	18	23	18	31
S	10439	1	0	0	34	2	18	23	18	31
S	10440	1	0	1	35	2	18	21	31	18
S	10441	1	0	0	35	2	18	21	31	18
S	10442	1	0	1	2	30	26	2	36	36
S	10443	1	0	0	2	30	26	2	36	36
S	10444	1	0	1	2	32	29	2	36	2
S	10445	1	0	0	2	32	29	2	36	2
S	10446	1	0	1	2	33	28	2	2	36
S	10447	1	0	0	2	33	28	2	2	36
S	10448	1	0	1	2	34	26	29	26	36
S	10449	1	0	0	2	34	26	29	26	36
S	10450	1	0	1	2	35	26	28	36	26
S	10451	1	0	0	2	35	26	28	36	26
S	10452	1	0	1	37	2	21	21	2	18
S	10453	1	0	0	37	2	21	21	2	18
S	10454	1	0	1	33	2	21	2	2	31
S	10455	1	0	0	33	2	21	2	2	31
S	10456	1	0	1	20	2	2	21	2	19
S	10457	1	0	0	20	2	2	21	2	19
S	10458	1	0	1	35	2	18	21	31	18
S	10459	1	0	0	35	2	18	21	31	18
S	10460	1	0	1	24	2	21	18	19	18
S	10461	1	0	0	24	2	21	18	19	18
S	10462	1	0	1	2	37	28	28	2	26
S	10463	1	0	0	2	37	28	28	2	26
S	10464	1	0	1	2	33	28	2	2	36
S	10465	1	0	0	2	33	28	2	2	36
S	10466	1	0	1	2	20	2	28	2	27
S	10467	1	0	0	2	20	2	28	2	27
S	10468	1	0	1	2	35	26	28	36	26
S	10469	1	0	0	2	35	26	28	36	26
S	10470	1	0	1	2	24	28	26	27	26
S	10471	1	0	0	2	24	28	26	27	26
S	10472	1	0	1	38	2	23	23	18	2
S	10473	1	0	0	38	2	23	23	18	2
S	10474	1	0	1	22	2	2	23	19	2
S	10475	1	0	0	22	2	2	23	19	2
S	10476	1	0	1	32	2	23	2	31	2
S	10477	1	0	0	32	2	23	2	31	2
S	10478	1	0	1	25	2	23	18	18	19
S	10479	1	0	0	25	2	23	18	18	19
S	10480	1	0	1	34	2	18	23	18	31
S	10481	1	0	0	34	2	18	23	18	31
S	10482	1	0	1	2	38	29	29	26	2
S	10483	1	0	0	2	38	29	29	26	2
S	10484	1	0	1	2	22	2	29	27	2
S	10485	1	0	0	2	22	2	29	27	2
S	10486	1	0	1	2	32	29	2	36	2
S	10487	1	0	0	2	32	29	2	36	2
S	10488	1	0	1	2	25	29	26	26	27
S	10489	1	0	0	2	25	29	26	26	27
S	10490	1	0	1	2	34	26	29	26	36
S	10491	1	0	0	2	34	26	29	26	36
S	10492	1	0	1	17	2	2	18	19	19
S	10493	1	0	0	17	2	2	18	19	19
S	10494	1	0	1	20	2	2	21	2	19
S	10495	1	0	0	20	2	2	21	2	19
S	10496	1	0	1	22	2	2	23	19	2
S	10497	1	0	0	22	2	2	23	19	2
S	10498	1	0	1	24	2	21	18	19	18
S	10499	1	0	0	24	2	21	18	19	18
S	10500	1	0	1	25	2	23	18	18	19
S	10501	1	0	0	25	2	23	18	18	19
S	10502	1	0	1	2	17	2	26	27	27
S	10503	1	0	0	2	17	2	26	27	27
S	10504	1	0	1	2	20	2	28	2	27
S	10505	1	0	0	2	20	2	28	2	27
S	10506	1	0	1	2	22	2	29	27	2
S	10507	1	0	0	2	22	2	29	27	2
S	10508	1	0	1	2	24	28	26	27	26
S	10509	1	0	0	2	24	28	26	27	26
S	10510	1	0	1	2	25	29	26	26	27
S	10511	1	0	0	2	25	29	26	26	27
S	10512	1	0	1	30	2	18	2	31	31
S	10513	1	0	0	30	2	18	2	31	31
S	10514	1	0	1	32	2	23	2	31	2
S	10515	1	0	0	32	2	23	2	31	2
S	10516	1	0	1	33	2	21	2	2	31
S	10517	1	0	0	33	2	21	2	2	31
S	10518	1	0	1	34	2	18	23	18	31
S	10519	1	0	0	34	2	18	23	18	31
S	10520	1	0	1	35	2	18	21	31	18
S	10521	1	0	0	35	2	18	21	31	18
S	10522	1	0	1	2	30	26	2	36	36
S	10523	1	0	0	2	30	26	2	36	36
S	10524	1	0	1	2	32	29	2	36	2
S	10525	1	0	0	2	32	29	2	36	2
S	10526	1	0	1	2	33	28	2	2	36
S	10527	1	0	0	2	33	28	2	2	36
S	10528	1	0	1	2	34	26	29	26	36
S	10529	1	0	0	2	34	26	29	26	36
S	10530	1	0	1	2	35	26	28	36	26
S	10531	1	0	0	2	35	26	28	36	26
S	10532	1	0	1	37	2	21	21	2	18
S	10533	1	0	0	37	2	21	21	2	18
S	10534	1	0	1	33	2	21	2	2	31
S	10535	1	0	0	33	2	21	2	2	31
S	10536	1	0	1	20	2	2	21	2	19
S	10537	1	0	0	20	2	2	21	2	19
S	10538	1	0	1	35	2	18	21	31	18
S	10539	1	0	0	35	2	18	21	31	18
S	10540	1	0	1	24	2	21	18	19	18
S	10541	1	0	0	24	2	21	18	19	18
S	10542	1	0	1	2	37	28	28	2	26
S	10543	1	0	0	2	37	28	28	2	26
S	10544	1	0	1	2	33	28	2	2	36
S	10545	1	0	0	2	33	28	2	2	36
S	10546	1	0	1	2	20	2	28	2	27
S	10547	1	0	0	2	20	2	28	2	27
S	10548	1	0	1	2	35	26	28	36	26
S	10549	1	0	0	2	35	26	28	36	26
S	10550	1	0	1	2	24	28	26	27	26
S	10551	1	0	0	2	24	28	26	27	26
S	10552	1	0	1	38	2	23	23	18	2
S	10553	1	0	0	38	2	23	23	18	2
S	10554	1	0	1	22	2	2	23	19	2
S	10555	1	0	0	22	2	2	23	19	2
S	10556	1	0	1	32	2	23	2	31	2
S	10557	1	0	0	32	2	23	2	31	2
S	10558	1	0	1	25	2	23	18	18	19
S	10559	1	0	0	25	2	23	18	18	19
S	10560	1	0	1	34	2	18	23	18	31
S	10561	1	0	0	34	2	18	23	18	31
S	10562	1	0	1	2	38	29	29	26	2
S	10563	1	0	0	2	38	29	29	26	2
S	10564	1	0	1	2	22	2	29	27	2
S	10565	1	0	0	2	22	2	29	27	2
S	10566	1	0	1	2	32	29	2	36	2
S	10567	1	0	0	2	32	29	2	36	2
S	10568	1	0	1	2	25	29	26	26	27
S	10569	1	0	0	2	25	29	26	26	27
S	10570	1	0	1	2	34	26	29	26	36
S	10571	1	0	0	2	34	26	29	26	36
S	10572	1	0	1	17	2	2	18	19	19
S	10573	1	0	0	17	2	2	18	19	19
S	10574	1	0	1	20	2	2	21	2	19
S	10575	1	0	0	20	2	2	21	2	19
S	10576	1	0	1	22	2	2	23	19	2
S	10577	1	0	0	22	2	2	23	19	2
S	10578	1	0	1	24	2	21	18	19	18
S	10579	1	0	0	24	2	21	18	19	18
S	10580	1	0	1	25	2	23	18	18	19
S	10581	1	0	0	25	2	23	18	18	19
S	10582	1	0	1	2	17	2	26	27	27
S	10583	1	0	0	2	17	2	26	27	27
S	10584	1	0	1	2	20	2	28	2	27
S	10585	1	0	0	2	20	2	28	2	27
S	10586	1	0	1	2	22	2	29	27	2
S	10587	1	0	0	2	22	2	29	27	2
S	10588	1	0	1	2	24	28	26	27	26
S	10589	1	0	0	2	24	28	26	27	26
S	10590	1	0	1	2	25	29	26	26	27
S	10591	1	0	0	2	25	29	26	26	27
S	10592	1	0	1	30	2	18	2	31	31
S	10593	1	0	0	30	2	18	2	31	31
S	10594	1	0	1	32	2	23	2	31	2
S	10595	1	0	0	32	2	23	2	31	2
S	10596	1	0	1	33	2	21	2	2	31
S	10597	1	0	0	33	2	21	2	2	31
S	10598	1	0	1	34	2	18	23	18	31
S	10599	1	0	0	34	2	18	23	18	31
S	10600	1	0	1	35	2	18	21	31	18
S	10601	1	0	0	35	2	18	21	31	18
S	10602	1	0	1	2	30	26	2	36	36
S	10603	1	0	0	2	30	26	2	36	36
S	10604	1	0	1	2	32	29	2	36	2
S	10605	1	0	0	2	32	29	2	36	2
S	10606	1	0	1	2	33	28	2	2	36
S	10607	1	0	0	2	33	28	2	2	36
S	10608	1	0	1	2	34	26	29	26	36
S	10609	1	0	0	2	34	26	29	26	36
S	10610	1	0	1	2	35	26	28	36	26
S	10611	1	0	0	2	35	26	28	36	26
S	10612	1	0	1	37	2	21	21	2	18
S	10613	1	0	0	37	2	21	21	2	18
S	10614	1	0	1	33	2	21	2	2	31
S	10615	1	0	0	33	2	21	2	2	31
S	10616	1	0	1	20	2	2	21	2	19
S	10617	1	0	0	20	2	2	21	2	19
S	10618	1	0	1	35	2	18	21	31	18
S	10619	1	0	0	35	2	18	21	31	18
S	10620	1	0	1	24	2	21	18	19	18
S	10621	1	0	0	24	2	21	18	19	18
S	10622	1	0	1	2	37	28	28	2	26
S	10623	1	0	0	2	37	28	28	2	26
S	10624	1	0	1	2	33	28	2	2	36
S	10625	1	0	0	2	33	28	2	2	36
S	10626	1	0	1	2	20	2	28	2	27
S	10627	1	0	0	2	20	2	28	2	27
S	10628	1	0	1	2	35	26	28	36	26
S	10629	1	0	0	2	35	26	28	36	26
S	10630	1	0	1	2	24	28	26	27	26
S	10631	1	0	0	2	24	28	26	27	26
S	10632	1	0	1	38	2	23	23	18	2
S	10633	1	0	0	38	2	23	23	18	2
S	10634	1	0	1	22	2	2	23	19	2
S	10635	1	0	0	22	2	2	23	19	2
S	10636	1	0	1	32	2	23	2	31	2
S	10637	1	0	0	32	2	23	2	31	2
S	10638	1	0	1	25	2	23	18	18	19
S	10639	1	0	0	25	2	23	18	18	19
S	10640	1	0	1	34	2	18	23	18	31
S	10641	1	0	0	34	2	18	23	18	31
S	10642	1	0	1	2	38	29	29	26	2
S	10643	1	0	0	2	38	29	29	26	2
S	10644	1	0	1	2	22	2	29	27	2
S	10645	1	0	0	2	22	2	29	27	2
S	10646	1	0	1	2	32	29	2	36	2
S	10647	1	0	0	2	32	29	2	36	2
S	10648	1	0	1	2	25	29	26	26	27
S	10649	1	0	0	2	25	29	26	26	27
S	10650	1	0	1	2	34	26	29	26	36
S	10651	1	0	0	2	34	26	29	26	36
S	10652	2	0	15	0	0	0	0	0	0
S	10654	1	0	0	0	0	0	0	0	0
S	10655	2	0	15	0	0	0	0	0	0
S	10657	1	0	1	17	2	2	18	19	19
S	10658	1	0	0	17	2	2	18	19	19
S	10659	1	0	1	20	2	2	21	2	19
S	10660	1	0	0	20	2	2	21	2	19
S	10661	1	0	1	22	2	2	23	19	2
S	10662	1	0	0	22	2	2	23	19	2
S	10663	1	0	1	24	2	21	18	19	18
S	10664	1	0	0	24	2	21	18	19	18
S	10665	1	0	1	25	2	23	18	18	19
S	10666	1	0	0	25	2	23	18	18	19
S	10667	1	0	1	2	17	2	26	27	27
S	10668	1	0	0	2	17	2	26	27	27
S	10669	1	0	1	2	20	2	28	2	27
S	10670	1	0	0	2	20	2	28	2	27
S	10671	1	0	1	2	22	2	29	27	2
S	10672	1	0	0	2	22	2	29	27	2
S	10673	1	0	1	2	24	28	26	27	26
S	10674	1	0	0	2	24	28	26	27	26
S	10675	1	0	1	2	25	29	26	26	27
S	10676	1	0	0	2	25	29	26	26	27
S	10677	1	0	1	30	2	18	2	31	31
S	10678	1	0	0	30	2	18	2	31	31
S	10679	1	0	1	32	2	23	2	31	2
S	10680	1	0	0	32	2	23	2	31	2
S	10681	1	0	1	33	2	21	2	2	31
S	10682	1	0	0	33	2	21	2	2	31
S	10683	1	0	1	34	2	18	23	18	31
S	10684	1	0	0	34	2	18	23	18	31
S	10685	1	0	1	35	2	18	21	31	18
S	10686	1	0	0	35	2	18	21	31	18
S	10687	1	0	1	2	30	26	2	36	36
S	10688	1	0	0	2	30	26	2	36	36
S	10689	1	0	1	2	32	29	2	36	2
S	10690	1	0	0	2	32	29	2	36	2
S	10691	1	0	1	2	33	28	2	2	36
S	10692	1	0	0	2	33	28	2	2	36
S	10693	1	0	1	2	34	26	29	26	36
S	10694	1	0	0	2	34	26	29	26	36
S	10695	1	0	1	2	35	26	28	36	26
S	10696	1	0	0	2	35	26	28	36	26
S	10697	1	0	1	37	2	21	21	2	18
S	10698	1	0	0	37	2	21	21	2	18
S	10699	1	0	1	33	2	21	2	2	31
S	10700	1	0	0	33	2	21	2	2	31
S	10701	1	0	1	20	2	2	21	2	19
S	10702	1	0	0	20	2	2	21	2	19
S	10703	1	0	1	35	2	18	21	31	18
S	10704	1	0	0	35	2	18	21	31	18
S	10705	1	0	1	24	2	21	18	19	18
S	10706	1	0	0	24	2	21	18	19	18
S	10707	1	0	1	2	37	28	28	2	26
S	10708	1	0	0	2	37	28	28	2	26
S	10709	1	0	1	2	33	28	2	2	36
S	10710	1	0	0	2	33	28	2	2	36
S	10711	1	0	1	2	20	2	28	2	27
S	10712	1	0	0	2	20	2	28	2	27
S	10713	1	0	1	2	35	26	28	36	26
S	10714	1	0	0	2	35	26	28	36	26
S	10715	1	0	1	2	24	28	26	27	26
S	10716	1	0	0	2	24	28	26	27	26
S	10717	1	0	1	38	2	23	23	18	2
S	10718	1	0	0	38	2	23	23	18	2
S	10719	1	0	1	22	2	2	23	19	2
S	10720	1	0	0	22	2	2	23	19	2
S	10721	1	0	1	32	2	23	2	31	2
S	10722	1	0	0	32	2	23	2	31	2
S	10723	1	0	1	25	2	23	18	18	19
S	10724	1	0	0	25	2	23	18	18	19
S	10725	1	0	1	34	2	18	23	18	31
S	10726	1	0	0	34	2	18	23	18	31
S	10727	1	0	1	2	38	29	29	26	2
S	10728	1	0	0	2	38	29	29	26	2
S	10729	1	0	1	2	22	2	29	27	2
S	10730	1	0	0	2	22	2	29	27	2
S	10731	1	0	1	2	32	29	2	36	2
S	10732	1	0	0	2	32	29	2	36	2
S	10733	1	0	1	2	25	29	26	26	27
S	10734	1	0	0	2	25	29	26	26	27
S	10735	1	0	1	2	34	26	29	26	36
S	10736	1	0	0	2	34	26	29	26	36
S	10737	1	0	1	0	2	18	18	18	18
S	10738	1	0	0	0	2	18	18	18	18
S	10739	1	0	1	2	0	26	26	26	26
S	10740	1	0	0	2	0	26	26	26	26
S	10741	2	0	15	0	0	0	0	0	0
S	10743	3	0	1	0	0	0	0	0	0
S	10746	3	0	0	0	0	0	0	0	0
S	10749	3	0	1	0	0	0	0	0	0
S	10752	3	0	0	0	0	0	0	0	0
S	10755	3	0	1	0	0	0	0	0	0
S	10758	3	0	0	0	0	0	0	0	0
S	10761	3	0	1	0	0	0	0	0	0
S	10764	3	0	0	0	0	0	0	0	0
S	10767	3	0	1	0	0	0	0	0	0
S	10770	3	0	0	0	0	0	0	0	0
S	10773	3	0	1	0	0	0	0	0	0
S	10776	3	0	0	0	0	0	0	0	0
S	10779	3	0	1	0	0	0	0	0	0
S	10782	3	0	0	0	0	0	0	0	0
S	10785	3	0	1	0	0	0	0	0	0
S	10788	3	0	0	0	0	0	0	0	0
S	10791	3	0	1	0	0	0	0	0	0
S	10794	3	0	0	0	0	0	0	0	0
S	10797	3	0	1	0	0	0	0	0	0
S	10800	3	0	0	0	0	0	0	0	0
S	10803	3	0	1	0	0	0	0	0	0
S	10806	3	0	0	0	0	0	0	0	0
S	10809	3	0	1	0	0	0	0	0	0
S	10812	3	0	0	0	0	0	0	0	0
S	10815	3	0	1	0	0	0	0	0	0
S	10818	3	0	0	0	0	0	0	0	0
S	10821	3	0	1	0	0	0	0	0	0
S	10824	3	0	0	0	0	0	0	0	0
S	10827	3	0	1	0	0	0	0	0	0
S	10830	3	0	0	0	0	0	0	0	0
S	10833	3	0	1	0	0	0	0	0	0
S	10836	3	0	0	0	0	0	0	0	0
S	10839	3	0	1	0	0	0	0	0	0
S	10842	3	0	0	0	0	0	0	0	0
S	10845	3	0	1	0	0	0	0	0	0
S	10848	3	0	0	0	0	0	0	0	0
S	10851	3	0	1	0	0	0	0	0	0
S	10854	3	0	0	0	0	0	0	0	0
S	10857	3	0	1	0	0	0	0	0	0
S	10860	3	0	0	0	0	0	0	0	0
S	10863	3	0	1	0	0	0	0	0	0
S	10866	3	0	0	0	0	0	0	0	0
S	10869	3	0	1	0	0	0	0	0	0
S	10872	3	0	0	0	0	0	0	0	0
S	10875	3	0	1	0	0	0	0	0	0
S	10878	3	0	0	0	0	0	0	0	0
S	10881	3	0	1	0	0	0	0	0	0
S	10884	3	0	0	0	0	0	0	0	0
S	10887	3	0	1	0	0	0	0	0	0
S	10890	3	0	0	0	0	0	0	0	0
S	10893	3	0	1	0	0	0	0	0	0
S	10896	3	0	0	0	0	0	0	0	0
S	10899	3	0	1	0	0	0	0	0	0
S	10902	3	0	0	0	0	0	0	0	0
S	10905	3	0	1	0	0	0	0	0	0
S	10908	3	0	0	0	0	0	0	0	0
S	10911	3	0	1	0	0	0	0	0	0
S	10914	3	0	0	0	0	0	0	0	0
S	10917	3	0	1	0	0	0	0	0	0
S	10920	3	0	0	0	0	0	0	0	0
S	10923	3	0	1	0	0	0	0	0	0
S	10926	3	0	0	0	0	0	0	0	0
S	10929	3	0	1	0	0	0	0	0	0
S	10932	3	0	0	0	0	0	0	0	0
S	10935	3	0	1	0	0	0	0	0	0
S	10938	3	0	0	0	0	0	0	0	0
S	10941	3	0	1	0	0	0	0	0	0
S	10944	3	0	0	0	0	0	0	0	0
S	10947	3	0	1	0	0	0	0	0	0
S	10950	3	0	0	0	0	0	0	0	0
S	10953	3	0	1	0	0	0	0	0	0
S	10956	3	0	0	0	0	0	0	0	0
S	10959	3	0	1	0	0	0	0	0	0
S	10962	3	0	0	0	0	0	0	0	0
S	10965	3	0	1	0	0	0	0	0	0
S	10968	3	0	0	0	0	0	0	0	0
S	10971	3	0	1	0	0	0	0	0	0
S	10974	3	0	0	0	0	0	0	0	0
S	10977	3	0	1	0	0	0	0	0	0
S	10980	3	0	0	0	0	0	0	0	0
S	10983	3	0	1	0	0	0	0	0	0
S	10986	3	0	0	0	0	0	0	0	0
S	10989	3	0	1	0	0	0	0	0	0
S	10992	3	0	0	0	0	0	0	0	0
S	10995	3	0	1	0	0	0	0	0	0
S	10998	3	0	0	0	0	0	0	0	0
S	11001	3	0	1	0	0	0	0	0	0
S	11004	3	0	0	0	0	0	0	0	0
S	11007	3	0	1	0	0	0	0	0	0
S	11010	3	0	0	0	0	0	0	0	0
S	11013	3	0	1	0	0	0	0	0	0
S	11016	3	0	0	0	0	0	0	0	0
S	11019	3	0	1	0	0	0	0	0	0
S	11022	3	0	0	0	0	0	0	0	0
S	11025	3	0	1	0	0	0	0	0	0
S	11028	3	0	0	0	0	0	0	0	0
S	11031	3	0	1	0	0	0	0	0	0
S	11034	3	0	0	0	0	0	0	0	0
S	11037	3	0	1	0	0	0	0	0	0
S	11040	3	0	0	0	0	0	0	0	0
S	11043	3	0	1	0	0	0	0	0	0
S	11046	3	0	0	0	0	0	0	0	0
S	11049	3	0	1	0	0	0	0	0	0
S	11052	3	0	0	0	0	0	0	0	0
S	11055	3	0	1	0	0	0	0	0	0
S	11058	3	0	0	0	0	0	0	0	0
S	11061	3	0	1	0	0	0	0	0	0
S	11064	3	0	0	0	0	0	0	0	0
S	11067	2	0	15	0	0	0	0	0	0
S	11069	2	0	1	0	0	0	0	0	0
S	11071	2	0	0	0	0	0	0	0	0
S	11073	2	0	1	0	0	0	0	0	0
S	11075	2	0	0	0	0	0	0	0	0
S	11077	2	0	1	0	0	0	0	0	0
S	11079	2	0	0	0	0	0	0	0	0
S	11081	2	0	1	0	0	0	0	0	0
S	11083	2	0	0	0	0	0	0	0	0
S	11085	2	0	1	0	0	0	0	0	0
S	11087	2	0	0	0	0	0	0	0	0
S	11089	2	0	1	0	0	0	0	0	0
S	11091	2	0	0	0	0	0	0	0	0
S	11093	2	0	1	0	0	0	0	0	0
S	11095	2	0	0	0	0	0	0	0	0
S	11097	2	0	1	0	0	0	0	0	0
S	11099	2	0	0	0	0	0	0	0	0
S	11101	1	0	1	17	2	2	18	19	19
S	11102	1	0	0	17	2	2	18	19	19
S	11103	1	0	1	20	2	2	21	2	19
S	11104	1	0	0	20	2	2	21	2	19
S	11105	1	0	1	22	2	2	23	19	2
S	11106	1	0	0	22	2	2	23	19	2
S	11107	1	0	1	24	2	21	18	19	18
S	11108	1	0	0	24	2	21	18	19	18
S	11109	1	0	1	25	2	23	18	18	19
S	11110	1	0	0	25	2	23	18	18	19
S	11111	1	0	1	2	17	2	26	27	27
S	11112	1	0	0	2	17	2	26	27	27
S	11113	1	0	1	2	20	2	28	2	27
S	11114	1	0	0	2	20	2	28	2	27
S	11115	1	0	1	2	22	2	29	27	2
S	11116	1	0	0	2	22	2	29	27	2
S	11117	1	0	1	2	24	28	26	27	26
S	11118	1	0	0	2	24	28	26	27	26
S	11119	1	0	1	2	25	29	26	26	27
S	11120	1	0	0	2	25	29	26	26	27
S	11121	1	0	1	30	2	18	2	31	31
S	11122	1	0	0	30	2	18	2	31	31
S	11123	1	0	1	32	2	23	2	31	2
S	11124	1	0	0	32	2	23	2	31	2
S	11125	1	0	1	33	2	21	2	2	31
S	11126	1	0	0	33	2	21	2	2	31
S	11127	1	0	1	34	2	18	23	18	31
S	11128	1	0	0	34	2	18	23	18	31
S	11129	1	0	1	35	2	18	21	31	18
S	11130	1	0	0	35	2	18	21	31	18
S	11131	1	0	1	2	30	26	2	36	36
S	11132	1	0	0	2	30	26	2	36	36
S	11133	1	0	1	2	32	29	2	36	2
S	11134	1	0	0	2	32	29	2	36	2
S	11135	1	0	1	2	33	28	2	2	36
S	11136	1	0	0	2	33	28	2	2	36
S	11137	1	0	1	2	34	26	29	26	36
S	11138	1	0	0	2	34	26	29	26	36
S	11139	1	0	1	2	35	26	28	36	26
S	11140	1	0	0	2	35	26	28	36	26
S	11141	1	0	1	37	2	21	21	2	18
S	11142	1	0	0	37	2	21	21	2	18
S	11143	1	0	1	33	2	21	2	2	31
S	11144	1	0	0	33	2	21	2	2	31
S	11145	1	0	1	20	2	2	21	2	19
S	11146	1	0	0	20	2	2	21	2	19
S	11147	1	0	1	35	2	18	21	31	18
S	11148	1	0	0	35	2	18	21	31	18
S	11149	1	0	1	24	2	21	18	19	18
S	11150	1	0	0	24	2	21	18	19	18
S	11151	1	0	1	2	37	28	28	2	26
S	11152	1	0	0	2	37	28	28	2	26
S	11153	1	0	1	2	33	28	2	2	36
S	11154	1	0	0	2	33	28	2	2	36
S	11155	1	0	1	2	20	2	28	2	27
S	11156	1	0	0	2	20	2	28	2	27
S	11157	1	0	1	2	35	26	28	36	26
S	11158	1	0	0	2	35	26	28	36	26
S	11159	1	0	1	2	24	28	26	27	26
S	11160	1	0	0	2	24	28	26	27	26
S	11161	1	0	1	38	2	23	23	18	2
S	11162	1	0	0	38	2	23	23	18	2
S	11163	1	0	1	22	2	2	23	19	2
S	11164	1	0	0	22	2	2	23	19	2
S	11165	1	0	1	32	2	23	2	31	2
S	11166	1	0	0	32	2	23	2	31	2
S	11167	1	0	1	25	2	23	18	18	19
S	11168	1	0	0	25	2	23	18	18	19
S	11169	1	0	1	34	2	18	23	18	31
S	11170	1	0	0	34	2	18	23	18	31
S	11171	1	0	1	2	38	29	29	26	2
S	11172	1	0	0	2	38	29	29	26	2
S	11173	1	0	1	2	22	2	29	27	2
S	11174	1	0	0	2	22	2	29	27	2
S	11175	1	0	1	2	32	29	2	36	2
S	11176	1	0	0	2	32	29	2	36	2
S	11177	1	0	1	2	25	29	26	26	27
S	11178	1	0	0	2	25	29	26	26	27
S	11179	1	0	1	2	34	26	29	26	36
S	11180	1	0	0	2	34	26	29	26	36
S	11181	4	0	0	0	0	0	0	0	0
S	11185	1	7	0	2	0	6	6	6	6
S	11186	8	1	0	0	0	0	0	0	0
S	11194	4	0	0	0	0	0	0	0	0
S	11198	1	15	0	0	0	0	0	0	0
S	11199	3	0	0	0	0	0	0	0	0
S	11202	1	15	0	0	0	0	0	0	0
S	11203	4	1	0	2	52	53	53	53	53
S	11207	4	1	0	2	0	53	53	53	53
S	11211	1	0	15	0	0	0	0	0	0
S	11212	1	1	0	0	0	0	0	0	0
S	11213	1	15	15	0	0	0	0	0	0
S	11214	1	0	15	0	0	0	0	0	0
S	11215	20	0	0	0	0	0	0	0	0
S	11235	1	0	1	17	2	2	18	19	19
S	11236	1	0	0	17	2	2	18	19	19
S	11237	1	0	1	20	2	2	21	2	19
S	11238	1	0	0	20	2	2	21	2	19
S	11239	1	0	1	22	2	2	23	19	2
S	11240	1	0	0	22	2	2	23	19	2
S	11241	1	0	1	24	2	21	18	19	18
S	11242	1	0	0	24	2	21	18	19	18
S	11243	1	0	1	25	2	23	18	18	19
S	11244	1	0	0	25	2	23	18	18	19
S	11245	1	0	1	2	17	2	26	27	27
S	11246	1	0	0	2	17	2	26	27	27
S	11247	1	0	1	2	20	2	28	2	27
S	11248	1	0	0	2	20	2	28	2	27
S	11249	1	0	1	2	22	2	29	27	2
S	11250	1	0	0	2	22	2	29	27	2
S	11251	1	0	1	2	24	28	26	27	26
S	11252	1	0	0	2	24	28	26	27	26
S	11253	1	0	1	2	25	29	26	26	27
S	11254	1	0	0	2	25	29	26	26	27
S	11255	1	0	1	30	2	18	2	31	31
S	11256	1	0	0	30	2	18	2	31	31
S	11257	1	0	1	32	2	23	2	31	2
S	11258	1	0	0	32	2	23	2	31	2
S	11259	1	0	1	33	2	21	2	2	31
S	11260	1	0	0	33	2	21	2	2	31
S	11261	1	0	1	34	2	18	23	18	31
S	11262	1	0	0	34	2	18	23	18	31
S	11263	1	0	1	35	2	18	21	31	18
S	11264	1	0	0	35	2	18	21	31	18
S	11265	1	0	1	2	30	26	2	36	36
S	11266	1	0	0	2	30	26	2	36	36
S	11267	1	0	1	2	32	29	2	36	2
S	11268	1	0	0	2	32	29	2	36	2
S	11269	1	0	1	2	33	28	2	2	36
S	11270	1	0	0	2	33	28	2	2	36
S	11271	1	0	1	2	34	26	29	26	36
S	11272	1	0	0	2	34	26	29	26	36
S	11273	1	0	1	2	35	26	28	36	26
S	11274	1	0	0	2	35	26	28	36	26
S	11275	1	0	1	37	2	21	21	2	18
S	11276	1	0	0	37	2	21	21	2	18
S	11277	1	0	1	33	2	21	2	2	31
S	11278	1	0	0	33	2	21	2	2	31
S	11279	1	0	1	20	2	2	21	2	19
S	11280	1	0	0	20	2	2	21	2	19
S	11281	1	0	1	35	2	18	21	31	18
S	11282	1	0	0	35	2	18	21	31	18
S	11283	1	0	1	24	2	21	18	19	18
S	11284	1	0	0	24	2	21	18	19	18
S	11285	1	0	1	2	37	28	28	2	26
S	11286	1	0	0	2	37	28	28	2	26
S	11287	1	0	1	2	33	28	2	2	36
S	11288	1	0	0	2	33	28	2	2	36
S	11289	1	0	1	2	20	2	28	2	27
S	11290	1	0	0	2	20	2	28	2	27
S	11291	1	0	1	2	35	26	28	36	26
S	11292	1	0	0	2	35	26	28	36	26
S	11293	1	0	1	2	24	28	26	27	26
S	11294	1	0	0	2	24	28	26	27	26
S	11295	1	0	1	38	2	23	23	18	2
S	11296	1	0	0	38	2	23	23	18	2
S	11297	1	0	1	22	2	2	23	19	2
S	11298	1	0	0	22	2	2	23	19	2
S	11299	1	0	1	32	2	23	2	31	2
S	11300	1	0	0	32	2	23	2	31	2
S	11301	1	0	1	25	2	23	18	18	19
S	11302	1	0	0	25	2	23	18	18	19
S	11303	1	0	1	34	2	18	23	18	31
S	11304	1	0	0	34	2	18	23	18	31
S	11305	1	0	1	2	38	29	29	26	2
S	11306	1	0	0	2	38	29	29	26	2
S	11307	1	0	1	2	22	2	29	27	2
S	11308	1	0	0	2	22	2	29	27	2
S	11309	1	0	1	2	32	29	2	36	2
S	11310	1	0	0	2	32	29	2	36	2
S	11311	1	0	1	2	25	29	26	26	27
S	11312	1	0	0	2	25	29	26	26	27
S	11313	1	0	1	2	34	26	29	26	36
S	11314	1	0	0	2	34	26	29	26	36
S	11315	2	0	15	0	0	0	0	0	0
S	11317	1	7	1	0	0	0	0	0	0
S	11318	1	7	0	0	0	0	0	0	0
S	11319	1	7	1	0	0	0	0	0	0
S	11320	1	7	0	0	0	0	0	0	0
S	11321	1	7	1	0	0	0	0	0	0
S	11322	1	7	0	0	0	0	0	0	0
S	11323	1	7	1	0	0	0	0	0	0
S	11324	1	7	0	0	0	0	0	0	0
S	11325	144	0	0	0	0	0	0	0	0
S	11469	1	0	15	0	0	0	0	0	0
S	11470	1	0	1	17	2	2	18	19	19
S	11471	1	0	0	17	2	2	18	19	19
S	11472	1	0	1	20	2	2	21	2	19
S	11473	1	0	0	20	2	2	21	2	19
S	11474	1	0	1	22	2	2	23	19	2
S	11475	1	0	0	22	2	2	23	19	2
S	11476	1	0	1	24	2	21	18	19	18
S	11477	1	0	0	24	2	21	18	19	18
S	11478	1	0	1	25	2	23	18	18	19
S	11479	1	0	0	25	2	23	18	18	19
S	11480	1	0	1	2	17	2	26	27	27
S	11481	1	0	0	2	17	2	26	27	27
S	11482	1	0	1	2	20	2	28	2	27
S	11483	1	0	0	2	20	2	28	2	27
S	11484	1	0	1	2	22	2	29	27	2
S	11485	1	0	0	2	22	2	29	27	2
S	11486	1	0	1	2	24	28	26	27	26
S	11487	1	0	0	2	24	28	26	27	26
S	11488	1	0	1	2	25	29	26	26	27
S	11489	1	0	0	2	25	29	26	26	27
S	11490	1	0	1	30	2	18	2	31	31
S	11491	1	0	0	30	2	18	2	31	31
S	11492	1	0	1	32	2	23	2	31	2
S	11493	1	0	0	32	2	23	2	31	2
S	11494	1	0	1	33	2	21	2	2	31
S	11495	1	0	0	33	2	21	2	2	31
S	11496	1	0	1	34	2	18	23	18	31
S	11497	1	0	0	34	2	18	23	18	31
S	11498	1	0	1	35	2	18	21	31	18
S	11499	1	0	0	35	2	18	21	31	18
S	11500	1	0	1	2	30	26	2	36	36
S	11501	1	0	0	2	30	26	2	36	36
S	11502	1	0	1	2	32	29	2	36	2
S	11503	1	0	0	2	32	29	2	36	2
S	11504	1	0	1	2	33	28	2	2	36
S	11505	1	0	0	2	33	28	2	2	36
S	11506	1	0	1	2	34	26	29	26	36
S	11507	1	0	0	2	34	26	29	26	36
S	11508	1	0	1	2	35	26	28	36	26
S	11509	1	0	0	2	35	26	28	36	26
S	11510	1	0	1	37	2	21	21	2	18
S	11511	1	0	0	37	2	21	21	2	18
S	11512	1	0	1	33	2	21	2	2	31
S	11513	1	0	0	33	2	21	2	2	31
S	11514	1	0	1	20	2	2	21	2	19
S	11515	1	0	0	20	2	2	21	2	19
S	11516	1	0	1	35	2	18	21	31	18
S	11517	1	0	0	35	2	18	21	31	18
S	11518	1	0	1	24	2	21	18	19	18
S	11519	1	0	0	24	2	21	18	19	18
S	11520	1	0	1	2	37	28	28	2	26
S	11521	1	0	0	2	37	28	28	2	26
S	11522	1	0	1	2	33	28	2	2	36
S	11523	1	0	0	2	33	28	2	2	36
S	11524	1	0	1	2	20	2	28	2	27
S	11525	1	0	0	2	20	2	28	2	27
S	11526	1	0	1	2	35	26	28	36	26
S	11527	1	0	0	2	35	26	28	36	26
S	11528	1	0	1	2	24	28	26	27	26
S	11529	1	0	0	2	24	28	26	27	26
S	11530	1	0	1	38	2	23	23	18	2
S	11531	1	0	0	38	2	23	23	18	2
S	11532	1	0	1	22	2	2	23	19	2
S	11533	1	0	0	22	2	2	23	19	2
S	11534	1	0	1	32	2	23	2	31	2
S	11535	1	0	0	32	2	23	2	31	2
S	11536	1	0	1	25	2	23	18	18	19
S	11537	1	0	0	25	2	23	18	18	19
S	11538	1	0	1	34	2	18	23	18	31
S	11539	1	0	0	34	2	18	23	18	31
S	11540	1	0	1	2	38	29	29	26	2
S	11541	1	0	0	2	38	29	29	26	2
S	11542	1	0	1	2	22	2	29	27	2
S	11543	1	0	0	2	22	2	29	27	2
S	11544	1	0	1	2	32	29	2	36	2
S	11545	1	0	0	2	32	29	2	36	2
S	11546	1	0	1	2	25	29	26	26	27
S	11547	1	0	0	2	25	29	26	26	27
S	11548	1	0	1	2	34	26	29	26	36
S	11549	1	0	0	2	34	26	29	26	36
S	11550	1	0	1	17	2	2	18	19	19
S	11551	1	0	0	17	2	2	18	19	19
S	11552	1	0	1	20	2	2	21	2	19
S	11553	1	0	0	20	2	2	21	2	19
S	11554	1	0	1	22	2	2	23	19	2
S	11555	1	0	0	22	2	2	23	19	2
S	11556	1	0	1	24	2	21	18	19	18
S	11557	1	0	0	24	2	21	18	19	18
S	11558	1	0	1	25	2	23	18	18	19
S	11559	1	0	0	25	2	23	18	18	19
S	11560	1	0	1	2	17	2	26	27	27
S	11561	1	0	0	2	17	2	26	27	27
S	11562	1	0	1	2	20	2	28	2	27
S	11563	1	0	0	2	20	2	28	2	27
S	11564	1	0	1	2	22	2	29	27	2
S	11565	1	0	0	2	22	2	29	27	2
S	11566	1	0	1	2	24	28	26	27	26
S	11567	1	0	0	2	24	28	26	27	26
S	11568	1	0	1	2	25	29	26	26	27
S	11569	1	0	0	2	25	29	26	26	27
S	11570	1	0	1	30	2	18	2	31	31
S	11571	1	0	0	30	2	18	2	31	31
S	11572	1	0	1	32	2	23	2	31	2
S	11573	1	0	0	32	2	23	2	31	2
S	11574	1	0	1	33	2	21	2	2	31
S	11575	1	0	0	33	2	21	2	2	31
S	11576	1	0	1	34	2	18	23	18	31
S	11577	1	0	0	34	2	18	23	18	31
S	11578	1	0	1	35	2	18	21	31	18
S	11579	1	0	0	35	2	18	21	31	18
S	11580	1	0	1	2	30	26	2	36	36
S	11581	1	0	0	2	30	26	2	36	36
S	11582	1	0	1	2	32	29	2	36	2
S	11583	1	0	0	2	32	29	2	36	2
S	11584	1	0	1	2	33	28	2	2	36
S	11585	1	0	0	2	33	28	2	2	36
S	11586	1	0	1	2	34	26	29	26	36
S	11587	1	0	0	2	34	26	29	26	36
S	11588	1	0	1	2	35	26	28	36	26
S	11589	1	0	0	2	35	26	28	36	26
S	11590	1	0	1	37	2	21	21	2	18
S	11591	1	0	0	37	2	21	21	2	18
S	11592	1	0	1	33	2	21	2	2	31
S	11593	1	0	0	33	2	21	2	2	31
S	11594	1	0	1	20	2	2	21	2	19
S	11595	1	0	0	20	2	2	21	2	19
S	11596	1	0	1	35	2	18	21	31	18
S	11597	1	0	0	35	2	18	21	31	18
S	11598	1	0	1	24	2	21	18	19	18
S	11599	1	0	0	24	2	21	18	19	18
S	11600	1	0	1	2	37	28	28	2	26
S	11601	1	0	0	2	37	28	28	2	26
S	11602	1	0	1	2	33	28	2	2	36
S	11603	1	0	0	2	33	28	2	2	36
S	11604	1	0	1	2	20	2	28	2	27
S	11605	1	0	0	2	20	2	28	2	27
S	11606	1	0	1	2	35	26	28	36	26
S	11607	1	0	0	2	35	26	28	36	26
S	11608	1	0	1	2	24	28	26	27	26
S	11609	1	0	0	2	24	28	26	27	26
S	11610	1	0	1	38	2	23	23	18	2
S	11611	1	0	0	38	2	23	23	18	2
S	11612	1	0	1	22	2	2	23	19	2
S	11613	1	0	0	22	2	2	23	19	2
S	11614	1	0	1	32	2	23	2	31	2
S	11615	1	0	0	32	2	23	2	31	2
S	11616	1	0	1	25	2	23	18	18	19
S	11617	1	0	0	25	2	23	18	18	19
S	11618	1	0	1	34	2	18	23	18	31
S	11619	1	0	0	34	2	18	23	18	31
S	11620	1	0	1	2	38	29	29	26	2
S	11621	1	0	0	2	38	29	29	26	2
S	11622	1	0	1	2	22	2	29	27	2
S	11623	1	0	0	2	22	2	29	27	2
S	11624	1	0	1	2	32	29	2	36	2
S	11625	1	0	0	2	32	29	2	36	2
S	11626	1	0	1	2	25	29	26	26	27
S	11627	1	0	0	2	25	29	26	26	27
S	11628	1	0	1	2	34	26	29	26	36
S	11629	1	0	0	2	34	26	29	26	36
S	11630	1	0	1	17	2	2	18	19	19
S	11631	1	0	0	17	2	2	18	19	19
S	11632	1	0	1	20	2	2	21	2	19
S	11633	1	0	0	20	2	2	21	2	19
S	11634	1	0	1	22	2	2	23	19	2
S	11635	1	0	0	22	2	2	23	19	2
S	11636	1	0	1	24	2	21	18	19	18
S	11637	1	0	0	24	2	21	18	19	18
S	11638	1	0	1	25	2	23	18	18	19
S	11639	1	0	0	25	2	23	18	18	19
S	11640	1	0	1	2	17	2	26	27	27
S	11641	1	0	0	2	17	2	26	27	27
S	11642	1	0	1	2	20	2	28	2	27
S	11643	1	0	0	2	20	2	28	2	27
S	11644	1	0	1	2	22	2	29	27	2
S	11645	1	0	0	2	22	2	29	27	2
S	11646	1	0	1	2	24	28	26	27	26
S	11647	1	0	0	2	24	28	26	27	26
S	11648	1	0	1	2	25	29	26	26	27
S	11649	1	0	0	2	25	29	26	26	27
S	11650	1	0	1	30	2	18	2	31	31
S	11651	1	0	0	30	2	18	2	31	31
S	11652	1	0	1	32	2	23	2	31	2
S	11653	1	0	0	32	2	23	2	31	2
S	11654	1	0	1	33	2	21	2	2	31
S	11655	1	0	0	33	2	21	2	2	31
S	11656	1	0	1	34	2	18	23	18	31
S	11657	1	0	0	34	2	18	23	18	31
S	11658	1	0	1	35	2	18	21	31	18
S	11659	1	0	0	35	2	18	21	31	18
S	11660	1	0	1	2	30	26	2	36	36
S	11661	1	0	0	2	30	26	2	36	36
S	11662	1	0	1	2	32	29	2	36	2
S	11663	1	0	0	2	32	29	2	36	2
S	11664	1	0	1	2	33	28	2	2	36
S	11665	1	0	0	2	33	28	2	2	36
S	11666	1	0	1	2	34	26	29	26	36
S	11667	1	0	0	2	34	26	29	26	36
S	11668	1	0	1	2	35	26	28	36	26
S	11669	1	0	0	2	35	26	28	36	26
S	11670	1	0	1	37	2	21	21	2	18
S	11671	1	0	0	37	2	21	21	2	18
S	11672	1	0	1	33	2	21	2	2	31
S	11673	1	0	0	33	2	21	2	2	31
S	11674	1	0	1	20	2	2	21	2	19
S	11675	1	0	0	20	2	2	21	2	19
S	11676	1	0	1	35	2	18	21	31	18
S	11677	1	0	0	35	2	18	21	31	18
S	11678	1	0	1	24	2	21	18	19	18
S	11679	1	0	0	24	2	21	18	19	18
S	11680	1	0	1	2	37	28	28	2	26
S	11681	1	0	0	2	37	28	28	2	26
S	11682	1	0	1	2	33	28	2	2	36
S	11683	1	0	0	2	33	28	2	2	36
S	11684	1	0	1	2	20	2	28	2	27
S	11685	1	0	0	2	20	2	28	2	27
S	11686	1	0	1	2	35	26	28	36	26
S	11687	1	0	0	2	35	26	28	36	26
S	11688	1	0	1	2	24	28	26	27	26
S	11689	1	0	0	2	24	28	26	27	26
S	11690	1	0	1	38	2	23	23	18	2
S	11691	1	0	0	38	2	23	23	18	2
S	11692	1	0	1	22	2	2	23	19	2
S	11693	1	0	0	22	2	2	23	19	2
S	11694	1	0	1	32	2	23	2	31	2
S	11695	1	0	0	32	2	23	2	31	2
S	11696	1	0	1	25	2	23	18	18	19
S	11697	1	0	0	25	2	23	18	18	19
S	11698	1	0	1	34	2	18	23	18	31
S	11699	1	0	0	34	2	18	23	18	31
S	11700	1	0	1	2	38	29	29	26	2
S	11701	1	0	0	2	38	29	29	26	2
S	11702	1	0	1	2	22	2	29	27	2
S	11703	1	0	0	2	22	2	29	27	2
S	11704	1	0	1	2	32	29	2	36	2
S	11705	1	0	0	2	32	29	2	36	2
S	11706	1	0	1	2	25	29	26	26	27
S	11707	1	0	0	2	25	29	26	26	27
S	11708	1	0	1	2	34	26	29	26	36
S	11709	1	0	0	2	34	26	29	26	36
S	11710	12	0	15	0	0	0	0	0	0
S	11722	1	15	1	0	0	0	0	0	0
S	11723	3	0	1	0	0	0	0	0	0
S	11726	3	0	0	0	0	0	0	0	0
S	11729	3	0	1	0	0	0	0	0	0
S	11732	3	0	0	0	0	0	0	0	0
S	11735	3	0	1	0	0	0	0	0	0
S	11738	3	0	0	0	0	0	0	0	0
S	11741	3	0	1	0	0	0	0	0	0
S	11744	3	0	0	0	0	0	0	0	0
S	11747	3	0	1	0	0	0	0	0	0
S	11750	3	0	0	0	0	0	0	0	0
S	11753	3	0	1	0	0	0	0	0	0
S	11756	3	0	0	0	0	0	0	0	0
S	11759	3	0	1	0	0	0	0	0	0
S	11762	3	0	0	0	0	0	0	0	0
S	11765	3	0	1	0	0	0	0	0	0
S	11768	3	0	0	0	0	0	0	0	0
S	11771	3	0	1	0	0	0	0	0	0
S	11774	3	0	0	0	0	0	0	0	0
S	11777	3	0	1	0	0	0	0	0	0
S	11780	3	0	0	0	0	0	0	0	0
S	11783	3	0	1	0	0	0	0	0	0
S	11786	3	0	0	0	0	0	0	0	0
S	11789	3	0	1	0	0	0	0	0	0
S	11792	3	0	0	0	0	0	0	0	0
S	11795	3	0	1	0	0	0	0	0	0
S	11798	3	0	0	0	0	0	0	0	0
S	11801	3	0	1	0	0	0	0	0	0
S	11804	3	0	0	0	0	0	0	0	0
S	11807	3	0	1	0	0	0	0	0	0
S	11810	3	0	0	0	0	0	0	0	0
S	11813	3	0	1	0	0	0	0	0	0
S	11816	3	0	0	0	0	0	0	0	0
S	11819	3	0	1	0	0	0	0	0	0
S	11822	3	0	0	0	0	0	0	0	0
S	11825	3	0	1	0	0	0	0	0	0
S	11828	3	0	0	0	0	0	0	0	0
S	11831	3	0	1	0	0	0	0	0	0
S	11834	3	0	0	0	0	0	0	0	0
S	11837	3	0	1	0	0	0	0	0	0
S	11840	3	0	0	0	0	0	0	0	0
S	11843	3	0	1	0	0	0	0	0	0
S	11846	3	0	0	0	0	0	0	0	0
S	11849	3	0	1	0	0	0	0	0	0
S	11852	3	0	0	0	0	0	0	0	0
S	11855	3	0	1	0	0	0	0	0	0
S	11858	3	0	0	0	0	0	0	0	0
S	11861	3	0	1	0	0	0	0	0	0
S	11864	3	0	0	0	0	0	0	0	0
S	11867	3	0	1	0	0	0	0	0	0
S	11870	3	0	0	0	0	0	0	0	0
S	11873	3	0	1	0	0	0	0	0	0
S	11876	3	0	0	0	0	0	0	0	0
S	11879	3	0	1	0	0	0	0	0	0
S	11882	3	0	0	0	0	0	0	0	0
S	11885	3	0	1	0	0	0	0	0	0
S	11888	3	0	0	0	0	0	0	0	0
S	11891	3	0	1	0	0	0	0	0	0
S	11894	3	0	0	0	0	0	0	0	0
S	11897	3	0	1	0	0	0	0	0	0
S	11900	3	0	0	0	0	0	0	0	0
S	11903	3	0	1	0	0	0	0	0	0
S	11906	3	0	0	0	0	0	0	0	0
S	11909	3	0	1	0	0	0	0	0	0
S	11912	3	0	0	0	0	0	0	0	0
S	11915	3	0	1	0	0	0	0	0	0
S	11918	3	0	0	0	0	0	0	0	0
S	11921	3	0	1	0	0	0	0	0	0
S	11924	3	0	0	0	0	0	0	0	0
S	11927	3	0	1	0	0	0	0	0	0
S	11930	3	0	0	0	0	0	0	0	0
S	11933	3	0	1	0	0	0	0	0	0
S	11936	3	0	0	0	0	0	0	0	0
S	11939	3	0	1	0	0	0	0	0	0
S	11942	3	0	0	0	0	0	0	0	0
S	11945	3	0	1	0	0	0	0	0	0
S	11948	3	0	0	0	0	0	0	0	0
S	11951	3	0	1	0	0	0	0	0	0
S	11954	3	0	0	0	0	0	0	0	0
S	11957	3	0	1	0	0	0	0	0	0
S	11960	3	0	0	0	0	0	0	0	0
S	11963	3	0	1	0	0	0	0	0	0
S	11966	3	0	0	0	0	0	0	0	0
S	11969	3	0	1	0	0	0	0	0	0
S	11972	3	0	0	0	0	0	0	0	0
S	11975	3	0	1	0	0	0	0	0	0
S	11978	3	0	0	0	0	0	0	0	0
S	11981	3	0	1	0	0	0	0	0	0
S	11984	3	0	0	0	0	0	0	0	0
S	11987	3	0	1	0	0	0	0	0	0
S	11990	3	0	0	0	0	0	0	0	0
S	11993	3	0	1	0	0	0	0	0	0
S	11996	3	0	0	0	0	0	0	0	0
S	11999	3	0	1	0	0	0	0	0	0
S	12002	3	0	0	0	0	0	0	0	0
S	12005	3	0	1	0	0	0	0	0	0
S	12008	3	0	0	0	0	0	0	0	0
S	12011	3	0	1	0	0	0	0	0	0
S	12014	3	0	0	0	0	0	0	0	0
S	12017	3	0	1	0	0	0	0	0	0
S	12020	3	0	0	0	0	0	0	0	0
S	12023	3	0	1	0	0	0	0	0	0
S	12026	3	0	0	0	0	0	0	0	0
S	12029	3	0	1	0	0	0	0	0	0
S	12032	3	0	0	0	0	0	0	0	0
S	12035	3	0	1	0	0	0	0	0	0
S	12038	3	0	0	0	0	0	0	0	0
S	12041	3	0	1	0	0	0	0	0	0
S	12044	3	0	0	0	0	0	0	0	0
S	12047	3	0	1	0	0	0	0	0	0
S	12050	3	0	0	0	0	0	0	0	0
S	12053	3	0	1	0	0	0	0	0	0
S	12056	3	0	0	0	0	0	0	0	0
S	12059	3	0	1	0	0	0	0	0	0
S	12062	3	0	0	0	0	0	0	0	0
S	12065	3	0	1	0	0	0	0	0	0
S	12068	3	0	0	0	0	0	0	0	0
S	12071	3	0	1	0	0	0	0	0	0
S	12074	3	0	0	0	0	0	0	0	0
S	12077	3	0	1	0	0	0	0	0	0
S	12080	3	0	0	0	0	0	0	0	0
S	12083	3	0	1	0	0	0	0	0	0
S	12086	3	0	0	0	0	0	0	0	0
S	12089	3	0	1	0	0	0	0	0	0
S	12092	3	0	0	0	0	0	0	0	0
S	12095	3	0	1	0	0	0	0	0	0
S	12098	3	0	0	0	0	0	0	0	0
S	12101	3	0	1	0	0	0	0	0	0
S	12104	3	0	0	0	0	0	0	0	0
S	12107	3	0	1	0	0	0	0	0	0
S	12110	3	0	0	0	0	0	0	0	0
S	12113	3	0	1	0	0	0	0	0	0
S	12116	3	0	0	0	0	0	0	0	0
S	12119	3	0	1	0	0	0	0	0	0
S	12122	3	0	0	0	0	0	0	0	0
S	12125	3	0	1	0	0	0	0	0	0
S	12128	3	0	0	0	0	0	0	0	0
S	12131	3	0	1	0	0	0	0	0	0
S	12134	3	0	0	0	0	0	0	0	0
S	12137	3	0	1	0	0	0	0	0	0
S	12140	3	0	0	0	0	0	0	0	0
S	12143	3	0	1	0	0	0	0	0	0
S	12146	3	0	0	0	0	0	0	0	0
S	12149	3	0	1	0	0	0	0	0	0
S	12152	3	0	0	0	0	0	0	0	0
S	12155	3	0	1	0	0	0	0	0	0
S	12158	3	0	0	0	0	0	0	0	0
S	12161	3	0	1	0	0	0	0	0	0
S	12164	3	0	0	0	0	0	0	0	0
S	12167	3	0	1	0	0	0	0	0	0
S	12170	3	0	0	0	0	0	0	0	0
S	12173	3	0	1	0	0	0	0	0	0
S	12176	3	0	0	0	0	0	0	0	0
S	12179	3	0	1	0	0	0	0	0	0
S	12182	3	0	0	0	0	0	0	0	0
S	12185	3	0	1	0	0	0	0	0	0
S	12188	3	0	0	0	0	0	0	0	0
S	12191	3	0	1	0	0	0	0	0	0
S	12194	3	0	0	0	0	0	0	0	0
S	12197	3	0	1	0	0	0	0	0	0
S	12200	3	0	0	0	0	0	0	0	0
S	12203	3	0	1	0	0	0	0	0	0
S	12206	3	0	0	0	0	0	0	0	0
S	12209	3	0	1	0	0	0	0	0	0
S	12212	3	0	0	0	0	0	0	0	0
S	12215	3	0	1	0	0	0	0	0	0
S	12218	3	0	0	0	0	0	0	0	0
S	12221	3	0	1	0	0	0	0	0	0
S	12224	3	0	0	0	0	0	0	0	0
S	12227	3	0	1	0	0	0	0	0	0
S	12230	3	0	0	0	0	0	0	0	0
S	12233	3	0	1	0	0	0	0	0	0
S	12236	3	0	0	0	0	0	0	0	0
S	12239	3	0	1	0	0	0	0	0	0
S	12242	3	0	0	0	0	0	0	0	0
S	12245	3	0	1	0	0	0	0	0	0
S	12248	3	0	0	0	0	0	0	0	0
S	12251	3	0	1	0	0	0	0	0	0
S	12254	3	0	0	0	0	0	0	0	0
S	12257	3	0	1	0	0	0	0	0	0
S	12260	3	0	0	0	0	0	0	0	0
S	12263	3	0	1	0	0	0	0	0	0
S	12266	3	0	0	0	0	0	0	0	0
S	12269	3	0	1	0	0	0	0	0	0
S	12272	3	0	0	0	0	0	0	0	0
S	12275	3	0	1	0	0	0	0	0	0
S	12278	3	0	0	0	0	0	0	0	0
S	12281	3	0	1	0	0	0	0	0	0
S	12284	3	0	0	0	0	0	0	0	0
S	12287	3	0	1	0	0	0	0	0	0
S	12290	3	0	0	0	0	0	0	0	0
S	12293	3	0	1	0	0	0	0	0	0
S	12296	3	0	0	0	0	0	0	0	0
S	12299	3	0	1	0	0	0	0	0	0
S	12302	3	0	0	0	0	0	0	0	0
S	12305	3	0	1	0	0	0	0	0	0
S	12308	3	0	0	0	0	0	0	0	0
S	12311	3	0	1	0	0	0	0	0	0
S	12314	3	0	0	0	0	0	0	0	0
S	12317	3	0	1	0	0	0	0	0	0
S	12320	3	0	0	0	0	0	0	0	0
S	12323	3	0	1	0	0	0	0	0	0
S	12326	3	0	0	0	0	0	0	0	0
S	12329	3	0	1	0	0	0	0	0	0
S	12332	3	0	0	0	0	0	0	0	0
S	12335	3	0	1	0	0	0	0	0	0
S	12338	3	0	0	0	0	0	0	0	0
S	12341	3	0	1	0	0	0	0	0	0
S	12344	3	0	0	0	0	0	0	0	0
S	12347	3	0	1	0	0	0	0	0	0
S	12350	3	0	0	0	0	0	0	0	0
S	12353	3	0	1	0	0	0	0	0	0
S	12356	3	0	0	0	0	0	0	0	0
S	12359	3	0	1	0	0	0	0	0	0
S	12362	3	0	0	0	0	0	0	0	0
S	12365	3	0	1	0	0	0	0	0	0
S	12368	606	0	0	0	0	0	0	0	0
S	12974	1	0	1	0	0	0	0	0	0
S	12975	1	0	0	0	0	0	0	0	0
S	12976	1	0	1	0	0	0	0	0	0
S	12977	1	0	0	0	0	0	0	0	0
S	12978	1	0	1	0	0	0	0	0	0
S	12979	1	0	0	0	0	0	0	0	0
S	12980	1	0	1	0	0	0	0	0	0
S	12981	1	0	0	0	0	0	0	0	0
S	12982	1	0	1	0	0	0	0	0	0
S	12983	1	0	0	0	0	0	0	0	0
S	12984	1	0	1	0	0	0	0	0	0
S	12985	1	0	0	0	0	0	0	0	0
S	12986	1	0	1	0	0	0	0	0	0
S	12987	1	0	0	0	0	0	0	0	0
S	12988	1	0	1	0	0	0	0	0	0
S	12989	1	0	0	0	0	0	0	0	0
S	12990	1	0	1	0	0	0	0	0	0
S	12991	1	0	0	0	0	0	0	0	0
S	12992	1	0	1	0	0	0	0	0	0
S	12993	1	0	0	0	0	0	0	0	0
S	12994	1	0	1	0	0	0	0	0	0
S	12995	1	0	0	0	0	0	0	0	0
S	12996	1	0	1	0	0	0	0	0	0
S	12997	49	0	0	0	0	0	0	0	0
S	13046	32	0	0	2	0	49	49	49	49
S	13078	2	0	15	0	0	0	0	0	0
S	13080	10	0	0	0	0	0	0	0	0
S	13090	5	0	15	0	0	0	0	0	0
S	13095	1	0	1	17	2	2	18	19	19
S	13096	1	0	0	17	2	2	18	19	19
S	13097	1	0	1	20	2	2	21	2	19
S	13098	1	0	0	20	2	2	21	2	19
S	13099	1	0	1	22	2	2	23	19	2
S	13100	1	0	0	22	2	2	23	19	2
S	13101	1	0	1	24	2	21	18	19	18
S	13102	1	0	0	24	2	21	18	19	18
S	13103	1	0	1	25	2	23	18	18	19
S	13104	1	0	0	25	2	23	18	18	19
S	13105	1	0	1	2	17	2	26	27	27
S	13106	1	0	0	2	17	2	26	27	27
S	13107	1	0	1	2	20	2	28	2	27
S	13108	1	0	0	2	20	2	28	2	27
S	13109	1	0	1	2	22	2	29	27	2
S	13110	1	0	0	2	22	2	29	27	2
S	13111	1	0	1	2	24	28	26	27	26
S	13112	1	0	0	2	24	28	26	27	26
S	13113	1	0	1	2	25	29	26	26	27
S	13114	1	0	0	2	25	29	26	26	27
S	13115	1	0	1	30	2	18	2	31	31
S	13116	1	0	0	30	2	18	2	31	31
S	13117	1	0	1	32	2	23	2	31	2
S	13118	1	0	0	32	2	23	2	31	2
S	13119	1	0	1	33	2	21	2	2	31
S	13120	1	0	0	33	2	21	2	2	31
S	13121	1	0	1	34	2	18	23	18	31
S	13122	1	0	0	34	2	18	23	18	31
S	13123	1	0	1	35	2	18	21	31	18
S	13124	1	0	0	35	2	18	21	31	18
S	13125	1	0	1	2	30	26	2	36	36
S	13126	1	0	0	2	30	26	2	36	36
S	13127	1	0	1	2	32	29	2	36	2
S	13128	1	0	0	2	32	29	2	36	2
S	13129	1	0	1	2	33	28	2	2	36
S	13130	1	0	0	2	33	28	2	2	36
S	13131	1	0	1	2	34	26	29	26	36
S	13132	1	0	0	2	34	26	29	26	36
S	13133	1	0	1	2	35	26	28	36	26
S	13134	1	0	0	2	35	26	28	36	26
S	13135	1	0	1	37	2	21	21	2	18
S	13136	1	0	0	37	2	21	21	2	18
S	13137	1	0	1	33	2	21	2	2	31
S	13138	1	0	0	33	2	21	2	2	31
S	13139	1	0	1	20	2	2	21	2	19
S	13140	1	0	0	20	2	2	21	2	19
S	13141	1	0	1	35	2	18	21	31	18
S	13142	1	0	0	35	2	18	21	31	18
S	13143	1	0	1	24	2	21	18	19	18
S	13144	1	0	0	24	2	21	18	19	18
S	13145	1	0	1	2	37	28	28	2	26
S	13146	1	0	0	2	37	28	28	2	26
S	13147	1	0	1	2	33	28	2	2	36
S	13148	1	0	0	2	33	28	2	2	36
S	13149	1	0	1	2	20	2	28	2	27
S	13150	1	0	0	2	20	2	28	2	27
S	13151	1	0	1	2	35	26	28	36	26
S	13152	1	0	0	2	35	26	28	36	26
S	13153	1	0	1	2	24	28	26	27	26
S	13154	1	0	0	2	24	28	26	27	26
S	13155	1	0	1	38	2	23	23	18	2
S	13156	1	0	0	38	2	23	23	18	2
S	13157	1	0	1	22	2	2	23	19	2
S	13158	1	0	0	22	2	2	23	19	2
S	13159	1	0	1	32	2	23	2	31	2
S	13160	1	0	0	32	2	23	2	31	2
S	13161	1	0	1	25	2	23	18	18	19
S	13162	1	0	0	25	2	23	18	18	19
S	13163	1	0	1	34	2	18	23	18	31
S	13164	1	0	0	34	2	18	23	18	31
S	13165	1	0	1	2	38	29	29	26	2
S	13166	1	0	0	2	38	29	29	26	2
S	13167	1	0	1	2	22	2	29	27	2
S	13168	1	0	0	2	22	2	29	27	2
S	13169	1	0	1	2	32	29	2	36	2
S	13170	1	0	0	2	32	29	2	36	2
S	13171	1	0	1	2	25	29	26	26	27
S	13172	1	0	0	2	25	29	26	26	27
S	13173	1	0	1	2	34	26	29	26	36
S	13174	1	0	0	2	34	26	29	26	36
S	13175	1	0	1	0	0	0	0	0	0
S	13176	1	0	0	0	0	0	0	0	0
S	13177	1	0	1	0	0	0	0	0	0
S	13178	1	0	0	0	0	0	0	0	0
S	13179	1	0	1	0	0	0	0	0	0
S	13180	1	0	0	0	0	0	0	0	0
S	13181	1	0	1	0	0	0	0	0	0
S	13182	1	0	0	0	0	0	0	0	0
S	13183	1	0	1	0	0	0	0	0	0
S	13184	1	0	0	0	0	0	0	0	0
S	13185	1	0	1	0	0	0	0	0	0
S	13186	1	0	0	0	0	0	0	0	0
S	13187	1	0	1	0	0	0	0	0	0
S	13188	1	0	0	0	0	0	0	0	0
S	13189	1	0	1	0	0	0	0	0	0
S	13190	1	0	0	0	0	0	0	0	0
S	13191	1	0	1	0	0	0	0	0	0
S	13192	1	0	0	0	0	0	0	0	0
S	13193	1	0	1	0	0	0	0	0	0
S	13194	1	0	0	0	0	0	0	0	0
S	13195	1	0	1	0	0	0	0	0	0
S	13196	1	0	0	0	0	0	0	0	0
S	13197	1	0	1	0	0	0	0	0	0
S	13198	1	0	0	0	0	0	0	0	0
S	13199	28	0	15	0	0	0	0	0	0
S	13227	2	0	1	0	0	0	0	0	0
S	13229	2	0	0	0	0	0	0	0	0
S	13231	2	0	1	0	0	0	0	0	0
S	13233	2	0	0	0	0	0	0	0	0
S	13235	2	0	1	0	0	0	0	0	0
S	13237	2	0	0	0	0	0	0	0	0
S	13239	2	0	1	0	0	0	0	0	0
S	13241	2	0	0	0	0	0	0	0	0
S	13243	2	0	1	0	0	0	0	0	0
S	13245	2	0	0	0	0	0	0	0	0
S	13247	2	0	1	0	0	0	0	0	0
S	13249	2	0	0	0	0	0	0	0	0
S	13251	2	0	1	0	0	0	0	0	0
S	13253	2	0	0	0	0	0	0	0	0
S	13255	2	0	1	0	0	0	0	0	0
S	13257	2	0	0	0	0	0	0	0	0
S	13259	2	0	1	0	0	0	0	0	0
S	13261	2	0	0	0	0	0	0	0	0
S	13263	2	0	1	0	0	0	0	0	0
S	13265	2	0	0	0	0	0	0	0	0
S	13267	2	0	1	0	0	0	0	0	0
S	13269	2	0	0	0	0	0	0	0	0
S	13271	2	0	1	0	0	0	0	0	0
S	13273	2	0	0	0	0	0	0	0	0
S	13275	2	0	1	0	0	0	0	0	0
S	13277	2	0	0	0	0	0	0	0	0
S	13279	2	0	1	0	0	0	0	0	0
S	13281	2	0	0	0	0	0	0	0	0
S	13283	2	0	1	0	0	0	0	0	0
S	13285	2	0	0	0	0	0	0	0	0
S	13287	2	0	1	0	0	0	0	0	0
S	13289	2	0	0	0	0	0	0	0	0
S	13291	2	0	1	0	0	0	0	0	0
S	13293	2	0	0	0	0	0	0	0	0
S	13295	2	0	1	0	0	0	0	0	0
S	13297	2	0	0	0	0	0	0	0	0
S	13299	2	0	1	0	0	0	0	0	0
S	13301	2	0	0	0	0	0	0	0	0
S	13303	2	0	1	0	0	0	0	0	0
S	13305	2	0	0	0	0	0	0	0	0
S	13307	2	0	1	0	0	0	0	0	0
S	13309	2	0	0	0	0	0	0	0	0
S	13311	2	0	1	0	0	0	0	0	0
S	13313	2	0	0	0	0	0	0	0	0
S	13315	2	0	1	0	0	0	0	0	0
S	13317	2	0	0	0	0	0	0	0	0
S	13319	2	0	1	0	0	0	0	0	0
S	13321	2	0	0	0	0	0	0	0	0
S	13323	2	0	1	0	0	0	0	0	0
S	13325	2	0	0	0	0	0	0	0	0
S	13327	2	0	1	0	0	0	0	0	0
S	13329	2	0	0	0	0	0	0	0	0
S	13331	2	0	1	0	0	0	0	0	0
S	13333	2	0	0	0	0	0	0	0	0
S	13335	2	0	1	0	0	0	0	0	0
S	13337	2	0	0	0	0	0	0	0	0
S	13339	2	0	1	0	0	0	0	0	0
S	13341	2	0	0	0	0	0	0	0	0
S	13343	2	0	1	0	0	0	0	0	0
S	13345	2	0	0	0	0	0	0	0	0
S	13347	2	0	1	0	0	0	0	0	0
S	13349	2	0	0	0	0	0	0	0	0
S	13351	2	0	1	0	0	0	0	0	0
S	13353	2	0	0	0	0	0	0	0	0
S	13355	2	0	1	0	0	0	0	0	0
S	13357	2	0	0	0	0	0	0	0	0
S	13359	2	0	1	0	0	0	0	0	0
S	13361	2	0	0	0	0	0	0	0	0
S	13363	2	0	1	0	0	0	0	0	0
S	13365	2	0	0	0	0	0	0	0	0
S	13367	2	0	1	0	0	0	0	0	0
S	13369	2	0	0	0	0	0	0	0	0
S	13371	2	0	1	0	0	0	0	0	0
S	13373	2	0	0	0	0	0	0	0	0
S	13375	2	0	1	0	0	0	0	0	0
S	13377	2	0	0	0	0	0	0	0	0
S	13379	2	0	1	0	0	0	0	0	0
S	13381	2	0	0	0	0	0	0	0	0
S	13383	2	0	1	0	0	0	0	0	0
S	13385	2	0	0	0	0	0	0	0	0
S	13387	2	0	1	0	0	0	0	0	0
S	13389	2	0	0	0	0	0	0	0	0
S	13391	2	0	1	0	0	0	0	0	0
S	13393	2	0	0	0	0	0	0	0	0
S	13395	2	0	1	0	0	0	0	0	0
S	13397	2	0	0	0	0	0	0	0	0
S	13399	2	0	1	0	0	0	0	0	0
S	13401	2	0	0	0	0	0	0	0	0
S	13403	2	0	1	0	0	0	0	0	0
S	13405	2	0	0	0	0	0	0	0	0
S	13407	2	0	1	0	0	0	0	0	0
S	13409	2	0	0	0	0	0	0	0	0
S	13411	2	0	1	0	0	0	0	0	0
S	13413	2	0	0	0	0	0	0	0	0
S	13415	2	0	1	0	0	0	0	0	0
S	13417	2	0	0	0	0	0	0	0	0
S	13419	2	0	1	0	0	0	0	0	0
S	13421	2	0	0	0	0	0	0	0	0
S	13423	2	0	1	0	0	0	0	0	0
S	13425	2	0	0	0	0	0	0	0	0
S	13427	2	0	1	0	0	0	0	0	0
S	13429	2	0	0	0	0	0	0	0	0
S	13431	2	0	1	0	0	0	0	0	0
S	13433	2	0	0	0	0	0	0	0	0
S	13435	2	0	1	0	0	0	0	0	0
S	13437	2	0	0	0	0	0	0	0	0
S	13439	2	0	1	0	0	0	0	0	0
S	13441	2	0	0	0	0	0	0	0	0
S	13443	2	0	1	0	0	0	0	0	0
S	13445	2	0	0	0	0	0	0	0	0
S	13447	2	0	1	0	0	0	0	0	0
S	13449	2	0	0	0	0	0	0	0	0
S	13451	2	0	1	0	0	0	0	0	0
S	13453	2	0	0	0	0	0	0	0	0
S	13455	2	0	1	0	0	0	0	0	0
S	13457	2	0	0	0	0	0	0	0	0
S	13459	2	0	1	0	0	0	0	0	0
S	13461	2	0	0	0	0	0	0	0	0
S	13463	2	0	1	0	0	0	0	0	0
S	13465	2	0	0	0	0	0	0	0	0
S	13467	2	0	1	0	0	0	0	0	0
S	13469	2	0	0	0	0	0	0	0	0
S	13471	2	0	1	0	0	0	0	0	0
S	13473	2	0	0	0	0	0	0	0	0
S	13475	2	0	1	0	0	0	0	0	0
S	13477	2	0	0	0	0	0	0	0	0
S	13479	2	0	1	0	0	0	0	0	0
S	13481	2	0	0	0	0	0	0	0	0
S	13483	2	0	1	0	0	0	0	0	0
S	13485	2	0	0	0	0	0	0	0	0
S	13487	2	0	1	0	0	0	0	0	0
S	13489	2	0	0	0	0	0	0	0	0
S	13491	2	0	1	0	0	0	0	0	0
S	13493	2	0	0	0	0	0	0	0	0
S	13495	2	0	1	0	0	0	0	0	0
S	13497	2	0	0	0	0	0	0	0	0
S	13499	2	0	1	0	0	0	0	0	0
S	13501	2	0	0	0	0	0	0	0	0
S	13503	2	0	1	0	0	0	0	0	0
S	13505	2	0	0	0	0	0	0	0	0
S	13507	2	0	1	0	0	0	0	0	0
S	13509	2	0	0	0	0	0	0	0	0
S	13511	2	0	1	0	0	0	0	0	0
S	13513	2	0	0	0	0	0	0	0	0
S	13515	2	0	1	0	0	0	0	0	0
S	13517	2	0	0	0	0	0	0	0	0
S	13519	2	0	1	0	0	0	0	0	0
S	13521	2	0	0	0	0	0	0	0	0
S	13523	2	0	1	0	0	0	0	0	0
S	13525	2	0	0	0	0	0	0	0	0
S	13527	2	0	1	0	0	0	0	0	0
S	13529	2	0	0	0	0	0	0	0	0
S	13531	2	0	1	0	0	0	0	0	0
S	13533	2	0	0	0	0	0	0	0	0
S	13535	2	0	1	0	0	0	0	0	0
S	13537	2	0	0	0	0	0	0	0	0
S	13539	2	0	1	0	0	0	0	0	0
S	13541	2	0	0	0	0	0	0	0	0
S	13543	2	0	1	0	0	0	0	0	0
S	13545	2	0	0	0	0	0	0	0	0
S	13547	2	0	1	0	0	0	0	0	0
S	13549	2	0	0	0	0	0	0	0	0
S	13551	2	0	1	0	0	0	0	0	0
S	13553	2	0	0	0	0	0	0	0	0
S	13555	2	0	1	0	0	0	0	0	0
S	13557	2	0	0	0	0	0	0	0	0
S	13559	2	0	1	0	0	0	0	0	0
S	13561	2	0	0	0	0	0	0	0	0
S	13563	2	0	1	0	0	0	0	0	0
S	13565	2	0	0	0	0	0	0	0	0
S	13567	2	0	1	0	0	0	0	0	0
S	13569	2	0	0	0	0	0	0	0	0
S	13571	2	0	1	0	0	0	0	0	0
S	13573	2	0	0	0	0	0	0	0	0
S	13575	2	0	1	0	0	0	0	0	0
S	13577	2	0	0	0	0	0	0	0	0
S	13579	2	0	1	0	0	0	0	0	0
S	13581	2	0	0	0	0	0	0	0	0
S	13583	2	0	1	0	0	0	0	0	0
S	13585	2	0	0	0	0	0	0	0	0
S	13587	2	0	1	0	0	0	0	0	0
S	13589	2	0	0	0	0	0	0	0	0
S	13591	2	0	1	0	0	0	0	0	0
S	13593	2	0	0	0	0	0	0	0	0
S	13595	2	0	1	0	0	0	0	0	0
S	13597	2	0	0	0	0	0	0	0	0
S	13599	2	0	1	0	0	0	0	0	0
S	13601	2	0	0	0	0	0	0	0	0
S	13603	2	0	1	0	0	0	0	0	0
S	13605	2	0	0	0	0	0	0	0	0
S	13607	2	0	1	0	0	0	0	0	0
S	13609	2	0	0	0	0	0	0	0	0
S	13611	2	0	1	0	0	0	0	0	0
S	13613	2	0	0	0	0	0	0	0	0
S	13615	2	0	1	0	0	0	0	0	0
S	13617	2	0	0	0	0	0	0	0	0
S	13619	2	0	1	0	0	0	0	0	0
S	13621	2	0	0	0	0	0	0	0	0
S	13623	2	0	1	0	0	0	0	0	0
S	13625	2	0	0	0	0	0	0	0	0
S	13627	2	0	1	0	0	0	0	0	0
S	13629	2	0	0	0	0	0	0	0	0
S	13631	2	0	1	0	0	0	0	0	0
S	13633	2	0	0	0	0	0	0	0	0
S	13635	2	0	1	0	0	0	0	0	0
S	13637	2	0	0	0	0	0	0	0	0
S	13639	2	0	1	0	0	0	0	0	0
S	13641	2	0	0	0	0	0	0	0	0
S	13643	2	0	1	0	0	0	0	0	0
S	13645	2	0	0	0	0	0	0	0	0
S	13647	2	0	1	0	0	0	0	0	0
S	13649	2	0	0	0	0	0	0	0	0
S	13651	2	0	1	0	0	0	0	0	0
S	13653	2	0	0	0	0	0	0	0	0
S	13655	2	0	1	0	0	0	0	0	0
S	13657	2	0	0	0	0	0	0	0	0
S	13659	2	0	1	0	0	0	0	0	0
S	13661	2	0	0	0	0	0	0	0	0
S	13663	2	0	1	0	0	0	0	0	0
S	13665	2	0	0	0	0	0	0	0	0
S	13667	2	0	1	0	0	0	0	0	0
S	13669	2	0	0	0	0	0	0	0	0
S	13671	2	0	1	0	0	0	0	0	0
S	13673	2	0	0	0	0	0	0	0	0
S	13675	2	0	1	0	0	0	0	0	0
S	13677	2	0	0	0	0	0	0	0	0
S	13679	2	0	1	0	0	0	0	0	0
S	13681	2	0	0	0	0	0	0	0	0
S	13683	2	0	1	0	0	0	0	0	0
S	13685	2	0	0	0	0	0	0	0	0
S	13687	2	0	1	0	0	0	0	0	0
S	13689	2	0	0	0	0	0	0	0	0
S	13691	2	0	1	0	0	0	0	0	0
S	13693	2	0	0	0	0	0	0	0	0
S	13695	2	0	1	0	0	0	0	0	0
S	13697	2	0	0	0	0	0	0	0	0
S	13699	2	0	1	0	0	0	0	0	0
S	13701	2	0	0	0	0	0	0	0	0
S	13703	2	0	1	0	0	0	0	0	0
S	13705	2	0	0	0	0	0	0	0	0
S	13707	2	0	1	0	0	0	0	0	0
S	13709	2	0	0	0	0	0	0	0	0
S	13711	2	0	1	0	0	0	0	0	0
S	13713	2	0	0	0	0	0	0	0	0
S	13715	2	0	1	0	0	0	0	0	0
S	13717	2	0	0	0	0	0	0	0	0
S	13719	2	0	1	0	0	0	0	0	0
S	13721	2	0	0	0	0	0	0	0	0
S	13723	2	0	1	0	0	0	0	0	0
S	13725	2	0	0	0	0	0	0	0	0
S	13727	2	0	1	0	0	0	0	0	0
S	13729	2	0	0	0	0	0	0	0	0
S	13731	2	0	1	0	0	0	0	0	0
S	13733	2	0	0	0	0	0	0	0	0
S	13735	2	0	1	0	0	0	0	0	0
S	13737	2	0	0	0	0	0	0	0	0
S	13739	1	0	1	17	2	2	18	19	19
S	13740	1	0	0	17	2	2	18	19	19
S	13741	1	0	1	20	2	2	21	2	19
S	13742	1	0	0	20	2	2	21	2	19
S	13743	1	0	1	22	2	2	23	19	2
S	13744	1	0	0	22	2	2	23	19	2
S	13745	1	0	1	24	2	21	18	19	18
S	13746	1	0	0	24	2	21	18	19	18
S	13747	1	0	1	25	2	23	18	18	19
S	13748	1	0	0	25	2	23	18	18	19
S	13749	1	0	1	2	17	2	26	27	27
S	13750	1	0	0	2	17	2	26	27	27
S	13751	1	0	1	2	20	2	28	2	27
S	13752	1	0	0	2	20	2	28	2	27
S	13753	1	0	1	2	22	2	29	27	2
S	13754	1	0	0	2	22	2	29	27	2
S	13755	1	0	1	2	24	28	26	27	26
S	13756	1	0	0	2	24	28	26	27	26
S	13757	1	0	1	2	25	29	26	26	27
S	13758	1	0	0	2	25	29	26	26	27
S	13759	1	0	1	30	2	18	2	31	31
S	13760	1	0	0	30	2	18	2	31	31
S	13761	1	0	1	32	2	23	2	31	2
S	13762	1	0	0	32	2	23	2	31	2
S	13763	1	0	1	33	2	21	2	2	31
S	13764	1	0	0	33	2	21	2	2	31
S	13765	1	0	1	34	2	18	23	18	31
S	13766	1	0	0	34	2	18	23	18	31
S	13767	1	0	1	35	2	18	21	31	18
S	13768	1	0	0	35	2	18	21	31	18
S	13769	1	0	1	2	30	26	2	36	36
S	13770	1	0	0	2	30	26	2	36	36
S	13771	1	0	1	2	32	29	2	36	2
S	13772	1	0	0	2	32	29	2	36	2
S	13773	1	0	1	2	33	28	2	2	36
S	13774	1	0	0	2	33	28	2	2	36
S	13775	1	0	1	2	34	26	29	26	36
S	13776	1	0	0	2	34	26	29	26	36
S	13777	1	0	1	2	35	26	28	36	26
S	13778	1	0	0	2	35	26	28	36	26
S	13779	1	0	1	37	2	21	21	2	18
S	13780	1	0	0	37	2	21	21	2	18
S	13781	1	0	1	33	2	21	2	2	31
S	13782	1	0	0	33	2	21	2	2	31
S	13783	1	0	1	20	2	2	21	2	19
S	13784	1	0	0	20	2	2	21	2	19
S	13785	1	0	1	35	2	18	21	31	18
S	13786	1	0	0	35	2	18	21	31	18
S	13787	1	0	1	24	2	21	18	19	18
S	13788	1	0	0	24	2	21	18	19	18
S	13789	1	0	1	2	37	28	28	2	26
S	13790	1	0	0	2	37	28	28	2	26
S	13791	1	0	1	2	33	28	2	2	36
S	13792	1	0	0	2	33	28	2	2	36
S	13793	1	0	1	2	20	2	28	2	27
S	13794	1	0	0	2	20	2	28	2	27
S	13795	1	0	1	2	35	26	28	36	26
S	13796	1	0	0	2	35	26	28	36	26
S	13797	1	0	1	2	24	28	26	27	26
S	13798	1	0	0	2	24	28	26	27	26
S	13799	1	0	1	38	2	23	23	18	2
S	13800	1	0	0	38	2	23	23	18	2
S	13801	1	0	1	22	2	2	23	19	2
S	13802	1	0	0	22	2	2	23	19	2
S	13803	1	0	1	32	2	23	2	31	2
S	13804	1	0	0	32	2	23	2	31	2
S	13805	1	0	1	25	2	23	18	18	19
S	13806	1	0	0	25	2	23	18	18	19
S	13807	1	0	1	34	2	18	23	18	31
S	13808	1	0	0	34	2	18	23	18	31
S	13809	1	0	1	2	38	29	29	26	2
S	13810	1	0	0	2	38	29	29	26	2
S	13811	1	0	1	2	22	2	29	27	2
S	13812	1	0	0	2	22	2	29	27	2
S	13813	1	0	1	2	32	29	2	36	2
S	13814	1	0	0	2	32	29	2	36	2
S	13815	1	0	1	2	25	29	26	26	27
S	13816	1	0	0	2	25	29	26	26	27
S	13817	1	0	1	2	34	26	29	26	36
S	13818	1	0	0	2	34	26	29	26	36
S	13819	1	0	1	17	2	2	18	19	19
S	13820	1	0	0	17	2	2	18	19	19
S	13821	1	0	1	20	2	2	21	2	19
S	13822	1	0	0	20	2	2	21	2	19
S	13823	1	0	1	22	2	2	23	19	2
S	13824	1	0	0	22	2	2	23	19	2
S	13825	1	0	1	24	2	21	18	19	18
S	13826	1	0	0	24	2	21	18	19	18
S	13827	1	0	1	25	2	23	18	18	19
S	13828	1	0	0	25	2	23	18	18	19
S	13829	1	0	1	2	17	2	26	27	27
S	13830	1	0	0	2	17	2	26	27	27
S	13831	1	0	1	2	20	2	28	2	27
S	13832	1	0	0	2	20	2	28	2	27
S	13833	1	0	1	2	22	2	29	27	2
S	13834	1	0	0	2	22	2	29	27	2
S	13835	1	0	1	2	24	28	26	27	26
S	13836	1	0	0	2	24	28	26	27	26
S	13837	1	0	1	2	25	29	26	26	27
S	13838	1	0	0	2	25	29	26	26	27
S	13839	1	0	1	30	2	18	2	31	31
S	13840	1	0	0	30	2	18	2	31	31
S	13841	1	0	1	32	2	23	2	31	2
S	13842	1	0	0	32	2	23	2	31	2
S	13843	1	0	1	33	2	21	2	2	31
S	13844	1	0	0	33	2	21	2	2	31
S	13845	1	0	1	34	2	18	23	18	31
S	13846	1	0	0	34	2	18	23	18	31
S	13847	1	0	1	35	2	18	21	31	18
S	13848	1	0	0	35	2	18	21	31	18
S	13849	1	0	1	2	30	26	2	36	36
S	13850	1	0	0	2	30	26	2	36	36
S	13851	1	0	1	2	32	29	2	36	2
S	13852	1	0	0	2	32	29	2	36	2
S	13853	1	0	1	2	33	28	2	2	36
S	13854	1	0	0	2	33	28	2	2	36
S	13855	1	0	1	2	34	26	29	26	36
S	13856	1	0	0	2	34	26	29	26	36
S	13857	1	0	1	2	35	26	28	36	26
S	13858	1	0	0	2	35	26	28	36	26
S	13859	1	0	1	37	2	21	21	2	18
S	13860	1	0	0	37	2	21	21	2	18
S	13861	1	0	1	33	2	21	2	2	31
S	13862	1	0	0	33	2	21	2	2	31
S	13863	1	0	1	20	2	2	21	2	19
S	13864	1	0	0	20	2	2	21	2	19
S	13865	1	0	1	35	2	18	21	31	18
S	13866	1	0	0	35	2	18	21	31	18
S	13867	1	0	1	24	2	21	18	19	18
S	13868	1	0	0	24	2	21	18	19	18
S	13869	1	0	1	2	37	28	28	2	26
S	13870	1	0	0	2	37	28	28	2	26
S	13871	1	0	1	2	33	28	2	2	36
S	13872	1	0	0	2	33	28	2	2	36
S	13873	1	0	1	2	20	2	28	2	27
S	13874	1	0	0	2	20	2	28	2	27
S	13875	1	0	1	2	35	26	28	36	26
S	13876	1	0	0	2	35	26	28	36	26
S	13877	1	0	1	2	24	28	26	27	26
S	13878	1	0	0	2	24	28	26	27	26
S	13879	1	0	1	38	2	23	23	18	2
S	13880	1	0	0	38	2	23	23	18	2
S	13881	1	0	1	22	2	2	23	19	2
S	13882	1	0	0	22	2	2	23	19	2
S	13883	1	0	1	32	2	23	2	31	2
S	13884	1	0	0	32	2	23	2	31	2
S	13885	1	0	1	25	2	23	18	18	19
S	13886	1	0	0	25	2	23	18	18	19
S	13887	1	0	1	34	2	18	23	18	31
S	13888	1	0	0	34	2	18	23	18	31
S	13889	1	0	1	2	38	29	29	26	2
S	13890	1	0	0	2	38	29	29	26	2
S	13891	1	0	1	2	22	2	29	27	2
S	13892	1	0	0	2	22	2	29	27	2
S	13893	1	0	1	2	32	29	2	36	2
S	13894	1	0	0	2	32	29	2	36	2
S	13895	1	0	1	2	25	29	26	26	27
S	13896	1	0	0	2	25	29	26	26	27
S	13897	1	0	1	2	34	26	29	26	36
S	13898	1	0	0	2	34	26	29	26	36
S	13899	1	0	1	17	2	2	18	19	19
S	13900	1	0	0	17	2	2	18	19	19
S	13901	1	0	1	20	2	2	21	2	19
S	13902	1	0	0	20	2	2	21	2	19
S	13903	1	0	1	22	2	2	23	19	2
S	13904	1	0	0	22	2	2	23	19	2
S	13905	1	0	1	24	2	21	18	19	18
S	13906	1	0	0	24	2	21	18	19	18
S	13907	1	0	1	25	2	23	18	18	19
S	13908	1	0	0	25	2	23	18	18	19
S	13909	1	0	1	2	17	2	26	27	27
S	13910	1	0	0	2	17	2	26	27	27
S	13911	1	0	1	2	20	2	28	2	27
S	13912	1	0	0	2	20	2	28	2	27
S	13913	1	0	1	2	22	2	29	27	2
S	13914	1	0	0	2	22	2	29	27	2
S	13915	1	0	1	2	24	28	26	27	26
S	13916	1	0	0	2	24	28	26	27	26
S	13917	1	0	1	2	25	29	26	26	27
S	13918	1	0	0	2	25	29	26	26	27
S	13919	1	0	1	30	2	18	2	31	31
S	13920	1	0	0	30	2	18	2	31	31
S	13921	1	0	1	32	2	23	2	31	2
S	13922	1	0	0	32	2	23	2	31	2
S	13923	1	0	1	33	2	21	2	2	31
S	13924	1	0	0	33	2	21	2	2	31
S	13925	1	0	1	34	2	18	23	18	31
S	13926	1	0	0	34	2	18	23	18	31
S	13927	1	0	1	35	2	18	21	31	18
S	13928	1	0	0	35	2	18	21	31	18
S	13929	1	0	1	2	30	26	2	36	36
S	13930	1	0	0	2	30	26	2	36	36
S	13931	1	0	1	2	32	29	2	36	2
S	13932	1	0	0	2	32	29	2	36	2
S	13933	1	0	1	2	33	28	2	2	36
S	13934	1	0	0	2	33	28	2	2	36
S	13935	1	0	1	2	34	26	29	26	36
S	13936	1	0	0	2	34	26	29	26	36
S	13937	1	0	1	2	35	26	28	36	26
S	13938	1	0	0	2	35	26	28	36	26
S	13939	1	0	1	37	2	21	21	2	18
S	13940	1	0	0	37	2	21	21	2	18
S	13941	1	0	1	33	2	21	2	2	31
S	13942	1	0	0	33	2	21	2	2	31
S	13943	1	0	1	20	2	2	21	2	19
S	13944	1	0	0	20	2	2	21	2	19
S	13945	1	0	1	35	2	18	21	31	18
S	13946	1	0	0	35	2	18	21	31	18
S	13947	1	0	1	24	2	21	18	19	18
S	13948	1	0	0	24	2	21	18	19	18
S	13949	1	0	1	2	37	28	28	2	26
S	13950	1	0	0	2	37	28	28	2	26
S	13951	1	0	1	2	33	28	2	2	36
S	13952	1	0	0	2	33	28	2	2	36
S	13953	1	0	1	2	20	2	28	2	27
S	13954	1	0	0	2	20	2	28	2	27
S	13955	1	0	1	2	35	26	28	36	26
S	13956	1	0	0	2	35	26	28	36	26
S	13957	1	0	1	2	24	28	26	27	26
S	13958	1	0	0	2	24	28	26	27	26
S	13959	1	0	1	38	2	23	23	18	2
S	13960	1	0	0	38	2	23	23	18	2
S	13961	1	0	1	22	2	2	23	19	2
S	13962	1	0	0	22	2	2	23	19	2
S	13963	1	0	1	32	2	23	2	31	2
S	13964	1	0	0	32	2	23	2	31	2
S	13965	1	0	1	25	2	23	18	18	19
S	13966	1	0	0	25	2	23	18	18	19
S	13967	1	0	1	34	2	18	23	18	31
S	13968	1	0	0	34	2	18	23	18	31
S	13969	1	0	1	2	38	29	29	26	2
S	13970	1	0	0	2	38	29	29	26	2
S	13971	1	0	1	2	22	2	29	27	2
S	13972	1	0	0	2	22	2	29	27	2
S	13973	1	0	1	2	32	29	2	36	2
S	13974	1	0	0	2	32	29	2	36	2
S	13975	1	0	1	2	25	29	26	26	27
S	13976	1	0	0	2	25	29	26	26	27
S	13977	1	0	1	2	34	26	29	26	36
S	13978	1	0	0	2	34	26	29	26	36
S	13979	1	0	1	17	2	2	18	19	19
S	13980	1	0	0	17	2	2	18	19	19
S	13981	1	0	1	20	2	2	21	2	19
S	13982	1	0	0	20	2	2	21	2	19
S	13983	1	0	1	22	2	2	23	19	2
S	13984	1	0	0	22	2	2	23	19	2
S	13985	1	0	1	24	2	21	18	19	18
S	13986	1	0	0	24	2	21	18	19	18
S	13987	1	0	1	25	2	23	18	18	19
S	13988	1	0	0	25	2	23	18	18	19
S	13989	1	0	1	2	17	2	26	27	27
S	13990	1	0	0	2	17	2	26	27	27
S	13991	1	0	1	2	20	2	28	2	27
S	13992	1	0	0	2	20	2	28	2	27
S	13993	1	0	1	2	22	2	29	27	2
S	13994	1	0	0	2	22	2	29	27	2
S	13995	1	0	1	2	24	28	26	27	26
S	13996	1	0	0	2	24	28	26	27	26
S	13997	1	0	1	2	25	29	26	26	27
S	13998	1	0	0	2	25	29	26	26	27
S	13999	1	0	1	30	2	18	2	31	31
S	14000	1	0	0	30	2	18	2	31	31
S	14001	1	0	1	32	2	23	2	31	2
S	14002	1	0	0	32	2	23	2	31	2
S	14003	1	0	1	33	2	21	2	2	31
S	14004	1	0	0	33	2	21	2	2	31
S	14005	1	0	1	34	2	18	23	18	31
S	14006	1	0	0	34	2	18	23	18	31
S	14007	1	0	1	35	2	18	21	31	18
S	14008	1	0	0	35	2	18	21	31	18
S	14009	1	0	1	2	30	26	2	36	36
S	14010	1	0	0	2	30	26	2	36	36
S	14011	1	0	1	2	32	29	2	36	2
S	14012	1	0	0	2	32	29	2	36	2
S	14013	1	0	1	2	33	28	2	2	36
S	14014	1	0	0	2	33	28	2	2	36
S	14015	1	0	1	2	34	26	29	26	36
S	14016	1	0	0	2	34	26	29	26	36
S	14017	1	0	1	2	35	26	28	36	26
S	14018	1	0	0	2	35	26	28	36	26
S	14019	1	0	1	37	2	21	21	2	18
S	14020	1	0	0	37	2	21	21	2	18
S	14021	1	0	1	33	2	21	2	2	31
S	14022	1	0	0	33	2	21	2	2	31
S	14023	1	0	1	20	2	2	21	2	19
S	14024	1	0	0	20	2	2	21	2	19
S	14025	1	0	1	35	2	18	21	31	18
S	14026	1	0	0	35	2	18	21	31	18
S	14027	1	0	1	24	2	21	18	19	18
S	14028	1	0	0	24	2	21	18	19	18
S	14029	1	0	1	2	37	28	28	2	26
S	14030	1	0	0	2	37	28	28	2	26
S	14031	1	0	1	2	33	28	2	2	36
S	14032	1	0	0	2	33	28	2	2	36
S	14033	1	0	1	2	20	2	28	2	27
S	14034	1	0	0	2	20	2	28	2	27
S	14035	1	0	1	2	35	26	28	36	26
S	14036	1	0	0	2	35	26	28	36	26
S	14037	1	0	1	2	24	28	26	27	26
S	14038	1	0	0	2	24	28	26	27	26
S	14039	1	0	1	38	2	23	23	18	2
S	14040	1	0	0	38	2	23	23	18	2
S	14041	1	0	1	22	2	2	23	19	2
S	14042	1	0	0	22	2	2	23	19	2
S	14043	1	0	1	32	2	23	2	31	2
S	14044	1	0	0	32	2	23	2	31	2
S	14045	1	0	1	25	2	23	18	18	19
S	14046	1	0	0	25	2	23	18	18	19
S	14047	1	0	1	34	2	18	23	18	31
S	14048	1	0	0	34	2	18	23	18	31
S	14049	1	0	1	2	38	29	29	26	2
S	14050	1	0	0	2	38	29	29	26	2
S	14051	1	0	1	2	22	2	29	27	2
S	14052	1	0	0	2	22	2	29	27	2
S	14053	1	0	1	2	32	29	2	36	2
S	14054	1	0	0	2	32	29	2	36	2
S	14055	1	0	1	2	25	29	26	26	27
S	14056	1	0	0	2	25	29	26	26	27
S	14057	1	0	1	2	34	26	29	26	36
S	14058	1	0	0	2	34	26	29	26	36
S	14059	1	0	1	17	2	2	18	19	19
S	14060	1	0	0	17	2	2	18	19	19
S	14061	1	0	1	20	2	2	21	2	19
S	14062	1	0	0	20	2	2	21	2	19
S	14063	1	0	1	22	2	2	23	19	2
S	14064	1	0	0	22	2	2	23	19	2
S	14065	1	0	1	24	2	21	18	19	18
S	14066	1	0	0	24	2	21	18	19	18
S	14067	1	0	1	25	2	23	18	18	19
S	14068	1	0	0	25	2	23	18	18	19
S	14069	1	0	1	2	17	2	26	27	27
S	14070	1	0	0	2	17	2	26	27	27
S	14071	1	0	1	2	20	2	28	2	27
S	14072	1	0	0	2	20	2	28	2	27
S	14073	1	0	1	2	22	2	29	27	2
S	14074	1	0	0	2	22	2	29	27	2
S	14075	1	0	1	2	24	28	26	27	26
S	14076	1	0	0	2	24	28	26	27	26
S	14077	1	0	1	2	25	29	26	26	27
S	14078	1	0	0	2	25	29	26	26	27
S	14079	1	0	1	30	2	18	2	31	31
S	14080	1	0	0	30	2	18	2	31	31
S	14081	1	0	1	32	2	23	2	31	2
S	14082	1	0	0	32	2	23	2	31	2
S	14083	1	0	1	33	2	21	2	2	31
S	14084	1	0	0	33	2	21	2	2	31
S	14085	1	0	1	34	2	18	23	18	31
S	14086	1	0	0	34	2	18	23	18	31
S	14087	1	0	1	35	2	18	21	31	18
S	14088	1	0	0	35	2	18	21	31	18
S	14089	1	0	1	2	30	26	2	36	36
S	14090	1	0	0	2	30	26	2	36	36
S	14091	1	0	1	2	32	29	2	36	2
S	14092	1	0	0	2	32	29	2	36	2
S	14093	1	0	1	2	33	28	2	2	36
S	14094	1	0	0	2	33	28	2	2	36
S	14095	1	0	1	2	34	26	29	26	36
S	14096	1	0	0	2	34	26	29	26	36
S	14097	1	0	1	2	35	26	28	36	26
S	14098	1	0	0	2	35	26	28	36	26
S	14099	1	0	1	37	2	21	21	2	18
S	14100	1	0	0	37	2	21	21	2	18
S	14101	1	0	1	33	2	21	2	2	31
S	14102	1	0	0	33	2	21	2	2	31
S	14103	1	0	1	20	2	2	21	2	19
S	14104	1	0	0	20	2	2	21	2	19
S	14105	1	0	1	35	2	18	21	31	18
S	14106	1	0	0	35	2	18	21	31	18
S	14107	1	0	1	24	2	21	18	19	18
S	14108	1	0	0	24	2	21	18	19	18
S	14109	1	0	1	2	37	28	28	2	26
S	14110	1	0	0	2	37	28	28	2	26
S	14111	1	0	1	2	33	28	2	2	36
S	14112	1	0	0	2	33	28	2	2	36
S	14113	1	0	1	2	20	2	28	2	27
S	14114	1	0	0	2	20	2	28	2	27
S	14115	1	0	1	2	35	26	28	36	26
S	14116	1	0	0	2	35	26	28	36	26
S	14117	1	0	1	2	24	28	26	27	26
S	14118	1	0	0	2	24	28	26	27	26
S	14119	1	0	1	38	2	23	23	18	2
S	14120	1	0	0	38	2	23	23	18	2
S	14121	1	0	1	22	2	2	23	19	2
S	14122	1	0	0	22	2	2	23	19	2
S	14123	1	0	1	32	2	23	2	31	2
S	14124	1	0	0	32	2	23	2	31	2
S	14125	1	0	1	25	2	23	18	18	19
S	14126	1	0	0	25	2	23	18	18	19
S	14127	1	0	1	34	2	18	23	18	31
S	14128	1	0	0	34	2	18	23	18	31
S	14129	1	0	1	2	38	29	29	26	2
S	14130	1	0	0	2	38	29	29	26	2
S	14131	1	0	1	2	22	2	29	27	2
S	14132	1	0	0	2	22	2	29	27	2
S	14133	1	0	1	2	32	29	2	36	2
S	14134	1	0	0	2	32	29	2	36	2
S	14135	1	0	1	2	25	29	26	26	27
S	14136	1	0	0	2	25	29	26	26	27
S	14137	1	0	1	2	34	26	29	26	36
S	14138	1	0	0	2	34	26	29	26	36
S	14139	1	0	1	17	2	2	18	19	19
S	14140	1	0	0	17	2	2	18	19	19
S	14141	1	0	1	20	2	2	21	2	19
S	14142	1	0	0	20	2	2	21	2	19
S	14143	1	0	1	22	2	2	23	19	2
S	14144	1	0	0	22	2	2	23	19	2
S	14145	1	0	1	24	2	21	18	19	18
S	14146	1	0	0	24	2	21	18	19	18
S	14147	1	0	1	25	2	23	18	18	19
S	14148	1	0	0	25	2	23	18	18	19
S	14149	1	0	1	2	17	2	26	27	27
S	14150	1	0	0	2	17	2	26	27	27
S	14151	1	0	1	2	20	2	28	2	27
S	14152	1	0	0	2	20	2	28	2	27
S	14153	1	0	1	2	22	2	29	27	2
S	14154	1	0	0	2	22	2	29	27	2
S	14155	1	0	1	2	24	28	26	27	26
S	14156	1	0	0	2	24	28	26	27	26
S	14157	1	0	1	2	25	29	26	26	27
S	14158	1	0	0	2	25	29	26	26	27
S	14159	1	0	1	30	2	18	2	31	31
S	14160	1	0	0	30	2	18	2	31	31
S	14161	1	0	1	32	2	23	2	31	2
S	14162	1	0	0	32	2	23	2	31	2
S	14163	1	0	1	33	2	21	2	2	31
S	14164	1	0	0	33	2	21	2	2	31
S	14165	1	0	1	34	2	18	23	18	31
S	14166	1	0	0	34	2	18	23	18	31
S	14167	1	0	1	35	2	18	21	31	18
S	14168	1	0	0	35	2	18	21	31	18
S	14169	1	0	1	2	30	26	2	36	36
S	14170	1	0	0	2	30	26	2	36	36
S	14171	1	0	1	2	32	29	2	36	2
S	14172	1	0	0	2	32	29	2	36	2
S	14173	1	0	1	2	33	28	2	2	36
S	14174	1	0	0	2	33	28	2	2	36
S	14175	1	0	1	2	34	26	29	26	36
S	14176	1	0	0	2	34	26	29	26	36
S	14177	1	0	1	2	35	26	28	36	26
S	14178	1	0	0	2	35	26	28	36	26
S	14179	1	0	1	37	2	21	21	2	18
S	14180	1	0	0	37	2	21	21	2	18
S	14181	1	0	1	33	2	21	2	2	31
S	14182	1	0	0	33	2	21	2	2	31
S	14183	1	0	1	20	2	2	21	2	19
S	14184	1	0	0	20	2	2	21	2	19
S	14185	1	0	1	35	2	18	21	31	18
S	14186	1	0	0	35	2	18	21	31	18
S	14187	1	0	1	24	2	21	18	19	18
S	14188	1	0	0	24	2	21	18	19	18
S	14189	1	0	1	2	37	28	28	2	26
S	14190	1	0	0	2	37	28	28	2	26
S	14191	1	0	1	2	33	28	2	2	36
S	14192	1	0	0	2	33	28	2	2	36
S	14193	1	0	1	2	20	2	28	2	27
S	14194	1	0	0	2	20	2	28	2	27
S	14195	1	0	1	2	35	26	28	36	26
S	14196	1	0	0	2	35	26	28	36	26
S	14197	1	0	1	2	24	28	26	27	26
S	14198	1	0	0	2	24	28	26	27	26
S	14199	1	0	1	38	2	23	23	18	2
S	14200	1	0	0	38	2	23	23	18	2
S	14201	1	0	1	22	2	2	23	19	2
S	14202	1	0	0	22	2	2	23	19	2
S	14203	1	0	1	32	2	23	2	31	2
S	14204	1	0	0	32	2	23	2	31	2
S	14205	1	0	1	25	2	23	18	18	19
S	14206	1	0	0	25	2	23	18	18	19
S	14207	1	0	1	34	2	18	23	18	31
S	14208	1	0	0	34	2	18	23	18	31
S	14209	1	0	1	2	38	29	29	26	2
S	14210	1	0	0	2	38	29	29	26	2
S	14211	1	0	1	2	22	2	29	27	2
S	14212	1	0	0	2	22	2	29	27	2
S	14213	1	0	1	2	32	29	2	36	2
S	14214	1	0	0	2	32	29	2	36	2
S	14215	1	0	1	2	25	29	26	26	27
S	14216	1	0	0	2	25	29	26	26	27
S	14217	1	0	1	2	34	26	29	26	36
S	14218	1	0	0	2	34	26	29	26	36
S	14219	1	0	1	17	2	2	18	19	19
S	14220	1	0	0	17	2	2	18	19	19
S	14221	1	0	1	20	2	2	21	2	19
S	14222	1	0	0	20	2	2	21	2	19
S	14223	1	0	1	22	2	2	23	19	2
S	14224	1	0	0	22	2	2	23	19	2
S	14225	1	0	1	24	2	21	18	19	18
S	14226	1	0	0	24	2	21	18	19	18
S	14227	1	0	1	25	2	23	18	18	19
S	14228	1	0	0	25	2	23	18	18	19
S	14229	1	0	1	2	17	2	26	27	27
S	14230	1	0	0	2	17	2	26	27	27
S	14231	1	0	1	2	20	2	28	2	27
S	14232	1	0	0	2	20	2	28	2	27
S	14233	1	0	1	2	22	2	29	27	2
S	14234	1	0	0	2	22	2	29	27	2
S	14235	1	0	1	2	24	28	26	27	26
S	14236	1	0	0	2	24	28	26	27	26
S	14237	1	0	1	2	25	29	26	26	27
S	14238	1	0	0	2	25	29	26	26	27
S	14239	1	0	1	30	2	18	2	31	31
S	14240	1	0	0	30	2	18	2	31	31
S	14241	1	0	1	32	2	23	2	31	2
S	14242	1	0	0	32	2	23	2	31	2
S	14243	1	0	1	33	2	21	2	2	31
S	14244	1	0	0	33	2	21	2	2	31
S	14245	1	0	1	34	2	18	23	18	31
S	14246	1	0	0	34	2	18	23	18	31
S	14247	1	0	1	35	2	18	21	31	18
S	14248	1	0	0	35	2	18	21	31	18
S	14249	1	0	1	2	30	26	2	36	36
S	14250	1	0	0	2	30	26	2	36	36
S	14251	1	0	1	2	32	29	2	36	2
S	14252	1	0	0	2	32	29	2	36	2
S	14253	1	0	1	2	33	28	2	2	36
S	14254	1	0	0	2	33	28	2	2	36
S	14255	1	0	1	2	34	26	29	26	36
S	14256	1	0	0	2	34	26	29	26	36
S	14257	1	0	1	2	35	26	28	36	26
S	14258	1	0	0	2	35	26	28	36	26
S	14259	1	0	1	37	2	21	21	2	18
S	14260	1	0	0	37	2	21	21	2	18
S	14261	1	0	1	33	2	21	2	2	31
S	14262	1	0	0	33	2	21	2	2	31
S	14263	1	0	1	20	2	2	21	2	19
S	14264	1	0	0	20	2	2	21	2	19
S	14265	1	0	1	35	2	18	21	31	18
S	14266	1	0	0	35	2	18	21	31	18
S	14267	1	0	1	24	2	21	18	19	18
S	14268	1	0	0	24	2	21	18	19	18
S	14269	1	0	1	2	37	28	28	2	26
S	14270	1	0	0	2	37	28	28	2	26
S	14271	1	0	1	2	33	28	2	2	36
S	14272	1	0	0	2	33	28	2	2	36
S	14273	1	0	1	2	20	2	28	2	27
S	14274	1	0	0	2	20	2	28	2	27
S	14275	1	0	1	2	35	26	28	36	26
S	14276	1	0	0	2	35	26	28	36	26
S	14277	1	0	1	2	24	28	26	27	26
S	14278	1	0	0	2	24	28	26	27	26
S	14279	1	0	1	38	2	23	23	18	2
S	14280	1	0	0	38	2	23	23	18	2
S	14281	1	0	1	22	2	2	23	19	2
S	14282	1	0	0	22	2	2	23	19	2
S	14283	1	0	1	32	2	23	2	31	2
S	14284	1	0	0	32	2	23	2	31	2
S	14285	1	0	1	25	2	23	18	18	19
S	14286	1	0	0	25	2	23	18	18	19
S	14287	1	0	1	34	2	18	23	18	31
S	14288	1	0	0	34	2	18	23	18	31
S	14289	1	0	1	2	38	29	29	26	2
S	14290	1	0	0	2	38	29	29	26	2
S	14291	1	0	1	2	22	2	29	27	2
S	14292	1	0	0	2	22	2	29	27	2
S	14293	1	0	1	2	32	29	2	36	2
S	14294	1	0	0	2	32	29	2	36	2
S	14295	1	0	1	2	25	29	26	26	27
S	14296	1	0	0	2	25	29	26	26	27
S	14297	1	0	1	2	34	26	29	26	36
S	14298	1	0	0	2	34	26	29	26	36
S	14299	1	0	1	17	2	2	18	19	19
S	14300	1	0	0	17	2	2	18	19	19
S	14301	1	0	1	20	2	2	21	2	19
S	14302	1	0	0	20	2	2	21	2	19
S	14303	1	0	1	22	2	2	23	19	2
S	14304	1	0	0	22	2	2	23	19	2
S	14305	1	0	1	24	2	21	18	19	18
S	14306	1	0	0	24	2	21	18	19	18
S	14307	1	0	1	25	2	23	18	18	19
S	14308	1	0	0	25	2	23	18	18	19
S	14309	1	0	1	2	17	2	26	27	27
S	14310	1	0	0	2	17	2	26	27	27
S	14311	1	0	1	2	20	2	28	2	27
S	14312	1	0	0	2	20	2	28	2	27
S	14313	1	0	1	2	22	2	29	27	2
S	14314	1	0	0	2	22	2	29	27	2
S	14315	1	0	1	2	24	28	26	27	26
S	14316	1	0	0	2	24	28	26	27	26
S	14317	1	0	1	2	25	29	26	26	27
S	14318	1	0	0	2	25	29	26	26	27
S	14319	1	0	1	30	2	18	2	31	31
S	14320	1	0	0	30	2	18	2	31	31
S	14321	1	0	1	32	2	23	2	31	2
S	14322	1	0	0	32	2	23	2	31	2
S	14323	1	0	1	33	2	21	2	2	31
S	14324	1	0	0	33	2	21	2	2	31
S	14325	1	0	1	34	2	18	23	18	31
S	14326	1	0	0	34	2	18	23	18	31
S	14327	1	0	1	35	2	18	21	31	18
S	14328	1	0	0	35	2	18	21	31	18
S	14329	1	0	1	2	30	26	2	36	36
S	14330	1	0	0	2	30	26	2	36	36
S	14331	1	0	1	2	32	29	2	36	2
S	14332	1	0	0	2	32	29	2	36	2
S	14333	1	0	1	2	33	28	2	2	36
S	14334	1	0	0	2	33	28	2	2	36
S	14335	1	0	1	2	34	26	29	26	36
S	14336	1	0	0	2	34	26	29	26	36
S	14337	1	0	1	2	35	26	28	36	26
S	14338	1	0	0	2	35	26	28	36	26
S	14339	1	0	1	37	2	21	21	2	18
S	14340	1	0	0	37	2	21	21	2	18
S	14341	1	0	1	33	2	21	2	2	31
S	14342	1	0	0	33	2	21	2	2	31
S	14343	1	0	1	20	2	2	21	2	19
S	14344	1	0	0	20	2	2	21	2	19
S	14345	1	0	1	35	2	18	21	31	18
S	14346	1	0	0	35	2	18	21	31	18
S	14347	1	0	1	24	2	21	18	19	18
S	14348	1	0	0	24	2	21	18	19	18
S	14349	1	0	1	2	37	28	28	2	26
S	14350	1	0	0	2	37	28	28	2	26
S	14351	1	0	1	2	33	28	2	2	36
S	14352	1	0	0	2	33	28	2	2	36
S	14353	1	0	1	2	20	2	28	2	27
S	14354	1	0	0	2	20	2	28	2	27
S	14355	1	0	1	2	35	26	28	36	26
S	14356	1	0	0	2	35	26	28	36	26
S	14357	1	0	1	2	24	28	26	27	26
S	14358	1	0	0	2	24	28	26	27	26
S	14359	1	0	1	38	2	23	23	18	2
S	14360	1	0	0	38	2	23	23	18	2
S	14361	1	0	1	22	2	2	23	19	2
S	14362	1	0	0	22	2	2	23	19	2
S	14363	1	0	1	32	2	23	2	31	2
S	14364	1	0	0	32	2	23	2	31	2
S	14365	1	0	1	25	2	23	18	18	19
S	14366	1	0	0	25	2	23	18	18	19
S	14367	1	0	1	34	2	18	23	18	31
S	14368	1	0	0	34	2	18	23	18	31
S	14369	1	0	1	2	38	29	29	26	2
S	14370	1	0	0	2	38	29	29	26	2
S	14371	1	0	1	2	22	2	29	27	2
S	14372	1	0	0	2	22	2	29	27	2
S	14373	1	0	1	2	32	29	2	36	2
S	14374	1	0	0	2	32	29	2	36	2
S	14375	1	0	1	2	25	29	26	26	27
S	14376	1	0	0	2	25	29	26	26	27
S	14377	1	0	1	2	34	26	29	26	36
S	14378	1	0	0	2	34	26	29	26	36
S	14379	2	0	1	0	0	0	0	0	0
S	14381	1	0	0	0	0	0	0	0	0
S	14382	1	0	1	0	0	0	0	0	0
S	14383	1	0	0	0	0	0	0	0	0
S	14384	1	1	1	0	0	0	0	0	0
S	14385	1	1	0	0	0	0	0	0	0
S	14386	1	2	1	0	0	0	0	0	0
S	14387	1	2	0	0	0	0	0	0	0
S	14388	1	3	1	0	0	0	0	0	0
S	14389	1	3	0	0	0	0	0	0	0
S	14390	1	4	1	0	0	0	0	0	0
S	14391	1	4	0	0	0	0	0	0	0
S	14392	1	5	1	0	0	0	0	0	0
S	14393	1	5	0	0	0	0	0	0	0
S	14394	1	6	1	0	0	0	0	0	0
S	14395	1	6	0	0	0	0	0	0	0
S	14396	1	7	1	0	0	0	0	0	0
S	14397	1	7	0	0	0	0	0	0	0
S	14398	1	8	1	0	0	0	0	0	0
S	14399	1	8	0	0	0	0	0	0	0
S	14400	1	9	1	0	0	0	0	0	0
S	14401	1	9	0	0	0	0	0	0	0
S	14402	1	10	1	0	0	0	0	0	0
S	14403	1	10	0	0	0	0	0	0	0
S	14404	1	11	1	0	0	0	0	0	0
S	14405	1	11	0	0	0	0	0	0	0
S	14406	1	12	1	0	0	0	0	0	0
S	14407	1	12	0	0	0	0	0	0	0
S	14408	1	13	1	0	0	0	0	0	0
S	14409	1	13	0	0	0	0	0	0	0
S	14410	1	14	1	0	0	0	0	0	0
S	14411	1	14	0	0	0	0	0	0	0
S	14412	1	15	1	0	0	0	0	0	0
S	14413	1	15	0	0	0	0	0	0	0
S	14414	1	0	1	0	0	0	0	0	0
S	14415	1	0	0	0	0	0	0	0	0
S	14416	1	0	1	0	0	0	0	0	0
S	14417	1	0	0	0	0	0	0	0	0
S	14418	1	0	1	0	0	0	0	0	0
S	14419	1	0	0	0	0	0	0	0	0
S	14420	1	0	1	0	0	0	0	0	0
S	14421	1	0	0	0	0	0	0	0	0
S	14422	1	0	1	0	0	0	0	0	0
S	14423	1	0	0	0	0	0	0	0	0
S	14424	1	0	1	0	0	0	0	0	0
S	14425	1	0	0	0	0	0	0	0	0
S	14426	1	0	1	0	0	0	0	0	0
S	14427	1	0	0	0	0	0	0	0	0
S	14428	1	0	1	0	0	0	0	0	0
S	14429	1	0	0	0	0	0	0	0	0
S	14430	1	0	1	0	0	0	0	0	0
S	14431	1	0	0	0	0	0	0	0	0
S	14432	1	0	1	0	0	0	0	0	0
S	14433	1	0	0	0	0	0	0	0	0
S	14434	1	0	1	0	0	0	0	0	0
S	14435	1	0	0	0	0	0	0	0	0
S	14436	1	0	1	0	0	0	0	0	0
S	14437	1	0	0	0	0	0	0	0	0
S	14438	1	0	1	0	0	0	0	0	0
S	14439	1	0	0	0	0	0	0	0	0
S	14440	1	0	1	0	0	0	0	0	0
S	14441	1	0	0	0	0	0	0	0	0
S	14442	1	0	1	0	0	0	0	0	0
S	14443	1	0	0	0	0	0	0	0	0
S	14444	1	0	1	0	0	0	0	0	0
S	14445	1	0	0	0	0	0	0	0	0
S	14446	1	0	1	0	0	0	0	0	0
S	14447	1	0	0	0	0	0	0	0	0
S	14448	1	0	1	0	0	0	0	0	0
S	14449	1	0	0	0	0	0	0	0	0
S	14450	1	0	1	0	0	0	0	0	0
S	14451	1	0	0	0	0	0	0	0	0
S	14452	1	0	1	0	0	0	0	0	0
S	14453	1	0	0	0	0	0	0	0	0
S	14454	1	0	1	0	0	0	0	0	0
S	14455	1	0	0	0	0	0	0	0	0
S	14456	1	0	1	0	0	0	0	0	0
S	14457	1	0	0	0	0	0	0	0	0
S	14458	1	0	1	0	0	0	0	0	0
S	14459	1	0	0	0	0	0	0	0	0
S	14460	1	0	1	0	0	0	0	0	0
S	14461	1	0	0	0	0	0	0	0	0
S	14462	1	0	1	0	0	0	0	0	0
S	14463	1	0	0	0	0	0	0	0	0
S	14464	1	0	1	0	0	0	0	0	0
S	14465	1	0	0	0	0	0	0	0	0
S	14466	1	0	1	0	0	0	0	0	0
S	14467	1	0	0	0	0	0	0	0	0
S	14468	1	0	1	0	0	0	0	0	0
S	14469	1	0	0	0	0	0	0	0	0
S	14470	1	0	1	0	0	0	0	0	0
S	14471	1	0	0	0	0	0	0	0	0
S	14472	1	0	1	0	0	0	0	0	0
S	14473	1	0	0	0	0	0	0	0	0
S	14474	1	0	1	0	0	0	0	0	0
S	14475	1	0	0	0	0	0	0	0	0
S	14476	1	0	1	0	0	0	0	0	0
S	14477	1	0	0	0	0	0	0	0	0
S	14478	3	0	15	0	0	0	0	0	0
S	14481	1	0	1	17	2	2	18	19	19
S	14482	1	0	0	17	2	2	18	19	19
S	14483	1	0	1	20	2	2	21	2	19
S	14484	1	0	0	20	2	2	21	2	19
S	14485	1	0	1	22	2	2	23	19	2
S	14486	1	0	0	22	2	2	23	19	2
S	14487	1	0	1	24	2	21	18	19	18
S	14488	1	0	0	24	2	21	18	19	18
S	14489	1	0	1	25	2	23	18	18	19
S	14490	1	0	0	25	2	23	18	18	19
S	14491	1	0	1	2	17	2	26	27	27
S	14492	1	0	0	2	17	2	26	27	27
S	14493	1	0	1	2	20	2	28	2	27
S	14494	1	0	0	2	20	2	28	2	27
S	14495	1	0	1	2	22	2	29	27	2
S	14496	1	0	0	2	22	2	29	27	2
S	14497	1	0	1	2	24	28	26	27	26
S	14498	1	0	0	2	24	28	26	27	26
S	14499	1	0	1	2	25	29	26	26	27
S	14500	1	0	0	2	25	29	26	26	27
S	14501	1	0	1	30	2	18	2	31	31
S	14502	1	0	0	30	2	18	2	31	31
S	14503	1	0	1	32	2	23	2	31	2
S	14504	1	0	0	32	2	23	2	31	2
S	14505	1	0	1	33	2	21	2	2	31
S	14506	1	0	0	33	2	21	2	2	31
S	14507	1	0	1	34	2	18	23	18	31
S	14508	1	0	0	34	2	18	23	18	31
S	14509	1	0	1	35	2	18	21	31	18
S	14510	1	0	0	35	2	18	21	31	18
S	14511	1	0	1	2	30	26	2	36	36
S	14512	1	0	0	2	30	26	2	36	36
S	14513	1	0	1	2	32	29	2	36	2
S	14514	1	0	0	2	32	29	2	36	2
S	14515	1	0	1	2	33	28	2	2	36
S	14516	1	0	0	2	33	28	2	2	36
S	14517	1	0	1	2	34	26	29	26	36
S	14518	1	0	0	2	34	26	29	26	36
S	14519	1	0	1	2	35	26	28	36	26
S	14520	1	0	0	2	35	26	28	36	26
S	14521	1	0	1	37	2	21	21	2	18
S	14522	1	0	0	37	2	21	21	2	18
S	14523	1	0	1	33	2	21	2	2	31
S	14524	1	0	0	33	2	21	2	2	31
S	14525	1	0	1	20	2	2	21	2	19
S	14526	1	0	0	20	2	2	21	2	19
S	14527	1	0	1	35	2	18	21	31	18
S	14528	1	0	0	35	2	18	21	31	18
S	14529	1	0	1	24	2	21	18	19	18
S	14530	1	0	0	24	2	21	18	19	18
S	14531	1	0	1	2	37	28	28	2	26
S	14532	1	0	0	2	37	28	28	2	26
S	14533	1	0	1	2	33	28	2	2	36
S	14534	1	0	0	2	33	28	2	2	36
S	14535	1	0	1	2	20	2	28	2	27
S	14536	1	0	0	2	20	2	28	2	27
S	14537	1	0	1	2	35	26	28	36	26
S	14538	1	0	0	2	35	26	28	36	26
S	14539	1	0	1	2	24	28	26	27	26
S	14540	1	0	0	2	24	28	26	27	26
S	14541	1	0	1	38	2	23	23	18	2
S	14542	1	0	0	38	2	23	23	18	2
S	14543	1	0	1	22	2	2	23	19	2
S	14544	1	0	0	22	2	2	23	19	2
S	14545	1	0	1	32	2	23	2	31	2
S	14546	1	0	0	32	2	23	2	31	2
S	14547	1	0	1	25	2	23	18	18	19
S	14548	1	0	0	25	2	23	18	18	19
S	14549	1	0	1	34	2	18	23	18	31
S	14550	1	0	0	34	2	18	23	18	31
S	14551	1	0	1	2	38	29	29	26	2
S	14552	1	0	0	2	38	29	29	26	2
S	14553	1	0	1	2	22	2	29	27	2
S	14554	1	0	0	2	22	2	29	27	2
S	14555	1	0	1	2	32	29	2	36	2
S	14556	1	0	0	2	32	29	2	36	2
S	14557	1	0	1	2	25	29	26	26	27
S	14558	1	0	0	2	25	29	26	26	27
S	14559	1	0	1	2	34	26	29	26	36
S	14560	1	0	0	2	34	26	29	26	36
S	14561	1	0	1	17	2	2	18	19	19
S	14562	1	0	0	17	2	2	18	19	19
S	14563	1	0	1	20	2	2	21	2	19
S	14564	1	0	0	20	2	2	21	2	19
S	14565	1	0	1	22	2	2	23	19	2
S	14566	1	0	0	22	2	2	23	19	2
S	14567	1	0	1	24	2	21	18	19	18
S	14568	1	0	0	24	2	21	18	19	18
S	14569	1	0	1	25	2	23	18	18	19
S	14570	1	0	0	25	2	23	18	18	19
S	14571	1	0	1	2	17	2	26	27	27
S	14572	1	0	0	2	17	2	26	27	27
S	14573	1	0	1	2	20	2	28	2	27
S	14574	1	0	0	2	20	2	28	2	27
S	14575	1	0	1	2	22	2	29	27	2
S	14576	1	0	0	2	22	2	29	27	2
S	14577	1	0	1	2	24	28	26	27	26
S	14578	1	0	0	2	24	28	26	27	26
S	14579	1	0	1	2	25	29	26	26	27
S	14580	1	0	0	2	25	29	26	26	27
S	14581	1	0	1	30	2	18	2	31	31
S	14582	1	0	0	30	2	18	2	31	31
S	14583	1	0	1	32	2	23	2	31	2
S	14584	1	0	0	32	2	23	2	31	2
S	14585	1	0	1	33	2	21	2	2	31
S	14586	1	0	0	33	2	21	2	2	31
S	14587	1	0	1	34	2	18	23	18	31
S	14588	1	0	0	34	2	18	23	18	31
S	14589	1	0	1	35	2	18	21	31	18
S	14590	1	0	0	35	2	18	21	31	18
S	14591	1	0	1	2	30	26	2	36	36
S	14592	1	0	0	2	30	26	2	36	36
S	14593	1	0	1	2	32	29	2	36	2
S	14594	1	0	0	2	32	29	2	36	2
S	14595	1	0	1	2	33	28	2	2	36
S	14596	1	0	0	2	33	28	2	2	36
S	14597	1	0	1	2	34	26	29	26	36
S	14598	1	0	0	2	34	26	29	26	36
S	14599	1	0	1	2	35	26	28	36	26
S	14600	1	0	0	2	35	26	28	36	26
S	14601	1	0	1	37	2	21	21	2	18
S	14602	1	0	0	37	2	21	21	2	18
S	14603	1	0	1	33	2	21	2	2	31
S	14604	1	0	0	33	2	21	2	2	31
S	14605	1	0	1	20	2	2	21	2	19
S	14606	1	0	0	20	2	2	21	2	19
S	14607	1	0	1	35	2	18	21	31	18
S	14608	1	0	0	35	2	18	21	31	18
S	14609	1	0	1	24	2	21	18	19	18
S	14610	1	0	0	24	2	21	18	19	18
S	14611	1	0	1	2	37	28	28	2	26
S	14612	1	0	0	2	37	28	28	2	26
S	14613	1	0	1	2	33	28	2	2	36
S	14614	1	0	0	2	33	28	2	2	36
S	14615	1	0	1	2	20	2	28	2	27
S	14616	1	0	0	2	20	2	28	2	27
S	14617	1	0	1	2	35	26	28	36	26
S	14618	1	0	0	2	35	26	28	36	26
S	14619	1	0	1	2	24	28	26	27	26
S	14620	1	0	0	2	24	28	26	27	26
S	14621	1	0	1	38	2	23	23	18	2
S	14622	1	0	0	38	2	23	23	18	2
S	14623	1	0	1	22	2	2	23	19	2
S	14624	1	0	0	22	2	2	23	19	2
S	14625	1	0	1	32	2	23	2	31	2
S	14626	1	0	0	32	2	23	2	31	2
S	14627	1	0	1	25	2	23	18	18	19
S	14628	1	0	0	25	2	23	18	18	19
S	14629	1	0	1	34	2	18	23	18	31
S	14630	1	0	0	34	2	18	23	18	31
S	14631	1	0	1	2	38	29	29	26	2
S	14632	1	0	0	2	38	29	29	26	2
S	14633	1	0	1	2	22	2	29	27	2
S	14634	1	0	0	2	22	2	29	27	2
S	14635	1	0	1	2	32	29	2	36	2
S	14636	1	0	0	2	32	29	2	36	2
S	14637	1	0	1	2	25	29	26	26	27
S	14638	1	0	0	2	25	29	26	26	27
S	14639	1	0	1	2	34	26	29	26	36
S	14640	1	0	0	2	34	26	29	26	36
S	14641	1	0	1	17	2	2	18	19	19
S	14642	1	0	0	17	2	2	18	19	19
S	14643	1	0	1	20	2	2	21	2	19
S	14644	1	0	0	20	2	2	21	2	19
S	14645	1	0	1	22	2	2	23	19	2
S	14646	1	0	0	22	2	2	23	19	2
S	14647	1	0	1	24	2	21	18	19	18
S	14648	1	0	0	24	2	21	18	19	18
S	14649	1	0	1	25	2	23	18	18	19
S	14650	1	0	0	25	2	23	18	18	19
S	14651	1	0	1	2	17	2	26	27	27
S	14652	1	0	0	2	17	2	26	27	27
S	14653	1	0	1	2	20	2	28	2	27
S	14654	1	0	0	2	20	2	28	2	27
S	14655	1	0	1	2	22	2	29	27	2
S	14656	1	0	0	2	22	2	29	27	2
S	14657	1	0	1	2	24	28	26	27	26
S	14658	1	0	0	2	24	28	26	27	26
S	14659	1	0	1	2	25	29	26	26	27
S	14660	1	0	0	2	25	29	26	26	27
S	14661	1	0	1	30	2	18	2	31	31
S	14662	1	0	0	30	2	18	2	31	31
S	14663	1	0	1	32	2	23	2	31	2
S	14664	1	0	0	32	2	23	2	31	2
S	14665	1	0	1	33	2	21	2	2	31
S	14666	1	0	0	33	2	21	2	2	31
S	14667	1	0	1	34	2	18	23	18	31
S	14668	1	0	0	34	2	18	23	18	31
S	14669	1	0	1	35	2	18	21	31	18
S	14670	1	0	0	35	2	18	21	31	18
S	14671	1	0	1	2	30	26	2	36	36
S	14672	1	0	0	2	30	26	2	36	36
S	14673	1	0	1	2	32	29	2	36	2
S	14674	1	0	0	2	32	29	2	36	2
S	14675	1	0	1	2	33	28	2	2	36
S	14676	1	0	0	2	33	28	2	2	36
S	14677	1	0	1	2	34	26	29	26	36
S	14678	1	0	0	2	34	26	29	26	36
S	14679	1	0	1	2	35	26	28	36	26
S	14680	1	0	0	2	35	26	28	36	26
S	14681	1	0	1	37	2	21	21	2	18
S	14682	1	0	0	37	2	21	21	2	18
S	14683	1	0	1	33	2	21	2	2	31
S	14684	1	0	0	33	2	21	2	2	31
S	14685	1	0	1	20	2	2	21	2	19
S	14686	1	0	0	20	2	2	21	2	19
S	14687	1	0	1	35	2	18	21	31	18
S	14688	1	0	0	35	2	18	21	31	18
S	14689	1	0	1	24	2	21	18	19	18
S	14690	1	0	0	24	2	21	18	19	18
S	14691	1	0	1	2	37	28	28	2	26
S	14692	1	0	0	2	37	28	28	2	26
S	14693	1	0	1	2	33	28	2	2	36
S	14694	1	0	0	2	33	28	2	2	36
S	14695	1	0	1	2	20	2	28	2	27
S	14696	1	0	0	2	20	2	28	2	27
S	14697	1	0	1	2	35	26	28	36	26
S	14698	1	0	0	2	35	26	28	36	26
S	14699	1	0	1	2	24	28	26	27	26
S	14700	1	0	0	2	24	28	26	27	26
S	14701	1	0	1	38	2	23	23	18	2
S	14702	1	0	0	38	2	23	23	18	2
S	14703	1	0	1	22	2	2	23	19	2
S	14704	1	0	0	22	2	2	23	19	2
S	14705	1	0	1	32	2	23	2	31	2
S	14706	1	0	0	32	2	23	2	31	2
S	14707	1	0	1	25	2	23	18	18	19
S	14708	1	0	0	25	2	23	18	18	19
S	14709	1	0	1	34	2	18	23	18	31
S	14710	1	0	0	34	2	18	23	18	31
S	14711	1	0	1	2	38	29	29	26	2
S	14712	1	0	0	2	38	29	29	26	2
S	14713	1	0	1	2	22	2	29	27	2
S	14714	1	0	0	2	22	2	29	27	2
S	14715	1	0	1	2	32	29	2	36	2
S	14716	1	0	0	2	32	29	2	36	2
S	14717	1	0	1	2	25	29	26	26	27
S	14718	1	0	0	2	25	29	26	26	27
S	14719	1	0	1	2	34	26	29	26	36
S	14720	1	0	0	2	34	26	29	26	36
S	14721	1	0	1	0	2	18	18	18	18
S	14722	1	0	0	0	2	18	18	18	18
S	14723	1	0	1	2	0	26	26	26	26
S	14724	1	0	0	2	0	26	26	26	26
S	14725	2	0	15	0	0	0	0	0	0
S	14727	1	0	1	0	2	18	18	18	18
S	14728	1	0	0	0	2	18	18	18	18
S	14729	1	0	1	2	0	26	26	26	26
S	14730	1	0	0	2	0	26	26	26	26
S	14731	2	0	15	0	0	0	0	0	0
S	14733	1	0	1	0	2	18	18	18	18
S	14734	1	0	0	0	2	18	18	18	18
S	14735	1	0	1	2	0	26	26	26	26
S	14736	1	0	0	2	0	26	26	26	26
S	14737	2	0	15	0	0	0	0	0	0
S	14739	1	15	15	0	0	0	0	0	0
S	14740	3	0	15	0	0	0	0	0	0
S	14743	16	0	0	0	0	0	0	0	0
S	14759	3	0	15	0	0	0	0	0	0
S	14762	332	0	0	0	0	0	0	0	0
S	15094	3	0	15	0	0	0	0	0	0
S	15097	1	0	1	17	2	2	18	19	19
S	15098	1	0	0	17	2	2	18	19	19
S	15099	1	0	1	20	2	2	21	2	19
S	15100	1	0	0	20	2	2	21	2	19
S	15101	1	0	1	22	2	2	23	19	2
S	15102	1	0	0	22	2	2	23	19	2
S	15103	1	0	1	24	2	21	18	19	18
S	15104	1	0	0	24	2	21	18	19	18
S	15105	1	0	1	25	2	23	18	18	19
S	15106	1	0	0	25	2	23	18	18	19
S	15107	1	0	1	2	17	2	26	27	27
S	15108	1	0	0	2	17	2	26	27	27
S	15109	1	0	1	2	20	2	28	2	27
S	15110	1	0	0	2	20	2	28	2	27
S	15111	1	0	1	2	22	2	29	27	2
S	15112	1	0	0	2	22	2	29	27	2
S	15113	1	0	1	2	24	28	26	27	26
S	15114	1	0	0	2	24	28	26	27	26
S	15115	1	0	1	2	25	29	26	26	27
S	15116	1	0	0	2	25	29	26	26	27
S	15117	1	0	1	30	2	18	2	31	31
S	15118	1	0	0	30	2	18	2	31	31
S	15119	1	0	1	32	2	23	2	31	2
S	15120	1	0	0	32	2	23	2	31	2
S	15121	1	0	1	33	2	21	2	2	31
S	15122	1	0	0	33	2	21	2	2	31
S	15123	1	0	1	34	2	18	23	18	31
S	15124	1	0	0	34	2	18	23	18	31
S	15125	1	0	1	35	2	18	21	31	18
S	15126	1	0	0	35	2	18	21	31	18
S	15127	1	0	1	2	30	26	2	36	36
S	15128	1	0	0	2	30	26	2	36	36
S	15129	1	0	1	2	32	29	2	36	2
S	15130	1	0	0	2	32	29	2	36	2
S	15131	1	0	1	2	33	28	2	2	36
S	15132	1	0	0	2	33	28	2	2	36
S	15133	1	0	1	2	34	26	29	26	36
S	15134	1	0	0	2	34	26	29	26	36
S	15135	1	0	1	2	35	26	28	36	26
S	15136	1	0	0	2	35	26	28	36	26
S	15137	1	0	1	37	2	21	21	2	18
S	15138	1	0	0	37	2	21	21	2	18
S	15139	1	0	1	33	2	21	2	2	31
S	15140	1	0	0	33	2	21	2	2	31
S	15141	1	0	1	20	2	2	21	2	19
S	15142	1	0	0	20	2	2	21	2	19
S	15143	1	0	1	35	2	18	21	31	18
S	15144	1	0	0	35	2	18	21	31	18
S	15145	1	0	1	24	2	21	18	19	18
S	15146	1	0	0	24	2	21	18	19	18
S	15147	1	0	1	2	37	28	28	2	26
S	15148	1	0	0	2	37	28	28	2	26
S	15149	1	0	1	2	33	28	2	2	36
S	15150	1	0	0	2	33	28	2	2	36
S	15151	1	0	1	2	20	2	28	2	27
S	15152	1	0	0	2	20	2	28	2	27
S	15153	1	0	1	2	35	26	28	36	26
S	15154	1	0	0	2	35	26	28	36	26
S	15155	1	0	1	2	24	28	26	27	26
S	15156	1	0	0	2	24	28	26	27	26
S	15157	1	0	1	38	2	23	23	18	2
S	15158	1	0	0	38	2	23	23	18	2
S	15159	1	0	1	22	2	2	23	19	2
S	15160	1	0	0	22	2	2	23	19	2
S	15161	1	0	1	32	2	23	2	31	2
S	15162	1	0	0	32	2	23	2	31	2
S	15163	1	0	1	25	2	23	18	18	19
S	15164	1	0	0	25	2	23	18	18	19
S	15165	1	0	1	34	2	18	23	18	31
S	15166	1	0	0	34	2	18	23	18	31
S	15167	1	0	1	2	38	29	29	26	2
S	15168	1	0	0	2	38	29	29	26	2
S	15169	1	0	1	2	22	2	29	27	2
S	15170	1	0	0	2	22	2	29	27	2
S	15171	1	0	1	2	32	29	2	36	2
S	15172	1	0	0	2	32	29	2	36	2
S	15173	1	0	1	2	25	29	26	26	27
S	15174	1	0	0	2	25	29	26	26	27
S	15175	1	0	1	2	34	26	29	26	36
S	15176	1	0	0	2	34	26	29	26	36
S	15177	1	0	1	0	2	18	18	18	18
S	15178	1	0	0	0	2	18	18	18	18
S	15179	1	0	1	2	0	26	26	26	26
S	15180	1	0	0	2	0	26	26	26	26
S	15181	2	0	15	0	0	0	0	0	0
S	15183	1	0	1	0	2	18	18	18	18
S	15184	1	0	0	0	2	18	18	18	18
S	15185	1	0	1	2	0	26	26	26	26
S	15186	1	0	0	2	0	26	26	26	26
S	15187	2	0	15	0	0	0	0	0	0
S	15189	1	0	1	0	2	18	18	18	18
S	15190	1	0	0	0	2	18	18	18	18
S	15191	1	0	1	2	0	26	26	26	26
S	15192	1	0	0	2	0	26	26	26	26
S	15193	2	0	15	0	0	0	0	0	0
S	15195	1	0	1	0	2	18	18	18	18
S	15196	1	0	0	0	2	18	18	18	18
S	15197	1	0	1	2	0	26	26	26	26
S	15198	1	0	0	2	0	26	26	26	26
S	15199	2	0	15	0	0	0	0	0	0
S	15201	1	0	1	0	2	18	18	18	18
S	15202	1	0	0	0	2	18	18	18	18
S	15203	1	0	1	2	0	26	26	26	26
S	15204	1	0	0	2	0	26	26	26	26
S	15205	2	0	15	0	0	0	0	0	0
S	15207	1	0	1	0	2	18	18	18	18
S	15208	1	0	0	0	2	18	18	18	18
S	15209	1	0	1	2	0	26	26	26	26
S	15210	1	0	0	2	0	26	26	26	26
S	15211	2	0	15	0	0	0	0	0	0
S	15213	1	0	1	0	2	18	18	18	18
S	15214	1	0	0	0	2	18	18	18	18
S	15215	1	0	1	2	0	26	26	26	26
S	15216	1	0	0	2	0	26	26	26	26
S	15217	2	0	15	0	0	0	0	0	0
S	15219	1	0	1	0	2	18	18	18	18
S	15220	1	0	0	0	2	18	18	18	18
S	15221	1	0	1	2	0	26	26	26	26
S	15222	1	0	0	2	0	26	26	26	26
S	15223	2	0	15	0	0	0	0	0	0
S	15225	1	0	1	0	2	18	18	18	18
S	15226	1	0	0	0	2	18	18	18	18
S	15227	1	0	1	2	0	26	26	26	26
S	15228	1	0	0	2	0	26	26	26	26
S	15229	2	0	15	0	0	0	0	0	0
S	15231	1	0	1	0	2	18	18	18	18
S	15232	1	0	0	0	2	18	18	18	18
S	15233	1	0	1	2	0	26	26	26	26
S	15234	1	0	0	2	0	26	26	26	26
S	15235	2	0	15	0	0	0	0	0	0
S	15237	1	0	1	0	2	18	18	18	18
S	15238	1	0	0	0	2	18	18	18	18
S	15239	1	0	1	2	0	26	26	26	26
S	15240	1	0	0	2	0	26	26	26	26
S	15241	2	0	15	0	0	0	0	0	0
S	15243	1	0	1	0	2	18	18	18	18
S	15244	1	0	0	0	2	18	18	18	18
S	15245	1	0	1	2	0	26	26	26	26
S	15246	1	0	0	2	0	26	26	26	26
S	15247	2	0	15	0	0	0	0	0	0
S	15249	1	0	1	0	2	18	18	18	18
S	15250	1	0	0	0	2	18	18	18	18
S	15251	1	0	1	2	0	26	26	26	26
S	15252	1	0	0	2	0	26	26	26	26
S	15253	2	0	15	0	0	0	0	0	0
S	15255	1	0	1	0	2	18	18	18	18
S	15256	1	0	0	0	2	18	18	18	18
S	15257	1	0	1	2	0	26	26	26	26
S	15258	1	0	0	2	0	26	26	26	26
S	15259	2	0	15	0	0	0	0	0	0
S	15261	1	0	1	0	2	18	18	18	18
S	15262	1	0	0	0	2	18	18	18	18
S	15263	1	0	1	2	0	26	26	26	26
S	15264	1	0	0	2	0	26	26	26	26
S	15265	2	0	15	0	0	0	0	0	0
S	15267	1	0	1	0	2	18	18	18	18
S	15268	1	0	0	0	2	18	18	18	18
S	15269	1	0	1	2	0	26	26	26	26
S	15270	1	0	0	2	0	26	26	26	26
S	15271	2	0	15	0	0	0	0	0	0
S	15273	1	0	1	0	2	18	18	18	18
S	15274	1	0	0	0	2	18	18	18	18
S	15275	1	0	1	2	0	26	26	26	26
S	15276	1	0	0	2	0	26	26	26	26
S	15277	2	0	15	0	0	0	0	0	0
S	15279	1	0	1	0	2	18	18	18	18
S	15280	1	0	0	0	2	18	18	18	18
S	15281	1	0	1	2	0	26	26	26	26
S	15282	1	0	0	2	0	26	26	26	26
S	15283	2	0	15	0	0	0	0	0	0
S	15285	1	0	1	0	2	18	18	18	18
S	15286	1	0	0	0	2	18	18	18	18
S	15287	1	0	1	2	0	26	26	26	26
S	15288	1	0	0	2	0	26	26	26	26
S	15289	2	0	15	0	0	0	0	0	0
S	15291	1	0	1	0	2	18	18	18	18
S	15292	1	0	0	0	2	18	18	18	18
S	15293	1	0	1	2	0	26	26	26	26
S	15294	1	0	0	2	0	26	26	26	26
S	15295	2	0	15	0	0	0	0	0	0
S	15297	1	0	1	0	2	18	18	18	18
S	15298	1	0	0	0	2	18	18	18	18
S	15299	1	0	1	2	0	26	26	26	26
S	15300	1	0	0	2	0	26	26	26	26
S	15301	2	0	15	0	0	0	0	0	0
S	15303	1	0	1	0	2	18	18	18	18
S	15304	1	0	0	0	2	18	18	18	18
S	15305	1	0	1	2	0	26	26	26	26
S	15306	1	0	0	2	0	26	26	26	26
S	15307	2	0	15	0	0	0	0	0	0
S	15309	1	0	1	0	2	18	18	18	18
S	15310	1	0	0	0	2	18	18	18	18
S	15311	1	0	1	2	0	26	26	26	26
S	15312	1	0	0	2	0	26	26	26	26
S	15313	2	0	15	0	0	0	0	0	0
S	15315	1	0	1	0	2	18	18	18	18
S	15316	1	0	0	0	2	18	18	18	18
S	15317	1	0	1	2	0	26	26	26	26
S	15318	1	0	0	2	0	26	26	26	26
S	15319	3	0	15	0	0	0	0	0	0
S	15322	1	0	1	0	2	18	18	18	18
S	15323	1	0	0	0	2	18	18	18	18
S	15324	1	0	1	2	0	26	26	26	26
S	15325	1	0	0	2	0	26	26	26	26
S	15326	5	0	15	0	0	0	0	0	0
S	15331	320	0	0	0	0	0	0	0	0
S	15651	2	0	1	0	0	0	0	0	0
S	15653	2	0	0	0	0	0	0	0	0
S	15655	2	0	1	0	0	0	0	0	0
S	15657	2	0	0	0	0	0	0	0	0
S	15659	2	0	1	0	0	0	0	0	0
S	15661	2	0	0	0	0	0	0	0	0
S	15663	2	0	1	0	0	0	0	0	0
S	15665	2	0	0	0	0	0	0	0	0
S	15667	2	0	1	0	0	0	0	0	0
S	15669	2	0	0	0	0	0	0	0	0
S	15671	2	0	1	0	0	0	0	0	0
S	15673	2	0	0	0	0	0	0	0	0
S	15675	2	0	1	0	0	0	0	0	0
S	15677	2	0	0	0	0	0	0	0	0
S	15679	2	0	1	0	0	0	0	0	0
S	15681	2	0	0	0	0	0	0	0	0
S	15683	2	0	1	0	0	0	0	0	0
S	15685	2	0	0	0	0	0	0	0	0
S	15687	2	0	1	0	0	0	0	0	0
S	15689	2	0	0	0	0	0	0	0	0
S	15691	2	0	1	0	0	0	0	0	0
S	15693	2	0	0	0	0	0	0	0	0
S	15695	2	0	1	0	0	0	0	0	0
S	15697	2	0	0	0	0	0	0	0	0
S	15699	2	0	1	0	0	0	0	0	0
S	15701	2	0	0	0	0	0	0	0	0
S	15703	2	0	1	0	0	0	0	0	0
S	15705	2	0	0	0	0	0	0	0	0
S	15707	2	0	1	0	0	0	0	0	0
S	15709	2	0	0	0	0	0	0	0	0
S	15711	2	0	1	0	0	0	0	0	0
S	15713	2	0	0	0	0	0	0	0	0
S	15715	2	0	1	0	0	0	0	0	0
S	15717	2	0	0	0	0	0	0	0	0
S	15719	2	0	1	0	0	0	0	0	0
S	15721	2	0	0	0	0	0	0	0	0
S	15723	2	0	1	0	0	0	0	0	0
S	15725	2	0	0	0	0	0	0	0	0
S	15727	2	0	1	0	0	0	0	0	0
S	15729	2	0	0	0	0	0	0	0	0
S	15731	2	0	1	0	0	0	0	0	0
S	15733	2	0	0	0	0	0	0	0	0
S	15735	2	0	1	0	0	0	0	0	0
S	15737	2	0	0	0	0	0	0	0	0
S	15739	2	0	1	0	0	0	0	0	0
S	15741	2	0	0	0	0	0	0	0	0
S	15743	2	0	1	0	0	0	0	0	0
S	15745	2	0	0	0	0	0	0	0	0
S	15747	2	0	1	0	0	0	0	0	0
S	15749	2	0	0	0	0	0	0	0	0
S	15751	2	0	1	0	0	0	0	0	0
S	15753	2	0	0	0	0	0	0	0	0
S	15755	2	0	1	0	0	0	0	0	0
S	15757	2	0	0	0	0	0	0	0	0
S	15759	2	0	1	0	0	0	0	0	0
S	15761	2	0	0	0	0	0	0	0	0
S	15763	2	0	1	0	0	0	0	0	0
S	15765	2	0	0	0	0	0	0	0	0
S	15767	2	0	1	0	0	0	0	0	0
S	15769	2	0	0	0	0	0	0	0	0
S	15771	2	0	1	0	0	0	0	0	0
S	15773	2	0	0	0	0	0	0	0	0
S	15775	2	0	1	0	0	0	0	0	0
S	15777	2	0	0	0	0	0	0	0	0
S	15779	2	0	1	0	0	0	0	0	0
S	15781	2	0	0	0	0	0	0	0	0
S	15783	2	0	1	0	0	0	0	0	0
S	15785	2	0	0	0	0	0	0	0	0
S	15787	2	0	1	0	0	0	0	0	0
S	15789	2	0	0	0	0	0	0	0	0
S	15791	2	0	1	0	0	0	0	0	0
S	15793	2	0	0	0	0	0	0	0	0
S	15795	2	0	1	0	0	0	0	0	0
S	15797	2	0	0	0	0	0	0	0	0
S	15799	2	0	1	0	0	0	0	0	0
S	15801	2	0	0	0	0	0	0	0	0
S	15803	2	0	1	0	0	0	0	0	0
S	15805	2	0	0	0	0	0	0	0	0
S	15807	2	0	1	0	0	0	0	0	0
S	15809	2	0	0	0	0	0	0	0	0
S	15811	2	0	1	0	0	0	0	0	0
S	15813	2	0	0	0	0	0	0	0	0
S	15815	2	0	1	0	0	0	0	0	0
S	15817	2	0	0	0	0	0	0	0	0
S	15819	2	0	1	0	0	0	0	0	0
S	15821	2	0	0	0	0	0	0	0	0
S	15823	2	0	1	0	0	0	0	0	0
S	15825	2	0	0	0	0	0	0	0	0
S	15827	2	0	1	0	0	0	0	0	0
S	15829	2	0	0	0	0	0	0	0	0
S	15831	2	0	1	0	0	0	0	0	0
S	15833	2	0	0	0	0	0	0	0	0
S	15835	2	0	1	0	0	0	0	0	0
S	15837	2	0	0	0	0	0	0	0	0
S	15839	2	0	1	0	0	0	0	0	0
S	15841	2	0	0	0	0	0	0	0	0
S	15843	2	0	1	0	0	0	0	0	0
S	15845	2	0	0	0	0	0	0	0	0
S	15847	2	0	1	0	0	0	0	0	0
S	15849	2	0	0	0	0	0	0	0	0
S	15851	2	0	1	0	0	0	0	0	0
S	15853	2	0	0	0	0	0	0	0	0
S	15855	2	0	1	0	0	0	0	0	0
S	15857	2	0	0	0	0	0	0	0	0
S	15859	2	0	1	0	0	0	0	0	0
S	15861	2	0	0	0	0	0	0	0	0
S	15863	2	0	1	0	0	0	0	0	0
S	15865	2	0	0	0	0	0	0	0	0
S	15867	2	0	1	0	0	0	0	0	0
S	15869	2	0	0	0	0	0	0	0	0
S	15871	2	0	1	0	0	0	0	0	0
S	15873	2	0	0	0	0	0	0	0	0
S	15875	2	0	1	0	0	0	0	0	0
S	15877	2	0	0	0	0	0	0	0	0
S	15879	2	0	1	0	0	0	0	0	0
S	15881	2	0	0	0	0	0	0	0	0
S	15883	2	0	1	0	0	0	0	0	0
S	15885	2	0	0	0	0	0	0	0	0
S	15887	2	0	1	0	0	0	0	0	0
S	15889	2	0	0	0	0	0	0	0	0
S	15891	2	0	1	0	0	0	0	0	0
S	15893	2	0	0	0	0	0	0	0	0
S	15895	2	0	1	0	0	0	0	0	0
S	15897	2	0	0	0	0	0	0	0	0
S	15899	2	0	1	0	0	0	0	0	0
S	15901	2	0	0	0	0	0	0	0	0
S	15903	2	0	1	0	0	0	0	0	0
S	15905	2	0	0	0	0	0	0	0	0
S	15907	2	0	1	0	0	0	0	0	0
S	15909	2	0	0	0	0	0	0	0	0
S	15911	2	0	1	0	0	0	0	0	0
S	15913	2	0	0	0	0	0	0	0	0
S	15915	2	0	1	0	0	0	0	0	0
S	15917	2	0	0	0	0	0	0	0	0
S	15919	2	0	1	0	0	0	0	0	0
S	15921	2	0	0	0	0	0	0	0	0
S	15923	2	0	1	0	0	0	0	0	0
S	15925	2	0	0	0	0	0	0	0	0
S	15927	2	0	1	0	0	0	0	0	0
S	15929	2	0	0	0	0	0	0	0	0
S	15931	2	0	1	0	0	0	0	0	0
S	15933	2	0	0	0	0	0	0	0	0
S	15935	2	0	1	0	0	0	0	0	0
S	15937	2	0	0	0	0	0	0	0	0
S	15939	2	0	1	0	0	0	0	0	0
S	15941	2	0	0	0	0	0	0	0	0
S	15943	2	0	1	0	0	0	0	0	0
S	15945	2	0	0	0	0	0	0	0	0
S	15947	2	0	1	0	0	0	0	0	0
S	15949	2	0	0	0	0	0	0	0	0
S	15951	2	0	1	0	0	0	0	0	0
S	15953	2	0	0	0	0	0	0	0	0
S	15955	2	0	1	0	0	0	0	0	0
S	15957	2	0	0	0	0	0	0	0	0
S	15959	2	0	1	0	0	0	0	0	0
S	15961	2	0	0	0	0	0	0	0	0
S	15963	2	0	1	0	0	0	0	0	0
S	15965	2	0	0	0	0	0	0	0	0
S	15967	2	0	1	0	0	0	0	0	0
S	15969	642	0	0	0	0	0	0	0	0
S	16611	6	14	0	0	0	0	0	0	0
S	16617	70	0	1	0	0	0	0	0	0
S	16687	1	0	15	0	0	0	0	0	0
S	16688	1	0	1	0	2	18	18	18	18
S	16689	1	0	0	0	2	18	18	18	18
S	16690	1	0	1	2	0	26	26	26	26
S	16691	1	0	0	2	0	26	26	26	26
S	16692	5	0	15	0	0	0	0	0	0
S	16697	1	0	1	17	2	2	18	19	19
S	16698	1	0	0	17	2	2	18	19	19
S	16699	1	0	1	20	2	2	21	2	19
S	16700	1	0	0	20	2	2	21	2	19
S	16701	1	0	1	22	2	2	23	19	2
S	16702	1	0	0	22	2	2	23	19	2
S	16703	1	0	1	24	2	21	18	19	18
S	16704	1	0	0	24	2	21	18	19	18
S	16705	1	0	1	25	2	23	18	18	19
S	16706	1	0	0	25	2	23	18	18	19
S	16707	1	0	1	2	17	2	26	27	27
S	16708	1	0	0	2	17	2	26	27	27
S	16709	1	0	1	2	20	2	28	2	27
S	16710	1	0	0	2	20	2	28	2	27
S	16711	1	0	1	2	22	2	29	27	2
S	16712	1	0	0	2	22	2	29	27	2
S	16713	1	0	1	2	24	28	26	27	26
S	16714	1	0	0	2	24	28	26	27	26
S	16715	1	0	1	2	25	29	26	26	27
S	16716	1	0	0	2	25	29	26	26	27
S	16717	1	0	1	30	2	18	2	31	31
S	16718	1	0	0	30	2	18	2	31	31
S	16719	1	0	1	32	2	23	2	31	2
S	16720	1	0	0	32	2	23	2	31	2
S	16721	1	0	1	33	2	21	2	2	31
S	16722	1	0	0	33	2	21	2	2	31
S	16723	1	0	1	34	2	18	23	18	31
S	16724	1	0	0	34	2	18	23	18	31
S	16725	1	0	1	35	2	18	21	31	18
S	16726	1	0	0	35	2	18	21	31	18
S	16727	1	0	1	2	30	26	2	36	36
S	16728	1	0	0	2	30	26	2	36	36
S	16729	1	0	1	2	32	29	2	36	2
S	16730	1	0	0	2	32	29	2	36	2
S	16731	1	0	1	2	33	28	2	2	36
S	16732	1	0	0	2	33	28	2	2	36
S	16733	1	0	1	2	34	26	29	26	36
S	16734	1	0	0	2	34	26	29	26	36
S	16735	1	0	1	2	35	26	28	36	26
S	16736	1	0	0	2	35	26	28	36	26
S	16737	1	0	1	37	2	21	21	2	18
S	16738	1	0	0	37	2	21	21	2	18
S	16739	1	0	1	33	2	21	2	2	31
S	16740	1	0	0	33	2	21	2	2	31
S	16741	1	0	1	20	2	2	21	2	19
S	16742	1	0	0	20	2	2	21	2	19
S	16743	1	0	1	35	2	18	21	31	18
S	16744	1	0	0	35	2	18	21	31	18
S	16745	1	0	1	24	2	21	18	19	18
S	16746	1	0	0	24	2	21	18	19	18
S	16747	1	0	1	2	37	28	28	2	26
S	16748	1	0	0	2	37	28	28	2	26
S	16749	1	0	1	2	33	28	2	2	36
S	16750	1	0	0	2	33	28	2	2	36
S	16751	1	0	1	2	20	2	28	2	27
S	16752	1	0	0	2	20	2	28	2	27
S	16753	1	0	1	2	35	26	28	36	26
S	16754	1	0	0	2	35	26	28	36	26
S	16755	1	0	1	2	24	28	26	27	26
S	16756	1	0	0	2	24	28	26	27	26
S	16757	1	0	1	38	2	23	23	18	2
S	16758	1	0	0	38	2	23	23	18	2
S	16759	1	0	1	22	2	2	23	19	2
S	16760	1	0	0	22	2	2	23	19	2
S	16761	1	0	1	32	2	23	2	31	2
S	16762	1	0	0	32	2	23	2	31	2
S	16763	1	0	1	25	2	23	18	18	19
S	16764	1	0	0	25	2	23	18	18	19
S	16765	1	0	1	34	2	18	23	18	31
S	16766	1	0	0	34	2	18	23	18	31
S	16767	1	0	1	2	38	29	29	26	2
S	16768	1	0	0	2	38	29	29	26	2
S	16769	1	0	1	2	22	2	29	27	2
S	16770	1	0	0	2	22	2	29	27	2
S	16771	1	0	1	2	32	29	2	36	2
S	16772	1	0	0	2	32	29	2	36	2
S	16773	1	0	1	2	25	29	26	26	27
S	16774	1	0	0	2	25	29	26	26	27
S	16775	1	0	1	2	34	26	29	26	36
S	16776	1	0	0	2	34	26	29	26	36
S	16777	1	0	15	0	0	0	0	0	0
S	16778	18	0	0	0	0	0	0	0	0
S	16796	1	0	0	2	0	47	47	47	47
S	16797	1	15	1	0	0	0	0	0	0
S	16798	24	0	15	0	0	0	0	0	0
S	16822	4	0	1	0	0	0	0	0	0
S	16826	1	3	15	0	0	0	0	0	0
S	16827	5	0	15	0	0	0	0	0	0
S	16832	1	0	0	0	0	0	0	0	0
S	16833	12	0	15	0	0	0	0	0	0
S	16845	102	0	1	0	0	0	0	0	0
S	16947	80	0	15	0	0	0	0	0	0
S	17027	1	0	1	17	2	2	18	19	19
S	17028	1	0	0	17	2	2	18	19	19
S	17029	1	0	1	20	2	2	21	2	19
S	17030	1	0	0	20	2	2	21	2	19
S	17031	1	0	1	22	2	2	23	19	2
S	17032	1	0	0	22	2	2	23	19	2
S	17033	1	0	1	24	2	21	18	19	18
S	17034	1	0	0	24	2	21	18	19	18
S	17035	1	0	1	25	2	23	18	18	19
S	17036	1	0	0	25	2	23	18	18	19
S	17037	1	0	1	2	17	2	26	27	27
S	17038	1	0	0	2	17	2	26	27	27
S	17039	1	0	1	2	20	2	28	2	27
S	17040	1	0	0	2	20	2	28	2	27
S	17041	1	0	1	2	22	2	29	27	2
S	17042	1	0	0	2	22	2	29	27	2
S	17043	1	0	1	2	24	28	26	27	26
S	17044	1	0	0	2	24	28	26	27	26
S	17045	1	0	1	2	25	29	26	26	27
S	17046	1	0	0	2	25	29	26	26	27
S	17047	1	0	1	30	2	18	2	31	31
S	17048	1	0	0	30	2	18	2	31	31
S	17049	1	0	1	32	2	23	2	31	2
S	17050	1	0	0	32	2	23	2	31	2
S	17051	1	0	1	33	2	21	2	2	31
S	17052	1	0	0	33	2	21	2	2	31
S	17053	1	0	1	34	2	18	23	18	31
S	17054	1	0	0	34	2	18	23	18	31
S	17055	1	0	1	35	2	18	21	31	18
S	17056	1	0	0	35	2	18	21	31	18
S	17057	1	0	1	2	30	26	2	36	36
S	17058	1	0	0	2	30	26	2	36	36
S	17059	1	0	1	2	32	29	2	36	2
S	17060	1	0	0	2	32	29	2	36	2
S	17061	1	0	1	2	33	28	2	2	36
S	17062	1	0	0	2	33	28	2	2	36
S	17063	1	0	1	2	34	26	29	26	36
S	17064	1	0	0	2	34	26	29	26	36
S	17065	1	0	1	2	35	26	28	36	26
S	17066	1	0	0	2	35	26	28	36	26
S	17067	1	0	1	37	2	21	21	2	18
S	17068	1	0	0	37	2	21	21	2	18
S	17069	1	0	1	33	2	21	2	2	31
S	17070	1	0	0	33	2	21	2	2	31
S	17071	1	0	1	20	2	2	21	2	19
S	17072	1	0	0	20	2	2	21	2	19
S	17073	1	0	1	35	2	18	21	31	18
S	17074	1	0	0	35	2	18	21	31	18
S	17075	1	0	1	24	2	21	18	19	18
S	17076	1	0	0	24	2	21	18	19	18
S	17077	1	0	1	2	37	28	28	2	26
S	17078	1	0	0	2	37	28	28	2	26
S	17079	1	0	1	2	33	28	2	2	36
S	17080	1	0	0	2	33	28	2	2	36
S	17081	1	0	1	2	20	2	28	2	27
S	17082	1	0	0	2	20	2	28	2	27
S	17083	1	0	1	2	35	26	28	36	26
S	17084	1	0	0	2	35	26	28	36	26
S	17085	1	0	1	2	24	28	26	27	26
S	17086	1	0	0	2	24	28	26	27	26
S	17087	1	0	1	38	2	23	23	18	2
S	17088	1	0	0	38	2	23	23	18	2
S	17089	1	0	1	22	2	2	23	19	2
S	17090	1	0	0	22	2	2	23	19	2
S	17091	1	0	1	32	2	23	2	31	2
S	17092	1	0	0	32	2	23	2	31	2
S	17093	1	0	1	25	2	23	18	18	19
S	17094	1	0	0	25	2	23	18	18	19
S	17095	1	0	1	34	2	18	23	18	31
S	17096	1	0	0	34	2	18	23	18	31
S	17097	1	0	1	2	38	29	29	26	2
S	17098	1	0	0	2	38	29	29	26	2
S	17099	1	0	1	2	22	2	29	27	2
S	17100	1	0	0	2	22	2	29	27	2
S	17101	1	0	1	2	32	29	2	36	2
S	17102	1	0	0	2	32	29	2	36	2
S	17103	1	0	1	2	25	29	26	26	27
S	17104	1	0	0	2	25	29	26	26	27
S	17105	1	0	1	2	34	26	29	26	36
S	17106	1	0	0	2	34	26	29	26	36
S	17107	1	0	1	17	2	2	18	19	19
S	17108	1	0	0	17	2	2	18	19	19
S	17109	1	0	1	20	2	2	21	2	19
S	17110	1	0	0	20	2	2	21	2	19
S	17111	1	0	1	22	2	2	23	19	2
S	17112	1	0	0	22	2	2	23	19	2
S	17113	1	0	1	24	2	21	18	19	18
S	17114	1	0	0	24	2	21	18	19	18
S	17115	1	0	1	25	2	23	18	18	19
S	17116	1	0	0	25	2	23	18	18	19
S	17117	1	0	1	2	17	2	26	27	27
S	17118	1	0	0	2	17	2	26	27	27
S	17119	1	0	1	2	20	2	28	2	27
S	17120	1	0	0	2	20	2	28	2	27
S	17121	1	0	1	2	22	2	29	27	2
S	17122	1	0	0	2	22	2	29	27	2
S	17123	1	0	1	2	24	28	26	27	26
S	17124	1	0	0	2	24	28	26	27	26
S	17125	1	0	1	2	25	29	26	26	27
S	17126	1	0	0	2	25	29	26	26	27
S	17127	1	0	1	30	2	18	2	31	31
S	17128	1	0	0	30	2	18	2	31	31
S	17129	1	0	1	32	2	23	2	31	2
S	17130	1	0	0	32	2	23	2	31	2
S	17131	1	0	1	33	2	21	2	2	31
S	17132	1	0	0	33	2	21	2	2	31
S	17133	1	0	1	34	2	18	23	18	31
S	17134	1	0	0	34	2	18	23	18	31
S	17135	1	0	1	35	2	18	21	31	18
S	17136	1	0	0	35	2	18	21	31	18
S	17137	1	0	1	2	30	26	2	36	36
S	17138	1	0	0	2	30	26	2	36	36
S	17139	1	0	1	2	32	29	2	36	2
S	17140	1	0	0	2	32	29	2	36	2
S	17141	1	0	1	2	33	28	2	2	36
S	17142	1	0	0	2	33	28	2	2	36
S	17143	1	0	1	2	34	26	29	26	36
S	17144	1	0	0	2	34	26	29	26	36
S	17145	1	0	1	2	35	26	28	36	26
S	17146	1	0	0	2	35	26	28	36	26
S	17147	1	0	1	37	2	21	21	2	18
S	17148	1	0	0	37	2	21	21	2	18
S	17149	1	0	1	33	2	21	2	2	31
S	17150	1	0	0	33	2	21	2	2	31
S	17151	1	0	1	20	2	2	21	2	19
S	17152	1	0	0	20	2	2	21	2	19
S	17153	1	0	1	35	2	18	21	31	18
S	17154	1	0	0	35	2	18	21	31	18
S	17155	1	0	1	24	2	21	18	19	18
S	17156	1	0	0	24	2	21	18	19	18
S	17157	1	0	1	2	37	28	28	2	26
S	17158	1	0	0	2	37	28	28	2	26
S	17159	1	0	1	2	33	28	2	2	36
S	17160	1	0	0	2	33	28	2	2	36
S	17161	1	0	1	2	20	2	28	2	27
S	17162	1	0	0	2	20	2	28	2	27
S	17163	1	0	1	2	35	26	28	36	26
S	17164	1	0	0	2	35	26	28	36	26
S	17165	1	0	1	2	24	28	26	27	26
S	17166	1	0	0	2	24	28	26	27	26
S	17167	1	0	1	38	2	23	23	18	2
S	17168	1	0	0	38	2	23	23	18	2
S	17169	1	0	1	22	2	2	23	19	2
S	17170	1	0	0	22	2	2	23	19	2
S	17171	1	0	1	32	2	23	2	31	2
S	17172	1	0	0	32	2	23	2	31	2
S	17173	1	0	1	25	2	23	18	18	19
S	17174	1	0	0	25	2	23	18	18	19
S	17175	1	0	1	34	2	18	23	18	31
S	17176	1	0	0	34	2	18	23	18	31
S	17177	1	0	1	2	38	29	29	26	2
S	17178	1	0	0	2	38	29	29	26	2
S	17179	1	0	1	2	22	2	29	27	2
S	17180	1	0	0	2	22	2	29	27	2
S	17181	1	0	1	2	32	29	2	36	2
S	17182	1	0	0	2	32	29	2	36	2
S	17183	1	0	1	2	25	29	26	26	27
S	17184	1	0	0	2	25	29	26	26	27
S	17185	1	0	1	2	34	26	29	26	36
S	17186	1	0	0	2	34	26	29	26	36
S	17187	1	0	1	17	2	2	18	19	19
S	17188	1	0	0	17	2	2	18	19	19
S	17189	1	0	1	20	2	2	21	2	19
S	17190	1	0	0	20	2	2	21	2	19
S	17191	1	0	1	22	2	2	23	19	2
S	17192	1	0	0	22	2	2	23	19	2
S	17193	1	0	1	24	2	21	18	19	18
S	17194	1	0	0	24	2	21	18	19	18
S	17195	1	0	1	25	2	23	18	18	19
S	17196	1	0	0	25	2	23	18	18	19
S	17197	1	0	1	2	17	2	26	27	27
S	17198	1	0	0	2	17	2	26	27	27
S	17199	1	0	1	2	20	2	28	2	27
S	17200	1	0	0	2	20	2	28	2	27
S	17201	1	0	1	2	22	2	29	27	2
S	17202	1	0	0	2	22	2	29	27	2
S	17203	1	0	1	2	24	28	26	27	26
S	17204	1	0	0	2	24	28	26	27	26
S	17205	1	0	1	2	25	29	26	26	27
S	17206	1	0	0	2	25	29	26	26	27
S	17207	1	0	1	30	2	18	2	31	31
S	17208	1	0	0	30	2	18	2	31	31
S	17209	1	0	1	32	2	23	2	31	2
S	17210	1	0	0	32	2	23	2	31	2
S	17211	1	0	1	33	2	21	2	2	31
S	17212	1	0	0	33	2	21	2	2	31
S	17213	1	0	1	34	2	18	23	18	31
S	17214	1	0	0	34	2	18	23	18	31
S	17215	1	0	1	35	2	18	21	31	18
S	17216	1	0	0	35	2	18	21	31	18
S	17217	1	0	1	2	30	26	2	36	36
S	17218	1	0	0	2	30	26	2	36	36
S	17219	1	0	1	2	32	29	2	36	2
S	17220	1	0	0	2	32	29	2	36	2
S	17221	1	0	1	2	33	28	2	2	36
S	17222	1	0	0	2	33	28	2	2	36
S	17223	1	0	1	2	34	26	29	26	36
S	17224	1	0	0	2	34	26	29	26	36
S	17225	1	0	1	2	35	26	28	36	26
S	17226	1	0	0	2	35	26	28	36	26
S	17227	1	0	1	37	2	21	21	2	18
S	17228	1	0	0	37	2	21	21	2	18
S	17229	1	0	1	33	2	21	2	2	31
S	17230	1	0	0	33	2	21	2	2	31
S	17231	1	0	1	20	2	2	21	2	19
S	17232	1	0	0	20	2	2	21	2	19
S	17233	1	0	1	35	2	18	21	31	18
S	17234	1	0	0	35	2	18	21	31	18
S	17235	1	0	1	24	2	21	18	19	18
S	17236	1	0	0	24	2	21	18	19	18
S	17237	1	0	1	2	37	28	28	2	26
S	17238	1	0	0	2	37	28	28	2	26
S	17239	1	0	1	2	33	28	2	2	36
S	17240	1	0	0	2	33	28	2	2	36
S	17241	1	0	1	2	20	2	28	2	27
S	17242	1	0	0	2	20	2	28	2	27
S	17243	1	0	1	2	35	26	28	36	26
S	17244	1	0	0	2	35	26	28	36	26
S	17245	1	0	1	2	24	28	26	27	26
S	17246	1	0	0	2	24	28	26	27	26
S	17247	1	0	1	38	2	23	23	18	2
S	17248	1	0	0	38	2	23	23	18	2
S	17249	1	0	1	22	2	2	23	19	2
S	17250	1	0	0	22	2	2	23	19	2
S	17251	1	0	1	32	2	23	2	31	2
S	17252	1	0	0	32	2	23	2	31	2
S	17253	1	0	1	25	2	23	18	18	19
S	17254	1	0	0	25	2	23	18	18	19
S	17255	1	0	1	34	2	18	23	18	31
S	17256	1	0	0	34	2	18	23	18	31
S	17257	1	0	1	2	38	29	29	26	2
S	17258	1	0	0	2	38	29	29	26	2
S	17259	1	0	1	2	22	2	29	27	2
S	17260	1	0	0	2	22	2	29	27	2
S	17261	1	0	1	2	32	29	2	36	2
S	17262	1	0	0	2	32	29	2	36	2
S	17263	1	0	1	2	25	29	26	26	27
S	17264	1	0	0	2	25	29	26	26	27
S	17265	1	0	1	2	34	26	29	26	36
S	17266	1	0	0	2	34	26	29	26	36
S	17267	1	0	1	17	2	2	18	19	19
S	17268	1	0	0	17	2	2	18	19	19
S	17269	1	0	1	20	2	2	21	2	19
S	17270	1	0	0	20	2	2	21	2	19
S	17271	1	0	1	22	2	2	23	19	2
S	17272	1	0	0	22	2	2	23	19	2
S	17273	1	0	1	24	2	21	18	19	18
S	17274	1	0	0	24	2	21	18	19	18
S	17275	1	0	1	25	2	23	18	18	19
S	17276	1	0	0	25	2	23	18	18	19
S	17277	1	0	1	2	17	2	26	27	27
S	17278	1	0	0	2	17	2	26	27	27
S	17279	1	0	1	2	20	2	28	2	27
S	17280	1	0	0	2	20	2	28	2	27
S	17281	1	0	1	2	22	2	29	27	2
S	17282	1	0	0	2	22	2	29	27	2
S	17283	1	0	1	2	24	28	26	27	26
S	17284	1	0	0	2	24	28	26	27	26
S	17285	1	0	1	2	25	29	26	26	27
S	17286	1	0	0	2	25	29	26	26	27
S	17287	1	0	1	30	2	18	2	31	31
S	17288	1	0	0	30	2	18	2	31	31
S	17289	1	0	1	32	2	23	2	31	2
S	17290	1	0	0	32	2	23	2	31	2
S	17291	1	0	1	33	2	21	2	2	31
S	17292	1	0	0	33	2	21	2	2	31
S	17293	1	0	1	34	2	18	23	18	31
S	17294	1	0	0	34	2	18	23	18	31
S	17295	1	0	1	35	2	18	21	31	18
S	17296	1	0	0	35	2	18	21	31	18
S	17297	1	0	1	2	30	26	2	36	36
S	17298	1	0	0	2	30	26	2	36	36
S	17299	1	0	1	2	32	29	2	36	2
S	17300	1	0	0	2	32	29	2	36	2
S	17301	1	0	1	2	33	28	2	2	36
S	17302	1	0	0	2	33	28	2	2	36
S	17303	1	0	1	2	34	26	29	26	36
S	17304	1	0	0	2	34	26	29	26	36
S	17305	1	0	1	2	35	26	28	36	26
S	17306	1	0	0	2	35	26	28	36	26
S	17307	1	0	1	37	2	21	21	2	18
S	17308	1	0	0	37	2	21	21	2	18
S	17309	1	0	1	33	2	21	2	2	31
S	17310	1	0	0	33	2	21	2	2	31
S	17311	1	0	1	20	2	2	21	2	19
S	17312	1	0	0	20	2	2	21	2	19
S	17313	1	0	1	35	2	18	21	31	18
S	17314	1	0	0	35	2	18	21	31	18
S	17315	1	0	1	24	2	21	18	19	18
S	17316	1	0	0	24	2	21	18	19	18
S	17317	1	0	1	2	37	28	28	2	26
S	17318	1	0	0	2	37	28	28	2	26
S	17319	1	0	1	2	33	28	2	2	36
S	17320	1	0	0	2	33	28	2	2	36
S	17321	1	0	1	2	20	2	28	2	27
S	17322	1	0	0	2	20	2	28	2	27
S	17323	1	0	1	2	35	26	28	36	26
S	17324	1	0	0	2	35	26	28	36	26
S	17325	1	0	1	2	24	28	26	27	26
S	17326	1	0	0	2	24	28	26	27	26
S	17327	1	0	1	38	2	23	23	18	2
S	17328	1	0	0	38	2	23	23	18	2
S	17329	1	0	1	22	2	2	23	19	2
S	17330	1	0	0	22	2	2	23	19	2
S	17331	1	0	1	32	2	23	2	31	2
S	17332	1	0	0	32	2	23	2	31	2
S	17333	1	0	1	25	2	23	18	18	19
S	17334	1	0	0	25	2	23	18	18	19
S	17335	1	0	1	34	2	18	23	18	31
S	17336	1	0	0	34	2	18	23	18	31
S	17337	1	0	1	2	38	29	29	26	2
S	17338	1	0	0	2	38	29	29	26	2
S	17339	1	0	1	2	22	2	29	27	2
S	17340	1	0	0	2	22	2	29	27	2
S	17341	1	0	1	2	32	29	2	36	2
S	17342	1	0	0	2	32	29	2	36	2
S	17343	1	0	1	2	25	29	26	26	27
S	17344	1	0	0	2	25	29	26	26	27
S	17345	1	0	1	2	34	26	29	26	36
S	17346	1	0	0	2	34	26	29	26	36
S	17347	1	0	1	17	2	2	18	19	19
S	17348	1	0	0	17	2	2	18	19	19
S	17349	1	0	1	20	2	2	21	2	19
S	17350	1	0	0	20	2	2	21	2	19
S	17351	1	0	1	22	2	2	23	19	2
S	17352	1	0	0	22	2	2	23	19	2
S	17353	1	0	1	24	2	21	18	19	18
S	17354	1	0	0	24	2	21	18	19	18
S	17355	1	0	1	25	2	23	18	18	19
S	17356	1	0	0	25	2	23	18	18	19
S	17357	1	0	1	2	17	2	26	27	27
S	17358	1	0	0	2	17	2	26	27	27
S	17359	1	0	1	2	20	2	28	2	27
S	17360	1	0	0	2	20	2	28	2	27
S	17361	1	0	1	2	22	2	29	27	2
S	17362	1	0	0	2	22	2	29	27	2
S	17363	1	0	1	2	24	28	26	27	26
S	17364	1	0	0	2	24	28	26	27	26
S	17365	1	0	1	2	25	29	26	26	27
S	17366	1	0	0	2	25	29	26	26	27
S	17367	1	0	1	30	2	18	2	31	31
S	17368	1	0	0	30	2	18	2	31	31
S	17369	1	0	1	32	2	23	2	31	2
S	17370	1	0	0	32	2	23	2	31	2
S	17371	1	0	1	33	2	21	2	2	31
S	17372	1	0	0	33	2	21	2	2	31
S	17373	1	0	1	34	2	18	23	18	31
S	17374	1	0	0	34	2	18	23	18	31
S	17375	1	0	1	35	2	18	21	31	18
S	17376	1	0	0	35	2	18	21	31	18
S	17377	1	0	1	2	30	26	2	36	36
S	17378	1	0	0	2	30	26	2	36	36
S	17379	1	0	1	2	32	29	2	36	2
S	17380	1	0	0	2	32	29	2	36	2
S	17381	1	0	1	2	33	28	2	2	36
S	17382	1	0	0	2	33	28	2	2	36
S	17383	1	0	1	2	34	26	29	26	36
S	17384	1	0	0	2	34	26	29	26	36
S	17385	1	0	1	2	35	26	28	36	26
S	17386	1	0	0	2	35	26	28	36	26
S	17387	1	0	1	37	2	21	21	2	18
S	17388	1	0	0	37	2	21	21	2	18
S	17389	1	0	1	33	2	21	2	2	31
S	17390	1	0	0	33	2	21	2	2	31
S	17391	1	0	1	20	2	2	21	2	19
S	17392	1	0	0	20	2	2	21	2	19
S	17393	1	0	1	35	2	18	21	31	18
S	17394	1	0	0	35	2	18	21	31	18
S	17395	1	0	1	24	2	21	18	19	18
S	17396	1	0	0	24	2	21	18	19	18
S	17397	1	0	1	2	37	28	28	2	26
S	17398	1	0	0	2	37	28	28	2	26
S	17399	1	0	1	2	33	28	2	2	36
S	17400	1	0	0	2	33	28	2	2	36
S	17401	1	0	1	2	20	2	28	2	27
S	17402	1	0	0	2	20	2	28	2	27
S	17403	1	0	1	2	35	26	28	36	26
S	17404	1	0	0	2	35	26	28	36	26
S	17405	1	0	1	2	24	28	26	27	26
S	17406	1	0	0	2	24	28	26	27	26
S	17407	1	0	1	38	2	23	23	18	2
S	17408	1	0	0	38	2	23	23	18	2
S	17409	1	0	1	22	2	2	23	19	2
S	17410	1	0	0	22	2	2	23	19	2
S	17411	1	0	1	32	2	23	2	31	2
S	17412	1	0	0	32	2	23	2	31	2
S	17413	1	0	1	25	2	23	18	18	19
S	17414	1	0	0	25	2	23	18	18	19
S	17415	1	0	1	34	2	18	23	18	31
S	17416	1	0	0	34	2	18	23	18	31
S	17417	1	0	1	2	38	29	29	26	2
S	17418	1	0	0	2	38	29	29	26	2
S	17419	1	0	1	2	22	2	29	27	2
S	17420	1	0	0	2	22	2	29	27	2
S	17421	1	0	1	2	32	29	2	36	2
S	17422	1	0	0	2	32	29	2	36	2
S	17423	1	0	1	2	25	29	26	26	27
S	17424	1	0	0	2	25	29	26	26	27
S	17425	1	0	1	2	34	26	29	26	36
S	17426	1	0	0	2	34	26	29	26	36
S	17427	1	0	1	17	2	2	18	19	19
S	17428	1	0	0	17	2	2	18	19	19
S	17429	1	0	1	20	2	2	21	2	19
S	17430	1	0	0	20	2	2	21	2	19
S	17431	1	0	1	22	2	2	23	19	2
S	17432	1	0	0	22	2	2	23	19	2
S	17433	1	0	1	24	2	21	18	19	18
S	17434	1	0	0	24	2	21	18	19	18
S	17435	1	0	1	25	2	23	18	18	19
S	17436	1	0	0	25	2	23	18	18	19
S	17437	1	0	1	2	17	2	26	27	27
S	17438	1	0	0	2	17	2	26	27	27
S	17439	1	0	1	2	20	2	28	2	27
S	17440	1	0	0	2	20	2	28	2	27
S	17441	1	0	1	2	22	2	29	27	2
S	17442	1	0	0	2	22	2	29	27	2
S	17443	1	0	1	2	24	28	26	27	26
S	17444	1	0	0	2	24	28	26	27	26
S	17445	1	0	1	2	25	29	26	26	27
S	17446	1	0	0	2	25	29	26	26	27
S	17447	1	0	1	30	2	18	2	31	31
S	17448	1	0	0	30	2	18	2	31	31
S	17449	1	0	1	32	2	23	2	31	2
S	17450	1	0	0	32	2	23	2	31	2
S	17451	1	0	1	33	2	21	2	2	31
S	17452	1	0	0	33	2	21	2	2	31
S	17453	1	0	1	34	2	18	23	18	31
S	17454	1	0	0	34	2	18	23	18	31
S	17455	1	0	1	35	2	18	21	31	18
S	17456	1	0	0	35	2	18	21	31	18
S	17457	1	0	1	2	30	26	2	36	36
S	17458	1	0	0	2	30	26	2	36	36
S	17459	1	0	1	2	32	29	2	36	2
S	17460	1	0	0	2	32	29	2	36	2
S	17461	1	0	1	2	33	28	2	2	36
S	17462	1	0	0	2	33	28	2	2	36
S	17463	1	0	1	2	34	26	29	26	36
S	17464	1	0	0	2	34	26	29	26	36
S	17465	1	0	1	2	35	26	28	36	26
S	17466	1	0	0	2	35	26	28	36	26
S	17467	1	0	1	37	2	21	21	2	18
S	17468	1	0	0	37	2	21	21	2	18
S	17469	1	0	1	33	2	21	2	2	31
S	17470	1	0	0	33	2	21	2	2	31
S	17471	1	0	1	20	2	2	21	2	19
S	17472	1	0	0	20	2	2	21	2	19
S	17473	1	0	1	35	2	18	21	31	18
S	17474	1	0	0	35	2	18	21	31	18
S	17475	1	0	1	24	2	21	18	19	18
S	17476	1	0	0	24	2	21	18	19	18
S	17477	1	0	1	2	37	28	28	2	26
S	17478	1	0	0	2	37	28	28	2	26
S	17479	1	0	1	2	33	28	2	2	36
S	17480	1	0	0	2	33	28	2	2	36
S	17481	1	0	1	2	20	2	28	2	27
S	17482	1	0	0	2	20	2	28	2	27
S	17483	1	0	1	2	35	26	28	36	26
S	17484	1	0	0	2	35	26	28	36	26
S	17485	1	0	1	2	24	28	26	27	26
S	17486	1	0	0	2	24	28	26	27	26
S	17487	1	0	1	38	2	23	23	18	2
S	17488	1	0	0	38	2	23	23	18	2
S	17489	1	0	1	22	2	2	23	19	2
S	17490	1	0	0	22	2	2	23	19	2
S	17491	1	0	1	32	2	23	2	31	2
S	17492	1	0	0	32	2	23	2	31	2
S	17493	1	0	1	25	2	23	18	18	19
S	17494	1	0	0	25	2	23	18	18	19
S	17495	1	0	1	34	2	18	23	18	31
S	17496	1	0	0	34	2	18	23	18	31
S	17497	1	0	1	2	38	29	29	26	2
S	17498	1	0	0	2	38	29	29	26	2
S	17499	1	0	1	2	22	2	29	27	2
S	17500	1	0	0	2	22	2	29	27	2
S	17501	1	0	1	2	32	29	2	36	2
S	17502	1	0	0	2	32	29	2	36	2
S	17503	1	0	1	2	25	29	26	26	27
S	17504	1	0	0	2	25	29	26	26	27
S	17505	1	0	1	2	34	26	29	26	36
S	17506	1	0	0	2	34	26	29	26	36
S	17507	1	0	1	17	2	2	18	19	19
S	17508	1	0	0	17	2	2	18	19	19
S	17509	1	0	1	20	2	2	21	2	19
S	17510	1	0	0	20	2	2	21	2	19
S	17511	1	0	1	22	2	2	23	19	2
S	17512	1	0	0	22	2	2	23	19	2
S	17513	1	0	1	24	2	21	18	19	18
S	17514	1	0	0	24	2	21	18	19	18
S	17515	1	0	1	25	2	23	18	18	19
S	17516	1	0	0	25	2	23	18	18	19
S	17517	1	0	1	2	17	2	26	27	27
S	17518	1	0	0	2	17	2	26	27	27
S	17519	1	0	1	2	20	2	28	2	27
S	17520	1	0	0	2	20	2	28	2	27
S	17521	1	0	1	2	22	2	29	27	2
S	17522	1	0	0	2	22	2	29	27	2
S	17523	1	0	1	2	24	28	26	27	26
S	17524	1	0	0	2	24	28	26	27	26
S	17525	1	0	1	2	25	29	26	26	27
S	17526	1	0	0	2	25	29	26	26	27
S	17527	1	0	1	30	2	18	2	31	31
S	17528	1	0	0	30	2	18	2	31	31
S	17529	1	0	1	32	2	23	2	31	2
S	17530	1	0	0	32	2	23	2	31	2
S	17531	1	0	1	33	2	21	2	2	31
S	17532	1	0	0	33	2	21	2	2	31
S	17533	1	0	1	34	2	18	23	18	31
S	17534	1	0	0	34	2	18	23	18	31
S	17535	1	0	1	35	2	18	21	31	18
S	17536	1	0	0	35	2	18	21	31	18
S	17537	1	0	1	2	30	26	2	36	36
S	17538	1	0	0	2	30	26	2	36	36
S	17539	1	0	1	2	32	29	2	36	2
S	17540	1	0	0	2	32	29	2	36	2
S	17541	1	0	1	2	33	28	2	2	36
S	17542	1	0	0	2	33	28	2	2	36
S	17543	1	0	1	2	34	26	29	26	36
S	17544	1	0	0	2	34	26	29	26	36
S	17545	1	0	1	2	35	26	28	36	26
S	17546	1	0	0	2	35	26	28	36	26
S	17547	1	0	1	37	2	21	21	2	18
S	17548	1	0	0	37	2	21	21	2	18
S	17549	1	0	1	33	2	21	2	2	31
S	17550	1	0	0	33	2	21	2	2	31
S	17551	1	0	1	20	2	2	21	2	19
S	17552	1	0	0	20	2	2	21	2	19
S	17553	1	0	1	35	2	18	21	31	18
S	17554	1	0	0	35	2	18	21	31	18
S	17555	1	0	1	24	2	21	18	19	18
S	17556	1	0	0	24	2	21	18	19	18
S	17557	1	0	1	2	37	28	28	2	26
S	17558	1	0	0	2	37	28	28	2	26
S	17559	1	0	1	2	33	28	2	2	36
S	17560	1	0	0	2	33	28	2	2	36
S	17561	1	0	1	2	20	2	28	2	27
S	17562	1	0	0	2	20	2	28	2	27
S	17563	1	0	1	2	35	26	28	36	26
S	17564	1	0	0	2	35	26	28	36	26
S	17565	1	0	1	2	24	28	26	27	26
S	17566	1	0	0	2	24	28	26	27	26
S	17567	1	0	1	38	2	23	23	18	2
S	17568	1	0	0	38	2	23	23	18	2
S	17569	1	0	1	22	2	2	23	19	2
S	17570	1	0	0	22	2	2	23	19	2
S	17571	1	0	1	32	2	23	2	31	2
S	17572	1	0	0	32	2	23	2	31	2
S	17573	1	0	1	25	2	23	18	18	19
S	17574	1	0	0	25	2	23	18	18	19
S	17575	1	0	1	34	2	18	23	18	31
S	17576	1	0	0	34	2	18	23	18	31
S	17577	1	0	1	2	38	29	29	26	2
S	17578	1	0	0	2	38	29	29	26	2
S	17579	1	0	1	2	22	2	29	27	2
S	17580	1	0	0	2	22	2	29	27	2
S	17581	1	0	1	2	32	29	2	36	2
S	17582	1	0	0	2	32	29	2	36	2
S	17583	1	0	1	2	25	29	26	26	27
S	17584	1	0	0	2	25	29	26	26	27
S	17585	1	0	1	2	34	26	29	26	36
S	17586	1	0	0	2	34	26	29	26	36
S	17587	1	0	1	17	2	2	18	19	19
S	17588	1	0	0	17	2	2	18	19	19
S	17589	1	0	1	20	2	2	21	2	19
S	17590	1	0	0	20	2	2	21	2	19
S	17591	1	0	1	22	2	2	23	19	2
S	17592	1	0	0	22	2	2	23	19	2
S	17593	1	0	1	24	2	21	18	19	18
S	17594	1	0	0	24	2	21	18	19	18
S	17595	1	0	1	25	2	23	18	18	19
S	17596	1	0	0	25	2	23	18	18	19
S	17597	1	0	1	2	17	2	26	27	27
S	17598	1	0	0	2	17	2	26	27	27
S	17599	1	0	1	2	20	2	28	2	27
S	17600	1	0	0	2	20	2	28	2	27
S	17601	1	0	1	2	22	2	29	27	2
S	17602	1	0	0	2	22	2	29	27	2
S	17603	1	0	1	2	24	28	26	27	26
S	17604	1	0	0	2	24	28	26	27	26
S	17605	1	0	1	2	25	29	26	26	27
S	17606	1	0	0	2	25	29	26	26	27
S	17607	1	0	1	30	2	18	2	31	31
S	17608	1	0	0	30	2	18	2	31	31
S	17609	1	0	1	32	2	23	2	31	2
S	17610	1	0	0	32	2	23	2	31	2
S	17611	1	0	1	33	2	21	2	2	31
S	17612	1	0	0	33	2	21	2	2	31
S	17613	1	0	1	34	2	18	23	18	31
S	17614	1	0	0	34	2	18	23	18	31
S	17615	1	0	1	35	2	18	21	31	18
S	17616	1	0	0	35	2	18	21	31	18
S	17617	1	0	1	2	30	26	2	36	36
S	17618	1	0	0	2	30	26	2	36	36
S	17619	1	0	1	2	32	29	2	36	2
S	17620	1	0	0	2	32	29	2	36	2
S	17621	1	0	1	2	33	28	2	2	36
S	17622	1	0	0	2	33	28	2	2	36
S	17623	1	0	1	2	34	26	29	26	36
S	17624	1	0	0	2	34	26	29	26	36
S	17625	1	0	1	2	35	26	28	36	26
S	17626	1	0	0	2	35	26	28	36	26
S	17627	1	0	1	37	2	21	21	2	18
S	17628	1	0	0	37	2	21	21	2	18
S	17629	1	0	1	33	2	21	2	2	31
S	17630	1	0	0	33	2	21	2	2	31
S	17631	1	0	1	20	2	2	21	2	19
S	17632	1	0	0	20	2	2	21	2	19
S	17633	1	0	1	35	2	18	21	31	18
S	17634	1	0	0	35	2	18	21	31	18
S	17635	1	0	1	24	2	21	18	19	18
S	17636	1	0	0	24	2	21	18	19	18
S	17637	1	0	1	2	37	28	28	2	26
S	17638	1	0	0	2	37	28	28	2	26
S	17639	1	0	1	2	33	28	2	2	36
S	17640	1	0	0	2	33	28	2	2	36
S	17641	1	0	1	2	20	2	28	2	27
S	17642	1	0	0	2	20	2	28	2	27
S	17643	1	0	1	2	35	26	28	36	26
S	17644	1	0	0	2	35	26	28	36	26
S	17645	1	0	1	2	24	28	26	27	26
S	17646	1	0	0	2	24	28	26	27	26
S	17647	1	0	1	38	2	23	23	18	2
S	17648	1	0	0	38	2	23	23	18	2
S	17649	1	0	1	22	2	2	23	19	2
S	17650	1	0	0	22	2	2	23	19	2
S	17651	1	0	1	32	2	23	2	31	2
S	17652	1	0	0	32	2	23	2	31	2
S	17653	1	0	1	25	2	23	18	18	19
S	17654	1	0	0	25	2	23	18	18	19
S	17655	1	0	1	34	2	18	23	18	31
S	17656	1	0	0	34	2	18	23	18	31
S	17657	1	0	1	2	38	29	29	26	2
S	17658	1	0	0	2	38	29	29	26	2
S	17659	1	0	1	2	22	2	29	27	2
S	17660	1	0	0	2	22	2	29	27	2
S	17661	1	0	1	2	32	29	2	36	2
S	17662	1	0	0	2	32	29	2	36	2
S	17663	1	0	1	2	25	29	26	26	27
S	17664	1	0	0	2	25	29	26	26	27
S	17665	1	0	1	2	34	26	29	26	36
S	17666	1	0	0	2	34	26	29	26	36
S	17667	1	0	1	17	2	2	18	19	19
S	17668	1	0	0	17	2	2	18	19	19
S	17669	1	0	1	20	2	2	21	2	19
S	17670	1	0	0	20	2	2	21	2	19
S	17671	1	0	1	22	2	2	23	19	2
S	17672	1	0	0	22	2	2	23	19	2
S	17673	1	0	1	24	2	21	18	19	18
S	17674	1	0	0	24	2	21	18	19	18
S	17675	1	0	1	25	2	23	18	18	19
S	17676	1	0	0	25	2	23	18	18	19
S	17677	1	0	1	2	17	2	26	27	27
S	17678	1	0	0	2	17	2	26	27	27
S	17679	1	0	1	2	20	2	28	2	27
S	17680	1	0	0	2	20	2	28	2	27
S	17681	1	0	1	2	22	2	29	27	2
S	17682	1	0	0	2	22	2	29	27	2
S	17683	1	0	1	2	24	28	26	27	26
S	17684	1	0	0	2	24	28	26	27	26
S	17685	1	0	1	2	25	29	26	26	27
S	17686	1	0	0	2	25	29	26	26	27
S	17687	1	0	1	30	2	18	2	31	31
S	17688	1	0	0	30	2	18	2	31	31
S	17689	1	0	1	32	2	23	2	31	2
S	17690	1	0	0	32	2	23	2	31	2
S	17691	1	0	1	33	2	21	2	2	31
S	17692	1	0	0	33	2	21	2	2	31
S	17693	1	0	1	34	2	18	23	18	31
S	17694	1	0	0	34	2	18	23	18	31
S	17695	1	0	1	35	2	18	21	31	18
S	17696	1	0	0	35	2	18	21	31	18
S	17697	1	0	1	2	30	26	2	36	36
S	17698	1	0	0	2	30	26	2	36	36
S	17699	1	0	1	2	32	29	2	36	2
S	17700	1	0	0	2	32	29	2	36	2
S	17701	1	0	1	2	33	28	2	2	36
S	17702	1	0	0	2	33	28	2	2	36
S	17703	1	0	1	2	34	26	29	26	36
S	17704	1	0	0	2	34	26	29	26	36
S	17705	1	0	1	2	35	26	28	36	26
S	17706	1	0	0	2	35	26	28	36	26
S	17707	1	0	1	37	2	21	21	2	18
S	17708	1	0	0	37	2	21	21	2	18
S	17709	1	0	1	33	2	21	2	2	31
S	17710	1	0	0	33	2	21	2	2	31
S	17711	1	0	1	20	2	2	21	2	19
S	17712	1	0	0	20	2	2	21	2	19
S	17713	1	0	1	35	2	18	21	31	18
S	17714	1	0	0	35	2	18	21	31	18
S	17715	1	0	1	24	2	21	18	19	18
S	17716	1	0	0	24	2	21	18	19	18
S	17717	1	0	1	2	37	28	28	2	26
S	17718	1	0	0	2	37	28	28	2	26
S	17719	1	0	1	2	33	28	2	2	36
S	17720	1	0	0	2	33	28	2	2	36
S	17721	1	0	1	2	20	2	28	2	27
S	17722	1	0	0	2	20	2	28	2	27
S	17723	1	0	1	2	35	26	28	36	26
S	17724	1	0	0	2	35	26	28	36	26
S	17725	1	0	1	2	24	28	26	27	26
S	17726	1	0	0	2	24	28	26	27	26
S	17727	1	0	1	38	2	23	23	18	2
S	17728	1	0	0	38	2	23	23	18	2
S	17729	1	0	1	22	2	2	23	19	2
S	17730	1	0	0	22	2	2	23	19	2
S	17731	1	0	1	32	2	23	2	31	2
S	17732	1	0	0	32	2	23	2	31	2
S	17733	1	0	1	25	2	23	18	18	19
S	17734	1	0	0	25	2	23	18	18	19
S	17735	1	0	1	34	2	18	23	18	31
S	17736	1	0	0	34	2	18	23	18	31
S	17737	1	0	1	2	38	29	29	26	2
S	17738	1	0	0	2	38	29	29	26	2
S	17739	1	0	1	2	22	2	29	27	2
S	17740	1	0	0	2	22	2	29	27	2
S	17741	1	0	1	2	32	29	2	36	2
S	17742	1	0	0	2	32	29	2	36	2
S	17743	1	0	1	2	25	29	26	26	27
S	17744	1	0	0	2	25	29	26	26	27
S	17745	1	0	1	2	34	26	29	26	36
S	17746	1	0	0	2	34	26	29	26	36
S	17747	1	0	1	17	2	2	18	19	19
S	17748	1	0	0	17	2	2	18	19	19
S	17749	1	0	1	20	2	2	21	2	19
S	17750	1	0	0	20	2	2	21	2	19
S	17751	1	0	1	22	2	2	23	19	2
S	17752	1	0	0	22	2	2	23	19	2
S	17753	1	0	1	24	2	21	18	19	18
S	17754	1	0	0	24	2	21	18	19	18
S	17755	1	0	1	25	2	23	18	18	19
S	17756	1	0	0	25	2	23	18	18	19
S	17757	1	0	1	2	17	2	26	27	27
S	17758	1	0	0	2	17	2	26	27	27
S	17759	1	0	1	2	20	2	28	2	27
S	17760	1	0	0	2	20	2	28	2	27
S	17761	1	0	1	2	22	2	29	27	2
S	17762	1	0	0	2	22	2	29	27	2
S	17763	1	0	1	2	24	28	26	27	26
S	17764	1	0	0	2	24	28	26	27	26
S	17765	1	0	1	2	25	29	26	26	27
S	17766	1	0	0	2	25	29	26	26	27
S	17767	1	0	1	30	2	18	2	31	31
S	17768	1	0	0	30	2	18	2	31	31
S	17769	1	0	1	32	2	23	2	31	2
S	17770	1	0	0	32	2	23	2	31	2
S	17771	1	0	1	33	2	21	2	2	31
S	17772	1	0	0	33	2	21	2	2	31
S	17773	1	0	1	34	2	18	23	18	31
S	17774	1	0	0	34	2	18	23	18	31
S	17775	1	0	1	35	2	18	21	31	18
S	17776	1	0	0	35	2	18	21	31	18
S	17777	1	0	1	2	30	26	2	36	36
S	17778	1	0	0	2	30	26	2	36	36
S	17779	1	0	1	2	32	29	2	36	2
S	17780	1	0	0	2	32	29	2	36	2
S	17781	1	0	1	2	33	28	2	2	36
S	17782	1	0	0	2	33	28	2	2	36
S	17783	1	0	1	2	34	26	29	26	36
S	17784	1	0	0	2	34	26	29	26	36
S	17785	1	0	1	2	35	26	28	36	26
S	17786	1	0	0	2	35	26	28	36	26
S	17787	1	0	1	37	2	21	21	2	18
S	17788	1	0	0	37	2	21	21	2	18
S	17789	1	0	1	33	2	21	2	2	31
S	17790	1	0	0	33	2	21	2	2	31
S	17791	1	0	1	20	2	2	21	2	19
S	17792	1	0	0	20	2	2	21	2	19
S	17793	1	0	1	35	2	18	21	31	18
S	17794	1	0	0	35	2	18	21	31	18
S	17795	1	0	1	24	2	21	18	19	18
S	17796	1	0	0	24	2	21	18	19	18
S	17797	1	0	1	2	37	28	28	2	26
S	17798	1	0	0	2	37	28	28	2	26
S	17799	1	0	1	2	33	28	2	2	36
S	17800	1	0	0	2	33	28	2	2	36
S	17801	1	0	1	2	20	2	28	2	27
S	17802	1	0	0	2	20	2	28	2	27
S	17803	1	0	1	2	35	26	28	36	26
S	17804	1	0	0	2	35	26	28	36	26
S	17805	1	0	1	2	24	28	26	27	26
S	17806	1	0	0	2	24	28	26	27	26
S	17807	1	0	1	38	2	23	23	18	2
S	17808	1	0	0	38	2	23	23	18	2
S	17809	1	0	1	22	2	2	23	19	2
S	17810	1	0	0	22	2	2	23	19	2
S	17811	1	0	1	32	2	23	2	31	2
S	17812	1	0	0	32	2	23	2	31	2
S	17813	1	0	1	25	2	23	18	18	19
S	17814	1	0	0	25	2	23	18	18	19
S	17815	1	0	1	34	2	18	23	18	31
S	17816	1	0	0	34	2	18	23	18	31
S	17817	1	0	1	2	38	29	29	26	2
S	17818	1	0	0	2	38	29	29	26	2
S	17819	1	0	1	2	22	2	29	27	2
S	17820	1	0	0	2	22	2	29	27	2
S	17821	1	0	1	2	32	29	2	36	2
S	17822	1	0	0	2	32	29	2	36	2
S	17823	1	0	1	2	25	29	26	26	27
S	17824	1	0	0	2	25	29	26	26	27
S	17825	1	0	1	2	34	26	29	26	36
S	17826	1	0	0	2	34	26	29	26	36
S	17827	1	0	1	17	2	2	18	19	19
S	17828	1	0	0	17	2	2	18	19	19
S	17829	1	0	1	20	2	2	21	2	19
S	17830	1	0	0	20	2	2	21	2	19
S	17831	1	0	1	22	2	2	23	19	2
S	17832	1	0	0	22	2	2	23	19	2
S	17833	1	0	1	24	2	21	18	19	18
S	17834	1	0	0	24	2	21	18	19	18
S	17835	1	0	1	25	2	23	18	18	19
S	17836	1	0	0	25	2	23	18	18	19
S	17837	1	0	1	2	17	2	26	27	27
S	17838	1	0	0	2	17	2	26	27	27
S	17839	1	0	1	2	20	2	28	2	27
S	17840	1	0	0	2	20	2	28	2	27
S	17841	1	0	1	2	22	2	29	27	2
S	17842	1	0	0	2	22	2	29	27	2
S	17843	1	0	1	2	24	28	26	27	26
S	17844	1	0	0	2	24	28	26	27	26
S	17845	1	0	1	2	25	29	26	26	27
S	17846	1	0	0	2	25	29	26	26	27
S	17847	1	0	1	30	2	18	2	31	31
S	17848	1	0	0	30	2	18	2	31	31
S	17849	1	0	1	32	2	23	2	31	2
S	17850	1	0	0	32	2	23	2	31	2
S	17851	1	0	1	33	2	21	2	2	31
S	17852	1	0	0	33	2	21	2	2	31
S	17853	1	0	1	34	2	18	23	18	31
S	17854	1	0	0	34	2	18	23	18	31
S	17855	1	0	1	35	2	18	21	31	18
S	17856	1	0	0	35	2	18	21	31	18
S	17857	1	0	1	2	30	26	2	36	36
S	17858	1	0	0	2	30	26	2	36	36
S	17859	1	0	1	2	32	29	2	36	2
S	17860	1	0	0	2	32	29	2	36	2
S	17861	1	0	1	2	33	28	2	2	36
S	17862	1	0	0	2	33	28	2	2	36
S	17863	1	0	1	2	34	26	29	26	36
S	17864	1	0	0	2	34	26	29	26	36
S	17865	1	0	1	2	35	26	28	36	26
S	17866	1	0	0	2	35	26	28	36	26
S	17867	1	0	1	37	2	21	21	2	18
S	17868	1	0	0	37	2	21	21	2	18
S	17869	1	0	1	33	2	21	2	2	31
S	17870	1	0	0	33	2	21	2	2	31
S	17871	1	0	1	20	2	2	21	2	19
S	17872	1	0	0	20	2	2	21	2	19
S	17873	1	0	1	35	2	18	21	31	18
S	17874	1	0	0	35	2	18	21	31	18
S	17875	1	0	1	24	2	21	18	19	18
S	17876	1	0	0	24	2	21	18	19	18
S	17877	1	0	1	2	37	28	28	2	26
S	17878	1	0	0	2	37	28	28	2	26
S	17879	1	0	1	2	33	28	2	2	36
S	17880	1	0	0	2	33	28	2	2	36
S	17881	1	0	1	2	20	2	28	2	27
S	17882	1	0	0	2	20	2	28	2	27
S	17883	1	0	1	2	35	26	28	36	26
S	17884	1	0	0	2	35	26	28	36	26
S	17885	1	0	1	2	24	28	26	27	26
S	17886	1	0	0	2	24	28	26	27	26
S	17887	1	0	1	38	2	23	23	18	2
S	17888	1	0	0	38	2	23	23	18	2
S	17889	1	0	1	22	2	2	23	19	2
S	17890	1	0	0	22	2	2	23	19	2
S	17891	1	0	1	32	2	23	2	31	2
S	17892	1	0	0	32	2	23	2	31	2
S	17893	1	0	1	25	2	23	18	18	19
S	17894	1	0	0	25	2	23	18	18	19
S	17895	1	0	1	34	2	18	23	18	31
S	17896	1	0	0	34	2	18	23	18	31
S	17897	1	0	1	2	38	29	29	26	2
S	17898	1	0	0	2	38	29	29	26	2
S	17899	1	0	1	2	22	2	29	27	2
S	17900	1	0	0	2	22	2	29	27	2
S	17901	1	0	1	2	32	29	2	36	2
S	17902	1	0	0	2	32	29	2	36	2
S	17903	1	0	1	2	25	29	26	26	27
S	17904	1	0	0	2	25	29	26	26	27
S	17905	1	0	1	2	34	26	29	26	36
S	17906	1	0	0	2	34	26	29	26	36
S	17907	1	0	1	17	2	2	18	19	19
S	17908	1	0	0	17	2	2	18	19	19
S	17909	1	0	1	20	2	2	21	2	19
S	17910	1	0	0	20	2	2	21	2	19
S	17911	1	0	1	22	2	2	23	19	2
S	17912	1	0	0	22	2	2	23	19	2
S	17913	1	0	1	24	2	21	18	19	18
S	17914	1	0	0	24	2	21	18	19	18
S	17915	1	0	1	25	2	23	18	18	19
S	17916	1	0	0	25	2	23	18	18	19
S	17917	1	0	1	2	17	2	26	27	27
S	17918	1	0	0	2	17	2	26	27	27
S	17919	1	0	1	2	20	2	28	2	27
S	17920	1	0	0	2	20	2	28	2	27
S	17921	1	0	1	2	22	2	29	27	2
S	17922	1	0	0	2	22	2	29	27	2
S	17923	1	0	1	2	24	28	26	27	26
S	17924	1	0	0	2	24	28	26	27	26
S	17925	1	0	1	2	25	29	26	26	27
S	17926	1	0	0	2	25	29	26	26	27
S	17927	1	0	1	30	2	18	2	31	31
S	17928	1	0	0	30	2	18	2	31	31
S	17929	1	0	1	32	2	23	2	31	2
S	17930	1	0	0	32	2	23	2	31	2
S	17931	1	0	1	33	2	21	2	2	31
S	17932	1	0	0	33	2	21	2	2	31
S	17933	1	0	1	34	2	18	23	18	31
S	17934	1	0	0	34	2	18	23	18	31
S	17935	1	0	1	35	2	18	21	31	18
S	17936	1	0	0	35	2	18	21	31	18
S	17937	1	0	1	2	30	26	2	36	36
S	17938	1	0	0	2	30	26	2	36	36
S	17939	1	0	1	2	32	29	2	36	2
S	17940	1	0	0	2	32	29	2	36	2
S	17941	1	0	1	2	33	28	2	2	36
S	17942	1	0	0	2	33	28	2	2	36
S	17943	1	0	1	2	34	26	29	26	36
S	17944	1	0	0	2	34	26	29	26	36
S	17945	1	0	1	2	35	26	28	36	26
S	17946	1	0	0	2	35	26	28	36	26
S	17947	1	0	1	37	2	21	21	2	18
S	17948	1	0	0	37	2	21	21	2	18
S	17949	1	0	1	33	2	21	2	2	31
S	17950	1	0	0	33	2	21	2	2	31
S	17951	1	0	1	20	2	2	21	2	19
S	17952	1	0	0	20	2	2	21	2	19
S	17953	1	0	1	35	2	18	21	31	18
S	17954	1	0	0	35	2	18	21	31	18
S	17955	1	0	1	24	2	21	18	19	18
S	17956	1	0	0	24	2	21	18	19	18
S	17957	1	0	1	2	37	28	28	2	26
S	17958	1	0	0	2	37	28	28	2	26
S	17959	1	0	1	2	33	28	2	2	36
S	17960	1	0	0	2	33	28	2	2	36
S	17961	1	0	1	2	20	2	28	2	27
S	17962	1	0	0	2	20	2	28	2	27
S	17963	1	0	1	2	35	26	28	36	26
S	17964	1	0	0	2	35	26	28	36	26
S	17965	1	0	1	2	24	28	26	27	26
S	17966	1	0	0	2	24	28	26	27	26
S	17967	1	0	1	38	2	23	23	18	2
S	17968	1	0	0	38	2	23	23	18	2
S	17969	1	0	1	22	2	2	23	19	2
S	17970	1	0	0	22	2	2	23	19	2
S	17971	1	0	1	32	2	23	2	31	2
S	17972	1	0	0	32	2	23	2	31	2
S	17973	1	0	1	25	2	23	18	18	19
S	17974	1	0	0	25	2	23	18	18	19
S	17975	1	0	1	34	2	18	23	18	31
S	17976	1	0	0	34	2	18	23	18	31
S	17977	1	0	1	2	38	29	29	26	2
S	17978	1	0	0	2	38	29	29	26	2
S	17979	1	0	1	2	22	2	29	27	2
S	17980	1	0	0	2	22	2	29	27	2
S	17981	1	0	1	2	32	29	2	36	2
S	17982	1	0	0	2	32	29	2	36	2
S	17983	1	0	1	2	25	29	26	26	27
S	17984	1	0	0	2	25	29	26	26	27
S	17985	1	0	1	2	34	26	29	26	36
S	17986	1	0	0	2	34	26	29	26	36
S	17987	1	0	1	17	2	2	18	19	19
S	17988	1	0	0	17	2	2	18	19	19
S	17989	1	0	1	20	2	2	21	2	19
S	17990	1	0	0	20	2	2	21	2	19
S	17991	1	0	1	22	2	2	23	19	2
S	17992	1	0	0	22	2	2	23	19	2
S	17993	1	0	1	24	2	21	18	19	18
S	17994	1	0	0	24	2	21	18	19	18
S	17995	1	0	1	25	2	23	18	18	19
S	17996	1	0	0	25	2	23	18	18	19
S	17997	1	0	1	2	17	2	26	27	27
S	17998	1	0	0	2	17	2	26	27	27
S	17999	1	0	1	2	20	2	28	2	27
S	18000	1	0	0	2	20	2	28	2	27
S	18001	1	0	1	2	22	2	29	27	2
S	18002	1	0	0	2	22	2	29	27	2
S	18003	1	0	1	2	24	28	26	27	26
S	18004	1	0	0	2	24	28	26	27	26
S	18005	1	0	1	2	25	29	26	26	27
S	18006	1	0	0	2	25	29	26	26	27
S	18007	1	0	1	30	2	18	2	31	31
S	18008	1	0	0	30	2	18	2	31	31
S	18009	1	0	1	32	2	23	2	31	2
S	18010	1	0	0	32	2	23	2	31	2
S	18011	1	0	1	33	2	21	2	2	31
S	18012	1	0	0	33	2	21	2	2	31
S	18013	1	0	1	34	2	18	23	18	31
S	18014	1	0	0	34	2	18	23	18	31
S	18015	1	0	1	35	2	18	21	31	18
S	18016	1	0	0	35	2	18	21	31	18
S	18017	1	0	1	2	30	26	2	36	36
S	18018	1	0	0	2	30	26	2	36	36
S	18019	1	0	1	2	32	29	2	36	2
S	18020	1	0	0	2	32	29	2	36	2
S	18021	1	0	1	2	33	28	2	2	36
S	18022	1	0	0	2	33	28	2	2	36
S	18023	1	0	1	2	34	26	29	26	36
S	18024	1	0	0	2	34	26	29	26	36
S	18025	1	0	1	2	35	26	28	36	26
S	18026	1	0	0	2	35	26	28	36	26
S	18027	1	0	1	37	2	21	21	2	18
S	18028	1	0	0	37	2	21	21	2	18
S	18029	1	0	1	33	2	21	2	2	31
S	18030	1	0	0	33	2	21	2	2	31
S	18031	1	0	1	20	2	2	21	2	19
S	18032	1	0	0	20	2	2	21	2	19
S	18033	1	0	1	35	2	18	21	31	18
S	18034	1	0	0	35	2	18	21	31	18
S	18035	1	0	1	24	2	21	18	19	18
S	18036	1	0	0	24	2	21	18	19	18
S	18037	1	0	1	2	37	28	28	2	26
S	18038	1	0	0	2	37	28	28	2	26
S	18039	1	0	1	2	33	28	2	2	36
S	18040	1	0	0	2	33	28	2	2	36
S	18041	1	0	1	2	20	2	28	2	27
S	18042	1	0	0	2	20	2	28	2	27
S	18043	1	0	1	2	35	26	28	36	26
S	18044	1	0	0	2	35	26	28	36	26
S	18045	1	0	1	2	24	28	26	27	26
S	18046	1	0	0	2	24	28	26	27	26
S	18047	1	0	1	38	2	23	23	18	2
S	18048	1	0	0	38	2	23	23	18	2
S	18049	1	0	1	22	2	2	23	19	2
S	18050	1	0	0	22	2	2	23	19	2
S	18051	1	0	1	32	2	23	2	31	2
S	18052	1	0	0	32	2	23	2	31	2
S	18053	1	0	1	25	2	23	18	18	19
S	18054	1	0	0	25	2	23	18	18	19
S	18055	1	0	1	34	2	18	23	18	31
S	18056	1	0	0	34	2	18	23	18	31
S	18057	1	0	1	2	38	29	29	26	2
S	18058	1	0	0	2	38	29	29	26	2
S	18059	1	0	1	2	22	2	29	27	2
S	18060	1	0	0	2	22	2	29	27	2
S	18061	1	0	1	2	32	29	2	36	2
S	18062	1	0	0	2	32	29	2	36	2
S	18063	1	0	1	2	25	29	26	26	27
S	18064	1	0	0	2	25	29	26	26	27
S	18065	1	0	1	2	34	26	29	26	36
S	18066	1	0	0	2	34	26	29	26	36
S	18067	1	0	1	17	2	2	18	19	19
S	18068	1	0	0	17	2	2	18	19	19
S	18069	1	0	1	20	2	2	21	2	19
S	18070	1	0	0	20	2	2	21	2	19
S	18071	1	0	1	22	2	2	23	19	2
S	18072	1	0	0	22	2	2	23	19	2
S	18073	1	0	1	24	2	21	18	19	18
S	18074	1	0	0	24	2	21	18	19	18
S	18075	1	0	1	25	2	23	18	18	19
S	18076	1	0	0	25	2	23	18	18	19
S	18077	1	0	1	2	17	2	26	27	27
S	18078	1	0	0	2	17	2	26	27	27
S	18079	1	0	1	2	20	2	28	2	27
S	18080	1	0	0	2	20	2	28	2	27
S	18081	1	0	1	2	22	2	29	27	2
S	18082	1	0	0	2	22	2	29	27	2
S	18083	1	0	1	2	24	28	26	27	26
S	18084	1	0	0	2	24	28	26	27	26
S	18085	1	0	1	2	25	29	26	26	27
S	18086	1	0	0	2	25	29	26	26	27
S	18087	1	0	1	30	2	18	2	31	31
S	18088	1	0	0	30	2	18	2	31	31
S	18089	1	0	1	32	2	23	2	31	2
S	18090	1	0	0	32	2	23	2	31	2
S	18091	1	0	1	33	2	21	2	2	31
S	18092	1	0	0	33	2	21	2	2	31
S	18093	1	0	1	34	2	18	23	18	31
S	18094	1	0	0	34	2	18	23	18	31
S	18095	1	0	1	35	2	18	21	31	18
S	18096	1	0	0	35	2	18	21	31	18
S	18097	1	0	1	2	30	26	2	36	36
S	18098	1	0	0	2	30	26	2	36	36
S	18099	1	0	1	2	32	29	2	36	2
S	18100	1	0	0	2	32	29	2	36	2
S	18101	1	0	1	2	33	28	2	2	36
S	18102	1	0	0	2	33	28	2	2	36
S	18103	1	0	1	2	34	26	29	26	36
S	18104	1	0	0	2	34	26	29	26	36
S	18105	1	0	1	2	35	26	28	36	26
S	18106	1	0	0	2	35	26	28	36	26
S	18107	1	0	1	37	2	21	21	2	18
S	18108	1	0	0	37	2	21	21	2	18
S	18109	1	0	1	33	2	21	2	2	31
S	18110	1	0	0	33	2	21	2	2	31
S	18111	1	0	1	20	2	2	21	2	19
S	18112	1	0	0	20	2	2	21	2	19
S	18113	1	0	1	35	2	18	21	31	18
S	18114	1	0	0	35	2	18	21	31	18
S	18115	1	0	1	24	2	21	18	19	18
S	18116	1	0	0	24	2	21	18	19	18
S	18117	1	0	1	2	37	28	28	2	26
S	18118	1	0	0	2	37	28	28	2	26
S	18119	1	0	1	2	33	28	2	2	36
S	18120	1	0	0	2	33	28	2	2	36
S	18121	1	0	1	2	20	2	28	2	27
S	18122	1	0	0	2	20	2	28	2	27
S	18123	1	0	1	2	35	26	28	36	26
S	18124	1	0	0	2	35	26	28	36	26
S	18125	1	0	1	2	24	28	26	27	26
S	18126	1	0	0	2	24	28	26	27	26
S	18127	1	0	1	38	2	23	23	18	2
S	18128	1	0	0	38	2	23	23	18	2
S	18129	1	0	1	22	2	2	23	19	2
S	18130	1	0	0	22	2	2	23	19	2
S	18131	1	0	1	32	2	23	2	31	2
S	18132	1	0	0	32	2	23	2	31	2
S	18133	1	0	1	25	2	23	18	18	19
S	18134	1	0	0	25	2	23	18	18	19
S	18135	1	0	1	34	2	18	23	18	31
S	18136	1	0	0	34	2	18	23	18	31
S	18137	1	0	1	2	38	29	29	26	2
S	18138	1	0	0	2	38	29	29	26	2
S	18139	1	0	1	2	22	2	29	27	2
S	18140	1	0	0	2	22	2	29	27	2
S	18141	1	0	1	2	32	29	2	36	2
S	18142	1	0	0	2	32	29	2	36	2
S	18143	1	0	1	2	25	29	26	26	27
S	18144	1	0	0	2	25	29	26	26	27
S	18145	1	0	1	2	34	26	29	26	36
S	18146	1	0	0	2	34	26	29	26	36
S	18147	1	0	1	17	2	2	18	19	19
S	18148	1	0	0	17	2	2	18	19	19
S	18149	1	0	1	20	2	2	21	2	19
S	18150	1	0	0	20	2	2	21	2	19
S	18151	1	0	1	22	2	2	23	19	2
S	18152	1	0	0	22	2	2	23	19	2
S	18153	1	0	1	24	2	21	18	19	18
S	18154	1	0	0	24	2	21	18	19	18
S	18155	1	0	1	25	2	23	18	18	19
S	18156	1	0	0	25	2	23	18	18	19
S	18157	1	0	1	2	17	2	26	27	27
S	18158	1	0	0	2	17	2	26	27	27
S	18159	1	0	1	2	20	2	28	2	27
S	18160	1	0	0	2	20	2	28	2	27
S	18161	1	0	1	2	22	2	29	27	2
S	18162	1	0	0	2	22	2	29	27	2
S	18163	1	0	1	2	24	28	26	27	26
S	18164	1	0	0	2	24	28	26	27	26
S	18165	1	0	1	2	25	29	26	26	27
S	18166	1	0	0	2	25	29	26	26	27
S	18167	1	0	1	30	2	18	2	31	31
S	18168	1	0	0	30	2	18	2	31	31
S	18169	1	0	1	32	2	23	2	31	2
S	18170	1	0	0	32	2	23	2	31	2
S	18171	1	0	1	33	2	21	2	2	31
S	18172	1	0	0	33	2	21	2	2	31
S	18173	1	0	1	34	2	18	23	18	31
S	18174	1	0	0	34	2	18	23	18	31
S	18175	1	0	1	35	2	18	21	31	18
S	18176	1	0	0	35	2	18	21	31	18
S	18177	1	0	1	2	30	26	2	36	36
S	18178	1	0	0	2	30	26	2	36	36
S	18179	1	0	1	2	32	29	2	36	2
S	18180	1	0	0	2	32	29	2	36	2
S	18181	1	0	1	2	33	28	2	2	36
S	18182	1	0	0	2	33	28	2	2	36
S	18183	1	0	1	2	34	26	29	26	36
S	18184	1	0	0	2	34	26	29	26	36
S	18185	1	0	1	2	35	26	28	36	26
S	18186	1	0	0	2	35	26	28	36	26
S	18187	1	0	1	37	2	21	21	2	18
S	18188	1	0	0	37	2	21	21	2	18
S	18189	1	0	1	33	2	21	2	2	31
S	18190	1	0	0	33	2	21	2	2	31
S	18191	1	0	1	20	2	2	21	2	19
S	18192	1	0	0	20	2	2	21	2	19
S	18193	1	0	1	35	2	18	21	31	18
S	18194	1	0	0	35	2	18	21	31	18
S	18195	1	0	1	24	2	21	18	19	18
S	18196	1	0	0	24	2	21	18	19	18
S	18197	1	0	1	2	37	28	28	2	26
S	18198	1	0	0	2	37	28	28	2	26
S	18199	1	0	1	2	33	28	2	2	36
S	18200	1	0	0	2	33	28	2	2	36
S	18201	1	0	1	2	20	2	28	2	27
S	18202	1	0	0	2	20	2	28	2	27
S	18203	1	0	1	2	35	26	28	36	26
S	18204	1	0	0	2	35	26	28	36	26
S	18205	1	0	1	2	24	28	26	27	26
S	18206	1	0	0	2	24	28	26	27	26
S	18207	1	0	1	38	2	23	23	18	2
S	18208	1	0	0	38	2	23	23	18	2
S	18209	1	0	1	22	2	2	23	19	2
S	18210	1	0	0	22	2	2	23	19	2
S	18211	1	0	1	32	2	23	2	31	2
S	18212	1	0	0	32	2	23	2	31	2
S	18213	1	0	1	25	2	23	18	18	19
S	18214	1	0	0	25	2	23	18	18	19
S	18215	1	0	1	34	2	18	23	18	31
S	18216	1	0	0	34	2	18	23	18	31
S	18217	1	0	1	2	38	29	29	26	2
S	18218	1	0	0	2	38	29	29	26	2
S	18219	1	0	1	2	22	2	29	27	2
S	18220	1	0	0	2	22	2	29	27	2
S	18221	1	0	1	2	32	29	2	36	2
S	18222	1	0	0	2	32	29	2	36	2
S	18223	1	0	1	2	25	29	26	26	27
S	18224	1	0	0	2	25	29	26	26	27
S	18225	1	0	1	2	34	26	29	26	36
S	18226	1	0	0	2	34	26	29	26	36
S	18227	1	0	1	17	2	2	18	19	19
S	18228	1	0	0	17	2	2	18	19	19
S	18229	1	0	1	20	2	2	21	2	19
S	18230	1	0	0	20	2	2	21	2	19
S	18231	1	0	1	22	2	2	23	19	2
S	18232	1	0	0	22	2	2	23	19	2
S	18233	1	0	1	24	2	21	18	19	18
S	18234	1	0	0	24	2	21	18	19	18
S	18235	1	0	1	25	2	23	18	18	19
S	18236	1	0	0	25	2	23	18	18	19
S	18237	1	0	1	2	17	2	26	27	27
S	18238	1	0	0	2	17	2	26	27	27
S	18239	1	0	1	2	20	2	28	2	27
S	18240	1	0	0	2	20	2	28	2	27
S	18241	1	0	1	2	22	2	29	27	2
S	18242	1	0	0	2	22	2	29	27	2
S	18243	1	0	1	2	24	28	26	27	26
S	18244	1	0	0	2	24	28	26	27	26
S	18245	1	0	1	2	25	29	26	26	27
S	18246	1	0	0	2	25	29	26	26	27
S	18247	1	0	1	30	2	18	2	31	31
S	18248	1	0	0	30	2	18	2	31	31
S	18249	1	0	1	32	2	23	2	31	2
S	18250	1	0	0	32	2	23	2	31	2
S	18251	1	0	1	33	2	21	2	2	31
S	18252	1	0	0	33	2	21	2	2	31
S	18253	1	0	1	34	2	18	23	18	31
S	18254	1	0	0	34	2	18	23	18	31
S	18255	1	0	1	35	2	18	21	31	18
S	18256	1	0	0	35	2	18	21	31	18
S	18257	1	0	1	2	30	26	2	36	36
S	18258	1	0	0	2	30	26	2	36	36
S	18259	1	0	1	2	32	29	2	36	2
S	18260	1	0	0	2	32	29	2	36	2
S	18261	1	0	1	2	33	28	2	2	36
S	18262	1	0	0	2	33	28	2	2	36
S	18263	1	0	1	2	34	26	29	26	36
S	18264	1	0	0	2	34	26	29	26	36
S	18265	1	0	1	2	35	26	28	36	26
S	18266	1	0	0	2	35	26	28	36	26
S	18267	1	0	1	37	2	21	21	2	18
S	18268	1	0	0	37	2	21	21	2	18
S	18269	1	0	1	33	2	21	2	2	31
S	18270	1	0	0	33	2	21	2	2	31
S	18271	1	0	1	20	2	2	21	2	19
S	18272	1	0	0	20	2	2	21	2	19
S	18273	1	0	1	35	2	18	21	31	18
S	18274	1	0	0	35	2	18	21	31	18
S	18275	1	0	1	24	2	21	18	19	18
S	18276	1	0	0	24	2	21	18	19	18
S	18277	1	0	1	2	37	28	28	2	26
S	18278	1	0	0	2	37	28	28	2	26
S	18279	1	0	1	2	33	28	2	2	36
S	18280	1	0	0	2	33	28	2	2	36
S	18281	1	0	1	2	20	2	28	2	27
S	18282	1	0	0	2	20	2	28	2	27
S	18283	1	0	1	2	35	26	28	36	26
S	18284	1	0	0	2	35	26	28	36	26
S	18285	1	0	1	2	24	28	26	27	26
S	18286	1	0	0	2	24	28	26	27	26
S	18287	1	0	1	38	2	23	23	18	2
S	18288	1	0	0	38	2	23	23	18	2
S	18289	1	0	1	22	2	2	23	19	2
S	18290	1	0	0	22	2	2	23	19	2
S	18291	1	0	1	32	2	23	2	31	2
S	18292	1	0	0	32	2	23	2	31	2
S	18293	1	0	1	25	2	23	18	18	19
S	18294	1	0	0	25	2	23	18	18	19
S	18295	1	0	1	34	2	18	23	18	31
S	18296	1	0	0	34	2	18	23	18	31
S	18297	1	0	1	2	38	29	29	26	2
S	18298	1	0	0	2	38	29	29	26	2
S	18299	1	0	1	2	22	2	29	27	2
S	18300	1	0	0	2	22	2	29	27	2
S	18301	1	0	1	2	32	29	2	36	2
S	18302	1	0	0	2	32	29	2	36	2
S	18303	1	0	1	2	25	29	26	26	27
S	18304	1	0	0	2	25	29	26	26	27
S	18305	1	0	1	2	34	26	29	26	36
S	18306	1	0	0	2	34	26	29	26	36
S	18307	1	0	1	0	2	18	18	18	18
S	18308	1	0	0	0	2	18	18	18	18
S	18309	1	0	1	2	0	26	26	26	26
S	18310	1	0	0	2	0	26	26	26	26
S	18311	2	0	15	0	0	0	0	0	0
S	18313	1	0	1	0	2	18	18	18	18
S	18314	1	0	0	0	2	18	18	18	18
S	18315	1	0	1	2	0	26	26	26	26
S	18316	1	0	0	2	0	26	26	26	26
S	18317	2	0	15	0	0	0	0	0	0
S	18319	1	0	1	0	2	18	18	18	18
S	18320	1	0	0	0	2	18	18	18	18
S	18321	1	0	1	2	0	26	26	26	26
S	18322	1	0	0	2	0	26	26	26	26
S	18323	2	0	15	0	0	0	0	0	0
S	18325	1	0	1	0	2	18	18	18	18
S	18326	1	0	0	0	2	18	18	18	18
S	18327	1	0	1	2	0	26	26	26	26
S	18328	1	0	0	2	0	26	26	26	26
S	18329	2	0	15	0	0	0	0	0	0
S	18331	1	0	1	0	2	18	18	18	18
S	18332	1	0	0	0	2	18	18	18	18
S	18333	1	0	1	2	0	26	26	26	26
S	18334	1	0	0	2	0	26	26	26	26
S	18335	2	0	15	0	0	0	0	0	0
S	18337	1	0	1	0	2	18	18	18	18
S	18338	1	0	0	0	2	18	18	18	18
S	18339	1	0	1	2	0	26	26	26	26
S	18340	1	0	0	2	0	26	26	26	26
S	18341	2	0	15	0	0	0	0	0	0
S	18343	1	0	1	0	2	18	18	18	18
S	18344	1	0	0	0	2	18	18	18	18
S	18345	1	0	1	2	0	26	26	26	26
S	18346	1	0	0	2	0	26	26	26	26
S	18347	2	0	15	0	0	0	0	0	0
S	18349	1	0	1	0	2	18	18	18	18
S	18350	1	0	0	0	2	18	18	18	18
S	18351	1	0	1	2	0	26	26	26	26
S	18352	1	0	0	2	0	26	26	26	26
S	18353	2	0	15	0	0	0	0	0	0
S	18355	1	0	1	0	2	18	18	18	18
S	18356	1	0	0	0	2	18	18	18	18
S	18357	1	0	1	2	0	26	26	26	26
S	18358	1	0	0	2	0	26	26	26	26
S	18359	2	0	15	0	0	0	0	0	0
S	18361	1	0	1	0	2	18	18	18	18
S	18362	1	0	0	0	2	18	18	18	18
S	18363	1	0	1	2	0	26	26	26	26
S	18364	1	0	0	2	0	26	26	26	26
S	18365	2	0	15	0	0	0	0	0	0
S	18367	1	0	1	0	2	18	18	18	18
S	18368	1	0	0	0	2	18	18	18	18
S	18369	1	0	1	2	0	26	26	26	26
S	18370	1	0	0	2	0	26	26	26	26
S	18371	2	0	15	0	0	0	0	0	0
S	18373	1	0	1	0	2	18	18	18	18
S	18374	1	0	0	0	2	18	18	18	18
S	18375	1	0	1	2	0	26	26	26	26
S	18376	1	0	0	2	0	26	26	26	26
S	18377	2	0	15	0	0	0	0	0	0
S	18379	1	0	1	0	2	18	18	18	18
S	18380	1	0	0	0	2	18	18	18	18
S	18381	1	0	1	2	0	26	26	26	26
S	18382	1	0	0	2	0	26	26	26	26
S	18383	2	0	15	0	0	0	0	0	0
S	18385	1	0	1	0	2	18	18	18	18
S	18386	1	0	0	0	2	18	18	18	18
S	18387	1	0	1	2	0	26	26	26	26
S	18388	1	0	0	2	0	26	26	26	26
S	18389	2	0	15	0	0	0	0	0	0
S	18391	1	0	1	0	2	18	18	18	18
S	18392	1	0	0	0	2	18	18	18	18
S	18393	1	0	1	2	0	26	26	26	26
S	18394	1	0	0	2	0	26	26	26	26
S	18395	2	0	15	0	0	0	0	0	0
S	18397	1	0	1	0	2	18	18	18	18
S	18398	1	0	0	0	2	18	18	18	18
S	18399	1	0	1	2	0	26	26	26	26
S	18400	1	0	0	2	0	26	26	26	26
S	18401	18	0	15	0	0	0	0	0	0
S	18419	27	0	1	0	0	0	0	0	0
S	18446	1	0	15	0	0	0	0	0	0
S	18447	15	0	0	0	0	0	0	0	0
S	18462	1	0	1	0	0	0	0	0	0
S	18463	1	0	0	0	0	0	0	0	0
S	18464	1	0	1	0	0	0	0	0	0
S	18465	1	0	0	0	0	0	0	0	0
S	18466	1	0	1	0	0	0	0	0	0
S	18467	1	0	0	0	0	0	0	0	0
S	18468	1	0	1	0	0	0	0	0	0
S	18469	1	0	0	0	0	0	0	0	0
S	18470	1	0	1	0	0	0	0	0	0
S	18471	1	0	0	0	0	0	0	0	0
S	18472	1	0	1	0	0	0	0	0	0
S	18473	1	0	0	0	0	0	0	0	0
S	18474	1	0	1	0	0	0	0	0	0
S	18475	1	0	0	0	0	0	0	0	0
S	18476	1	0	1	0	0	0	0	0	0
S	18477	1	0	0	0	0	0	0	0	0
S	18478	1	0	1	0	0	0	0	0	0
S	18479	1	0	0	0	0	0	0	0	0
S	18480	1	0	1	0	0	0	0	0	0
S	18481	1	0	0	0	0	0	0	0	0
S	18482	1	0	1	0	0	0	0	0	0
S	18483	1	0	0	0	0	0	0	0	0
S	18484	1	0	1	0	0	0	0	0	0
S	18485	1	0	0	0	0	0	0	0	0
S	18486	1	0	1	0	0	0	0	0	0
S	18487	1	0	0	0	0	0	0	0	0
S	18488	1	0	1	0	0	0	0	0	0
S	18489	1	0	0	0	0	0	0	0	0
S	18490	1	0	1	0	0	0	0	0	0
S	18491	1	0	0	0	0	0	0	0	0
S	18492	1	0	1	0	0	0	0	0	0
S	18493	1	0	0	0	0	0	0	0	0
S	18494	10	0	15	0	0	0	0	0	0
S	18504	1	0	1	0	0	0	0	0	0
S	18505	1	0	0	0	0	0	0	0	0
S	18506	1	0	1	0	0	0	0	0	0
S	18507	1	0	0	0	0	0	0	0	0
S	18508	1	0	1	0	0	0	0	0	0
S	18509	1	0	0	0	0	0	0	0	0
S	18510	1	0	1	0	0	0	0	0	0
S	18511	1	0	0	0	0	0	0	0	0
S	18512	1	0	1	0	0	0	0	0	0
S	18513	1	0	0	0	0	0	0	0	0
S	18514	1	0	1	0	0	0	0	0	0
S	18515	1	0	0	0	0	0	0	0	0
S	18516	1	0	1	0	0	0	0	0	0
S	18517	1	0	0	0	0	0	0	0	0
S	18518	1	0	1	0	0	0	0	0	0
S	18519	1	0	0	0	0	0	0	0	0
S	18520	1	0	1	0	0	0	0	0	0
S	18521	1	0	0	0	0	0	0	0	0
S	18522	1	0	1	0	0	0	0	0	0
S	18523	1	0	0	0	0	0	0	0	0
S	18524	1	0	1	0	0	0	0	0	0
S	18525	1	0	0	0	0	0	0	0	0
S	18526	1	0	1	0	0	0	0	0	0
S	18527	1	0	0	0	0	0	0	0	0
S	18528	1	0	1	0	0	0	0	0	0
S	18529	1	0	0	0	0	0	0	0	0
S	18530	1	0	1	0	0	0	0	0	0
S	18531	1	0	0	0	0	0	0	0	0
S	18532	1	0	1	0	0	0	0	0	0
S	18533	1	0	0	0	0	0	0	0	0
S	18534	1	0	1	0	0	0	0	0	0
S	18535	1	0	0	0	0	0	0	0	0
S	18536	1	0	1	0	0	0	0	0	0
S	18537	1	0	0	0	0	0	0	0	0
S	18538	1	0	1	0	0	0	0	0	0
S	18539	1	0	0	0	0	0	0	0	0
S	18540	1	0	1	0	0	0	0	0	0
S	18541	1	0	0	0	0	0	0	0	0
S	18542	1	0	1	0	0	0	0	0	0
S	18543	1	0	0	0	0	0	0	0	0
S	18544	1	0	1	0	0	0	0	0	0
S	18545	1	0	0	0	0	0	0	0	0
S	18546	1	0	1	0	0	0	0	0	0
S	18547	1	0	0	0	0	0	0	0	0
S	18548	1	0	1	0	0	0	0	0	0
S	18549	1	0	0	0	0	0	0	0	0
S	18550	1	0	1	0	0	0	0	0	0
S	18551	1	0	0	0	0	0	0	0	0
S	18552	1	0	1	0	0	0	0	0	0
S	18553	1	0	0	0	0	0	0	0	0
S	18554	1	0	1	0	0	0	0	0	0
S	18555	1	0	0	0	0	0	0	0	0
S	18556	1	0	1	0	0	0	0	0	0
S	18557	1	0	0	0	0	0	0	0	0
S	18558	1	0	1	0	0	0	0	0	0
S	18559	1	0	0	0	0	0	0	0	0
S	18560	1	0	1	0	0	0	0	0	0
S	18561	1	0	0	0	0	0	0	0	0
S	18562	1	0	1	0	0	0	0	0	0
S	18563	1	0	0	0	0	0	0	0	0
S	18564	1	0	1	0	0	0	0	0	0
S	18565	1	0	0	0	0	0	0	0	0
S	18566	1	0	1	0	0	0	0	0	0
S	18567	1	0	0	0	0	0	0	0	0
S	18568	1	0	1	0	0	0	0	0	0
S	18569	1	0	0	0	0	0	0	0	0
S	18570	1	0	1	0	0	0	0	0	0
S	18571	1	0	0	0	0	0	0	0	0
S	18572	1	0	1	0	0	0	0	0	0
S	18573	1	0	0	0	0	0	0	0	0
S	18574	1	0	1	0	0	0	0	0	0
S	18575	1	0	0	0	0	0	0	0	0
S	18576	1	0	1	0	0	0	0	0	0
S	18577	1	0	0	0	0	0	0	0	0
S	18578	1	0	1	0	0	0	0	0	0
S	18579	1	0	0	0	0	0	0	0	0
S	18580	1	0	1	0	0	0	0	0	0
S	18581	1	0	0	0	0	0	0	0	0
S	18582	1	0	1	0	0	0	0	0	0
S	18583	1	0	0	0	0	0	0	0	0
S	18584	1	0	1	0	0	0	0	0	0
S	18585	1	0	0	0	0	0	0	0	0
S	18586	1	0	1	0	0	0	0	0	0
S	18587	1	0	0	0	0	0	0	0	0
S	18588	1	0	1	0	0	0	0	0	0
S	18589	1	0	0	0	0	0	0	0	0
S	18590	1	0	1	0	0	0	0	0	0
S	18591	1	0	0	0	0	0	0	0	0
S	18592	1	0	1	0	0	0	0	0	0
S	18593	1	0	0	0	0	0	0	0	0
S	18594	1	0	1	0	0	0	0	0	0
S	18595	1	0	0	0	0	0	0	0	0
S	18596	1	0	1	0	0	0	0	0	0
S	18597	1	0	0	0	0	0	0	0	0
S	18598	1	0	1	0	0	0	0	0	0
S	18599	1	0	0	0	0	0	0	0	0
S	18600	1	0	1	0	0	0	0	0	0
S	18601	1	0	0	0	0	0	0	0	0
S	18602	1	0	1	0	0	0	0	0	0
S	18603	1	0	0	0	0	0	0	0	0
S	18604	1	0	1	0	0	0	0	0	0
S	18605	1	0	0	0	0	0	0	0	0
S	18606	1	0	1	0	0	0	0	0	0
S	18607	1	0	0	0	0	0	0	0	0
S	18608	1	0	1	0	0	0	0	0	0
S	18609	1	0	0	0	0	0	0	0	0
S	18610	1	0	1	0	0	0	0	0	0
S	18611	1	0	0	0	0	0	0	0	0
S	18612	1	0	1	0	0	0	0	0	0
S	18613	1	0	0	0	0	0	0	0	0
S	18614	1	0	1	0	0	0	0	0	0
S	18615	1	0	0	0	0	0	0	0	0
S	18616	1	0	1	0	0	0	0	0	0
S	18617	1	0	0	0	0	0	0	0	0
S	18618	1	0	1	0	0	0	0	0	0
S	18619	1	0	0	0	0	0	0	0	0
S	18620	1	0	1	0	0	0	0	0	0
S	18621	1	0	0	0	0	0	0	0	0
S	18622	1	0	1	0	0	0	0	0	0
S	18623	1	0	0	0	0	0	0	0	0
S	18624	1	6	1	0	0	0	0	0	0
S	18625	1	0	0	0	0	0	0	0	0
S	18626	1	9	1	0	0	0	0	0	0
S	18627	1	0	0	0	0	0	0	0	0
S	18628	1	12	1	0	0	0	0	0	0
S	18629	1	0	0	0	0	0	0	0	0
S	18630	1	15	1	0	0	0	0	0	0
S	18631	1	0	0	0	0	0	0	0	0
S	18632	1	0	15	0	0	0	0	0	0
S	18633	1	15	1	0	0	0	0	0	0
S	18634	1	15	0	0	0	0	0	0	0
S	18635	16	0	0	0	0	0	0	0	0
S	18651	2	0	1	0	0	0	0	0	0
S	18653	1	0	1	17	2	2	18	19	19
S	18654	1	0	0	17	2	2	18	19	19
S	18655	1	0	1	20	2	2	21	2	19
S	18656	1	0	0	20	2	2	21	2	19
S	18657	1	0	1	22	2	2	23	19	2
S	18658	1	0	0	22	2	2	23	19	2
S	18659	1	0	1	24	2	21	18	19	18
S	18660	1	0	0	24	2	21	18	19	18
S	18661	1	0	1	25	2	23	18	18	19
S	18662	1	0	0	25	2	23	18	18	19
S	18663	1	0	1	2	17	2	26	27	27
S	18664	1	0	0	2	17	2	26	27	27
S	18665	1	0	1	2	20	2	28	2	27
S	18666	1	0	0	2	20	2	28	2	27
S	18667	1	0	1	2	22	2	29	27	2
S	18668	1	0	0	2	22	2	29	27	2
S	18669	1	0	1	2	24	28	26	27	26
S	18670	1	0	0	2	24	28	26	27	26
S	18671	1	0	1	2	25	29	26	26	27
S	18672	1	0	0	2	25	29	26	26	27
S	18673	1	0	1	30	2	18	2	31	31
S	18674	1	0	0	30	2	18	2	31	31
S	18675	1	0	1	32	2	23	2	31	2
S	18676	1	0	0	32	2	23	2	31	2
S	18677	1	0	1	33	2	21	2	2	31
S	18678	1	0	0	33	2	21	2	2	31
S	18679	1	0	1	34	2	18	23	18	31
S	18680	1	0	0	34	2	18	23	18	31
S	18681	1	0	1	35	2	18	21	31	18
S	18682	1	0	0	35	2	18	21	31	18
S	18683	1	0	1	2	30	26	2	36	36
S	18684	1	0	0	2	30	26	2	36	36
S	18685	1	0	1	2	32	29	2	36	2
S	18686	1	0	0	2	32	29	2	36	2
S	18687	1	0	1	2	33	28	2	2	36
S	18688	1	0	0	2	33	28	2	2	36
S	18689	1	0	1	2	34	26	29	26	36
S	18690	1	0	0	2	34	26	29	26	36
S	18691	1	0	1	2	35	26	28	36	26
S	18692	1	0	0	2	35	26	28	36	26
S	18693	1	0	1	37	2	21	21	2	18
S	18694	1	0	0	37	2	21	21	2	18
S	18695	1	0	1	33	2	21	2	2	31
S	18696	1	0	0	33	2	21	2	2	31
S	18697	1	0	1	20	2	2	21	2	19
S	18698	1	0	0	20	2	2	21	2	19
S	18699	1	0	1	35	2	18	21	31	18
S	18700	1	0	0	35	2	18	21	31	18
S	18701	1	0	1	24	2	21	18	19	18
S	18702	1	0	0	24	2	21	18	19	18
S	18703	1	0	1	2	37	28	28	2	26
S	18704	1	0	0	2	37	28	28	2	26
S	18705	1	0	1	2	33	28	2	2	36
S	18706	1	0	0	2	33	28	2	2	36
S	18707	1	0	1	2	20	2	28	2	27
S	18708	1	0	0	2	20	2	28	2	27
S	18709	1	0	1	2	35	26	28	36	26
S	18710	1	0	0	2	35	26	28	36	26
S	18711	1	0	1	2	24	28	26	27	26
S	18712	1	0	0	2	24	28	26	27	26
S	18713	1	0	1	38	2	23	23	18	2
S	18714	1	0	0	38	2	23	23	18	2
S	18715	1	0	1	22	2	2	23	19	2
S	18716	1	0	0	22	2	2	23	19	2
S	18717	1	0	1	32	2	23	2	31	2
S	18718	1	0	0	32	2	23	2	31	2
S	18719	1	0	1	25	2	23	18	18	19
S	18720	1	0	0	25	2	23	18	18	19
S	18721	1	0	1	34	2	18	23	18	31
S	18722	1	0	0	34	2	18	23	18	31
S	18723	1	0	1	2	38	29	29	26	2
S	18724	1	0	0	2	38	29	29	26	2
S	18725	1	0	1	2	22	2	29	27	2
S	18726	1	0	0	2	22	2	29	27	2
S	18727	1	0	1	2	32	29	2	36	2
S	18728	1	0	0	2	32	29	2	36	2
S	18729	1	0	1	2	25	29	26	26	27
S	18730	1	0	0	2	25	29	26	26	27
S	18731	1	0	1	2	34	26	29	26	36
S	18732	1	0	0	2	34	26	29	26	36
S	18733	1	0	1	17	2	2	18	19	19
S	18734	1	0	0	17	2	2	18	19	19
S	18735	1	0	1	20	2	2	21	2	19
S	18736	1	0	0	20	2	2	21	2	19
S	18737	1	0	1	22	2	2	23	19	2
S	18738	1	0	0	22	2	2	23	19	2
S	18739	1	0	1	24	2	21	18	19	18
S	18740	1	0	0	24	2	21	18	19	18
S	18741	1	0	1	25	2	23	18	18	19
S	18742	1	0	0	25	2	23	18	18	19
S	18743	1	0	1	2	17	2	26	27	27
S	18744	1	0	0	2	17	2	26	27	27
S	18745	1	0	1	2	20	2	28	2	27
S	18746	1	0	0	2	20	2	28	2	27
S	18747	1	0	1	2	22	2	29	27	2
S	18748	1	0	0	2	22	2	29	27	2
S	18749	1	0	1	2	24	28	26	27	26
S	18750	1	0	0	2	24	28	26	27	26
S	18751	1	0	1	2	25	29	26	26	27
S	18752	1	0	0	2	25	29	26	26	27
S	18753	1	0	1	30	2	18	2	31	31
S	18754	1	0	0	30	2	18	2	31	31
S	18755	1	0	1	32	2	23	2	31	2
S	18756	1	0	0	32	2	23	2	31	2
S	18757	1	0	1	33	2	21	2	2	31
S	18758	1	0	0	33	2	21	2	2	31
S	18759	1	0	1	34	2	18	23	18	31
S	18760	1	0	0	34	2	18	23	18	31
S	18761	1	0	1	35	2	18	21	31	18
S	18762	1	0	0	35	2	18	21	31	18
S	18763	1	0	1	2	30	26	2	36	36
S	18764	1	0	0	2	30	26	2	36	36
S	18765	1	0	1	2	32	29	2	36	2
S	18766	1	0	0	2	32	29	2	36	2
S	18767	1	0	1	2	33	28	2	2	36
S	18768	1	0	0	2	33	28	2	2	36
S	18769	1	0	1	2	34	26	29	26	36
S	18770	1	0	0	2	34	26	29	26	36
S	18771	1	0	1	2	35	26	28	36	26
S	18772	1	0	0	2	35	26	28	36	26
S	18773	1	0	1	37	2	21	21	2	18
S	18774	1	0	0	37	2	21	21	2	18
S	18775	1	0	1	33	2	21	2	2	31
S	18776	1	0	0	33	2	21	2	2	31
S	18777	1	0	1	20	2	2	21	2	19
S	18778	1	0	0	20	2	2	21	2	19
S	18779	1	0	1	35	2	18	21	31	18
S	18780	1	0	0	35	2	18	21	31	18
S	18781	1	0	1	24	2	21	18	19	18
S	18782	1	0	0	24	2	21	18	19	18
S	18783	1	0	1	2	37	28	28	2	26
S	18784	1	0	0	2	37	28	28	2	26
S	18785	1	0	1	2	33	28	2	2	36
S	18786	1	0	0	2	33	28	2	2	36
S	18787	1	0	1	2	20	2	28	2	27
S	18788	1	0	0	2	20	2	28	2	27
S	18789	1	0	1	2	35	26	28	36	26
S	18790	1	0	0	2	35	26	28	36	26
S	18791	1	0	1	2	24	28	26	27	26
S	18792	1	0	0	2	24	28	26	27	26
S	18793	1	0	1	38	2	23	23	18	2
S	18794	1	0	0	38	2	23	23	18	2
S	18795	1	0	1	22	2	2	23	19	2
S	18796	1	0	0	22	2	2	23	19	2
S	18797	1	0	1	32	2	23	2	31	2
S	18798	1	0	0	32	2	23	2	31	2
S	18799	1	0	1	25	2	23	18	18	19
S	18800	1	0	0	25	2	23	18	18	19
S	18801	1	0	1	34	2	18	23	18	31
S	18802	1	0	0	34	2	18	23	18	31
S	18803	1	0	1	2	38	29	29	26	2
S	18804	1	0	0	2	38	29	29	26	2
S	18805	1	0	1	2	22	2	29	27	2
S	18806	1	0	0	2	22	2	29	27	2
S	18807	1	0	1	2	32	29	2	36	2
S	18808	1	0	0	2	32	29	2	36	2
S	18809	1	0	1	2	25	29	26	26	27
S	18810	1	0	0	2	25	29	26	26	27
S	18811	1	0	1	2	34	26	29	26	36
S	18812	1	0	0	2	34	26	29	26	36
S	18813	1	0	1	17	2	2	18	19	19
S	18814	1	0	0	17	2	2	18	19	19
S	18815	1	0	1	20	2	2	21	2	19
S	18816	1	0	0	20	2	2	21	2	19
S	18817	1	0	1	22	2	2	23	19	2
S	18818	1	0	0	22	2	2	23	19	2
S	18819	1	0	1	24	2	21	18	19	18
S	18820	1	0	0	24	2	21	18	19	18
S	18821	1	0	1	25	2	23	18	18	19
S	18822	1	0	0	25	2	23	18	18	19
S	18823	1	0	1	2	17	2	26	27	27
S	18824	1	0	0	2	17	2	26	27	27
S	18825	1	0	1	2	20	2	28	2	27
S	18826	1	0	0	2	20	2	28	2	27
S	18827	1	0	1	2	22	2	29	27	2
S	18828	1	0	0	2	22	2	29	27	2
S	18829	1	0	1	2	24	28	26	27	26
S	18830	1	0	0	2	24	28	26	27	26
S	18831	1	0	1	2	25	29	26	26	27
S	18832	1	0	0	2	25	29	26	26	27
S	18833	1	0	1	30	2	18	2	31	31
S	18834	1	0	0	30	2	18	2	31	31
S	18835	1	0	1	32	2	23	2	31	2
S	18836	1	0	0	32	2	23	2	31	2
S	18837	1	0	1	33	2	21	2	2	31
S	18838	1	0	0	33	2	21	2	2	31
S	18839	1	0	1	34	2	18	23	18	31
S	18840	1	0	0	34	2	18	23	18	31
S	18841	1	0	1	35	2	18	21	31	18
S	18842	1	0	0	35	2	18	21	31	18
S	18843	1	0	1	2	30	26	2	36	36
S	18844	1	0	0	2	30	26	2	36	36
S	18845	1	0	1	2	32	29	2	36	2
S	18846	1	0	0	2	32	29	2	36	2
S	18847	1	0	1	2	33	28	2	2	36
S	18848	1	0	0	2	33	28	2	2	36
S	18849	1	0	1	2	34	26	29	26	36
S	18850	1	0	0	2	34	26	29	26	36
S	18851	1	0	1	2	35	26	28	36	26
S	18852	1	0	0	2	35	26	28	36	26
S	18853	1	0	1	37	2	21	21	2	18
S	18854	1	0	0	37	2	21	21	2	18
S	18855	1	0	1	33	2	21	2	2	31
S	18856	1	0	0	33	2	21	2	2	31
S	18857	1	0	1	20	2	2	21	2	19
S	18858	1	0	0	20	2	2	21	2	19
S	18859	1	0	1	35	2	18	21	31	18
S	18860	1	0	0	35	2	18	21	31	18
S	18861	1	0	1	24	2	21	18	19	18
S	18862	1	0	0	24	2	21	18	19	18
S	18863	1	0	1	2	37	28	28	2	26
S	18864	1	0	0	2	37	28	28	2	26
S	18865	1	0	1	2	33	28	2	2	36
S	18866	1	0	0	2	33	28	2	2	36
S	18867	1	0	1	2	20	2	28	2	27
S	18868	1	0	0	2	20	2	28	2	27
S	18869	1	0	1	2	35	26	28	36	26
S	18870	1	0	0	2	35	26	28	36	26
S	18871	1	0	1	2	24	28	26	27	26
S	18872	1	0	0	2	24	28	26	27	26
S	18873	1	0	1	38	2	23	23	18	2
S	18874	1	0	0	38	2	23	23	18	2
S	18875	1	0	1	22	2	2	23	19	2
S	18876	1	0	0	22	2	2	23	19	2
S	18877	1	0	1	32	2	23	2	31	2
S	18878	1	0	0	32	2	23	2	31	2
S	18879	1	0	1	25	2	23	18	18	19
S	18880	1	0	0	25	2	23	18	18	19
S	18881	1	0	1	34	2	18	23	18	31
S	18882	1	0	0	34	2	18	23	18	31
S	18883	1	0	1	2	38	29	29	26	2
S	18884	1	0	0	2	38	29	29	26	2
S	18885	1	0	1	2	22	2	29	27	2
S	18886	1	0	0	2	22	2	29	27	2
S	18887	1	0	1	2	32	29	2	36	2
S	18888	1	0	0	2	32	29	2	36	2
S	18889	1	0	1	2	25	29	26	26	27
S	18890	1	0	0	2	25	29	26	26	27
S	18891	1	0	1	2	34	26	29	26	36
S	18892	1	0	0	2	34	26	29	26	36
S	18893	1	0	1	17	2	2	18	19	19
S	18894	1	0	0	17	2	2	18	19	19
S	18895	1	0	1	20	2	2	21	2	19
S	18896	1	0	0	20	2	2	21	2	19
S	18897	1	0	1	22	2	2	23	19	2
S	18898	1	0	0	22	2	2	23	19	2
S	18899	1	0	1	24	2	21	18	19	18
S	18900	1	0	0	24	2	21	18	19	18
S	18901	1	0	1	25	2	23	18	18	19
S	18902	1	0	0	25	2	23	18	18	19
S	18903	1	0	1	2	17	2	26	27	27
S	18904	1	0	0	2	17	2	26	27	27
S	18905	1	0	1	2	20	2	28	2	27
S	18906	1	0	0	2	20	2	28	2	27
S	18907	1	0	1	2	22	2	29	27	2
S	18908	1	0	0	2	22	2	29	27	2
S	18909	1	0	1	2	24	28	26	27	26
S	18910	1	0	0	2	24	28	26	27	26
S	18911	1	0	1	2	25	29	26	26	27
S	18912	1	0	0	2	25	29	26	26	27
S	18913	1	0	1	30	2	18	2	31	31
S	18914	1	0	0	30	2	18	2	31	31
S	18915	1	0	1	32	2	23	2	31	2
S	18916	1	0	0	32	2	23	2	31	2
S	18917	1	0	1	33	2	21	2	2	31
S	18918	1	0	0	33	2	21	2	2	31
S	18919	1	0	1	34	2	18	23	18	31
S	18920	1	0	0	34	2	18	23	18	31
S	18921	1	0	1	35	2	18	21	31	18
S	18922	1	0	0	35	2	18	21	31	18
S	18923	1	0	1	2	30	26	2	36	36
S	18924	1	0	0	2	30	26	2	36	36
S	18925	1	0	1	2	32	29	2	36	2
S	18926	1	0	0	2	32	29	2	36	2
S	18927	1	0	1	2	33	28	2	2	36
S	18928	1	0	0	2	33	28	2	2	36
S	18929	1	0	1	2	34	26	29	26	36
S	18930	1	0	0	2	34	26	29	26	36
S	18931	1	0	1	2	35	26	28	36	26
S	18932	1	0	0	2	35	26	28	36	26
S	18933	1	0	1	37	2	21	21	2	18
S	18934	1	0	0	37	2	21	21	2	18
S	18935	1	0	1	33	2	21	2	2	31
S	18936	1	0	0	33	2	21	2	2	31
S	18937	1	0	1	20	2	2	21	2	19
S	18938	1	0	0	20	2	2	21	2	19
S	18939	1	0	1	35	2	18	21	31	18
S	18940	1	0	0	35	2	18	21	31	18
S	18941	1	0	1	24	2	21	18	19	18
S	18942	1	0	0	24	2	21	18	19	18
S	18943	1	0	1	2	37	28	28	2	26
S	18944	1	0	0	2	37	28	28	2	26
S	18945	1	0	1	2	33	28	2	2	36
S	18946	1	0	0	2	33	28	2	2	36
S	18947	1	0	1	2	20	2	28	2	27
S	18948	1	0	0	2	20	2	28	2	27
S	18949	1	0	1	2	35	26	28	36	26
S	18950	1	0	0	2	35	26	28	36	26
S	18951	1	0	1	2	24	28	26	27	26
S	18952	1	0	0	2	24	28	26	27	26
S	18953	1	0	1	38	2	23	23	18	2
S	18954	1	0	0	38	2	23	23	18	2
S	18955	1	0	1	22	2	2	23	19	2
S	18956	1	0	0	22	2	2	23	19	2
S	18957	1	0	1	32	2	23	2	31	2
S	18958	1	0	0	32	2	23	2	31	2
S	18959	1	0	1	25	2	23	18	18	19
S	18960	1	0	0	25	2	23	18	18	19
S	18961	1	0	1	34	2	18	23	18	31
S	18962	1	0	0	34	2	18	23	18	31
S	18963	1	0	1	2	38	29	29	26	2
S	18964	1	0	0	2	38	29	29	26	2
S	18965	1	0	1	2	22	2	29	27	2
S	18966	1	0	0	2	22	2	29	27	2
S	18967	1	0	1	2	32	29	2	36	2
S	18968	1	0	0	2	32	29	2	36	2
S	18969	1	0	1	2	25	29	26	26	27
S	18970	1	0	0	2	25	29	26	26	27
S	18971	1	0	1	2	34	26	29	26	36
S	18972	1	0	0	2	34	26	29	26	36
S	18973	1	0	1	17	2	2	18	19	19
S	18974	1	0	0	17	2	2	18	19	19
S	18975	1	0	1	20	2	2	21	2	19
S	18976	1	0	0	20	2	2	21	2	19
S	18977	1	0	1	22	2	2	23	19	2
S	18978	1	0	0	22	2	2	23	19	2
S	18979	1	0	1	24	2	21	18	19	18
S	18980	1	0	0	24	2	21	18	19	18
S	18981	1	0	1	25	2	23	18	18	19
S	18982	1	0	0	25	2	23	18	18	19
S	18983	1	0	1	2	17	2	26	27	27
S	18984	1	0	0	2	17	2	26	27	27
S	18985	1	0	1	2	20	2	28	2	27
S	18986	1	0	0	2	20	2	28	2	27
S	18987	1	0	1	2	22	2	29	27	2
S	18988	1	0	0	2	22	2	29	27	2
S	18989	1	0	1	2	24	28	26	27	26
S	18990	1	0	0	2	24	28	26	27	26
S	18991	1	0	1	2	25	29	26	26	27
S	18992	1	0	0	2	25	29	26	26	27
S	18993	1	0	1	30	2	18	2	31	31
S	18994	1	0	0	30	2	18	2	31	31
S	18995	1	0	1	32	2	23	2	31	2
S	18996	1	0	0	32	2	23	2	31	2
S	18997	1	0	1	33	2	21	2	2	31
S	18998	1	0	0	33	2	21	2	2	31
S	18999	1	0	1	34	2	18	23	18	31
S	19000	1	0	0	34	2	18	23	18	31
S	19001	1	0	1	35	2	18	21	31	18
S	19002	1	0	0	35	2	18	21	31	18
S	19003	1	0	1	2	30	26	2	36	36
S	19004	1	0	0	2	30	26	2	36	36
S	19005	1	0	1	2	32	29	2	36	2
S	19006	1	0	0	2	32	29	2	36	2
S	19007	1	0	1	2	33	28	2	2	36
S	19008	1	0	0	2	33	28	2	2	36
S	19009	1	0	1	2	34	26	29	26	36
S	19010	1	0	0	2	34	26	29	26	36
S	19011	1	0	1	2	35	26	28	36	26
S	19012	1	0	0	2	35	26	28	36	26
S	19013	1	0	1	37	2	21	21	2	18
S	19014	1	0	0	37	2	21	21	2	18
S	19015	1	0	1	33	2	21	2	2	31
S	19016	1	0	0	33	2	21	2	2	31
S	19017	1	0	1	20	2	2	21	2	19
S	19018	1	0	0	20	2	2	21	2	19
S	19019	1	0	1	35	2	18	21	31	18
S	19020	1	0	0	35	2	18	21	31	18
S	19021	1	0	1	24	2	21	18	19	18
S	19022	1	0	0	24	2	21	18	19	18
S	19023	1	0	1	2	37	28	28	2	26
S	19024	1	0	0	2	37	28	28	2	26
S	19025	1	0	1	2	33	28	2	2	36
S	19026	1	0	0	2	33	28	2	2	36
S	19027	1	0	1	2	20	2	28	2	27
S	19028	1	0	0	2	20	2	28	2	27
S	19029	1	0	1	2	35	26	28	36	26
S	19030	1	0	0	2	35	26	28	36	26
S	19031	1	0	1	2	24	28	26	27	26
S	19032	1	0	0	2	24	28	26	27	26
S	19033	1	0	1	38	2	23	23	18	2
S	19034	1	0	0	38	2	23	23	18	2
S	19035	1	0	1	22	2	2	23	19	2
S	19036	1	0	0	22	2	2	23	19	2
S	19037	1	0	1	32	2	23	2	31	2
S	19038	1	0	0	32	2	23	2	31	2
S	19039	1	0	1	25	2	23	18	18	19
S	19040	1	0	0	25	2	23	18	18	19
S	19041	1	0	1	34	2	18	23	18	31
S	19042	1	0	0	34	2	18	23	18	31
S	19043	1	0	1	2	38	29	29	26	2
S	19044	1	0	0	2	38	29	29	26	2
S	19045	1	0	1	2	22	2	29	27	2
S	19046	1	0	0	2	22	2	29	27	2
S	19047	1	0	1	2	32	29	2	36	2
S	19048	1	0	0	2	32	29	2	36	2
S	19049	1	0	1	2	25	29	26	26	27
S	19050	1	0	0	2	25	29	26	26	27
S	19051	1	0	1	2	34	26	29	26	36
S	19052	1	0	0	2	34	26	29	26	36
S	19053	1	0	1	17	2	2	18	19	19
S	19054	1	0	0	17	2	2	18	19	19
S	19055	1	0	1	20	2	2	21	2	19
S	19056	1	0	0	20	2	2	21	2	19
S	19057	1	0	1	22	2	2	23	19	2
S	19058	1	0	0	22	2	2	23	19	2
S	19059	1	0	1	24	2	21	18	19	18
S	19060	1	0	0	24	2	21	18	19	18
S	19061	1	0	1	25	2	23	18	18	19
S	19062	1	0	0	25	2	23	18	18	19
S	19063	1	0	1	2	17	2	26	27	27
S	19064	1	0	0	2	17	2	26	27	27
S	19065	1	0	1	2	20	2	28	2	27
S	19066	1	0	0	2	20	2	28	2	27
S	19067	1	0	1	2	22	2	29	27	2
S	19068	1	0	0	2	22	2	29	27	2
S	19069	1	0	1	2	24	28	26	27	26
S	19070	1	0	0	2	24	28	26	27	26
S	19071	1	0	1	2	25	29	26	26	27
S	19072	1	0	0	2	25	29	26	26	27
S	19073	1	0	1	30	2	18	2	31	31
S	19074	1	0	0	30	2	18	2	31	31
S	19075	1	0	1	32	2	23	2	31	2
S	19076	1	0	0	32	2	23	2	31	2
S	19077	1	0	1	33	2	21	2	2	31
S	19078	1	0	0	33	2	21	2	2	31
S	19079	1	0	1	34	2	18	23	18	31
S	19080	1	0	0	34	2	18	23	18	31
S	19081	1	0	1	35	2	18	21	31	18
S	19082	1	0	0	35	2	18	21	31	18
S	19083	1	0	1	2	30	26	2	36	36
S	19084	1	0	0	2	30	26	2	36	36
S	19085	1	0	1	2	32	29	2	36	2
S	19086	1	0	0	2	32	29	2	36	2
S	19087	1	0	1	2	33	28	2	2	36
S	19088	1	0	0	2	33	28	2	2	36
S	19089	1	0	1	2	34	26	29	26	36
S	19090	1	0	0	2	34	26	29	26	36
S	19091	1	0	1	2	35	26	28	36	26
S	19092	1	0	0	2	35	26	28	36	26
S	19093	1	0	1	37	2	21	21	2	18
S	19094	1	0	0	37	2	21	21	2	18
S	19095	1	0	1	33	2	21	2	2	31
S	19096	1	0	0	33	2	21	2	2	31
S	19097	1	0	1	20	2	2	21	2	19
S	19098	1	0	0	20	2	2	21	2	19
S	19099	1	0	1	35	2	18	21	31	18
S	19100	1	0	0	35	2	18	21	31	18
S	19101	1	0	1	24	2	21	18	19	18
S	19102	1	0	0	24	2	21	18	19	18
S	19103	1	0	1	2	37	28	28	2	26
S	19104	1	0	0	2	37	28	28	2	26
S	19105	1	0	1	2	33	28	2	2	36
S	19106	1	0	0	2	33	28	2	2	36
S	19107	1	0	1	2	20	2	28	2	27
S	19108	1	0	0	2	20	2	28	2	27
S	19109	1	0	1	2	35	26	28	36	26
S	19110	1	0	0	2	35	26	28	36	26
S	19111	1	0	1	2	24	28	26	27	26
S	19112	1	0	0	2	24	28	26	27	26
S	19113	1	0	1	38	2	23	23	18	2
S	19114	1	0	0	38	2	23	23	18	2
S	19115	1	0	1	22	2	2	23	19	2
S	19116	1	0	0	22	2	2	23	19	2
S	19117	1	0	1	32	2	23	2	31	2
S	19118	1	0	0	32	2	23	2	31	2
S	19119	1	0	1	25	2	23	18	18	19
S	19120	1	0	0	25	2	23	18	18	19
S	19121	1	0	1	34	2	18	23	18	31
S	19122	1	0	0	34	2	18	23	18	31
S	19123	1	0	1	2	38	29	29	26	2
S	19124	1	0	0	2	38	29	29	26	2
S	19125	1	0	1	2	22	2	29	27	2
S	19126	1	0	0	2	22	2	29	27	2
S	19127	1	0	1	2	32	29	2	36	2
S	19128	1	0	0	2	32	29	2	36	2
S	19129	1	0	1	2	25	29	26	26	27
S	19130	1	0	0	2	25	29	26	26	27
S	19131	1	0	1	2	34	26	29	26	36
S	19132	1	0	0	2	34	26	29	26	36
S	19133	1	0	1	17	2	2	18	19	19
S	19134	1	0	0	17	2	2	18	19	19
S	19135	1	0	1	20	2	2	21	2	19
S	19136	1	0	0	20	2	2	21	2	19
S	19137	1	0	1	22	2	2	23	19	2
S	19138	1	0	0	22	2	2	23	19	2
S	19139	1	0	1	24	2	21	18	19	18
S	19140	1	0	0	24	2	21	18	19	18
S	19141	1	0	1	25	2	23	18	18	19
S	19142	1	0	0	25	2	23	18	18	19
S	19143	1	0	1	2	17	2	26	27	27
S	19144	1	0	0	2	17	2	26	27	27
S	19145	1	0	1	2	20	2	28	2	27
S	19146	1	0	0	2	20	2	28	2	27
S	19147	1	0	1	2	22	2	29	27	2
S	19148	1	0	0	2	22	2	29	27	2
S	19149	1	0	1	2	24	28	26	27	26
S	19150	1	0	0	2	24	28	26	27	26
S	19151	1	0	1	2	25	29	26	26	27
S	19152	1	0	0	2	25	29	26	26	27
S	19153	1	0	1	30	2	18	2	31	31
S	19154	1	0	0	30	2	18	2	31	31
S	19155	1	0	1	32	2	23	2	31	2
S	19156	1	0	0	32	2	23	2	31	2
S	19157	1	0	1	33	2	21	2	2	31
S	19158	1	0	0	33	2	21	2	2	31
S	19159	1	0	1	34	2	18	23	18	31
S	19160	1	0	0	34	2	18	23	18	31
S	19161	1	0	1	35	2	18	21	31	18
S	19162	1	0	0	35	2	18	21	31	18
S	19163	1	0	1	2	30	26	2	36	36
S	19164	1	0	0	2	30	26	2	36	36
S	19165	1	0	1	2	32	29	2	36	2
S	19166	1	0	0	2	32	29	2	36	2
S	19167	1	0	1	2	33	28	2	2	36
S	19168	1	0	0	2	33	28	2	2	36
S	19169	1	0	1	2	34	26	29	26	36
S	19170	1	0	0	2	34	26	29	26	36
S	19171	1	0	1	2	35	26	28	36	26
S	19172	1	0	0	2	35	26	28	36	26
S	19173	1	0	1	37	2	21	21	2	18
S	19174	1	0	0	37	2	21	21	2	18
S	19175	1	0	1	33	2	21	2	2	31
S	19176	1	0	0	33	2	21	2	2	31
S	19177	1	0	1	20	2	2	21	2	19
S	19178	1	0	0	20	2	2	21	2	19
S	19179	1	0	1	35	2	18	21	31	18
S	19180	1	0	0	35	2	18	21	31	18
S	19181	1	0	1	24	2	21	18	19	18
S	19182	1	0	0	24	2	21	18	19	18
S	19183	1	0	1	2	37	28	28	2	26
S	19184	1	0	0	2	37	28	28	2	26
S	19185	1	0	1	2	33	28	2	2	36
S	19186	1	0	0	2	33	28	2	2	36
S	19187	1	0	1	2	20	2	28	2	27
S	19188	1	0	0	2	20	2	28	2	27
S	19189	1	0	1	2	35	26	28	36	26
S	19190	1	0	0	2	35	26	28	36	26
S	19191	1	0	1	2	24	28	26	27	26
S	19192	1	0	0	2	24	28	26	27	26
S	19193	1	0	1	38	2	23	23	18	2
S	19194	1	0	0	38	2	23	23	18	2
S	19195	1	0	1	22	2	2	23	19	2
S	19196	1	0	0	22	2	2	23	19	2
S	19197	1	0	1	32	2	23	2	31	2
S	19198	1	0	0	32	2	23	2	31	2
S	19199	1	0	1	25	2	23	18	18	19
S	19200	1	0	0	25	2	23	18	18	19
S	19201	1	0	1	34	2	18	23	18	31
S	19202	1	0	0	34	2	18	23	18	31
S	19203	1	0	1	2	38	29	29	26	2
S	19204	1	0	0	2	38	29	29	26	2
S	19205	1	0	1	2	22	2	29	27	2
S	19206	1	0	0	2	22	2	29	27	2
S	19207	1	0	1	2	32	29	2	36	2
S	19208	1	0	0	2	32	29	2	36	2
S	19209	1	0	1	2	25	29	26	26	27
S	19210	1	0	0	2	25	29	26	26	27
S	19211	1	0	1	2	34	26	29	26	36
S	19212	1	0	0	2	34	26	29	26	36
S	19213	1	0	1	17	2	2	18	19	19
S	19214	1	0	0	17	2	2	18	19	19
S	19215	1	0	1	20	2	2	21	2	19
S	19216	1	0	0	20	2	2	21	2	19
S	19217	1	0	1	22	2	2	23	19	2
S	19218	1	0	0	22	2	2	23	19	2
S	19219	1	0	1	24	2	21	18	19	18
S	19220	1	0	0	24	2	21	18	19	18
S	19221	1	0	1	25	2	23	18	18	19
S	19222	1	0	0	25	2	23	18	18	19
S	19223	1	0	1	2	17	2	26	27	27
S	19224	1	0	0	2	17	2	26	27	27
S	19225	1	0	1	2	20	2	28	2	27
S	19226	1	0	0	2	20	2	28	2	27
S	19227	1	0	1	2	22	2	29	27	2
S	19228	1	0	0	2	22	2	29	27	2
S	19229	1	0	1	2	24	28	26	27	26
S	19230	1	0	0	2	24	28	26	27	26
S	19231	1	0	1	2	25	29	26	26	27
S	19232	1	0	0	2	25	29	26	26	27
S	19233	1	0	1	30	2	18	2	31	31
S	19234	1	0	0	30	2	18	2	31	31
S	19235	1	0	1	32	2	23	2	31	2
S	19236	1	0	0	32	2	23	2	31	2
S	19237	1	0	1	33	2	21	2	2	31
S	19238	1	0	0	33	2	21	2	2	31
S	19239	1	0	1	34	2	18	23	18	31
S	19240	1	0	0	34	2	18	23	18	31
S	19241	1	0	1	35	2	18	21	31	18
S	19242	1	0	0	35	2	18	21	31	18
S	19243	1	0	1	2	30	26	2	36	36
S	19244	1	0	0	2	30	26	2	36	36
S	19245	1	0	1	2	32	29	2	36	2
S	19246	1	0	0	2	32	29	2	36	2
S	19247	1	0	1	2	33	28	2	2	36
S	19248	1	0	0	2	33	28	2	2	36
S	19249	1	0	1	2	34	26	29	26	36
S	19250	1	0	0	2	34	26	29	26	36
S	19251	1	0	1	2	35	26	28	36	26
S	19252	1	0	0	2	35	26	28	36	26
S	19253	1	0	1	37	2	21	21	2	18
S	19254	1	0	0	37	2	21	21	2	18
S	19255	1	0	1	33	2	21	2	2	31
S	19256	1	0	0	33	2	21	2	2	31
S	19257	1	0	1	20	2	2	21	2	19
S	19258	1	0	0	20	2	2	21	2	19
S	19259	1	0	1	35	2	18	21	31	18
S	19260	1	0	0	35	2	18	21	31	18
S	19261	1	0	1	24	2	21	18	19	18
S	19262	1	0	0	24	2	21	18	19	18
S	19263	1	0	1	2	37	28	28	2	26
S	19264	1	0	0	2	37	28	28	2	26
S	19265	1	0	1	2	33	28	2	2	36
S	19266	1	0	0	2	33	28	2	2	36
S	19267	1	0	1	2	20	2	28	2	27
S	19268	1	0	0	2	20	2	28	2	27
S	19269	1	0	1	2	35	26	28	36	26
S	19270	1	0	0	2	35	26	28	36	26
S	19271	1	0	1	2	24	28	26	27	26
S	19272	1	0	0	2	24	28	26	27	26
S	19273	1	0	1	38	2	23	23	18	2
S	19274	1	0	0	38	2	23	23	18	2
S	19275	1	0	1	22	2	2	23	19	2
S	19276	1	0	0	22	2	2	23	19	2
S	19277	1	0	1	32	2	23	2	31	2
S	19278	1	0	0	32	2	23	2	31	2
S	19279	1	0	1	25	2	23	18	18	19
S	19280	1	0	0	25	2	23	18	18	19
S	19281	1	0	1	34	2	18	23	18	31
S	19282	1	0	0	34	2	18	23	18	31
S	19283	1	0	1	2	38	29	29	26	2
S	19284	1	0	0	2	38	29	29	26	2
S	19285	1	0	1	2	22	2	29	27	2
S	19286	1	0	0	2	22	2	29	27	2
S	19287	1	0	1	2	32	29	2	36	2
S	19288	1	0	0	2	32	29	2	36	2
S	19289	1	0	1	2	25	29	26	26	27
S	19290	1	0	0	2	25	29	26	26	27
S	19291	1	0	1	2	34	26	29	26	36
S	19292	1	0	0	2	34	26	29	26	36
S	19293	1	0	1	17	2	2	18	19	19
S	19294	1	0	0	17	2	2	18	19	19
S	19295	1	0	1	20	2	2	21	2	19
S	19296	1	0	0	20	2	2	21	2	19
S	19297	1	0	1	22	2	2	23	19	2
S	19298	1	0	0	22	2	2	23	19	2
S	19299	1	0	1	24	2	21	18	19	18
S	19300	1	0	0	24	2	21	18	19	18
S	19301	1	0	1	25	2	23	18	18	19
S	19302	1	0	0	25	2	23	18	18	19
S	19303	1	0	1	2	17	2	26	27	27
S	19304	1	0	0	2	17	2	26	27	27
S	19305	1	0	1	2	20	2	28	2	27
S	19306	1	0	0	2	20	2	28	2	27
S	19307	1	0	1	2	22	2	29	27	2
S	19308	1	0	0	2	22	2	29	27	2
S	19309	1	0	1	2	24	28	26	27	26
S	19310	1	0	0	2	24	28	26	27	26
S	19311	1	0	1	2	25	29	26	26	27
S	19312	1	0	0	2	25	29	26	26	27
S	19313	1	0	1	30	2	18	2	31	31
S	19314	1	0	0	30	2	18	2	31	31
S	19315	1	0	1	32	2	23	2	31	2
S	19316	1	0	0	32	2	23	2	31	2
S	19317	1	0	1	33	2	21	2	2	31
S	19318	1	0	0	33	2	21	2	2	31
S	19319	1	0	1	34	2	18	23	18	31
S	19320	1	0	0	34	2	18	23	18	31
S	19321	1	0	1	35	2	18	21	31	18
S	19322	1	0	0	35	2	18	21	31	18
S	19323	1	0	1	2	30	26	2	36	36
S	19324	1	0	0	2	30	26	2	36	36
S	19325	1	0	1	2	32	29	2	36	2
S	19326	1	0	0	2	32	29	2	36	2
S	19327	1	0	1	2	33	28	2	2	36
S	19328	1	0	0	2	33	28	2	2	36
S	19329	1	0	1	2	34	26	29	26	36
S	19330	1	0	0	2	34	26	29	26	36
S	19331	1	0	1	2	35	26	28	36	26
S	19332	1	0	0	2	35	26	28	36	26
S	19333	1	0	1	37	2	21	21	2	18
S	19334	1	0	0	37	2	21	21	2	18
S	19335	1	0	1	33	2	21	2	2	31
S	19336	1	0	0	33	2	21	2	2	31
S	19337	1	0	1	20	2	2	21	2	19
S	19338	1	0	0	20	2	2	21	2	19
S	19339	1	0	1	35	2	18	21	31	18
S	19340	1	0	0	35	2	18	21	31	18
S	19341	1	0	1	24	2	21	18	19	18
S	19342	1	0	0	24	2	21	18	19	18
S	19343	1	0	1	2	37	28	28	2	26
S	19344	1	0	0	2	37	28	28	2	26
S	19345	1	0	1	2	33	28	2	2	36
S	19346	1	0	0	2	33	28	2	2	36
S	19347	1	0	1	2	20	2	28	2	27
S	19348	1	0	0	2	20	2	28	2	27
S	19349	1	0	1	2	35	26	28	36	26
S	19350	1	0	0	2	35	26	28	36	26
S	19351	1	0	1	2	24	28	26	27	26
S	19352	1	0	0	2	24	28	26	27	26
S	19353	1	0	1	38	2	23	23	18	2
S	19354	1	0	0	38	2	23	23	18	2
S	19355	1	0	1	22	2	2	23	19	2
S	19356	1	0	0	22	2	2	23	19	2
S	19357	1	0	1	32	2	23	2	31	2
S	19358	1	0	0	32	2	23	2	31	2
S	19359	1	0	1	25	2	23	18	18	19
S	19360	1	0	0	25	2	23	18	18	19
S	19361	1	0	1	34	2	18	23	18	31
S	19362	1	0	0	34	2	18	23	18	31
S	19363	1	0	1	2	38	29	29	26	2
S	19364	1	0	0	2	38	29	29	26	2
S	19365	1	0	1	2	22	2	29	27	2
S	19366	1	0	0	2	22	2	29	27	2
S	19367	1	0	1	2	32	29	2	36	2
S	19368	1	0	0	2	32	29	2	36	2
S	19369	1	0	1	2	25	29	26	26	27
S	19370	1	0	0	2	25	29	26	26	27
S	19371	1	0	1	2	34	26	29	26	36
S	19372	1	0	0	2	34	26	29	26	36
S	19373	1	0	1	17	2	2	18	19	19
S	19374	1	0	0	17	2	2	18	19	19
S	19375	1	0	1	20	2	2	21	2	19
S	19376	1	0	0	20	2	2	21	2	19
S	19377	1	0	1	22	2	2	23	19	2
S	19378	1	0	0	22	2	2	23	19	2
S	19379	1	0	1	24	2	21	18	19	18
S	19380	1	0	0	24	2	21	18	19	18
S	19381	1	0	1	25	2	23	18	18	19
S	19382	1	0	0	25	2	23	18	18	19
S	19383	1	0	1	2	17	2	26	27	27
S	19384	1	0	0	2	17	2	26	27	27
S	19385	1	0	1	2	20	2	28	2	27
S	19386	1	0	0	2	20	2	28	2	27
S	19387	1	0	1	2	22	2	29	27	2
S	19388	1	0	0	2	22	2	29	27	2
S	19389	1	0	1	2	24	28	26	27	26
S	19390	1	0	0	2	24	28	26	27	26
S	19391	1	0	1	2	25	29	26	26	27
S	19392	1	0	0	2	25	29	26	26	27
S	19393	1	0	1	30	2	18	2	31	31
S	19394	1	0	0	30	2	18	2	31	31
S	19395	1	0	1	32	2	23	2	31	2
S	19396	1	0	0	32	2	23	2	31	2
S	19397	1	0	1	33	2	21	2	2	31
S	19398	1	0	0	33	2	21	2	2	31
S	19399	1	0	1	34	2	18	23	18	31
S	19400	1	0	0	34	2	18	23	18	31
S	19401	1	0	1	35	2	18	21	31	18
S	19402	1	0	0	35	2	18	21	31	18
S	19403	1	0	1	2	30	26	2	36	36
S	19404	1	0	0	2	30	26	2	36	36
S	19405	1	0	1	2	32	29	2	36	2
S	19406	1	0	0	2	32	29	2	36	2
S	19407	1	0	1	2	33	28	2	2	36
S	19408	1	0	0	2	33	28	2	2	36
S	19409	1	0	1	2	34	26	29	26	36
S	19410	1	0	0	2	34	26	29	26	36
S	19411	1	0	1	2	35	26	28	36	26
S	19412	1	0	0	2	35	26	28	36	26
S	19413	1	0	1	37	2	21	21	2	18
S	19414	1	0	0	37	2	21	21	2	18
S	19415	1	0	1	33	2	21	2	2	31
S	19416	1	0	0	33	2	21	2	2	31
S	19417	1	0	1	20	2	2	21	2	19
S	19418	1	0	0	20	2	2	21	2	19
S	19419	1	0	1	35	2	18	21	31	18
S	19420	1	0	0	35	2	18	21	31	18
S	19421	1	0	1	24	2	21	18	19	18
S	19422	1	0	0	24	2	21	18	19	18
S	19423	1	0	1	2	37	28	28	2	26
S	19424	1	0	0	2	37	28	28	2	26
S	19425	1	0	1	2	33	28	2	2	36
S	19426	1	0	0	2	33	28	2	2	36
S	19427	1	0	1	2	20	2	28	2	27
S	19428	1	0	0	2	20	2	28	2	27
S	19429	1	0	1	2	35	26	28	36	26
S	19430	1	0	0	2	35	26	28	36	26
S	19431	1	0	1	2	24	28	26	27	26
S	19432	1	0	0	2	24	28	26	27	26
S	19433	1	0	1	38	2	23	23	18	2
S	19434	1	0	0	38	2	23	23	18	2
S	19435	1	0	1	22	2	2	23	19	2
S	19436	1	0	0	22	2	2	23	19	2
S	19437	1	0	1	32	2	23	2	31	2
S	19438	1	0	0	32	2	23	2	31	2
S	19439	1	0	1	25	2	23	18	18	19
S	19440	1	0	0	25	2	23	18	18	19
S	19441	1	0	1	34	2	18	23	18	31
S	19442	1	0	0	34	2	18	23	18	31
S	19443	1	0	1	2	38	29	29	26	2
S	19444	1	0	0	2	38	29	29	26	2
S	19445	1	0	1	2	22	2	29	27	2
S	19446	1	0	0	2	22	2	29	27	2
S	19447	1	0	1	2	32	29	2	36	2
S	19448	1	0	0	2	32	29	2	36	2
S	19449	1	0	1	2	25	29	26	26	27
S	19450	1	0	0	2	25	29	26	26	27
S	19451	1	0	1	2	34	26	29	26	36
S	19452	1	0	0	2	34	26	29	26	36
S	19453	1	0	1	17	2	2	18	19	19
S	19454	1	0	0	17	2	2	18	19	19
S	19455	1	0	1	20	2	2	21	2	19
S	19456	1	0	0	20	2	2	21	2	19
S	19457	1	0	1	22	2	2	23	19	2
S	19458	1	0	0	22	2	2	23	19	2
S	19459	1	0	1	24	2	21	18	19	18
S	19460	1	0	0	24	2	21	18	19	18
S	19461	1	0	1	25	2	23	18	18	19
S	19462	1	0	0	25	2	23	18	18	19
S	19463	1	0	1	2	17	2	26	27	27
S	19464	1	0	0	2	17	2	26	27	27
S	19465	1	0	1	2	20	2	28	2	27
S	19466	1	0	0	2	20	2	28	2	27
S	19467	1	0	1	2	22	2	29	27	2
S	19468	1	0	0	2	22	2	29	27	2
S	19469	1	0	1	2	24	28	26	27	26
S	19470	1	0	0	2	24	28	26	27	26
S	19471	1	0	1	2	25	29	26	26	27
S	19472	1	0	0	2	25	29	26	26	27
S	19473	1	0	1	30	2	18	2	31	31
S	19474	1	0	0	30	2	18	2	31	31
S	19475	1	0	1	32	2	23	2	31	2
S	19476	1	0	0	32	2	23	2	31	2
S	19477	1	0	1	33	2	21	2	2	31
S	19478	1	0	0	33	2	21	2	2	31
S	19479	1	0	1	34	2	18	23	18	31
S	19480	1	0	0	34	2	18	23	18	31
S	19481	1	0	1	35	2	18	21	31	18
S	19482	1	0	0	35	2	18	21	31	18
S	19483	1	0	1	2	30	26	2	36	36
S	19484	1	0	0	2	30	26	2	36	36
S	19485	1	0	1	2	32	29	2	36	2
S	19486	1	0	0	2	32	29	2	36	2
S	19487	1	0	1	2	33	28	2	2	36
S	19488	1	0	0	2	33	28	2	2	36
S	19489	1	0	1	2	34	26	29	26	36
S	19490	1	0	0	2	34	26	29	26	36
S	19491	1	0	1	2	35	26	28	36	26
S	19492	1	0	0	2	35	26	28	36	26
S	19493	1	0	1	37	2	21	21	2	18
S	19494	1	0	0	37	2	21	21	2	18
S	19495	1	0	1	33	2	21	2	2	31
S	19496	1	0	0	33	2	21	2	2	31
S	19497	1	0	1	20	2	2	21	2	19
S	19498	1	0	0	20	2	2	21	2	19
S	19499	1	0	1	35	2	18	21	31	18
S	19500	1	0	0	35	2	18	21	31	18
S	19501	1	0	1	24	2	21	18	19	18
S	19502	1	0	0	24	2	21	18	19	18
S	19503	1	0	1	2	37	28	28	2	26
S	19504	1	0	0	2	37	28	28	2	26
S	19505	1	0	1	2	33	28	2	2	36
S	19506	1	0	0	2	33	28	2	2	36
S	19507	1	0	1	2	20	2	28	2	27
S	19508	1	0	0	2	20	2	28	2	27
S	19509	1	0	1	2	35	26	28	36	26
S	19510	1	0	0	2	35	26	28	36	26
S	19511	1	0	1	2	24	28	26	27	26
S	19512	1	0	0	2	24	28	26	27	26
S	19513	1	0	1	38	2	23	23	18	2
S	19514	1	0	0	38	2	23	23	18	2
S	19515	1	0	1	22	2	2	23	19	2
S	19516	1	0	0	22	2	2	23	19	2
S	19517	1	0	1	32	2	23	2	31	2
S	19518	1	0	0	32	2	23	2	31	2
S	19519	1	0	1	25	2	23	18	18	19
S	19520	1	0	0	25	2	23	18	18	19
S	19521	1	0	1	34	2	18	23	18	31
S	19522	1	0	0	34	2	18	23	18	31
S	19523	1	0	1	2	38	29	29	26	2
S	19524	1	0	0	2	38	29	29	26	2
S	19525	1	0	1	2	22	2	29	27	2
S	19526	1	0	0	2	22	2	29	27	2
S	19527	1	0	1	2	32	29	2	36	2
S	19528	1	0	0	2	32	29	2	36	2
S	19529	1	0	1	2	25	29	26	26	27
S	19530	1	0	0	2	25	29	26	26	27
S	19531	1	0	1	2	34	26	29	26	36
S	19532	1	0	0	2	34	26	29	26	36
S	19533	1	0	1	17	2	2	18	19	19
S	19534	1	0	0	17	2	2	18	19	19
S	19535	1	0	1	20	2	2	21	2	19
S	19536	1	0	0	20	2	2	21	2	19
S	19537	1	0	1	22	2	2	23	19	2
S	19538	1	0	0	22	2	2	23	19	2
S	19539	1	0	1	24	2	21	18	19	18
S	19540	1	0	0	24	2	21	18	19	18
S	19541	1	0	1	25	2	23	18	18	19
S	19542	1	0	0	25	2	23	18	18	19
S	19543	1	0	1	2	17	2	26	27	27
S	19544	1	0	0	2	17	2	26	27	27
S	19545	1	0	1	2	20	2	28	2	27
S	19546	1	0	0	2	20	2	28	2	27
S	19547	1	0	1	2	22	2	29	27	2
S	19548	1	0	0	2	22	2	29	27	2
S	19549	1	0	1	2	24	28	26	27	26
S	19550	1	0	0	2	24	28	26	27	26
S	19551	1	0	1	2	25	29	26	26	27
S	19552	1	0	0	2	25	29	26	26	27
S	19553	1	0	1	30	2	18	2	31	31
S	19554	1	0	0	30	2	18	2	31	31
S	19555	1	0	1	32	2	23	2	31	2
S	19556	1	0	0	32	2	23	2	31	2
S	19557	1	0	1	33	2	21	2	2	31
S	19558	1	0	0	33	2	21	2	2	31
S	19559	1	0	1	34	2	18	23	18	31
S	19560	1	0	0	34	2	18	23	18	31
S	19561	1	0	1	35	2	18	21	31	18
S	19562	1	0	0	35	2	18	21	31	18
S	19563	1	0	1	2	30	26	2	36	36
S	19564	1	0	0	2	30	26	2	36	36
S	19565	1	0	1	2	32	29	2	36	2
S	19566	1	0	0	2	32	29	2	36	2
S	19567	1	0	1	2	33	28	2	2	36
S	19568	1	0	0	2	33	28	2	2	36
S	19569	1	0	1	2	34	26	29	26	36
S	19570	1	0	0	2	34	26	29	26	36
S	19571	1	0	1	2	35	26	28	36	26
S	19572	1	0	0	2	35	26	28	36	26
S	19573	1	0	1	37	2	21	21	2	18
S	19574	1	0	0	37	2	21	21	2	18
S	19575	1	0	1	33	2	21	2	2	31
S	19576	1	0	0	33	2	21	2	2	31
S	19577	1	0	1	20	2	2	21	2	19
S	19578	1	0	0	20	2	2	21	2	19
S	19579	1	0	1	35	2	18	21	31	18
S	19580	1	0	0	35	2	18	21	31	18
S	19581	1	0	1	24	2	21	18	19	18
S	19582	1	0	0	24	2	21	18	19	18
S	19583	1	0	1	2	37	28	28	2	26
S	19584	1	0	0	2	37	28	28	2	26
S	19585	1	0	1	2	33	28	2	2	36
S	19586	1	0	0	2	33	28	2	2	36
S	19587	1	0	1	2	20	2	28	2	27
S	19588	1	0	0	2	20	2	28	2	27
S	19589	1	0	1	2	35	26	28	36	26
S	19590	1	0	0	2	35	26	28	36	26
S	19591	1	0	1	2	24	28	26	27	26
S	19592	1	0	0	2	24	28	26	27	26
S	19593	1	0	1	38	2	23	23	18	2
S	19594	1	0	0	38	2	23	23	18	2
S	19595	1	0	1	22	2	2	23	19	2
S	19596	1	0	0	22	2	2	23	19	2
S	19597	1	0	1	32	2	23	2	31	2
S	19598	1	0	0	32	2	23	2	31	2
S	19599	1	0	1	25	2	23	18	18	19
S	19600	1	0	0	25	2	23	18	18	19
S	19601	1	0	1	34	2	18	23	18	31
S	19602	1	0	0	34	2	18	23	18	31
S	19603	1	0	1	2	38	29	29	26	2
S	19604	1	0	0	2	38	29	29	26	2
S	19605	1	0	1	2	22	2	29	27	2
S	19606	1	0	0	2	22	2	29	27	2
S	19607	1	0	1	2	32	29	2	36	2
S	19608	1	0	0	2	32	29	2	36	2
S	19609	1	0	1	2	25	29	26	26	27
S	19610	1	0	0	2	25	29	26	26	27
S	19611	1	0	1	2	34	26	29	26	36
S	19612	1	0	0	2	34	26	29	26	36
S	19613	1	0	1	17	2	2	18	19	19
S	19614	1	0	0	17	2	2	18	19	19
S	19615	1	0	1	20	2	2	21	2	19
S	19616	1	0	0	20	2	2	21	2	19
S	19617	1	0	1	22	2	2	23	19	2
S	19618	1	0	0	22	2	2	23	19	2
S	19619	1	0	1	24	2	21	18	19	18
S	19620	1	0	0	24	2	21	18	19	18
S	19621	1	0	1	25	2	23	18	18	19
S	19622	1	0	0	25	2	23	18	18	19
S	19623	1	0	1	2	17	2	26	27	27
S	19624	1	0	0	2	17	2	26	27	27
S	19625	1	0	1	2	20	2	28	2	27
S	19626	1	0	0	2	20	2	28	2	27
S	19627	1	0	1	2	22	2	29	27	2
S	19628	1	0	0	2	22	2	29	27	2
S	19629	1	0	1	2	24	28	26	27	26
S	19630	1	0	0	2	24	28	26	27	26
S	19631	1	0	1	2	25	29	26	26	27
S	19632	1	0	0	2	25	29	26	26	27
S	19633	1	0	1	30	2	18	2	31	31
S	19634	1	0	0	30	2	18	2	31	31
S	19635	1	0	1	32	2	23	2	31	2
S	19636	1	0	0	32	2	23	2	31	2
S	19637	1	0	1	33	2	21	2	2	31
S	19638	1	0	0	33	2	21	2	2	31
S	19639	1	0	1	34	2	18	23	18	31
S	19640	1	0	0	34	2	18	23	18	31
S	19641	1	0	1	35	2	18	21	31	18
S	19642	1	0	0	35	2	18	21	31	18
S	19643	1	0	1	2	30	26	2	36	36
S	19644	1	0	0	2	30	26	2	36	36
S	19645	1	0	1	2	32	29	2	36	2
S	19646	1	0	0	2	32	29	2	36	2
S	19647	1	0	1	2	33	28	2	2	36
S	19648	1	0	0	2	33	28	2	2	36
S	19649	1	0	1	2	34	26	29	26	36
S	19650	1	0	0	2	34	26	29	26	36
S	19651	1	0	1	2	35	26	28	36	26
S	19652	1	0	0	2	35	26	28	36	26
S	19653	1	0	1	37	2	21	21	2	18
S	19654	1	0	0	37	2	21	21	2	18
S	19655	1	0	1	33	2	21	2	2	31
S	19656	1	0	0	33	2	21	2	2	31
S	19657	1	0	1	20	2	2	21	2	19
S	19658	1	0	0	20	2	2	21	2	19
S	19659	1	0	1	35	2	18	21	31	18
S	19660	1	0	0	35	2	18	21	31	18
S	19661	1	0	1	24	2	21	18	19	18
S	19662	1	0	0	24	2	21	18	19	18
S	19663	1	0	1	2	37	28	28	2	26
S	19664	1	0	0	2	37	28	28	2	26
S	19665	1	0	1	2	33	28	2	2	36
S	19666	1	0	0	2	33	28	2	2	36
S	19667	1	0	1	2	20	2	28	2	27
S	19668	1	0	0	2	20	2	28	2	27
S	19669	1	0	1	2	35	26	28	36	26
S	19670	1	0	0	2	35	26	28	36	26
S	19671	1	0	1	2	24	28	26	27	26
S	19672	1	0	0	2	24	28	26	27	26
S	19673	1	0	1	38	2	23	23	18	2
S	19674	1	0	0	38	2	23	23	18	2
S	19675	1	0	1	22	2	2	23	19	2
S	19676	1	0	0	22	2	2	23	19	2
S	19677	1	0	1	32	2	23	2	31	2
S	19678	1	0	0	32	2	23	2	31	2
S	19679	1	0	1	25	2	23	18	18	19
S	19680	1	0	0	25	2	23	18	18	19
S	19681	1	0	1	34	2	18	23	18	31
S	19682	1	0	0	34	2	18	23	18	31
S	19683	1	0	1	2	38	29	29	26	2
S	19684	1	0	0	2	38	29	29	26	2
S	19685	1	0	1	2	22	2	29	27	2
S	19686	1	0	0	2	22	2	29	27	2
S	19687	1	0	1	2	32	29	2	36	2
S	19688	1	0	0	2	32	29	2	36	2
S	19689	1	0	1	2	25	29	26	26	27
S	19690	1	0	0	2	25	29	26	26	27
S	19691	1	0	1	2	34	26	29	26	36
S	19692	1	0	0	2	34	26	29	26	36
S	19693	1	0	1	17	2	2	18	19	19
S	19694	1	0	0	17	2	2	18	19	19
S	19695	1	0	1	20	2	2	21	2	19
S	19696	1	0	0	20	2	2	21	2	19
S	19697	1	0	1	22	2	2	23	19	2
S	19698	1	0	0	22	2	2	23	19	2
S	19699	1	0	1	24	2	21	18	19	18
S	19700	1	0	0	24	2	21	18	19	18
S	19701	1	0	1	25	2	23	18	18	19
S	19702	1	0	0	25	2	23	18	18	19
S	19703	1	0	1	2	17	2	26	27	27
S	19704	1	0	0	2	17	2	26	27	27
S	19705	1	0	1	2	20	2	28	2	27
S	19706	1	0	0	2	20	2	28	2	27
S	19707	1	0	1	2	22	2	29	27	2
S	19708	1	0	0	2	22	2	29	27	2
S	19709	1	0	1	2	24	28	26	27	26
S	19710	1	0	0	2	24	28	26	27	26
S	19711	1	0	1	2	25	29	26	26	27
S	19712	1	0	0	2	25	29	26	26	27
S	19713	1	0	1	30	2	18	2	31	31
S	19714	1	0	0	30	2	18	2	31	31
S	19715	1	0	1	32	2	23	2	31	2
S	19716	1	0	0	32	2	23	2	31	2
S	19717	1	0	1	33	2	21	2	2	31
S	19718	1	0	0	33	2	21	2	2	31
S	19719	1	0	1	34	2	18	23	18	31
S	19720	1	0	0	34	2	18	23	18	31
S	19721	1	0	1	35	2	18	21	31	18
S	19722	1	0	0	35	2	18	21	31	18
S	19723	1	0	1	2	30	26	2	36	36
S	19724	1	0	0	2	30	26	2	36	36
S	19725	1	0	1	2	32	29	2	36	2
S	19726	1	0	0	2	32	29	2	36	2
S	19727	1	0	1	2	33	28	2	2	36
S	19728	1	0	0	2	33	28	2	2	36
S	19729	1	0	1	2	34	26	29	26	36
S	19730	1	0	0	2	34	26	29	26	36
S	19731	1	0	1	2	35	26	28	36	26
S	19732	1	0	0	2	35	26	28	36	26
S	19733	1	0	1	37	2	21	21	2	18
S	19734	1	0	0	37	2	21	21	2	18
S	19735	1	0	1	33	2	21	2	2	31
S	19736	1	0	0	33	2	21	2	2	31
S	19737	1	0	1	20	2	2	21	2	19
S	19738	1	0	0	20	2	2	21	2	19
S	19739	1	0	1	35	2	18	21	31	18
S	19740	1	0	0	35	2	18	21	31	18
S	19741	1	0	1	24	2	21	18	19	18
S	19742	1	0	0	24	2	21	18	19	18
S	19743	1	0	1	2	37	28	28	2	26
S	19744	1	0	0	2	37	28	28	2	26
S	19745	1	0	1	2	33	28	2	2	36
S	19746	1	0	0	2	33	28	2	2	36
S	19747	1	0	1	2	20	2	28	2	27
S	19748	1	0	0	2	20	2	28	2	27
S	19749	1	0	1	2	35	26	28	36	26
S	19750	1	0	0	2	35	26	28	36	26
S	19751	1	0	1	2	24	28	26	27	26
S	19752	1	0	0	2	24	28	26	27	26
S	19753	1	0	1	38	2	23	23	18	2
S	19754	1	0	0	38	2	23	23	18	2
S	19755	1	0	1	22	2	2	23	19	2
S	19756	1	0	0	22	2	2	23	19	2
S	19757	1	0	1	32	2	23	2	31	2
S	19758	1	0	0	32	2	23	2	31	2
S	19759	1	0	1	25	2	23	18	18	19
S	19760	1	0	0	25	2	23	18	18	19
S	19761	1	0	1	34	2	18	23	18	31
S	19762	1	0	0	34	2	18	23	18	31
S	19763	1	0	1	2	38	29	29	26	2
S	19764	1	0	0	2	38	29	29	26	2
S	19765	1	0	1	2	22	2	29	27	2
S	19766	1	0	0	2	22	2	29	27	2
S	19767	1	0	1	2	32	29	2	36	2
S	19768	1	0	0	2	32	29	2	36	2
S	19769	1	0	1	2	25	29	26	26	27
S	19770	1	0	0	2	25	29	26	26	27
S	19771	1	0	1	2	34	26	29	26	36
S	19772	1	0	0	2	34	26	29	26	36
S	19773	1	0	1	0	2	18	18	18	18
S	19774	1	0	0	0	2	18	18	18	18
S	19775	1	0	1	2	0	26	26	26	26
S	19776	1	0	0	2	0	26	26	26	26
S	19777	2	0	15	0	0	0	0	0	0
S	19779	1	0	1	0	2	18	18	18	18
S	19780	1	0	0	0	2	18	18	18	18
S	19781	1	0	1	2	0	26	26	26	26
S	19782	1	0	0	2	0	26	26	26	26
S	19783	2	0	15	0	0	0	0	0	0
S	19785	1	0	1	0	2	18	18	18	18
S	19786	1	0	0	0	2	18	18	18	18
S	19787	1	0	1	2	0	26	26	26	26
S	19788	1	0	0	2	0	26	26	26	26
S	19789	2	0	15	0	0	0	0	0	0
S	19791	1	0	1	0	2	18	18	18	18
S	19792	1	0	0	0	2	18	18	18	18
S	19793	1	0	1	2	0	26	26	26	26
S	19794	1	0	0	2	0	26	26	26	26
S	19795	2	0	15	0	0	0	0	0	0
S	19797	1	0	1	0	2	18	18	18	18
S	19798	1	0	0	0	2	18	18	18	18
S	19799	1	0	1	2	0	26	26	26	26
S	19800	1	0	0	2	0	26	26	26	26
S	19801	2	0	15	0	0	0	0	0	0
S	19803	1	0	1	0	2	18	18	18	18
S	19804	1	0	0	0	2	18	18	18	18
S	19805	1	0	1	2	0	26	26	26	26
S	19806	1	0	0	2	0	26	26	26	26
S	19807	2	0	15	0	0	0	0	0	0
S	19809	1	0	1	0	2	18	18	18	18
S	19810	1	0	0	0	2	18	18	18	18
S	19811	1	0	1	2	0	26	26	26	26
S	19812	1	0	0	2	0	26	26	26	26
S	19813	2	0	15	0	0	0	0	0	0
S	19815	1	0	1	0	2	18	18	18	18
S	19816	1	0	0	0	2	18	18	18	18
S	19817	1	0	1	2	0	26	26	26	26
S	19818	1	0	0	2	0	26	26	26	26
S	19819	2	0	15	0	0	0	0	0	0
S	19821	1	0	1	0	2	18	18	18	18
S	19822	1	0	0	0	2	18	18	18	18
S	19823	1	0	1	2	0	26	26	26	26
S	19824	1	0	0	2	0	26	26	26	26
S	19825	2	0	15	0	0	0	0	0	0
S	19827	1	0	1	0	2	18	18	18	18
S	19828	1	0	0	0	2	18	18	18	18
S	19829	1	0	1	2	0	26	26	26	26
S	19830	1	0	0	2	0	26	26	26	26
S	19831	2	0	15	0	0	0	0	0	0
S	19833	1	0	1	0	2	18	18	18	18
S	19834	1	0	0	0	2	18	18	18	18
S	19835	1	0	1	2	0	26	26	26	26
S	19836	1	0	0	2	0	26	26	26	26
S	19837	2	0	15	0	0	0	0	0	0
S	19839	1	0	1	0	2	18	18	18	18
S	19840	1	0	0	0	2	18	18	18	18
S	19841	1	0	1	2	0	26	26	26	26
S	19842	1	0	0	2	0	26	26	26	26
S	19843	2	0	15	0	0	0	0	0	0
S	19845	1	0	1	0	2	18	18	18	18
S	19846	1	0	0	0	2	18	18	18	18
S	19847	1	0	1	2	0	26	26	26	26
S	19848	1	0	0	2	0	26	26	26	26
S	19849	2	0	15	0	0	0	0	0	0
S	19851	3	0	1	0	0	0	0	0	0
S	19854	3	0	0	0	0	0	0	0	0
S	19857	3	0	1	0	0	0	0	0	0
S	19860	3	0	0	0	0	0	0	0	0
S	19863	3	0	1	0	0	0	0	0	0
S	19866	3	0	0	0	0	0	0	0	0
S	19869	3	0	1	0	0	0	0	0	0
S	19872	3	0	0	0	0	0	0	0	0
S	19875	3	0	1	0	0	0	0	0	0
S	19878	3	0	0	0	0	0	0	0	0
S	19881	3	0	1	0	0	0	0	0	0
S	19884	3	0	0	0	0	0	0	0	0
S	19887	3	0	1	0	0	0	0	0	0
S	19890	3	0	0	0	0	0	0	0	0
S	19893	3	0	1	0	0	0	0	0	0
S	19896	3	0	0	0	0	0	0	0	0
S	19899	3	0	1	0	0	0	0	0	0
S	19902	3	0	0	0	0	0	0	0	0
S	19905	3	0	1	0	0	0	0	0	0
S	19908	3	0	0	0	0	0	0	0	0
S	19911	3	0	1	0	0	0	0	0	0
S	19914	3	0	0	0	0	0	0	0	0
S	19917	3	0	1	0	0	0	0	0	0
S	19920	3	0	0	0	0	0	0	0	0
S	19923	3	0	1	0	0	0	0	0	0
S	19926	3	0	0	0	0	0	0	0	0
S	19929	3	0	1	0	0	0	0	0	0
S	19932	3	0	0	0	0	0	0	0	0
S	19935	3	0	1	0	0	0	0	0	0
S	19938	3	0	0	0	0	0	0	0	0
S	19941	3	0	1	0	0	0	0	0	0
S	19944	3	0	0	0	0	0	0	0	0
S	19947	3	0	1	0	0	0	0	0	0
S	19950	3	0	0	0	0	0	0	0	0
S	19953	3	0	1	0	0	0	0	0	0
S	19956	3	0	0	0	0	0	0	0	0
S	19959	3	0	1	0	0	0	0	0	0
S	19962	3	0	0	0	0	0	0	0	0
S	19965	3	0	1	0	0	0	0	0	0
S	19968	3	0	0	0	0	0	0	0	0
S	19971	3	0	1	0	0	0	0	0	0
S	19974	3	0	0	0	0	0	0	0	0
S	19977	3	0	1	0	0	0	0	0	0
S	19980	3	0	0	0	0	0	0	0	0
S	19983	3	0	1	0	0	0	0	0	0
S	19986	3	0	0	0	0	0	0	0	0
S	19989	3	0	1	0	0	0	0	0	0
S	19992	3	0	0	0	0	0	0	0	0
S	19995	3	0	1	0	0	0	0	0	0
S	19998	3	0	0	0	0	0	0	0	0
S	20001	3	0	1	0	0	0	0	0	0
S	20004	3	0	0	0	0	0	0	0	0
S	20007	3	0	1	0	0	0	0	0	0
S	20010	3	0	0	0	0	0	0	0	0
S	20013	3	0	1	0	0	0	0	0	0
S	20016	3	0	0	0	0	0	0	0	0
S	20019	3	0	1	0	0	0	0	0	0
S	20022	3	0	0	0	0	0	0	0	0
S	20025	3	0	1	0	0	0	0	0	0
S	20028	3	0	0	0	0	0	0	0	0
S	20031	3	0	1	0	0	0	0	0	0
S	20034	3	0	0	0	0	0	0	0	0
S	20037	3	0	1	0	0	0	0	0	0
S	20040	3	0	0	0	0	0	0	0	0
S	20043	3	0	1	0	0	0	0	0	0
S	20046	3	0	0	0	0	0	0	0	0
S	20049	3	0	1	0	0	0	0	0	0
S	20052	3	0	0	0	0	0	0	0	0
S	20055	3	0	1	0	0	0	0	0	0
S	20058	3	0	0	0	0	0	0	0	0
S	20061	3	0	1	0	0	0	0	0	0
S	20064	3	0	0	0	0	0	0	0	0
S	20067	3	0	1	0	0	0	0	0	0
S	20070	3	0	0	0	0	0	0	0	0
S	20073	3	0	1	0	0	0	0	0	0
S	20076	3	0	0	0	0	0	0	0	0
S	20079	3	0	1	0	0	0	0	0	0
S	20082	3	0	0	0	0	0	0	0	0
S	20085	3	0	1	0	0	0	0	0	0
S	20088	3	0	0	0	0	0	0	0	0
S	20091	3	0	1	0	0	0	0	0	0
S	20094	3	0	0	0	0	0	0	0	0
S	20097	3	0	1	0	0	0	0	0	0
S	20100	3	0	0	0	0	0	0	0	0
S	20103	3	0	1	0	0	0	0	0	0
S	20106	3	0	0	0	0	0	0	0	0
S	20109	3	0	1	0	0	0	0	0	0
S	20112	3	0	0	0	0	0	0	0	0
S	20115	3	0	1	0	0	0	0	0	0
S	20118	3	0	0	0	0	0	0	0	0
S	20121	3	0	1	0	0	0	0	0	0
S	20124	3	0	0	0	0	0	0	0	0
S	20127	3	0	1	0	0	0	0	0	0
S	20130	3	0	0	0	0	0	0	0	0
S	20133	3	0	1	0	0	0	0	0	0
S	20136	3	0	0	0	0	0	0	0	0
S	20139	3	0	1	0	0	0	0	0	0
S	20142	3	0	0	0	0	0	0	0	0
S	20145	3	0	1	0	0	0	0	0	0
S	20148	3	0	0	0	0	0	0	0	0
S	20151	3	0	1	0	0	0	0	0	0
S	20154	3	0	0	0	0	0	0	0	0
S	20157	3	0	1	0	0	0	0	0	0
S	20160	3	0	0	0	0	0	0	0	0
S	20163	3	0	1	0	0	0	0	0	0
S	20166	3	0	0	0	0	0	0	0	0
S	20169	3	0	1	0	0	0	0	0	0
S	20172	3	0	0	0	0	0	0	0	0
S	20175	3	0	1	0	0	0	0	0	0
S	20178	3	0	0	0	0	0	0	0	0
S	20181	3	0	1	0	0	0	0	0	0
S	20184	3	0	0	0	0	0	0	0	0
S	20187	3	0	1	0	0	0	0	0	0
S	20190	3	0	0	0	0	0	0	0	0
S	20193	3	0	1	0	0	0	0	0	0
S	20196	3	0	0	0	0	0	0	0	0
S	20199	3	0	1	0	0	0	0	0	0
S	20202	3	0	0	0	0	0	0	0	0
S	20205	3	0	1	0	0	0	0	0	0
S	20208	3	0	0	0	0	0	0	0	0
S	20211	3	0	1	0	0	0	0	0	0
S	20214	3	0	0	0	0	0	0	0	0
S	20217	3	0	1	0	0	0	0	0	0
S	20220	3	0	0	0	0	0	0	0	0
S	20223	3	0	1	0	0	0	0	0	0
S	20226	3	0	0	0	0	0	0	0	0
S	20229	3	0	1	0	0	0	0	0	0
S	20232	3	0	0	0	0	0	0	0	0
S	20235	3	0	1	0	0	0	0	0	0
S	20238	3	0	0	0	0	0	0	0	0
S	20241	3	0	1	0	0	0	0	0	0
S	20244	3	0	0	0	0	0	0	0	0
S	20247	3	0	1	0	0	0	0	0	0
S	20250	3	0	0	0	0	0	0	0	0
S	20253	3	0	1	0	0	0	0	0	0
S	20256	3	0	0	0	0	0	0	0	0
S	20259	3	0	1	0	0	0	0	0	0
S	20262	3	0	0	0	0	0	0	0	0
S	20265	3	0	1	0	0	0	0	0	0
S	20268	3	0	0	0	0	0	0	0	0
S	20271	3	0	1	0	0	0	0	0	0
S	20274	3	0	0	0	0	0	0	0	0
S	20277	3	0	1	0	0	0	0	0	0
S	20280	3	0	0	0	0	0	0	0	0
S	20283	3	0	1	0	0	0	0	0	0
S	20286	3	0	0	0	0	0	0	0	0
S	20289	3	0	1	0	0	0	0	0	0
S	20292	3	0	0	0	0	0	0	0	0
S	20295	3	0	1	0	0	0	0	0	0
S	20298	3	0	0	0	0	0	0	0	0
S	20301	3	0	1	0	0	0	0	0	0
S	20304	3	0	0	0	0	0	0	0	0
S	20307	3	0	1	0	0	0	0	0	0
S	20310	3	0	0	0	0	0	0	0	0
S	20313	3	0	1	0	0	0	0	0	0
S	20316	3	0	0	0	0	0	0	0	0
S	20319	3	0	1	0	0	0	0	0	0
S	20322	3	0	0	0	0	0	0	0	0
S	20325	3	0	1	0	0	0	0	0	0
S	20328	3	0	0	0	0	0	0	0	0
S	20331	3	0	1	0	0	0	0	0	0
S	20334	3	0	0	0	0	0	0	0	0
S	20337	3	0	1	0	0	0	0	0	0
S	20340	3	0	0	0	0	0	0	0	0
S	20343	3	0	1	0	0	0	0	0	0
S	20346	3	0	0	0	0	0	0	0	0
S	20349	3	0	1	0	0	0	0	0	0
S	20352	3	0	0	0	0	0	0	0	0
S	20355	3	0	1	0	0	0	0	0	0
S	20358	3	0	0	0	0	0	0	0	0
S	20361	3	0	1	0	0	0	0	0	0
S	20364	3	0	0	0	0	0	0	0	0
S	20367	3	0	1	0	0	0	0	0	0
S	20370	3	0	0	0	0	0	0	0	0
S	20373	3	0	1	0	0	0	0	0	0
S	20376	3	0	0	0	0	0	0	0	0
S	20379	3	0	1	0	0	0	0	0	0
S	20382	3	0	0	0	0	0	0	0	0
S	20385	3	0	1	0	0	0	0	0	0
S	20388	3	0	0	0	0	0	0	0	0
S	20391	3	0	1	0	0	0	0	0	0
S	20394	3	0	0	0	0	0	0	0	0
S	20397	3	0	1	0	0	0	0	0	0
S	20400	3	0	0	0	0	0	0	0	0
S	20403	3	0	1	0	0	0	0	0	0
S	20406	3	0	0	0	0	0	0	0	0
S	20409	3	0	1	0	0	0	0	0	0
S	20412	3	0	0	0	0	0	0	0	0
S	20415	3	0	1	0	0	0	0	0	0
S	20418	3	0	0	0	0	0	0	0	0
S	20421	3	0	1	0	0	0	0	0	0
S	20424	3	0	0	0	0	0	0	0	0
S	20427	3	0	1	0	0	0	0	0	0
S	20430	3	0	0	0	0	0	0	0	0
S	20433	3	0	1	0	0	0	0	0	0
S	20436	3	0	0	0	0	0	0	0	0
S	20439	3	0	1	0	0	0	0	0	0
S	20442	3	0	0	0	0	0	0	0	0
S	20445	3	0	1	0	0	0	0	0	0
S	20448	3	0	0	0	0	0	0	0	0
S	20451	3	0	1	0	0	0	0	0	0
S	20454	3	0	0	0	0	0	0	0	0
S	20457	3	0	1	0	0	0	0	0	0
S	20460	3	0	0	0	0	0	0	0	0
S	20463	3	0	1	0	0	0	0	0	0
S	20466	3	0	0	0	0	0	0	0	0
S	20469	3	0	1	0	0	0	0	0	0
S	20472	3	0	0	0	0	0	0	0	0
S	20475	3	0	1	0	0	0	0	0	0
S	20478	3	0	0	0	0	0	0	0	0
S	20481	3	0	1	0	0	0	0	0	0
S	20484	3	0	0	0	0	0	0	0	0
S	20487	3	0	1	0	0	0	0	0	0
S	20490	3	0	0	0	0	0	0	0	0
S	20493	3	0	1	0	0	0	0	0	0
S	20496	3	0	0	0	0	0	0	0	0
S	20499	3	0	1	0	0	0	0	0	0
S	20502	3	0	0	0	0	0	0	0	0
S	20505	3	0	1	0	0	0	0	0	0
S	20508	3	0	0	0	0	0	0	0	0
S	20511	3	0	1	0	0	0	0	0	0
S	20514	3	0	0	0	0	0	0	0	0
S	20517	3	0	1	0	0	0	0	0	0
S	20520	3	0	0	0	0	0	0	0	0
S	20523	3	0	1	0	0	0	0	0	0
S	20526	3	0	0	0	0	0	0	0	0
S	20529	3	0	1	0	0	0	0	0	0
S	20532	3	0	0	0	0	0	0	0	0
S	20535	3	0	1	0	0	0	0	0	0
S	20538	3	0	0	0	0	0	0	0	0
S	20541	3	0	1	0	0	0	0	0	0
S	20544	3	0	0	0	0	0	0	0	0
S	20547	3	0	1	0	0	0	0	0	0
S	20550	3	0	0	0	0	0	0	0	0
S	20553	3	0	1	0	0	0	0	0	0
S	20556	3	0	0	0	0	0	0	0	0
S	20559	3	0	1	0	0	0	0	0	0
S	20562	3	0	0	0	0	0	0	0	0
S	20565	3	0	1	0	0	0	0	0	0
S	20568	3	0	0	0	0	0	0	0	0
S	20571	3	0	1	0	0	0	0	0	0
S	20574	3	0	0	0	0	0	0	0	0
S	20577	3	0	1	0	0	0	0	0	0
S	20580	3	0	0	0	0	0	0	0	0
S	20583	3	0	1	0	0	0	0	0	0
S	20586	3	0	0	0	0	0	0	0	0
S	20589	3	0	1	0	0	0	0	0	0
S	20592	3	0	0	0	0	0	0	0	0
S	20595	3	0	1	0	0	0	0	0	0
S	20598	3	0	0	0	0	0	0	0	0
S	20601	3	0	1	0	0	0	0	0	0
S	20604	3	0	0	0	0	0	0	0	0
S	20607	3	0	1	0	0	0	0	0	0
S	20610	3	0	0	0	0	0	0	0	0
S	20613	3	0	1	0	0	0	0	0	0
S	20616	3	0	0	0	0	0	0	0	0
S	20619	3	0	1	0	0	0	0	0	0
S	20622	3	0	0	0	0	0	0	0	0
S	20625	3	0	1	0	0	0	0	0	0
S	20628	3	0	0	0	0	0	0	0	0
S	20631	3	0	1	0	0	0	0	0	0
S	20634	3	0	0	0	0	0	0	0	0
S	20637	3	0	1	0	0	0	0	0	0
S	20640	3	0	0	0	0	0	0	0	0
S	20643	3	0	1	0	0	0	0	0	0
S	20646	3	0	0	0	0	0	0	0	0
S	20649	3	0	1	0	0	0	0	0	0
S	20652	3	0	0	0	0	0	0	0	0
S	20655	3	0	1	0	0	0	0	0	0
S	20658	3	0	0	0	0	0	0	0	0
S	20661	3	0	1	0	0	0	0	0	0
S	20664	3	0	0	0	0	0	0	0	0
S	20667	3	0	1	0	0	0	0	0	0
S	20670	3	0	0	0	0	0	0	0	0
S	20673	3	0	1	0	0	0	0	0	0
S	20676	3	0	0	0	0	0	0	0	0
S	20679	3	0	1	0	0	0	0	0	0
S	20682	3	0	0	0	0	0	0	0	0
S	20685	3	0	1	0	0	0	0	0	0
S	20688	3	0	0	0	0	0	0	0	0
S	20691	3	0	1	0	0	0	0	0	0
S	20694	3	0	0	0	0	0	0	0	0
S	20697	3	0	1	0	0	0	0	0	0
S	20700	3	0	0	0	0	0	0	0	0
S	20703	3	0	1	0	0	0	0	0	0
S	20706	3	0	0	0	0	0	0	0	0
S	20709	3	0	1	0	0	0	0	0	0
S	20712	3	0	0	0	0	0	0	0	0
S	20715	3	0	1	0	0	0	0	0	0
S	20718	3	0	0	0	0	0	0	0	0
S	20721	3	0	1	0	0	0	0	0	0
S	20724	3	0	0	0	0	0	0	0	0
S	20727	3	0	1	0	0	0	0	0	0
S	20730	3	0	0	0	0	0	0	0	0
S	20733	3	0	1	0	0	0	0	0	0
S	20736	3	0	0	0	0	0	0	0	0
S	20739	3	0	1	0	0	0	0	0	0
S	20742	3	0	0	0	0	0	0	0	0
S	20745	3	0	1	0	0	0	0	0	0
S	20748	3	0	0	0	0	0	0	0	0
S	20751	3	0	1	0	0	0	0	0	0
S	20754	3	0	0	0	0	0	0	0	0
S	20757	3	0	1	0	0	0	0	0	0
S	20760	3	0	0	0	0	0	0	0	0
S	20763	3	0	1	0	0	0	0	0	0
S	20766	3	0	0	0	0	0	0	0	0
S	20769	3	0	1	0	0	0	0	0	0
S	20772	3	0	0	0	0	0	0	0	0
S	20775	3	0	1	0	0	0	0	0	0
S	20778	3	0	0	0	0	0	0	0	0
S	20781	3	0	1	0	0	0	0	0	0
S	20784	3	0	0	0	0	0	0	0	0
S	20787	3	0	1	0	0	0	0	0	0
S	20790	3	0	0	0	0	0	0	0	0
S	20793	3	0	1	0	0	0	0	0	0
S	20796	3	0	0	0	0	0	0	0	0
S	20799	3	0	1	0	0	0	0	0	0
S	20802	3	0	0	0	0	0	0	0	0
S	20805	3	0	1	0	0	0	0	0	0
S	20808	3	0	0	0	0	0	0	0	0
S	20811	3	0	1	0	0	0	0	0	0
S	20814	3	0	0	0	0	0	0	0	0
S	20817	3	0	1	0	0	0	0	0	0
S	20820	3	0	0	0	0	0	0	0	0
S	20823	3	0	1	0	0	0	0	0	0
S	20826	3	0	0	0	0	0	0	0	0
S	20829	3	0	1	0	0	0	0	0	0
S	20832	3	0	0	0	0	0	0	0	0
S	20835	3	0	1	0	0	0	0	0	0
S	20838	3	0	0	0	0	0	0	0	0
S	20841	3	0	1	0	0	0	0	0	0
S	20844	3	0	0	0	0	0	0	0	0
S	20847	3	0	1	0	0	0	0	0	0
S	20850	3	0	0	0	0	0	0	0	0
S	20853	3	0	1	0	0	0	0	0	0
S	20856	3	0	0	0	0	0	0	0	0
S	20859	3	0	1	0	0	0	0	0	0
S	20862	3	0	0	0	0	0	0	0	0
S	20865	3	0	1	0	0	0	0	0	0
S	20868	3	0	0	0	0	0	0	0	0
S	20871	3	0	1	0	0	0	0	0	0
S	20874	3	0	0	0	0	0	0	0	0
S	20877	3	0	1	0	0	0	0	0	0
S	20880	3	0	0	0	0	0	0	0	0
S	20883	3	0	1	0	0	0	0	0	0
S	20886	3	0	0	0	0	0	0	0	0
S	20889	3	0	1	0	0	0	0	0	0
S	20892	3	0	0	0	0	0	0	0	0
S	20895	3	0	1	0	0	0	0	0	0
S	20898	3	0	0	0	0	0	0	0	0
S	20901	3	0	1	0	0	0	0	0	0
S	20904	3	0	0	0	0	0	0	0	0
S	20907	3	0	1	0	0	0	0	0	0
S	20910	3	0	0	0	0	0	0	0	0
S	20913	3	0	1	0	0	0	0	0	0
S	20916	3	0	0	0	0	0	0	0	0
S	20919	3	0	1	0	0	0	0	0	0
S	20922	3	0	0	0	0	0	0	0	0
S	20925	3	0	1	0	0	0	0	0	0
S	20928	3	0	0	0	0	0	0	0	0
S	20931	3	0	1	0	0	0	0	0	0
S	20934	3	0	0	0	0	0	0	0	0
S	20937	3	0	1	0	0	0	0	0	0
S	20940	3	0	0	0	0	0	0	0	0
S	20943	3	0	1	0	0	0	0	0	0
S	20946	3	0	0	0	0	0	0	0	0
S	20949	3	0	1	0	0	0	0	0	0
S	20952	3	0	0	0	0	0	0	0	0
S	20955	3	0	1	0	0	0	0	0	0
S	20958	3	0	0	0	0	0	0	0	0
S	20961	3	0	1	0	0	0	0	0	0
S	20964	3	0	0	0	0	0	0	0	0
S	20967	3	0	1	0	0	0	0	0	0
S	20970	3	0	0	0	0	0	0	0	0
S	20973	3	0	1	0	0	0	0	0	0
S	20976	3	0	0	0	0	0	0	0	0
S	20979	3	0	1	0	0	0	0	0	0
S	20982	3	0	0	0	0	0	0	0	0
S	20985	3	0	1	0	0	0	0	0	0
S	20988	3	0	0	0	0	0	0	0	0
S	20991	3	0	1	0	0	0	0	0	0
S	20994	3	0	0	0	0	0	0	0	0
S	20997	3	0	1	0	0	0	0	0	0
S	21000	3	0	0	0	0	0	0	0	0
S	21003	3	0	1	0	0	0	0	0	0
S	21006	3	0	0	0	0	0	0	0	0
S	21009	3	0	1	0	0	0	0	0	0
S	21012	3	0	0	0	0	0	0	0	0
S	21015	3	0	1	0	0	0	0	0	0
S	21018	3	0	0	0	0	0	0	0	0
S	21021	3	0	1	0	0	0	0	0	0
S	21024	3	0	0	0	0	0	0	0	0
S	21027	3	0	1	0	0	0	0	0	0
S	21030	3	0	0	0	0	0	0	0	0
S	21033	3	0	1	0	0	0	0	0	0
S	21036	3	0	0	0	0	0	0	0	0
S	21039	3	0	1	0	0	0	0	0	0
S	21042	3	0	0	0	0	0	0	0	0
S	21045	3	0	1	0	0	0	0	0	0
S	21048	3	0	0	0	0	0	0	0	0
S	21051	3	0	1	0	0	0	0	0	0
S	21054	3	0	0	0	0	0	0	0	0
S	21057	3	0	1	0	0	0	0	0	0
S	21060	3	0	0	0	0	0	0	0	0
S	21063	3	0	1	0	0	0	0	0	0
S	21066	3	0	0	0	0	0	0	0	0
S	21069	3	0	1	0	0	0	0	0	0
S	21072	3	0	0	0	0	0	0	0	0
S	21075	3	0	1	0	0	0	0	0	0
S	21078	3	0	0	0	0	0	0	0	0
S	21081	3	0	1	0	0	0	0	0	0
S	21084	3	0	0	0	0	0	0	0	0
S	21087	3	0	1	0	0	0	0	0	0
S	21090	3	0	0	0	0	0	0	0	0
S	21093	3	0	1	0	0	0	0	0	0
S	21096	3	0	0	0	0	0	0	0	0
S	21099	3	0	1	0	0	0	0	0	0
S	21102	3	0	0	0	0	0	0	0	0
S	21105	3	0	1	0	0	0	0	0	0
S	21108	3	0	0	0	0	0	0	0	0
S	21111	3	0	1	0	0	0	0	0	0
S	21114	3	0	0	0	0	0	0	0	0
S	21117	3	0	1	0	0	0	0	0	0
S	21120	3	0	0	0	0	0	0	0	0
S	21123	3	0	1	0	0	0	0	0	0
S	21126	3	0	0	0	0	0	0	0	0
S	21129	3	0	1	0	0	0	0	0	0
S	21132	3	0	0	0	0	0	0	0	0
S	21135	3	0	1	0	0	0	0	0	0
S	21138	3	0	0	0	0	0	0	0	0
S	21141	3	0	1	0	0	0	0	0	0
S	21144	3	0	0	0	0	0	0	0	0
S	21147	3	0	1	0	0	0	0	0	0
S	21150	3	0	0	0	0	0	0	0	0
S	21153	3	0	1	0	0	0	0	0	0
S	21156	3	0	0	0	0	0	0	0	0
S	21159	3	0	1	0	0	0	0	0	0
S	21162	3	0	0	0	0	0	0	0	0
S	21165	3	0	1	0	0	0	0	0	0
S	21168	3	0	0	0	0	0	0	0	0
S	21171	3	0	1	0	0	0	0	0	0
S	21174	3	0	0	0	0	0	0	0	0
S	21177	3	0	1	0	0	0	0	0	0
S	21180	3	0	0	0	0	0	0	0	0
S	21183	3	0	1	0	0	0	0	0	0
S	21186	3	0	0	0	0	0	0	0	0
S	21189	3	0	1	0	0	0	0	0	0
S	21192	3	0	0	0	0	0	0	0	0
S	21195	3	0	1	0	0	0	0	0	0
S	21198	3	0	0	0	0	0	0	0	0
S	21201	3	0	1	0	0	0	0	0	0
S	21204	3	0	0	0	0	0	0	0	0
S	21207	3	0	1	0	0	0	0	0	0
S	21210	3	0	0	0	0	0	0	0	0
S	21213	3	0	1	0	0	0	0	0	0
S	21216	3	0	0	0	0	0	0	0	0
S	21219	3	0	1	0	0	0	0	0	0
S	21222	3	0	0	0	0	0	0	0	0
S	21225	3	0	1	0	0	0	0	0	0
S	21228	3	0	0	0	0	0	0	0	0
S	21231	3	0	1	0	0	0	0	0	0
S	21234	3	0	0	0	0	0	0	0	0
S	21237	3	0	1	0	0	0	0	0	0
S	21240	3	0	0	0	0	0	0	0	0
S	21243	3	0	1	0	0	0	0	0	0
S	21246	3	0	0	0	0	0	0	0	0
S	21249	3	0	1	0	0	0	0	0	0
S	21252	3	0	0	0	0	0	0	0	0
S	21255	3	0	1	0	0	0	0	0	0
S	21258	3	0	0	0	0	0	0	0	0
S	21261	3	0	1	0	0	0	0	0	0
S	21264	3	0	0	0	0	0	0	0	0
S	21267	3	0	1	0	0	0	0	0	0
S	21270	3	0	0	0	0	0	0	0	0
S	21273	3	0	1	0	0	0	0	0	0
S	21276	3	0	0	0	0	0	0	0	0
S	21279	3	0	1	0	0	0	0	0	0
S	21282	3	0	0	0	0	0	0	0	0
S	21285	3	0	1	0	0	0	0	0	0
S	21288	3	0	0	0	0	0	0	0	0
S	21291	3	0	1	0	0	0	0	0	0
S	21294	3	0	0	0	0	0	0	0	0
S	21297	3	0	1	0	0	0	0	0	0
S	21300	3	0	0	0	0	0	0	0	0
S	21303	3	0	1	0	0	0	0	0	0
S	21306	3	0	0	0	0	0	0	0	0
S	21309	3	0	1	0	0	0	0	0	0
S	21312	3	0	0	0	0	0	0	0	0
S	21315	3	0	1	0	0	0	0	0	0
S	21318	3	0	0	0	0	0	0	0	0
S	21321	3	0	1	0	0	0	0	0	0
S	21324	3	0	0	0	0	0	0	0	0
S	21327	3	0	1	0	0	0	0	0	0
S	21330	3	0	0	0	0	0	0	0	0
S	21333	3	0	1	0	0	0	0	0	0
S	21336	3	0	0	0	0	0	0	0	0
S	21339	3	0	1	0	0	0	0	0	0
S	21342	3	0	0	0	0	0	0	0	0
S	21345	3	0	1	0	0	0	0	0	0
S	21348	3	0	0	0	0	0	0	0	0
S	21351	3	0	1	0	0	0	0	0	0
S	21354	3	0	0	0	0	0	0	0	0
S	21357	3	0	1	0	0	0	0	0	0
S	21360	3	0	0	0	0	0	0	0	0
S	21363	3	0	1	0	0	0	0	0	0
S	21366	3	0	0	0	0	0	0	0	0
S	21369	3	0	1	0	0	0	0	0	0
S	21372	3	0	0	0	0	0	0	0	0
S	21375	3	0	1	0	0	0	0	0	0
S	21378	3	0	0	0	0	0	0	0	0
S	21381	3	0	1	0	0	0	0	0	0
S	21384	3	0	0	0	0	0	0	0	0
S	21387	3	0	1	0	0	0	0	0	0
S	21390	3	0	0	0	0	0	0	0	0
S	21393	3	0	1	0	0	0	0	0	0
S	21396	3	0	0	0	0	0	0	0	0
S	21399	3	0	1	0	0	0	0	0	0
S	21402	3	0	0	0	0	0	0	0	0
S	21405	3	0	1	0	0	0	0	0	0
S	21408	3	0	0	0	0	0	0	0	0
S	21411	3	0	1	0	0	0	0	0	0
S	21414	3	0	0	0	0	0	0	0	0
S	21417	3	0	1	0	0	0	0	0	0
S	21420	3	0	0	0	0	0	0	0	0
S	21423	3	0	1	0	0	0	0	0	0
S	21426	3	0	0	0	0	0	0	0	0
S	21429	3	0	1	0	0	0	0	0	0
S	21432	3	0	0	0	0	0	0	0	0
S	21435	3	0	1	0	0	0	0	0	0
S	21438	3	0	0	0	0	0	0	0	0
S	21441	3	0	1	0	0	0	0	0	0
S	21444	3	0	0	0	0	0	0	0	0
S	21447	3	0	1	0	0	0	0	0	0
S	21450	3	0	0	0	0	0	0	0	0
S	21453	3	0	1	0	0	0	0	0	0
S	21456	3	0	0	0	0	0	0	0	0
S	21459	3	0	1	0	0	0	0	0	0
S	21462	3	0	0	0	0	0	0	0	0
S	21465	3	0	1	0	0	0	0	0	0
S	21468	3	0	0	0	0	0	0	0	0
S	21471	3	0	1	0	0	0	0	0	0
S	21474	3	0	0	0	0	0	0	0	0
S	21477	3	0	1	0	0	0	0	0	0
S	21480	3	0	0	0	0	0	0	0	0
S	21483	3	0	1	0	0	0	0	0	0
S	21486	3	0	0	0	0	0	0	0	0
S	21489	3	0	1	0	0	0	0	0	0
S	21492	3	0	0	0	0	0	0	0	0
S	21495	3	0	1	0	0	0	0	0	0
S	21498	3	0	0	0	0	0	0	0	0
S	21501	3	0	1	0	0	0	0	0	0
S	21504	3	0	0	0	0	0	0	0	0
S	21507	3	0	1	0	0	0	0	0	0
S	21510	3	0	0	0	0	0	0	0	0
S	21513	3	0	1	0	0	0	0	0	0
S	21516	3	0	0	0	0	0	0	0	0
S	21519	3	0	1	0	0	0	0	0	0
S	21522	3	0	0	0	0	0	0	0	0
S	21525	3	0	1	0	0	0	0	0	0
S	21528	3	0	0	0	0	0	0	0	0
S	21531	3	0	1	0	0	0	0	0	0
S	21534	3	0	0	0	0	0	0	0	0
S	21537	3	0	1	0	0	0	0	0	0
S	21540	3	0	0	0	0	0	0	0	0
S	21543	3	0	1	0	0	0	0	0	0
S	21546	3	0	0	0	0	0	0	0	0
S	21549	3	0	1	0	0	0	0	0	0
S	21552	3	0	0	0	0	0	0	0	0
S	21555	3	0	1	0	0	0	0	0	0
S	21558	3	0	0	0	0	0	0	0	0
S	21561	3	0	1	0	0	0	0	0	0
S	21564	3	0	0	0	0	0	0	0	0
S	21567	3	0	1	0	0	0	0	0	0
S	21570	3	0	0	0	0	0	0	0	0
S	21573	3	0	1	0	0	0	0	0	0
S	21576	3	0	0	0	0	0	0	0	0
S	21579	3	0	1	0	0	0	0	0	0
S	21582	3	0	0	0	0	0	0	0	0
S	21585	3	0	1	0	0	0	0	0	0
S	21588	3	0	0	0	0	0	0	0	0
S	21591	3	0	1	0	0	0	0	0	0
S	21594	3	0	0	0	0	0	0	0	0
S	21597	3	0	1	0	0	0	0	0	0
S	21600	3	0	0	0	0	0	0	0	0
S	21603	3	0	1	0	0	0	0	0	0
S	21606	3	0	0	0	0	0	0	0	0
S	21609	3	0	1	0	0	0	0	0	0
S	21612	3	0	0	0	0	0	0	0	0
S	21615	3	0	1	0	0	0	0	0	0
S	21618	3	0	0	0	0	0	0	0	0
S	21621	3	0	1	0	0	0	0	0	0
S	21624	3	0	0	0	0	0	0	0	0
S	21627	3	0	1	0	0	0	0	0	0
S	21630	3	0	0	0	0	0	0	0	0
S	21633	3	0	1	0	0	0	0	0	0
S	21636	3	0	0	0	0	0	0	0	0
S	21639	3	0	1	0	0	0	0	0	0
S	21642	3	0	0	0	0	0	0	0	0
S	21645	3	0	1	0	0	0	0	0	0
S	21648	3	0	0	0	0	0	0	0	0
S	21651	3	0	1	0	0	0	0	0	0
S	21654	3	0	0	0	0	0	0	0	0
S	21657	3	0	1	0	0	0	0	0	0
S	21660	3	0	0	0	0	0	0	0	0
S	21663	3	0	1	0	0	0	0	0	0
S	21666	3	0	0	0	0	0	0	0	0
S	21669	3	0	1	0	0	0	0	0	0
S	21672	3	0	0	0	0	0	0	0	0
S	21675	3	0	1	0	0	0	0	0	0
S	21678	3	0	0	0	0	0	0	0	0
S	21681	3	0	1	0	0	0	0	0	0
S	21684	3	0	0	0	0	0	0	0	0
S	21687	3	0	1	0	0	0	0	0	0
S	21690	3	0	0	0	0	0	0	0	0
S	21693	3	0	1	0	0	0	0	0	0
S	21696	3	0	0	0	0	0	0	0	0
S	21699	3	0	1	0	0	0	0	0	0
S	21702	3	0	0	0	0	0	0	0	0
S	21705	3	0	1	0	0	0	0	0	0
S	21708	3	0	0	0	0	0	0	0	0
S	21711	3	0	1	0	0	0	0	0	0
S	21714	3	0	0	0	0	0	0	0	0
S	21717	3	0	1	0	0	0	0	0	0
S	21720	3	0	0	0	0	0	0	0	0
S	21723	3	0	1	0	0	0	0	0	0
S	21726	3	0	0	0	0	0	0	0	0
S	21729	3	0	1	0	0	0	0	0	0
S	21732	3	0	0	0	0	0	0	0	0
S	21735	3	0	1	0	0	0	0	0	0
S	21738	3	0	0	0	0	0	0	0	0
S	21741	3	0	1	0	0	0	0	0	0
S	21744	3	0	0	0	0	0	0	0	0
S	21747	3	0	1	0	0	0	0	0	0
S	21750	3	0	0	0	0	0	0	0	0
S	21753	3	0	1	0	0	0	0	0	0
S	21756	3	0	0	0	0	0	0	0	0
S	21759	3	0	1	0	0	0	0	0	0
S	21762	3	0	0	0	0	0	0	0	0
S	21765	3	0	1	0	0	0	0	0	0
S	21768	3	0	0	0	0	0	0	0	0
S	21771	3	0	1	0	0	0	0	0	0
S	21774	3	0	0	0	0	0	0	0	0
S	21777	3	0	1	0	0	0	0	0	0
S	21780	3	0	0	0	0	0	0	0	0
S	21783	3	0	1	0	0	0	0	0	0
S	21786	3	0	0	0	0	0	0	0	0
S	21789	3	0	1	0	0	0	0	0	0
S	21792	3	0	0	0	0	0	0	0	0
S	21795	3	0	1	0	0	0	0	0	0
S	21798	3	0	0	0	0	0	0	0	0
S	21801	3	0	1	0	0	0	0	0	0
S	21804	3	0	0	0	0	0	0	0	0
S	21807	3	0	1	0	0	0	0	0	0
S	21810	3	0	0	0	0	0	0	0	0
S	21813	3	0	1	0	0	0	0	0	0
S	21816	3	0	0	0	0	0	0	0	0
S	21819	3	0	1	0	0	0	0	0	0
S	21822	3	0	0	0	0	0	0	0	0
S	21825	3	0	1	0	0	0	0	0	0
S	21828	3	0	0	0	0	0	0	0	0
S	21831	3	0	1	0	0	0	0	0	0
S	21834	3	0	0	0	0	0	0	0	0
S	21837	3	0	1	0	0	0	0	0	0
S	21840	3	0	0	0	0	0	0	0	0
S	21843	3	0	1	0	0	0	0	0	0
S	21846	3	0	0	0	0	0	0	0	0
S	21849	3	0	1	0	0	0	0	0	0
S	21852	3	0	0	0	0	0	0	0	0
S	21855	3	0	1	0	0	0	0	0	0
S	21858	3	0	0	0	0	0	0	0	0
S	21861	3	0	1	0	0	0	0	0	0
S	21864	3	0	0	0	0	0	0	0	0
S	21867	3	0	1	0	0	0	0	0	0
S	21870	3	0	0	0	0	0	0	0	0
S	21873	3	0	1	0	0	0	0	0	0
S	21876	3	0	0	0	0	0	0	0	0
S	21879	3	0	1	0	0	0	0	0	0
S	21882	3	0	0	0	0	0	0	0	0
S	21885	3	0	1	0	0	0	0	0	0
S	21888	3	0	0	0	0	0	0	0	0
S	21891	3	0	1	0	0	0	0	0	0
S	21894	3	0	0	0	0	0	0	0	0
S	21897	3	0	1	0	0	0	0	0	0
S	21900	3	0	0	0	0	0	0	0	0
S	21903	3	0	1	0	0	0	0	0	0
S	21906	3	0	0	0	0	0	0	0	0
S	21909	3	0	1	0	0	0	0	0	0
S	21912	3	0	0	0	0	0	0	0	0
S	21915	3	0	1	0	0	0	0	0	0
S	21918	3	0	0	0	0	0	0	0	0
S	21921	3	0	1	0	0	0	0	0	0
S	21924	3	0	0	0	0	0	0	0	0
S	21927	3	0	1	0	0	0	0	0	0
S	21930	3	0	0	0	0	0	0	0	0
S	21933	3	0	1	0	0	0	0	0	0
S	21936	3	0	0	0	0	0	0	0	0
S	21939	3	0	1	0	0	0	0	0	0
S	21942	3	0	0	0	0	0	0	0	0
S	21945	3	0	1	0	0	0	0	0	0
S	21948	3	0	0	0	0	0	0	0	0
S	21951	3	0	1	0	0	0	0	0	0
S	21954	3	0	0	0	0	0	0	0	0
S	21957	3	0	1	0	0	0	0	0	0
S	21960	3	0	0	0	0	0	0	0	0
S	21963	3	0	1	0	0	0	0	0	0
S	21966	3	0	0	0	0	0	0	0	0
S	21969	3	0	1	0	0	0	0	0	0
S	21972	3	0	0	0	0	0	0	0	0
S	21975	3	0	1	0	0	0	0	0	0
S	21978	3	0	0	0	0	0	0	0	0
S	21981	3	0	1	0	0	0	0	0	0
S	21984	3	0	0	0	0	0	0	0	0
S	21987	3	0	1	0	0	0	0	0	0
S	21990	3	0	0	0	0	0	0	0	0
S	21993	3	0	1	0	0	0	0	0	0
S	21996	3	0	0	0	0	0	0	0	0
S	21999	3	0	1	0	0	0	0	0	0
S	22002	3	0	0	0	0	0	0	0	0
S	22005	3	0	1	0	0	0	0	0	0
S	22008	3	0	0	0	0	0	0	0	0
S	22011	3	0	1	0	0	0	0	0	0
S	22014	3	0	0	0	0	0	0	0	0
S	22017	3	0	1	0	0	0	0	0	0
S	22020	3	0	0	0	0	0	0	0	0
S	22023	3	0	1	0	0	0	0	0	0
S	22026	3	0	0	0	0	0	0	0	0
S	22029	3	0	1	0	0	0	0	0	0
S	22032	3	0	0	0	0	0	0	0	0
S	22035	3	0	1	0	0	0	0	0	0
S	22038	3	0	0	0	0	0	0	0	0
S	22041	3	0	1	0	0	0	0	0	0
S	22044	3	0	0	0	0	0	0	0	0
S	22047	3	0	1	0	0	0	0	0	0
S	22050	3	0	0	0	0	0	0	0	0
S	22053	3	0	1	0	0	0	0	0	0
S	22056	3	0	0	0	0	0	0	0	0
S	22059	3	0	1	0	0	0	0	0	0
S	22062	3	0	0	0	0	0	0	0	0
S	22065	3	0	1	0	0	0	0	0	0
S	22068	3	0	0	0	0	0	0	0	0
S	22071	3	0	1	0	0	0	0	0	0
S	22074	3	0	0	0	0	0	0	0	0
S	22077	3	0	1	0	0	0	0	0	0
S	22080	3	0	0	0	0	0	0	0	0
S	22083	3	0	1	0	0	0	0	0	0
S	22086	3	0	0	0	0	0	0	0	0
S	22089	3	0	1	0	0	0	0	0	0
S	22092	3	0	0	0	0	0	0	0	0
S	22095	3	0	1	0	0	0	0	0	0
S	22098	3	0	0	0	0	0	0	0	0
S	22101	3	0	1	0	0	0	0	0	0
S	22104	3	0	0	0	0	0	0	0	0
S	22107	3	0	1	0	0	0	0	0	0
S	22110	3	0	0	0	0	0	0	0	0
S	22113	3	0	1	0	0	0	0	0	0
S	22116	3	0	0	0	0	0	0	0	0
S	22119	3	0	1	0	0	0	0	0	0
S	22122	3	0	0	0	0	0	0	0	0
S	22125	3	0	1	0	0	0	0	0	0
S	22128	3	0	0	0	0	0	0	0	0
S	22131	3	0	1	0	0	0	0	0	0
S	22134	3	0	0	0	0	0	0	0	0
S	22137	3	0	1	0	0	0	0	0	0
S	22140	3	0	0	0	0	0	0	0	0
S	22143	3	0	1	0	0	0	0	0	0
S	22146	3	0	0	0	0	0	0	0	0
S	22149	3	0	1	0	0	0	0	0	0
S	22152	3	0	0	0	0	0	0	0	0
S	22155	3	0	1	0	0	0	0	0	0
S	22158	3	0	0	0	0	0	0	0	0
S	22161	3	0	1	0	0	0	0	0	0
S	22164	3	0	0	0	0	0	0	0	0
S	22167	3	0	1	0	0	0	0	0	0
S	22170	3	0	0	0	0	0	0	0	0
S	22173	3	0	1	0	0	0	0	0	0
S	22176	3	0	0	0	0	0	0	0	0
S	22179	3	0	1	0	0	0	0	0	0
S	22182	3	0	0	0	0	0	0	0	0
S	22185	3	0	1	0	0	0	0	0	0
S	22188	3	0	0	0	0	0	0	0	0
S	22191	3	0	1	0	0	0	0	0	0
S	22194	3	0	0	0	0	0	0	0	0
S	22197	3	0	1	0	0	0	0	0	0
S	22200	3	0	0	0	0	0	0	0	0
S	22203	3	0	1	0	0	0	0	0	0
S	22206	3	0	0	0	0	0	0	0	0
S	22209	3	0	1	0	0	0	0	0	0
S	22212	3	0	0	0	0	0	0	0	0
S	22215	3	0	1	0	0	0	0	0	0
S	22218	3	0	0	0	0	0	0	0	0
S	22221	3	0	1	0	0	0	0	0	0
S	22224	3	0	0	0	0	0	0	0	0
S	22227	3	0	1	0	0	0	0	0	0
S	22230	3	0	0	0	0	0	0	0	0
S	22233	3	0	1	0	0	0	0	0	0
S	22236	3	0	0	0	0	0	0	0	0
S	22239	3	0	1	0	0	0	0	0	0
S	22242	3	0	0	0	0	0	0	0	0
S	22245	3	0	1	0	0	0	0	0	0
S	22248	3	0	0	0	0	0	0	0	0
S	22251	3	0	1	0	0	0	0	0	0
S	22254	3	0	0	0	0	0	0	0	0
S	22257	3	0	1	0	0	0	0	0	0
S	22260	3	0	0	0	0	0	0	0	0
S	22263	3	0	1	0	0	0	0	0	0
S	22266	3	0	0	0	0	0	0	0	0
S	22269	3	0	1	0	0	0	0	0	0
S	22272	3	0	0	0	0	0	0	0	0
S	22275	3	0	1	0	0	0	0	0	0
S	22278	3	0	0	0	0	0	0	0	0
S	22281	3	0	1	0	0	0	0	0	0
S	22284	3	0	0	0	0	0	0	0	0
S	22287	3	0	1	0	0	0	0	0	0
S	22290	3	0	0	0	0	0	0	0	0
S	22293	3	0	1	0	0	0	0	0	0
S	22296	3	0	0	0	0	0	0	0	0
S	22299	3	0	1	0	0	0	0	0	0
S	22302	3	0	0	0	0	0	0	0	0
S	22305	3	0	1	0	0	0	0	0	0
S	22308	3	0	0	0	0	0	0	0	0
S	22311	3	0	1	0	0	0	0	0	0
S	22314	3	0	0	0	0	0	0	0	0
S	22317	3	0	1	0	0	0	0	0	0
S	22320	3	0	0	0	0	0	0	0	0
S	22323	3	0	1	0	0	0	0	0	0
S	22326	3	0	0	0	0	0	0	0	0
S	22329	3	0	1	0	0	0	0	0	0
S	22332	3	0	0	0	0	0	0	0	0
S	22335	3	0	1	0	0	0	0	0	0
S	22338	3	0	0	0	0	0	0	0	0
S	22341	3	0	1	0	0	0	0	0	0
S	22344	3	0	0	0	0	0	0	0	0
S	22347	3	0	1	0	0	0	0	0	0
S	22350	3	0	0	0	0	0	0	0	0
S	22353	3	0	1	0	0	0	0	0	0
S	22356	3	0	0	0	0	0	0	0	0
S	22359	3	0	1	0	0	0	0	0	0
S	22362	3	0	0	0	0	0	0	0	0
S	22365	3	0	1	0	0	0	0	0	0
S	22368	3	0	0	0	0	0	0	0	0
S	22371	3	0	1	0	0	0	0	0	0
S	22374	3	0	0	0	0	0	0	0	0
S	22377	3	0	1	0	0	0	0	0	0
S	22380	3	0	0	0	0	0	0	0	0
S	22383	3	0	1	0	0	0	0	0	0
S	22386	3	0	0	0	0	0	0	0	0
S	22389	3	0	1	0	0	0	0	0	0
S	22392	3	0	0	0	0	0	0	0	0
S	22395	3	0	1	0	0	0	0	0	0
S	22398	3	0	0	0	0	0	0	0	0
S	22401	3	0	1	0	0	0	0	0	0
S	22404	3	0	0	0	0	0	0	0	0
S	22407	3	0	1	0	0	0	0	0	0
S	22410	3	0	0	0	0	0	0	0	0
S	22413	3	0	1	0	0	0	0	0	0
S	22416	3	0	0	0	0	0	0	0	0
S	22419	3	0	1	0	0	0	0	0	0
S	22422	3	0	0	0	0	0	0	0	0
S	22425	3	0	1	0	0	0	0	0	0
S	22428	3	0	0	0	0	0	0	0	0
S	22431	3	0	1	0	0	0	0	0	0
S	22434	3	0	0	0	0	0	0	0	0
S	22437	3	0	1	0	0	0	0	0	0
S	22440	3	0	0	0	0	0	0	0	0
S	22443	3	0	1	0	0	0	0	0	0
S	22446	3	0	0	0	0	0	0	0	0
S	22449	3	0	1	0	0	0	0	0	0
S	22452	3	0	0	0	0	0	0	0	0
S	22455	3	0	1	0	0	0	0	0	0
S	22458	3	0	0	0	0	0	0	0	0
S	22461	3	0	1	0	0	0	0	0	0
S	22464	3	0	0	0	0	0	0	0	0
S	22467	3	0	1	0	0	0	0	0	0
S	22470	3	0	0	0	0	0	0	0	0
S	22473	3	0	1	0	0	0	0	0	0
S	22476	3	0	0	0	0	0	0	0	0
S	22479	3	0	1	0	0	0	0	0	0
S	22482	3	0	0	0	0	0	0	0	0
S	22485	3	0	1	0	0	0	0	0	0
S	22488	3	0	0	0	0	0	0	0	0
S	22491	3	0	1	0	0	0	0	0	0
S	22494	3	0	0	0	0	0	0	0	0
S	22497	3	0	1	0	0	0	0	0	0
S	22500	3	0	0	0	0	0	0	0	0
S	22503	3	0	1	0	0	0	0	0	0
S	22506	3	0	0	0	0	0	0	0	0
S	22509	3	0	1	0	0	0	0	0	0
S	22512	3	0	0	0	0	0	0	0	0
S	22515	3	0	1	0	0	0	0	0	0
S	22518	3	0	0	0	0	0	0	0	0
S	22521	3	0	1	0	0	0	0	0	0
S	22524	3	0	0	0	0	0	0	0	0
S	22527	3	0	1	0	0	0	0	0	0
S	22530	3	0	0	0	0	0	0	0	0
S	22533	3	0	1	0	0	0	0	0	0
S	22536	3	0	0	0	0	0	0	0	0
S	22539	3	0	1	0	0	0	0	0	0
S	22542	3	0	0	0	0	0	0	0	0
S	22545	3	0	1	0	0	0	0	0	0
S	22548	3	0	0	0	0	0	0	0	0
S	22551	3	0	1	0	0	0	0	0	0
S	22554	3	0	0	0	0	0	0	0	0
S	22557	3	0	1	0	0	0	0	0	0
S	22560	3	0	0	0	0	0	0	0	0
S	22563	3	0	1	0	0	0	0	0	0
S	22566	3	0	0	0	0	0	0	0	0
S	22569	3	0	1	0	0	0	0	0	0
S	22572	3	0	0	0	0	0	0	0	0
S	22575	3	0	1	0	0	0	0	0	0
S	22578	3	0	0	0	0	0	0	0	0
S	22581	3	0	1	0	0	0	0	0	0
S	22584	3	0	0	0	0	0	0	0	0
S	22587	3	0	1	0	0	0	0	0	0
S	22590	3	0	0	0	0	0	0	0	0
S	22593	3	0	1	0	0	0	0	0	0
S	22596	3	0	0	0	0	0	0	0	0
S	22599	3	0	1	0	0	0	0	0	0
S	22602	3	0	0	0	0	0	0	0	0
S	22605	3	0	1	0	0	0	0	0	0
S	22608	3	0	0	0	0	0	0	0	0
S	22611	3	0	1	0	0	0	0	0	0
S	22614	3	0	0	0	0	0	0	0	0
S	22617	3	0	1	0	0	0	0	0	0
S	22620	3	0	0	0	0	0	0	0	0
S	22623	3	0	1	0	0	0	0	0	0
S	22626	3	0	0	0	0	0	0	0	0
S	22629	3	0	1	0	0	0	0	0	0
S	22632	3	0	0	0	0	0	0	0	0
S	22635	3	0	1	0	0	0	0	0	0
S	22638	3	0	0	0	0	0	0	0	0
S	22641	3	0	1	0	0	0	0	0	0
S	22644	3	0	0	0	0	0	0	0	0
S	22647	3	0	1	0	0	0	0	0	0
S	22650	3	0	0	0	0	0	0	0	0
S	22653	3	0	1	0	0	0	0	0	0
S	22656	3	0	0	0	0	0	0	0	0
S	22659	3	0	1	0	0	0	0	0	0
S	22662	3	0	0	0	0	0	0	0	0
S	22665	3	0	1	0	0	0	0	0	0
S	22668	3	0	0	0	0	0	0	0	0
S	22671	3	0	1	0	0	0	0	0	0
S	22674	3	0	0	0	0	0	0	0	0
S	22677	3	0	1	0	0	0	0	0	0
S	22680	3	0	0	0	0	0	0	0	0
S	22683	3	0	1	0	0	0	0	0	0
S	22686	3	0	0	0	0	0	0	0	0
S	22689	3	0	1	0	0	0	0	0	0
S	22692	3	0	0	0	0	0	0	0	0
S	22695	3	0	1	0	0	0	0	0	0
S	22698	3	0	0	0	0	0	0	0	0
S	22701	3	0	1	0	0	0	0	0	0
S	22704	3	0	0	0	0	0	0	0	0
S	22707	3	0	1	0	0	0	0	0	0
S	22710	3	0	0	0	0	0	0	0	0
S	22713	3	0	1	0	0	0	0	0	0
S	22716	3	0	0	0	0	0	0	0	0
S	22719	3	0	1	0	0	0	0	0	0
S	22722	3	0	0	0	0	0	0	0	0
S	22725	3	0	1	0	0	0	0	0	0
S	22728	3	0	0	0	0	0	0	0	0
S	22731	3	0	1	0	0	0	0	0	0
S	22734	3	0	0	0	0	0	0	0	0
S	22737	3	0	1	0	0	0	0	0	0
S	22740	3	0	0	0	0	0	0	0	0
S	22743	3	0	1	0	0	0	0	0	0
S	22746	3	0	0	0	0	0	0	0	0
S	22749	3	0	1	0	0	0	0	0	0
S	22752	3	0	0	0	0	0	0	0	0
S	22755	3	0	1	0	0	0	0	0	0
S	22758	3	0	0	0	0	0	0	0	0
S	22761	3	0	1	0	0	0	0	0	0
S	22764	3	0	0	0	0	0	0	0	0
S	22767	3	0	1	0	0	0	0	0	0
S	22770	3	0	0	0	0	0	0	0	0
S	22773	3	0	1	0	0	0	0	0	0
S	22776	3	0	0	0	0	0	0	0	0
S	22779	3	0	1	0	0	0	0	0	0
S	22782	3	0	0	0	0	0	0	0	0
S	22785	3	0	1	0	0	0	0	0	0
S	22788	3	0	0	0	0	0	0	0	0
S	22791	3	0	1	0	0	0	0	0	0
S	22794	3	0	0	0	0	0	0	0	0
S	22797	3	0	1	0	0	0	0	0	0
S	22800	3	0	0	0	0	0	0	0	0
S	22803	3	0	1	0	0	0	0	0	0
S	22806	3	0	0	0	0	0	0	0	0
S	22809	3	0	1	0	0	0	0	0	0
S	22812	3	0	0	0	0	0	0	0	0
S	22815	3	0	1	0	0	0	0	0	0
S	22818	3	0	0	0	0	0	0	0	0
S	22821	3	0	1	0	0	0	0	0	0
S	22824	3	0	0	0	0	0	0	0	0
S	22827	3	0	1	0	0	0	0	0	0
S	22830	3	0	0	0	0	0	0	0	0
S	22833	3	0	1	0	0	0	0	0	0
S	22836	3	0	0	0	0	0	0	0	0
S	22839	3	0	1	0	0	0	0	0	0
S	22842	3	0	0	0	0	0	0	0	0
S	22845	3	0	1	0	0	0	0	0	0
S	22848	3	0	0	0	0	0	0	0	0
S	22851	3	0	1	0	0	0	0	0	0
S	22854	3	0	0	0	0	0	0	0	0
S	22857	3	0	1	0	0	0	0	0	0
S	22860	3	0	0	0	0	0	0	0	0
S	22863	3	0	1	0	0	0	0	0	0
S	22866	3	0	0	0	0	0	0	0	0
S	22869	3	0	1	0	0	0	0	0	0
S	22872	3	0	0	0	0	0	0	0	0
S	22875	3	0	1	0	0	0	0	0	0
S	22878	3	0	0	0	0	0	0	0	0
S	22881	3	0	1	0	0	0	0	0	0
S	22884	3	0	0	0	0	0	0	0	0
S	22887	3	0	1	0	0	0	0	0	0
S	22890	3	0	0	0	0	0	0	0	0
S	22893	3	0	1	0	0	0	0	0	0
S	22896	3	0	0	0	0	0	0	0	0
S	22899	3	0	1	0	0	0	0	0	0
S	22902	3	0	0	0	0	0	0	0	0
S	22905	3	0	1	0	0	0	0	0	0
S	22908	3	0	0	0	0	0	0	0	0
S	22911	3	0	1	0	0	0	0	0	0
S	22914	3	0	0	0	0	0	0	0	0
S	22917	3	0	1	0	0	0	0	0	0
S	22920	3	0	0	0	0	0	0	0	0
S	22923	3	0	1	0	0	0	0	0	0
S	22926	3	0	0	0	0	0	0	0	0
S	22929	3	0	1	0	0	0	0	0	0
S	22932	3	0	0	0	0	0	0	0	0
S	22935	3	0	1	0	0	0	0	0	0
S	22938	3	0	0	0	0	0	0	0	0
S	22941	3	0	1	0	0	0	0	0	0
S	22944	3	0	0	0	0	0	0	0	0
S	22947	3	0	1	0	0	0	0	0	0
S	22950	3	0	0	0	0	0	0	0	0
S	22953	3	0	1	0	0	0	0	0	0
S	22956	3	0	0	0	0	0	0	0	0
S	22959	3	0	1	0	0	0	0	0	0
S	22962	3	0	0	0	0	0	0	0	0
S	22965	3	0	1	0	0	0	0	0	0
S	22968	3	0	0	0	0	0	0	0	0
S	22971	3	0	1	0	0	0	0	0	0
S	22974	3	0	0	0	0	0	0	0	0
S	22977	3	0	1	0	0	0	0	0	0
S	22980	3	0	0	0	0	0	0	0	0
S	22983	3	0	1	0	0	0	0	0	0
S	22986	3	0	0	0	0	0	0	0	0
S	22989	3	0	1	0	0	0	0	0	0
S	22992	3	0	0	0	0	0	0	0	0
S	22995	3	0	1	0	0	0	0	0	0
S	22998	3	0	0	0	0	0	0	0	0
S	23001	3	0	1	0	0	0	0	0	0
S	23004	3	0	0	0	0	0	0	0	0
S	23007	3	0	1	0	0	0	0	0	0
S	23010	3	0	0	0	0	0	0	0	0
S	23013	3	0	1	0	0	0	0	0	0
S	23016	3	0	0	0	0	0	0	0	0
S	23019	3	0	1	0	0	0	0	0	0
S	23022	3	0	0	0	0	0	0	0	0
S	23025	3	0	1	0	0	0	0	0	0
S	23028	3	0	0	0	0	0	0	0	0
S	23031	3	0	1	0	0	0	0	0	0
S	23034	3	0	0	0	0	0	0	0	0
S	23037	3	0	1	0	0	0	0	0	0
S	23040	3	0	0	0	0	0	0	0	0
S	23043	3	0	1	0	0	0	0	0	0
S	23046	3	0	0	0	0	0	0	0	0
S	23049	3	0	1	0	0	0	0	0	0
S	23052	3	0	0	0	0	0	0	0	0
S	23055	3	0	1	0	0	0	0	0	0
S	23058	3	0	0	0	0	0	0	0	0
S	23061	3	0	1	0	0	0	0	0	0
S	23064	3	0	0	0	0	0	0	0	0
S	23067	3	0	1	0	0	0	0	0	0
S	23070	3	0	0	0	0	0	0	0	0
S	23073	3	0	1	0	0	0	0	0	0
S	23076	3	0	0	0	0	0	0	0	0
S	23079	3	0	1	0	0	0	0	0	0
S	23082	3	0	0	0	0	0	0	0	0
S	23085	3	0	1	0	0	0	0	0	0
S	23088	3	0	0	0	0	0	0	0	0
S	23091	3	0	1	0	0	0	0	0	0
S	23094	3	0	0	0	0	0	0	0	0
S	23097	3	0	1	0	0	0	0	0	0
S	23100	3	0	0	0	0	0	0	0	0
S	23103	3	0	1	0	0	0	0	0	0
S	23106	3	0	0	0	0	0	0	0	0
S	23109	3	0	1	0	0	0	0	0	0
S	23112	3	0	0	0	0	0	0	0	0
S	23115	3	0	1	0	0	0	0	0	0
S	23118	3	0	0	0	0	0	0	0	0
S	23121	3	0	1	0	0	0	0	0	0
S	23124	3	0	0	0	0	0	0	0	0
S	23127	3	0	1	0	0	0	0	0	0
S	23130	3	0	0	0	0	0	0	0	0
S	23133	3	0	1	0	0	0	0	0	0
S	23136	3	0	0	0	0	0	0	0	0
S	23139	3	0	1	0	0	0	0	0	0
S	23142	3	0	0	0	0	0	0	0	0
S	23145	3	0	1	0	0	0	0	0	0
S	23148	3	0	0	0	0	0	0	0	0
S	23151	3	0	1	0	0	0	0	0	0
S	23154	3	0	0	0	0	0	0	0	0
S	23157	3	0	1	0	0	0	0	0	0
S	23160	3	0	0	0	0	0	0	0	0
S	23163	3	0	1	0	0	0	0	0	0
S	23166	3	0	0	0	0	0	0	0	0
S	23169	3	0	1	0	0	0	0	0	0
S	23172	3	0	0	0	0	0	0	0	0
S	23175	3	0	1	0	0	0	0	0	0
S	23178	3	0	0	0	0	0	0	0	0
S	23181	3	0	1	0	0	0	0	0	0
S	23184	3	0	0	0	0	0	0	0	0
S	23187	3	0	1	0	0	0	0	0	0
S	23190	3	0	0	0	0	0	0	0	0
S	23193	3	0	1	0	0	0	0	0	0
S	23196	3	0	0	0	0	0	0	0	0
S	23199	3	0	1	0	0	0	0	0	0
S	23202	3	0	0	0	0	0	0	0	0
S	23205	3	0	1	0	0	0	0	0	0
S	23208	3	0	0	0	0	0	0	0	0
S	23211	3	0	1	0	0	0	0	0	0
S	23214	3	0	0	0	0	0	0	0	0
S	23217	3	0	1	0	0	0	0	0	0
S	23220	3	0	0	0	0	0	0	0	0
S	23223	3	0	1	0	0	0	0	0	0
S	23226	3	0	0	0	0	0	0	0	0
S	23229	3	0	1	0	0	0	0	0	0
S	23232	3	0	0	0	0	0	0	0	0
S	23235	3	0	1	0	0	0	0	0	0
S	23238	3	0	0	0	0	0	0	0	0
S	23241	3	0	1	0	0	0	0	0	0
S	23244	3	0	0	0	0	0	0	0	0
S	23247	3	0	1	0	0	0	0	0	0
S	23250	3	0	0	0	0	0	0	0	0
S	23253	3	0	1	0	0	0	0	0	0
S	23256	3	0	0	0	0	0	0	0	0
S	23259	3	0	1	0	0	0	0	0	0
S	23262	3	0	0	0	0	0	0	0	0
S	23265	3	0	1	0	0	0	0	0	0
S	23268	3	0	0	0	0	0	0	0	0
S	23271	3	0	1	0	0	0	0	0	0
S	23274	3	0	0	0	0	0	0	0	0
S	23277	3	0	1	0	0	0	0	0	0
S	23280	3	0	0	0	0	0	0	0	0
S	23283	3	0	1	0	0	0	0	0	0
S	23286	3	0	0	0	0	0	0	0	0
S	23289	3	0	1	0	0	0	0	0	0
S	23292	3	0	0	0	0	0	0	0	0
S	23295	3	0	1	0	0	0	0	0	0
S	23298	3	0	0	0	0	0	0	0	0
S	23301	3	0	1	0	0	0	0	0	0
S	23304	3	0	0	0	0	0	0	0	0
S	23307	3	0	1	0	0	0	0	0	0
S	23310	3	0	0	0	0	0	0	0	0
S	23313	3	0	1	0	0	0	0	0	0
S	23316	3	0	0	0	0	0	0	0	0
S	23319	3	0	1	0	0	0	0	0	0
S	23322	3	0	0	0	0	0	0	0	0
S	23325	3	0	1	0	0	0	0	0	0
S	23328	3	0	0	0	0	0	0	0	0
S	23331	3	0	1	0	0	0	0	0	0
S	23334	3	0	0	0	0	0	0	0	0
S	23337	3	0	1	0	0	0	0	0	0
S	23340	3	0	0	0	0	0	0	0	0
S	23343	3	0	1	0	0	0	0	0	0
S	23346	3	0	0	0	0	0	0	0	0
S	23349	3	0	1	0	0	0	0	0	0
S	23352	3	0	0	0	0	0	0	0	0
S	23355	3	0	1	0	0	0	0	0	0
S	23358	3	0	0	0	0	0	0	0	0
S	23361	3	0	1	0	0	0	0	0	0
S	23364	3	0	0	0	0	0	0	0	0
S	23367	3	0	1	0	0	0	0	0	0
S	23370	3	0	0	0	0	0	0	0	0
S	23373	3	0	1	0	0	0	0	0	0
S	23376	3	0	0	0	0	0	0	0	0
S	23379	3	0	1	0	0	0	0	0	0
S	23382	3	0	0	0	0	0	0	0	0
S	23385	3	0	1	0	0	0	0	0	0
S	23388	3	0	0	0	0	0	0	0	0
S	23391	3	0	1	0	0	0	0	0	0
S	23394	3	0	0	0	0	0	0	0	0
S	23397	3	0	1	0	0	0	0	0	0
S	23400	3	0	0	0	0	0	0	0	0
S	23403	3	0	1	0	0	0	0	0	0
S	23406	3	0	0	0	0	0	0	0	0
S	23409	3	0	1	0	0	0	0	0	0
S	23412	3	0	0	0	0	0	0	0	0
S	23415	3	0	1	0	0	0	0	0	0
S	23418	3	0	0	0	0	0	0	0	0
S	23421	3	0	1	0	0	0	0	0	0
S	23424	3	0	0	0	0	0	0	0	0
S	23427	3	0	1	0	0	0	0	0	0
S	23430	3	0	0	0	0	0	0	0	0
S	23433	3	0	1	0	0	0	0	0	0
S	23436	3	0	0	0	0	0	0	0	0
S	23439	3	0	1	0	0	0	0	0	0
S	23442	3	0	0	0	0	0	0	0	0
S	23445	3	0	1	0	0	0	0	0	0
S	23448	3	0	0	0	0	0	0	0	0
S	23451	3	0	1	0	0	0	0	0	0
S	23454	3	0	0	0	0	0	0	0	0
S	23457	3	0	1	0	0	0	0	0	0
S	23460	3	0	0	0	0	0	0	0	0
S	23463	3	0	1	0	0	0	0	0	0
S	23466	3	0	0	0	0	0	0	0	0
S	23469	3	0	1	0	0	0	0	0	0
S	23472	3	0	0	0	0	0	0	0	0
S	23475	3	0	1	0	0	0	0	0	0
S	23478	3	0	0	0	0	0	0	0	0
S	23481	3	0	1	0	0	0	0	0	0
S	23484	3	0	0	0	0	0	0	0	0
S	23487	3	0	1	0	0	0	0	0	0
S	23490	3	0	0	0	0	0	0	0	0
S	23493	3	0	1	0	0	0	0	0	0
S	23496	3	0	0	0	0	0	0	0	0
S	23499	3	0	1	0	0	0	0	0	0
S	23502	3	0	0	0	0	0	0	0	0
S	23505	3	0	1	0	0	0	0	0	0
S	23508	3	0	0	0	0	0	0	0	0
S	23511	3	0	1	0	0	0	0	0	0
S	23514	3	0	0	0	0	0	0	0	0
S	23517	3	0	1	0	0	0	0	0	0
S	23520	3	0	0	0	0	0	0	0	0
S	23523	3	0	1	0	0	0	0	0	0
S	23526	3	0	0	0	0	0	0	0	0
S	23529	3	0	1	0	0	0	0	0	0
S	23532	3	0	0	0	0	0	0	0	0
S	23535	3	0	1	0	0	0	0	0	0
S	23538	3	0	0	0	0	0	0	0	0
S	23541	3	0	1	0	0	0	0	0	0
S	23544	3	0	0	0	0	0	0	0	0
S	23547	3	0	1	0	0	0	0	0	0
S	23550	3	0	0	0	0	0	0	0	0
S	23553	3	0	1	0	0	0	0	0	0
S	23556	3	0	0	0	0	0	0	0	0
S	23559	3	0	1	0	0	0	0	0	0
S	23562	3	0	0	0	0	0	0	0	0
S	23565	3	0	1	0	0	0	0	0	0
S	23568	3	0	0	0	0	0	0	0	0
S	23571	3	0	1	0	0	0	0	0	0
S	23574	3	0	0	0	0	0	0	0	0
S	23577	3	0	1	0	0	0	0	0	0
S	23580	3	0	0	0	0	0	0	0	0
S	23583	3	0	1	0	0	0	0	0	0
S	23586	3	0	0	0	0	0	0	0	0
S	23589	3	0	1	0	0	0	0	0	0
S	23592	3	0	0	0	0	0	0	0	0
S	23595	3	0	1	0	0	0	0	0	0
S	23598	3	0	0	0	0	0	0	0	0
S	23601	3	0	1	0	0	0	0	0	0
S	23604	3	0	0	0	0	0	0	0	0
S	23607	3	0	1	0	0	0	0	0	0
S	23610	3	0	0	0	0	0	0	0	0
S	23613	3	0	1	0	0	0	0	0	0
S	23616	3	0	0	0	0	0	0	0	0
S	23619	3	0	1	0	0	0	0	0	0
S	23622	3	0	0	0	0	0	0	0	0
S	23625	3	0	1	0	0	0	0	0	0
S	23628	3	0	0	0	0	0	0	0	0
S	23631	3	0	1	0	0	0	0	0	0
S	23634	3	0	0	0	0	0	0	0	0
S	23637	3	0	1	0	0	0	0	0	0
S	23640	3	0	0	0	0	0	0	0	0
S	23643	3	0	1	0	0	0	0	0	0
S	23646	3	0	0	0	0	0	0	0	0
S	23649	3	0	1	0	0	0	0	0	0
S	23652	3	0	0	0	0	0	0	0	0
S	23655	3	0	1	0	0	0	0	0	0
S	23658	3	0	0	0	0	0	0	0	0
S	23661	3	0	1	0	0	0	0	0	0
S	23664	3	0	0	0	0	0	0	0	0
S	23667	3	0	1	0	0	0	0	0	0
S	23670	3	0	0	0	0	0	0	0	0
S	23673	3	0	1	0	0	0	0	0	0
S	23676	3	0	0	0	0	0	0	0	0
S	23679	3	0	1	0	0	0	0	0	0
S	23682	3	0	0	0	0	0	0	0	0
S	23685	3	0	1	0	0	0	0	0	0
S	23688	3	0	0	0	0	0	0	0	0
S	23691	3	0	1	0	0	0	0	0	0
S	23694	3	0	0	0	0	0	0	0	0
S	23697	3	0	1	0	0	0	0	0	0
S	23700	3	0	0	0	0	0	0	0	0
S	23703	3	0	1	0	0	0	0	0	0
S	23706	3	0	0	0	0	0	0	0	0
S	23709	3	0	1	0	0	0	0	0	0
S	23712	3	0	0	0	0	0	0	0	0
S	23715	3	0	1	0	0	0	0	0	0
S	23718	3	0	0	0	0	0	0	0	0
S	23721	3	0	1	0	0	0	0	0	0
S	23724	3	0	0	0	0	0	0	0	0
S	23727	3	0	1	0	0	0	0	0	0
S	23730	3	0	0	0	0	0	0	0	0
S	23733	3	0	1	0	0	0	0	0	0
S	23736	3	0	0	0	0	0	0	0	0
S	23739	3	0	1	0	0	0	0	0	0
S	23742	3	0	0	0	0	0	0	0	0
S	23745	3	0	1	0	0	0	0	0	0
S	23748	3	0	0	0	0	0	0	0	0
S	23751	3	0	1	0	0	0	0	0	0
S	23754	3	0	0	0	0	0	0	0	0
S	23757	3	0	1	0	0	0	0	0	0
S	23760	3	0	0	0	0	0	0	0	0
S	23763	3	0	1	0	0	0	0	0	0
S	23766	3	0	0	0	0	0	0	0	0
S	23769	3	0	1	0	0	0	0	0	0
S	23772	3	0	0	0	0	0	0	0	0
S	23775	3	0	1	0	0	0	0	0	0
S	23778	3	0	0	0	0	0	0	0	0
S	23781	3	0	1	0	0	0	0	0	0
S	23784	3	0	0	0	0	0	0	0	0
S	23787	3	0	1	0	0	0	0	0	0
S	23790	3	0	0	0	0	0	0	0	0
S	23793	3	0	1	0	0	0	0	0	0
S	23796	3	0	0	0	0	0	0	0	0
S	23799	3	0	1	0	0	0	0	0	0
S	23802	3	0	0	0	0	0	0	0	0
S	23805	3	0	1	0	0	0	0	0	0
S	23808	3	0	0	0	0	0	0	0	0
S	23811	3	0	1	0	0	0	0	0	0
S	23814	3	0	0	0	0	0	0	0	0
S	23817	3	0	1	0	0	0	0	0	0
S	23820	3	0	0	0	0	0	0	0	0
S	23823	3	0	1	0	0	0	0	0	0
S	23826	3	0	0	0	0	0	0	0	0
S	23829	3	0	1	0	0	0	0	0	0
S	23832	3	0	0	0	0	0	0	0	0
S	23835	3	0	1	0	0	0	0	0	0
S	23838	3	0	0	0	0	0	0	0	0
S	23841	3	0	1	0	0	0	0	0	0
S	23844	3	0	0	0	0	0	0	0	0
S	23847	3	0	1	0	0	0	0	0	0
S	23850	3	0	0	0	0	0	0	0	0
S	23853	3	0	1	0	0	0	0	0	0
S	23856	3	0	0	0	0	0	0	0	0
S	23859	3	0	1	0	0	0	0	0	0
S	23862	3	0	0	0	0	0	0	0	0
S	23865	3	0	1	0	0	0	0	0	0
S	23868	3	0	0	0	0	0	0	0	0
S	23871	3	0	1	0	0	0	0	0	0
S	23874	3	0	0	0	0	0	0	0	0
S	23877	3	0	1	0	0	0	0	0	0
S	23880	3	0	0	0	0	0	0	0	0
S	23883	3	0	1	0	0	0	0	0	0
S	23886	3	0	0	0	0	0	0	0	0
S	23889	3	0	1	0	0	0	0	0	0
S	23892	3	0	0	0	0	0	0	0	0
S	23895	3	0	1	0	0	0	0	0	0
S	23898	3	0	0	0	0	0	0	0	0
S	23901	3	0	1	0	0	0	0	0	0
S	23904	3	0	0	0	0	0	0	0	0
S	23907	3	0	1	0	0	0	0	0	0
S	23910	3	0	0	0	0	0	0	0	0
S	23913	3	0	1	0	0	0	0	0	0
S	23916	3	0	0	0	0	0	0	0	0
S	23919	3	0	1	0	0	0	0	0	0
S	23922	3	0	0	0	0	0	0	0	0
S	23925	3	0	1	0	0	0	0	0	0
S	23928	3	0	0	0	0	0	0	0	0
S	23931	3	0	1	0	0	0	0	0	0
S	23934	3	0	0	0	0	0	0	0	0
S	23937	3	0	1	0	0	0	0	0	0
S	23940	3	0	0	0	0	0	0	0	0
S	23943	3	0	1	0	0	0	0	0	0
S	23946	3	0	0	0	0	0	0	0	0
S	23949	3	0	1	0	0	0	0	0	0
S	23952	3	0	0	0	0	0	0	0	0
S	23955	3	0	1	0	0	0	0	0	0
S	23958	3	0	0	0	0	0	0	0	0
S	23961	3	0	1	0	0	0	0	0	0
S	23964	3	0	0	0	0	0	0	0	0
S	23967	3	0	1	0	0	0	0	0	0
S	23970	3	0	0	0	0	0	0	0	0
S	23973	3	0	1	0	0	0	0	0	0
S	23976	3	0	0	0	0	0	0	0	0
S	23979	3	0	1	0	0	0	0	0	0
S	23982	3	0	0	0	0	0	0	0	0
S	23985	3	0	1	0	0	0	0	0	0
S	23988	3	0	0	0	0	0	0	0	0
S	23991	3	0	1	0	0	0	0	0	0
S	23994	3	0	0	0	0	0	0	0	0
S	23997	3	0	1	0	0	0	0	0	0
S	24000	3	0	0	0	0	0	0	0	0
S	24003	3	0	1	0	0	0	0	0	0
S	24006	3	0	0	0	0	0	0	0	0
S	24009	3	0	1	0	0	0	0	0	0
S	24012	3	0	0	0	0	0	0	0	0
S	24015	3	0	1	0	0	0	0	0	0
S	24018	3	0	0	0	0	0	0	0	0
S	24021	3	0	1	0	0	0	0	0	0
S	24024	3	0	0	0	0	0	0	0	0
S	24027	3	0	1	0	0	0	0	0	0
S	24030	3	0	0	0	0	0	0	0	0
S	24033	3	0	1	0	0	0	0	0	0
S	24036	3	0	0	0	0	0	0	0	0
S	24039	3	0	1	0	0	0	0	0	0
S	24042	3	0	0	0	0	0	0	0	0
S	24045	3	0	1	0	0	0	0	0	0
S	24048	3	0	0	0	0	0	0	0	0
S	24051	3	0	1	0	0	0	0	0	0
S	24054	3	0	0	0	0	0	0	0	0
S	24057	3	0	1	0	0	0	0	0	0
S	24060	3	0	0	0	0	0	0	0	0
S	24063	1	0	1	0	0	0	0	0	0
S	24064	1	0	0	0	0	0	0	0	0
S	24065	1	0	1	0	0	0	0	0	0
S	24066	1	0	0	0	0	0	0	0	0
S	24067	1	0	1	0	0	0	0	0	0
S	24068	1	0	0	0	0	0	0	0	0
S	24069	1	0	1	0	0	0	0	0	0
S	24070	1	0	0	0	0	0	0	0	0
S	24071	1	0	1	0	0	0	0	0	0
S	24072	1	0	0	0	0	0	0	0	0
S	24073	1	0	1	0	0	0	0	0	0
S	24074	1	0	0	0	0	0	0	0	0
S	24075	1	0	1	0	0	0	0	0	0
S	24076	1	0	0	0	0	0	0	0	0
S	24077	1	0	1	0	0	0	0	0	0
S	24078	1	0	0	0	0	0	0	0	0
S	24079	1	0	1	0	0	0	0	0	0
S	24080	1	0	0	0	0	0	0	0	0
S	24081	1	0	1	0	0	0	0	0	0
S	24082	1	0	0	0	0	0	0	0	0
S	24083	1	0	1	0	0	0	0	0	0
S	24084	1	0	0	0	0	0	0	0	0
S	24085	1	0	1	0	0	0	0	0	0
S	24086	1	0	0	0	0	0	0	0	0
S	24087	1	0	1	0	0	0	0	0	0
S	24088	1	0	0	0	0	0	0	0	0
S	24089	1	0	1	0	0	0	0	0	0
S	24090	1	0	0	0	0	0	0	0	0
S	24091	1	0	1	0	0	0	0	0	0
S	24092	1	0	0	0	0	0	0	0	0
S	24093	1	0	1	0	0	0	0	0	0
S	24094	1	0	0	0	0	0	0	0	0
S	24095	16	0	15	0	0	0	0	0	0
S	24111	1	13	15	0	0	0	0	0	0
S	24112	1	0	15	0	0	0	0	0	0
S	24113	1	13	15	0	0	0	0	0	0
S	24114	1	0	15	0	0	0	0	0	0
S	24115	1	13	15	0	0	0	0	0	0
S	24116	1	0	15	0	0	0	0	0	0
S	24117	1	13	15	0	0	0	0	0	0
S	24118	1	0	15	0	0	0	0	0	0
S	24119	1	13	15	0	0	0	0	0	0
S	24120	1	0	15	0	0	0	0	0	0
S	24121	1	13	15	0	0	0	0	0	0
S	24122	1	0	15	0	0	0	0	0	0
S	24123	1	13	15	0	0	0	0	0	0
S	24124	1	0	15	0	0	0	0	0	0
S	24125	1	13	15	0	0	0	0	0	0
S	24126	3	0	15	0	0	0	0	0	0
S	24129	12	0	0	0	0	0	0	0	0
S	24141	16	0	0	2	0	48	48	48	48
S	24157	1	0	15	0	0	0	0	0	0
S	24158	4	0	0	2	0	54	54	54	54
S	24162	32	0	0	0	0	0	0	0	0
S	24194	1	15	1	0	0	0	0	0	0
S	24195	1	15	0	0	0	0	0	0	0
S	24196	1	15	1	0	0	0	0	0	0
S	24197	1	15	0	0	0	0	0	0	0
S	24198	1	10	1	0	0	0	0	0	0
S	24199	1	10	0	0	0	0	0	0	0
S	24200	1	10	1	0	0	0	0	0	0
S	24201	1	10	0	0	0	0	0	0	0
S	24202	1	15	1	0	0	0	0	0	0
S	24203	1	15	0	0	0	0	0	0	0
S	24204	1	15	1	0	0	0	0	0	0
S	24205	1	15	0	0	0	0	0	0	0
S	24206	1	15	1	0	0	0	0	0	0
S	24207	1	15	0	0	0	0	0	0	0
S	24208	1	15	1	0	0	0	0	0	0
S	24209	1	15	0	0	0	0	0	0	0
S	24210	1	15	1	0	0	0	0	0	0
S	24211	1	15	0	0	0	0	0	0	0
S	24212	1	15	1	0	0	0	0	0	0
S	24213	1	15	0	0	0	0	0	0	0
S	24214	1	15	1	0	0	0	0	0	0
S	24215	1	15	0	0	0	0	0	0	0
S	24216	1	15	1	0	0	0	0	0	0
S	24217	1	15	0	0	0	0	0	0	0
S	24218	1	15	1	0	0	0	0	0	0
S	24219	1	15	0	0	0	0	0	0	0
S	24220	1	15	1	0	0	0	0	0	0
S	24221	1	15	0	0	0	0	0	0	0
S	24222	1	15	1	0	0	0	0	0	0
S	24223	1	15	0	0	0	0	0	0	0
S	24224	1	15	1	0	0	0	0	0	0
S	24225	1	15	0	0	0	0	0	0	0
S	24226	1	15	1	0	0	0	0	0	0
S	24227	1	15	0	0	0	0	0	0	0
S	24228	1	15	1	0	0	0	0	0	0
S	24229	1	15	0	0	0	0	0	0	0
S	24230	1	15	1	0	0	0	0	0	0
S	24231	1	15	0	0	0	0	0	0	0
S	24232	1	15	1	0	0	0	0	0	0
S	24233	1	15	0	0	0	0	0	0	0
S	24234	1	15	1	0	0	0	0	0	0
S	24235	1	15	0	0	0	0	0	0	0
S	24236	1	15	1	0	0	0	0	0	0
S	24237	1	15	0	0	0	0	0	0	0
S	24238	1	0	1	0	0	0	0	0	0
S	24239	1	0	0	0	0	0	0	0	0
S	24240	1	0	1	0	0	0	0	0	0
S	24241	1	0	0	0	0	0	0	0	0
S	24242	1	15	1	0	0	0	0	0	0
S	24243	1	15	0	0	0	0	0	0	0
S	24244	1	15	1	0	0	0	0	0	0
S	24245	1	15	0	0	0	0	0	0	0
S	24246	1	0	1	0	0	0	0	0	0
S	24247	1	0	0	0	0	0	0	0	0
S	24248	1	0	1	0	0	0	0	0	0
S	24249	1	0	0	0	0	0	0	0	0
S	24250	1	15	1	0	0	0	0	0	0
S	24251	1	15	0	0	0	0	0	0	0
S	24252	1	15	1	0	0	0	0	0	0
S	24253	1	15	0	0	0	0	0	0	0
S	24254	1	0	1	0	0	0	0	0	0
S	24255	1	0	0	0	0	0	0	0	0
S	24256	1	0	1	0	0	0	0	0	0
S	24257	1	0	0	0	0	0	0	0	0
S	24258	1	15	1	0	0	0	0	0	0
S	24259	1	15	0	0	0	0	0	0	0
S	24260	1	15	1	0	0	0	0	0	0
S	24261	1	15	0	0	0	0	0	0	0
S	24262	1	0	1	0	0	0	0	0	0
S	24263	1	0	0	0	0	0	0	0	0
S	24264	1	0	1	0	0	0	0	0	0
S	24265	1	0	0	0	0	0	0	0	0
S	24266	1	10	1	0	0	0	0	0	0
S	24267	1	10	0	0	0	0	0	0	0
S	24268	1	10	1	0	0	0	0	0	0
S	24269	1	10	0	0	0	0	0	0	0
S	24270	1	0	1	0	0	0	0	0	0
S	24271	1	0	0	0	0	0	0	0	0
S	24272	1	0	1	0	0	0	0	0	0
S	24273	1	0	0	0	0	0	0	0	0
S	24274	1	10	1	0	0	0	0	0	0
S	24275	1	10	0	0	0	0	0	0	0
S	24276	1	10	1	0	0	0	0	0	0
S	24277	1	10	0	0	0	0	0	0	0
S	24278	1	0	1	0	0	0	0	0	0
S	24279	1	0	0	0	0	0	0	0	0
S	24280	1	0	1	0	0	0	0	0	0
S	24281	1	0	0	0	0	0	0	0	0
S	24282	1	10	1	0	0	0	0	0	0
S	24283	1	10	0	0	0	0	0	0	0
S	24284	1	10	1	0	0	0	0	0	0
S	24285	1	10	0	0	0	0	0	0	0
S	24286	1	0	1	0	0	0	0	0	0
S	24287	1	0	0	0	0	0	0	0	0
S	24288	1	0	1	0	0	0	0	0	0
S	24289	1	0	0	0	0	0	0	0	0
S	24290	1	10	1	0	0	0	0	0	0
S	24291	1	10	0	0	0	0	0	0	0
S	24292	1	10	1	0	0	0	0	0	0
S	24293	1	10	0	0	0	0	0	0	0
S	24294	1	0	1	0	0	0	0	0	0
S	24295	1	0	0	0	0	0	0	0	0
S	24296	1	0	1	0	0	0	0	0	0
S	24297	5	0	0	0	0	0	0	0	0
S	24302	13	0	15	0	0	0	0	0	0
S	24315	1	0	0	0	0	0	0	0	0
S	24316	1	0	15	0	0	0	0	0	0
S	24317	2	0	0	0	0	0	0	0	0
S	24319	13	0	15	0	0	0	0	0	0
S	24332	1	0	0	0	0	0	0	0	0
S	24333	1	15	15	0	0	0	0	0	0
S	24334	55	0	0	0	0	0	0	0	0
S	24389	2	0	15	0	0	0	0	0	0
S	24391	1	0	1	0	2	18	18	18	18
S	24392	1	0	0	0	2	18	18	18	18
S	24393	1	0	1	2	0	26	26	26	26
S	24394	1	0	0	2	0	26	26	26	26
S	24395	2	0	15	0	0	0	0	0	0
S	24397	1	0	1	0	2	18	18	18	18
S	24398	1	0	0	0	2	18	18	18	18
S	24399	1	0	1	2	0	26	26	26	26
S	24400	1	0	0	2	0	26	26	26	26
S	24401	2	0	15	0	0	0	0	0	0
S	24403	4	0	0	0	0	0	0	0	0
S	24407	2	0	1	0	0	0	0	0	0
S	24409	2	0	0	0	0	0	0	0	0
S	24411	2	0	1	0	0	0	0	0	0
S	24413	2	0	0	0	0	0	0	0	0
S	24415	2	0	1	0	0	0	0	0	0
S	24417	2	0	0	0	0	0	0	0	0
S	24419	2	0	1	0	0	0	0	0	0
S	24421	2	0	0	0	0	0	0	0	0
S	24423	2	0	1	0	0	0	0	0	0
S	24425	2	0	0	0	0	0	0	0	0
S	24427	2	0	1	0	0	0	0	0	0
S	24429	2	0	0	0	0	0	0	0	0
S	24431	2	0	1	0	0	0	0	0	0
S	24433	2	0	0	0	0	0	0	0	0
S	24435	2	0	1	0	0	0	0	0	0
S	24437	2	0	0	0	0	0	0	0	0
S	24439	2	0	1	0	0	0	0	0	0
S	24441	2	0	0	0	0	0	0	0	0
S	24443	2	0	1	0	0	0	0	0	0
S	24445	2	0	0	0	0	0	0	0	0
S	24447	2	0	1	0	0	0	0	0	0
S	24449	2	0	0	0	0	0	0	0	0
S	24451	2	0	1	0	0	0	0	0	0
S	24453	2	0	0	0	0	0	0	0	0
S	24455	2	0	1	0	0	0	0	0	0
S	24457	2	0	0	0	0	0	0	0	0
S	24459	2	0	1	0	0	0	0	0	0
S	24461	2	0	0	0	0	0	0	0	0
S	24463	2	0	1	0	0	0	0	0	0
S	24465	2	0	0	0	0	0	0	0	0
S	24467	2	0	1	0	0	0	0	0	0
S	24469	2	0	0	0	0	0	0	0	0
S	24471	1	0	1	0	0	0	0	0	0
S	24472	1	0	0	0	0	0	0	0	0
S	24473	1	0	1	0	0	0	0	0	0
S	24474	1	0	0	0	0	0	0	0	0
S	24475	1	0	1	0	0	0	0	0	0
S	24476	1	0	0	0	0	0	0	0	0
S	24477	1	0	1	0	0	0	0	0	0
S	24478	1	0	0	0	0	0	0	0	0
S	24479	1	0	1	0	0	0	0	0	0
S	24480	1	0	0	0	0	0	0	0	0
S	24481	1	0	1	0	0	0	0	0	0
S	24482	1	0	0	0	0	0	0	0	0
S	24483	1	0	1	0	0	0	0	0	0
S	24484	1	0	0	0	0	0	0	0	0
S	24485	1	0	1	0	0	0	0	0	0
S	24486	1	0	0	0	0	0	0	0	0
S	24487	1	0	1	0	0	0	0	0	0
S	24488	1	0	0	0	0	0	0	0	0
S	24489	1	0	1	0	0	0	0	0	0
S	24490	1	0	0	0	0	0	0	0	0
S	24491	1	0	1	0	0	0	0	0	0
S	24492	1	0	0	0	0	0	0	0	0
S	24493	1	0	1	0	0	0	0	0	0
S	24494	1	0	0	0	0	0	0	0	0
S	24495	1	0	1	0	0	0	0	0	0
S	24496	1	0	0	0	0	0	0	0	0
S	24497	1	0	1	0	0	0	0	0	0
S	24498	1	0	0	0	0	0	0	0	0
S	24499	1	0	1	0	0	0	0	0	0
S	24500	1	0	0	0	0	0	0	0	0
S	24501	1	0	1	0	0	0	0	0	0
S	24502	1	0	0	0	0	0	0	0	0
S	24503	1	0	1	0	0	0	0	0	0
S	24504	1	0	0	0	0	0	0	0	0
S	24505	1	0	1	0	0	0	0	0	0
S	24506	1	0	0	0	0	0	0	0	0
S	24507	1	0	1	0	0	0	0	0	0
S	24508	1	0	0	0	0	0	0	0	0
S	24509	1	0	1	0	0	0	0	0	0
S	24510	1	0	0	0	0	0	0	0	0
S	24511	1	0	1	0	0	0	0	0	0
S	24512	1	0	0	0	0	0	0	0	0
S	24513	1	0	1	0	0	0	0	0	0
S	24514	1	0	0	0	0	0	0	0	0
S	24515	1	0	1	0	0	0	0	0	0
S	24516	1	0	0	0	0	0	0	0	0
S	24517	1	0	1	0	0	0	0	0	0
S	24518	1	0	0	0	0	0	0	0	0
S	24519	1	0	1	0	0	0	0	0	0
S	24520	1	0	0	0	0	0	0	0	0
S	24521	1	0	1	0	0	0	0	0	0
S	24522	1	0	0	0	0	0	0	0	0
S	24523	1	0	1	0	0	0	0	0	0
S	24524	1	0	0	0	0	0	0	0	0
S	24525	1	0	1	0	0	0	0	0	0
S	24526	1	0	0	0	0	0	0	0	0
S	24527	1	0	1	0	0	0	0	0	0
S	24528	1	0	0	0	0	0	0	0	0
S	24529	1	0	1	0	0	0	0	0	0
S	24530	1	0	0	0	0	0	0	0	0
S	24531	1	0	1	0	0	0	0	0	0
S	24532	1	0	0	0	0	0	0	0	0
S	24533	1	0	1	0	0	0	0	0	0
S	24534	1	0	0	0	0	0	0	0	0
S	24535	1	0	1	0	0	0	0	0	0
S	24536	1	0	0	0	0	0	0	0	0
S	24537	1	0	1	0	0	0	0	0	0
S	24538	1	0	0	0	0	0	0	0	0
S	24539	1	0	1	0	0	0	0	0	0
S	24540	1	0	0	0	0	0	0	0	0
S	24541	1	0	1	0	0	0	0	0	0
S	24542	1	0	0	0	0	0	0	0	0
S	24543	1	0	1	0	0	0	0	0	0
S	24544	1	0	0	0	0	0	0	0	0
S	24545	1	0	1	0	0	0	0	0	0
S	24546	1	0	0	0	0	0	0	0	0
S	24547	1	0	1	0	0	0	0	0	0
S	24548	1	0	0	0	0	0	0	0	0
S	24549	1	0	1	0	0	0	0	0	0
S	24550	1	0	0	0	0	0	0	0	0
S	24551	1	0	1	0	0	0	0	0	0
S	24552	1	0	0	0	0	0	0	0	0
S	24553	1	0	1	0	0	0	0	0	0
S	24554	1	0	0	0	0	0	0	0	0
S	24555	1	0	1	0	0	0	0	0	0
S	24556	1	0	0	0	0	0	0	0	0
S	24557	1	0	1	0	0	0	0	0	0
S	24558	1	0	0	0	0	0	0	0	0
S	24559	1	0	1	0	0	0	0	0	0
S	24560	1	0	0	0	0	0	0	0	0
S	24561	1	0	1	0	0	0	0	0	0
S	24562	1	0	0	0	0	0	0	0	0
S	24563	1	0	1	0	0	0	0	0	0
S	24564	1	0	0	0	0	0	0	0	0
S	24565	1	0	1	0	0	0	0	0	0
S	24566	1	0	0	0	0	0	0	0	0
S	24567	1	0	1	0	0	0	0	0	0
S	24568	1	0	0	0	0	0	0	0	0
S	24569	1	0	1	0	0	0	0	0	0
S	24570	1	0	0	0	0	0	0	0	0
S	24571	1	0	1	0	0	0	0	0	0
S	24572	1	0	0	0	0	0	0	0	0
S	24573	1	0	1	0	0	0	0	0	0
S	24574	1	0	0	0	0	0	0	0	0
S	24575	1	0	1	0	0	0	0	0	0
S	24576	1	0	0	0	0	0	0	0	0
S	24577	1	0	1	0	0	0	0	0	0
S	24578	1	0	0	0	0	0	0	0	0
S	24579	1	0	1	0	0	0	0	0	0
S	24580	1	0	0	0	0	0	0	0	0
S	24581	1	0	1	0	0	0	0	0	0
S	24582	1	0	0	0	0	0	0	0	0
S	24583	1	0	1	0	0	0	0	0	0
S	24584	1	0	0	0	0	0	0	0	0
S	24585	1	0	1	0	0	0	0	0	0
S	24586	1	0	0	0	0	0	0	0	0
S	24587	1	0	1	0	0	0	0	0	0
S	24588	1	0	0	0	0	0	0	0	0
S	24589	1	0	1	0	0	0	0	0	0
S	24590	1	0	0	0	0	0	0	0	0
S	24591	1	0	1	0	0	0	0	0	0
S	24592	1	0	0	0	0	0	0	0	0
S	24593	1	0	1	0	0	0	0	0	0
S	24594	1	0	0	0	0	0	0	0	0
S	24595	1	0	1	0	0	0	0	0	0
S	24596	1	0	0	0	0	0	0	0	0
S	24597	1	0	1	0	0	0	0	0	0
S	24598	65	0	0	0	0	0	0	0	0
S	24663	1	0	1	17	2	2	18	19	19
S	24664	1	0	0	17	2	2	18	19	19
S	24665	1	0	1	20	2	2	21	2	19
S	24666	1	0	0	20	2	2	21	2	19
S	24667	1	0	1	22	2	2	23	19	2
S	24668	1	0	0	22	2	2	23	19	2
S	24669	1	0	1	24	2	21	18	19	18
S	24670	1	0	0	24	2	21	18	19	18
S	24671	1	0	1	25	2	23	18	18	19
S	24672	1	0	0	25	2	23	18	18	19
S	24673	1	0	1	2	17	2	26	27	27
S	24674	1	0	0	2	17	2	26	27	27
S	24675	1	0	1	2	20	2	28	2	27
S	24676	1	0	0	2	20	2	28	2	27
S	24677	1	0	1	2	22	2	29	27	2
S	24678	1	0	0	2	22	2	29	27	2
S	24679	1	0	1	2	24	28	26	27	26
S	24680	1	0	0	2	24	28	26	27	26
S	24681	1	0	1	2	25	29	26	26	27
S	24682	1	0	0	2	25	29	26	26	27
S	24683	1	0	1	30	2	18	2	31	31
S	24684	1	0	0	30	2	18	2	31	31
S	24685	1	0	1	32	2	23	2	31	2
S	24686	1	0	0	32	2	23	2	31	2
S	24687	1	0	1	33	2	21	2	2	31
S	24688	1	0	0	33	2	21	2	2	31
S	24689	1	0	1	34	2	18	23	18	31
S	24690	1	0	0	34	2	18	23	18	31
S	24691	1	0	1	35	2	18	21	31	18
S	24692	1	0	0	35	2	18	21	31	18
S	24693	1	0	1	2	30	26	2	36	36
S	24694	1	0	0	2	30	26	2	36	36
S	24695	1	0	1	2	32	29	2	36	2
S	24696	1	0	0	2	32	29	2	36	2
S	24697	1	0	1	2	33	28	2	2	36
S	24698	1	0	0	2	33	28	2	2	36
S	24699	1	0	1	2	34	26	29	26	36
S	24700	1	0	0	2	34	26	29	26	36
S	24701	1	0	1	2	35	26	28	36	26
S	24702	1	0	0	2	35	26	28	36	26
S	24703	1	0	1	37	2	21	21	2	18
S	24704	1	0	0	37	2	21	21	2	18
S	24705	1	0	1	33	2	21	2	2	31
S	24706	1	0	0	33	2	21	2	2	31
S	24707	1	0	1	20	2	2	21	2	19
S	24708	1	0	0	20	2	2	21	2	19
S	24709	1	0	1	35	2	18	21	31	18
S	24710	1	0	0	35	2	18	21	31	18
S	24711	1	0	1	24	2	21	18	19	18
S	24712	1	0	0	24	2	21	18	19	18
S	24713	1	0	1	2	37	28	28	2	26
S	24714	1	0	0	2	37	28	28	2	26
S	24715	1	0	1	2	33	28	2	2	36
S	24716	1	0	0	2	33	28	2	2	36
S	24717	1	0	1	2	20	2	28	2	27
S	24718	1	0	0	2	20	2	28	2	27
S	24719	1	0	1	2	35	26	28	36	26
S	24720	1	0	0	2	35	26	28	36	26
S	24721	1	0	1	2	24	28	26	27	26
S	24722	1	0	0	2	24	28	26	27	26
S	24723	1	0	1	38	2	23	23	18	2
S	24724	1	0	0	38	2	23	23	18	2
S	24725	1	0	1	22	2	2	23	19	2
S	24726	1	0	0	22	2	2	23	19	2
S	24727	1	0	1	32	2	23	2	31	2
S	24728	1	0	0	32	2	23	2	31	2
S	24729	1	0	1	25	2	23	18	18	19
S	24730	1	0	0	25	2	23	18	18	19
S	24731	1	0	1	34	2	18	23	18	31
S	24732	1	0	0	34	2	18	23	18	31
S	24733	1	0	1	2	38	29	29	26	2
S	24734	1	0	0	2	38	29	29	26	2
S	24735	1	0	1	2	22	2	29	27	2
S	24736	1	0	0	2	22	2	29	27	2
S	24737	1	0	1	2	32	29	2	36	2
S	24738	1	0	0	2	32	29	2	36	2
S	24739	1	0	1	2	25	29	26	26	27
S	24740	1	0	0	2	25	29	26	26	27
S	24741	1	0	1	2	34	26	29	26	36
S	24742	1	0	0	2	34	26	29	26	36
S	24743	1	0	1	17	2	2	18	19	19
S	24744	1	0	0	17	2	2	18	19	19
S	24745	1	0	1	20	2	2	21	2	19
S	24746	1	0	0	20	2	2	21	2	19
S	24747	1	0	1	22	2	2	23	19	2
S	24748	1	0	0	22	2	2	23	19	2
S	24749	1	0	1	24	2	21	18	19	18
S	24750	1	0	0	24	2	21	18	19	18
S	24751	1	0	1	25	2	23	18	18	19
S	24752	1	0	0	25	2	23	18	18	19
S	24753	1	0	1	2	17	2	26	27	27
S	24754	1	0	0	2	17	2	26	27	27
S	24755	1	0	1	2	20	2	28	2	27
S	24756	1	0	0	2	20	2	28	2	27
S	24757	1	0	1	2	22	2	29	27	2
S	24758	1	0	0	2	22	2	29	27	2
S	24759	1	0	1	2	24	28	26	27	26
S	24760	1	0	0	2	24	28	26	27	26
S	24761	1	0	1	2	25	29	26	26	27
S	24762	1	0	0	2	25	29	26	26	27
S	24763	1	0	1	30	2	18	2	31	31
S	24764	1	0	0	30	2	18	2	31	31
S	24765	1	0	1	32	2	23	2	31	2
S	24766	1	0	0	32	2	23	2	31	2
S	24767	1	0	1	33	2	21	2	2	31
S	24768	1	0	0	33	2	21	2	2	31
S	24769	1	0	1	34	2	18	23	18	31
S	24770	1	0	0	34	2	18	23	18	31
S	24771	1	0	1	35	2	18	21	31	18
S	24772	1	0	0	35	2	18	21	31	18
S	24773	1	0	1	2	30	26	2	36	36
S	24774	1	0	0	2	30	26	2	36	36
S	24775	1	0	1	2	32	29	2	36	2
S	24776	1	0	0	2	32	29	2	36	2
S	24777	1	0	1	2	33	28	2	2	36
S	24778	1	0	0	2	33	28	2	2	36
S	24779	1	0	1	2	34	26	29	26	36
S	24780	1	0	0	2	34	26	29	26	36
S	24781	1	0	1	2	35	26	28	36	26
S	24782	1	0	0	2	35	26	28	36	26
S	24783	1	0	1	37	2	21	21	2	18
S	24784	1	0	0	37	2	21	21	2	18
S	24785	1	0	1	33	2	21	2	2	31
S	24786	1	0	0	33	2	21	2	2	31
S	24787	1	0	1	20	2	2	21	2	19
S	24788	1	0	0	20	2	2	21	2	19
S	24789	1	0	1	35	2	18	21	31	18
S	24790	1	0	0	35	2	18	21	31	18
S	24791	1	0	1	24	2	21	18	19	18
S	24792	1	0	0	24	2	21	18	19	18
S	24793	1	0	1	2	37	28	28	2	26
S	24794	1	0	0	2	37	28	28	2	26
S	24795	1	0	1	2	33	28	2	2	36
S	24796	1	0	0	2	33	28	2	2	36
S	24797	1	0	1	2	20	2	28	2	27
S	24798	1	0	0	2	20	2	28	2	27
S	24799	1	0	1	2	35	26	28	36	26
S	24800	1	0	0	2	35	26	28	36	26
S	24801	1	0	1	2	24	28	26	27	26
S	24802	1	0	0	2	24	28	26	27	26
S	24803	1	0	1	38	2	23	23	18	2
S	24804	1	0	0	38	2	23	23	18	2
S	24805	1	0	1	22	2	2	23	19	2
S	24806	1	0	0	22	2	2	23	19	2
S	24807	1	0	1	32	2	23	2	31	2
S	24808	1	0	0	32	2	23	2	31	2
S	24809	1	0	1	25	2	23	18	18	19
S	24810	1	0	0	25	2	23	18	18	19
S	24811	1	0	1	34	2	18	23	18	31
S	24812	1	0	0	34	2	18	23	18	31
S	24813	1	0	1	2	38	29	29	26	2
S	24814	1	0	0	2	38	29	29	26	2
S	24815	1	0	1	2	22	2	29	27	2
S	24816	1	0	0	2	22	2	29	27	2
S	24817	1	0	1	2	32	29	2	36	2
S	24818	1	0	0	2	32	29	2	36	2
S	24819	1	0	1	2	25	29	26	26	27
S	24820	1	0	0	2	25	29	26	26	27
S	24821	1	0	1	2	34	26	29	26	36
S	24822	1	0	0	2	34	26	29	26	36
S	24823	176	0	0	0	0	0	0	0	0
S	24999	1	0	1	0	0	0	0	0	0
S	25000	1	0	0	0	0	0	0	0	0
S	25001	1	0	1	0	0	0	0	0	0
S	25002	1	0	0	0	0	0	0	0	0
S	25003	1	0	1	0	0	0	0	0	0
S	25004	1	0	0	0	0	0	0	0	0
S	25005	1	0	1	0	0	0	0	0	0
S	25006	1	0	0	0	0	0	0	0	0
S	25007	1	0	1	0	0	0	0	0	0
S	25008	1	0	0	0	0	0	0	0	0
S	25009	1	0	1	0	0	0	0	0	0
S	25010	1	0	0	0	0	0	0	0	0
S	25011	1	0	1	0	0	0	0	0	0
S	25012	1	0	0	0	0	0	0	0	0
S	25013	1	0	1	0	0	0	0	0	0
S	25014	1	0	0	0	0	0	0	0	0
S	25015	1	0	1	0	0	0	0	0	0
S	25016	1	0	0	0	0	0	0	0	0
S	25017	1	0	1	0	0	0	0	0	0
S	25018	1	0	0	0	0	0	0	0	0
S	25019	1	0	1	0	0	0	0	0	0
S	25020	1	0	0	0	0	0	0	0	0
S	25021	1	0	1	0	0	0	0	0	0
S	25022	1	0	0	0	0	0	0	0	0
S	25023	1	0	1	0	0	0	0	0	0
S	25024	1	0	0	0	0	0	0	0	0
S	25025	1	0	1	0	0	0	0	0	0
S	25026	1	0	0	0	0	0	0	0	0
S	25027	1	0	1	0	0	0	0	0	0
S	25028	1	0	0	0	0	0	0	0	0
S	25029	1	0	1	0	0	0	0	0	0
S	25030	1	0	0	0	0	0	0	0	0
S	25031	1	0	1	0	0	0	0	0	0
S	25032	1	0	0	0	0	0	0	0	0
S	25033	1	0	1	0	0	0	0	0	0
S	25034	1	0	0	0	0	0	0	0	0
S	25035	1	0	1	0	0	0	0	0	0
S	25036	1	0	0	0	0	0	0	0	0
S	25037	1	0	1	0	0	0	0	0	0
S	25038	1	0	0	0	0	0	0	0	0
S	25039	1	0	1	0	0	0	0	0	0
S	25040	1	0	0	0	0	0	0	0	0
S	25041	1	0	1	0	0	0	0	0	0
S	25042	1	0	0	0	0	0	0	0	0
S	25043	1	0	1	0	0	0	0	0	0
S	25044	1	0	0	0	0	0	0	0	0
S	25045	1	0	1	0	0	0	0	0	0
S	25046	1	0	0	0	0	0	0	0	0
S	25047	1	0	1	0	0	0	0	0	0
S	25048	1	0	0	0	0	0	0	0	0
S	25049	1	0	1	0	0	0	0	0	0
S	25050	1	0	0	0	0	0	0	0	0
S	25051	1	0	1	0	0	0	0	0	0
S	25052	1	0	0	0	0	0	0	0	0
S	25053	1	0	1	0	0	0	0	0	0
S	25054	1	0	0	0	0	0	0	0	0
S	25055	1	0	1	0	0	0	0	0	0
S	25056	1	0	0	0	0	0	0	0	0
S	25057	1	0	1	0	0	0	0	0	0
S	25058	1	0	0	0	0	0	0	0	0
S	25059	1	0	1	0	0	0	0	0	0
S	25060	1	0	0	0	0	0	0	0	0
S	25061	1	0	1	0	0	0	0	0	0
S	25062	1	0	0	0	0	0	0	0	0
S	25063	1	0	1	0	0	0	0	0	0
S	25064	1	0	0	0	0	0	0	0	0
S	25065	1	0	1	0	0	0	0	0	0
S	25066	1	0	0	0	0	0	0	0	0
S	25067	1	0	1	0	0	0	0	0	0
S	25068	1	0	0	0	0	0	0	0	0
S	25069	1	0	1	0	0	0	0	0	0
S	25070	1	0	0	0	0	0	0	0	0
S	25071	1	0	1	0	0	0	0	0	0
S	25072	1	0	0	0	0	0	0	0	0
S	25073	1	0	1	0	0	0	0	0	0
S	25074	1	0	0	0	0	0	0	0	0
S	25075	1	0	1	0	0	0	0	0	0
S	25076	1	0	0	0	0	0	0	0	0
S	25077	1	0	1	0	0	0	0	0	0
S	25078	1	0	0	0	0	0	0	0	0
S	25079	20	0	15	0	0	0	0	0	0
S	25099	1	0	1	0	0	0	0	0	0
S	25100	9	0	0	0	0	0	0	0	0
S	25109	64	0	15	0	0	0	0	0	0
S	25173	1	0	1	0	0	0	0	0	0
S	25174	3	0	15	0	0	0	0	0	0
S	25177	1	10	15	0	0	0	0	0	0
S	25178	1	0	15	0	0	0	0	0	0
S	25179	1	3	15	0	0	0	0	0	0
S	25180	1	7	15	0	0	0	0	0	0
S	25181	1	11	15	0	0	0	0	0	0
S	25182	1	15	15	0	0	0	0	0	0
S	25183	4	0	0	0	0	0	0	0	0
S	25187	2	0	15	0	0	0	0	0	0
S	25189	1	0	1	17	2	2	18	19	19
S	25190	1	0	0	17	2	2	18	19	19
S	25191	1	0	1	20	2	2	21	2	19
S	25192	1	0	0	20	2	2	21	2	19
S	25193	1	0	1	22	2	2	23	19	2
S	25194	1	0	0	22	2	2	23	19	2
S	25195	1	0	1	24	2	21	18	19	18
S	25196	1	0	0	24	2	21	18	19	18
S	25197	1	0	1	25	2	23	18	18	19
S	25198	1	0	0	25	2	23	18	18	19
S	25199	1	0	1	2	17	2	26	27	27
S	25200	1	0	0	2	17	2	26	27	27
S	25201	1	0	1	2	20	2	28	2	27
S	25202	1	0	0	2	20	2	28	2	27
S	25203	1	0	1	2	22	2	29	27	2
S	25204	1	0	0	2	22	2	29	27	2
S	25205	1	0	1	2	24	28	26	27	26
S	25206	1	0	0	2	24	28	26	27	26
S	25207	1	0	1	2	25	29	26	26	27
S	25208	1	0	0	2	25	29	26	26	27
S	25209	1	0	1	30	2	18	2	31	31
S	25210	1	0	0	30	2	18	2	31	31
S	25211	1	0	1	32	2	23	2	31	2
S	25212	1	0	0	32	2	23	2	31	2
S	25213	1	0	1	33	2	21	2	2	31
S	25214	1	0	0	33	2	21	2	2	31
S	25215	1	0	1	34	2	18	23	18	31
S	25216	1	0	0	34	2	18	23	18	31
S	25217	1	0	1	35	2	18	21	31	18
S	25218	1	0	0	35	2	18	21	31	18
S	25219	1	0	1	2	30	26	2	36	36
S	25220	1	0	0	2	30	26	2	36	36
S	25221	1	0	1	2	32	29	2	36	2
S	25222	1	0	0	2	32	29	2	36	2
S	25223	1	0	1	2	33	28	2	2	36
S	25224	1	0	0	2	33	28	2	2	36
S	25225	1	0	1	2	34	26	29	26	36
S	25226	1	0	0	2	34	26	29	26	36
S	25227	1	0	1	2	35	26	28	36	26
S	25228	1	0	0	2	35	26	28	36	26
S	25229	1	0	1	37	2	21	21	2	18
S	25230	1	0	0	37	2	21	21	2	18
S	25231	1	0	1	33	2	21	2	2	31
S	25232	1	0	0	33	2	21	2	2	31
S	25233	1	0	1	20	2	2	21	2	19
S	25234	1	0	0	20	2	2	21	2	19
S	25235	1	0	1	35	2	18	21	31	18
S	25236	1	0	0	35	2	18	21	31	18
S	25237	1	0	1	24	2	21	18	19	18
S	25238	1	0	0	24	2	21	18	19	18
S	25239	1	0	1	2	37	28	28	2	26
S	25240	1	0	0	2	37	28	28	2	26
S	25241	1	0	1	2	33	28	2	2	36
S	25242	1	0	0	2	33	28	2	2	36
S	25243	1	0	1	2	20	2	28	2	27
S	25244	1	0	0	2	20	2	28	2	27
S	25245	1	0	1	2	35	26	28	36	26
S	25246	1	0	0	2	35	26	28	36	26
S	25247	1	0	1	2	24	28	26	27	26
S	25248	1	0	0	2	24	28	26	27	26
S	25249	1	0	1	38	2	23	23	18	2
S	25250	1	0	0	38	2	23	23	18	2
S	25251	1	0	1	22	2	2	23	19	2
S	25252	1	0	0	22	2	2	23	19	2
S	25253	1	0	1	32	2	23	2	31	2
S	25254	1	0	0	32	2	23	2	31	2
S	25255	1	0	1	25	2	23	18	18	19
S	25256	1	0	0	25	2	23	18	18	19
S	25257	1	0	1	34	2	18	23	18	31
S	25258	1	0	0	34	2	18	23	18	31
S	25259	1	0	1	2	38	29	29	26	2
S	25260	1	0	0	2	38	29	29	26	2
S	25261	1	0	1	2	22	2	29	27	2
S	25262	1	0	0	2	22	2	29	27	2
S	25263	1	0	1	2	32	29	2	36	2
S	25264	1	0	0	2	32	29	2	36	2
S	25265	1	0	1	2	25	29	26	26	27
S	25266	1	0	0	2	25	29	26	26	27
S	25267	1	0	1	2	34	26	29	26	36
S	25268	1	0	0	2	34	26	29	26	36
S	25269	3	0	1	0	0	0	0	0	0
S	25272	3	0	0	0	0	0	0	0	0
S	25275	3	0	1	0	0	0	0	0	0
S	25278	3	0	0	0	0	0	0	0	0
S	25281	3	0	1	0	0	0	0	0	0
S	25284	3	0	0	0	0	0	0	0	0
S	25287	3	0	1	0	0	0	0	0	0
S	25290	3	0	0	0	0	0	0	0	0
S	25293	3	0	1	0	0	0	0	0	0
S	25296	3	0	0	0	0	0	0	0	0
S	25299	3	0	1	0	0	0	0	0	0
S	25302	3	0	0	0	0	0	0	0	0
S	25305	3	0	1	0	0	0	0	0	0
S	25308	3	0	0	0	0	0	0	0	0
S	25311	3	0	1	0	0	0	0	0	0
S	25314	3	0	0	0	0	0	0	0	0
S	25317	3	0	1	0	0	0	0	0	0
S	25320	3	0	0	0	0	0	0	0	0
S	25323	3	0	1	0	0	0	0	0	0
S	25326	3	0	0	0	0	0	0	0	0
S	25329	3	0	1	0	0	0	0	0	0
S	25332	3	0	0	0	0	0	0	0	0
S	25335	3	0	1	0	0	0	0	0	0
S	25338	3	0	0	0	0	0	0	0	0
S	25341	3	0	1	0	0	0	0	0	0
S	25344	3	0	0	0	0	0	0	0	0
S	25347	3	0	1	0	0	0	0	0	0
S	25350	3	0	0	0	0	0	0	0	0
S	25353	3	0	1	0	0	0	0	0	0
S	25356	3	0	0	0	0	0	0	0	0
S	25359	3	0	1	0	0	0	0	0	0
S	25362	3	0	0	0	0	0	0	0	0
S	25365	3	0	1	0	0	0	0	0	0
S	25368	3	0	0	0	0	0	0	0	0
S	25371	3	0	1	0	0	0	0	0	0
S	25374	3	0	0	0	0	0	0	0	0
S	25377	3	0	1	0	0	0	0	0	0
S	25380	3	0	0	0	0	0	0	0	0
S	25383	3	0	1	0	0	0	0	0	0
S	25386	3	0	0	0	0	0	0	0	0
S	25389	3	0	1	0	0	0	0	0	0
S	25392	3	0	0	0	0	0	0	0	0
S	25395	3	0	1	0	0	0	0	0	0
S	25398	3	0	0	0	0	0	0	0	0
S	25401	3	0	1	0	0	0	0	0	0
S	25404	3	0	0	0	0	0	0	0	0
S	25407	3	0	1	0	0	0	0	0	0
S	25410	3	0	0	0	0	0	0	0	0
S	25413	3	0	1	0	0	0	0	0	0
S	25416	3	0	0	0	0	0	0	0	0
S	25419	3	0	1	0	0	0	0	0	0
S	25422	3	0	0	0	0	0	0	0	0
S	25425	3	0	1	0	0	0	0	0	0
S	25428	3	0	0	0	0	0	0	0	0
S	25431	3	0	1	0	0	0	0	0	0
S	25434	3	0	0	0	0	0	0	0	0
S	25437	3	0	1	0	0	0	0	0	0
S	25440	3	0	0	0	0	0	0	0	0
S	25443	3	0	1	0	0	0	0	0	0
S	25446	3	0	0	0	0	0	0	0	0
S	25449	3	0	1	0	0	0	0	0	0
S	25452	3	0	0	0	0	0	0	0	0
S	25455	3	0	1	0	0	0	0	0	0
S	25458	3	0	0	0	0	0	0	0	0
S	25461	3	0	1	0	0	0	0	0	0
S	25464	3	0	0	0	0	0	0	0	0
S	25467	3	0	1	0	0	0	0	0	0
S	25470	3	0	0	0	0	0	0	0	0
S	25473	3	0	1	0	0	0	0	0	0
S	25476	3	0	0	0	0	0	0	0	0
S	25479	3	0	1	0	0	0	0	0	0
S	25482	3	0	0	0	0	0	0	0	0
S	25485	3	0	1	0	0	0	0	0	0
S	25488	3	0	0	0	0	0	0	0	0
S	25491	3	0	1	0	0	0	0	0	0
S	25494	3	0	0	0	0	0	0	0	0
S	25497	3	0	1	0	0	0	0	0	0
S	25500	3	0	0	0	0	0	0	0	0
S	25503	3	0	1	0	0	0	0	0	0
S	25506	3	0	0	0	0	0	0	0	0
S	25509	3	0	1	0	0	0	0	0	0
S	25512	3	0	0	0	0	0	0	0	0
S	25515	3	0	1	0	0	0	0	0	0
S	25518	3	0	0	0	0	0	0	0	0
S	25521	3	0	1	0	0	0	0	0	0
S	25524	3	0	0	0	0	0	0	0	0
S	25527	3	0	1	0	0	0	0	0	0
S	25530	3	0	0	0	0	0	0	0	0
S	25533	3	0	1	0	0	0	0	0	0
S	25536	3	0	0	0	0	0	0	0	0
S	25539	3	0	1	0	0	0	0	0	0
S	25542	3	0	0	0	0	0	0	0	0
S	25545	3	0	1	0	0	0	0	0	0
S	25548	3	0	0	0	0	0	0	0	0
S	25551	3	0	1	0	0	0	0	0	0
S	25554	3	0	0	0	0	0	0	0	0
S	25557	3	0	1	0	0	0	0	0	0
S	25560	3	0	0	0	0	0	0	0	0
S	25563	3	0	1	0	0	0	0	0	0
S	25566	3	0	0	0	0	0	0	0	0
S	25569	3	0	1	0	0	0	0	0	0
S	25572	3	0	0	0	0	0	0	0	0
S	25575	3	0	1	0	0	0	0	0	0
S	25578	3	0	0	0	0	0	0	0	0
S	25581	3	0	1	0	0	0	0	0	0
S	25584	3	0	0	0	0	0	0	0	0
S	25587	3	0	1	0	0	0	0	0	0
S	25590	3	0	0	0	0	0	0	0	0
S	25593	1	0	1	0	2	18	18	18	18
S	25594	1	0	0	0	2	18	18	18	18
S	25595	1	0	1	2	0	26	26	26	26
S	25596	1	0	0	2	0	26	26	26	26
S	25597	6	0	15	0	0	0	0	0	0
S	25603	1	0	1	0	2	18	18	18	18
S	25604	1	0	0	0	2	18	18	18	18
S	25605	1	0	1	2	0	26	26	26	26
S	25606	1	0	0	2	0	26	26	26	26
S	25607	2	0	15	0	0	0	0	0	0
S	25609	1	0	1	17	2	2	18	19	19
S	25610	1	0	0	17	2	2	18	19	19
S	25611	1	0	1	20	2	2	21	2	19
S	25612	1	0	0	20	2	2	21	2	19
S	25613	1	0	1	22	2	2	23	19	2
S	25614	1	0	0	22	2	2	23	19	2
S	25615	1	0	1	24	2	21	18	19	18
S	25616	1	0	0	24	2	21	18	19	18
S	25617	1	0	1	25	2	23	18	18	19
S	25618	1	0	0	25	2	23	18	18	19
S	25619	1	0	1	2	17	2	26	27	27
S	25620	1	0	0	2	17	2	26	27	27
S	25621	1	0	1	2	20	2	28	2	27
S	25622	1	0	0	2	20	2	28	2	27
S	25623	1	0	1	2	22	2	29	27	2
S	25624	1	0	0	2	22	2	29	27	2
S	25625	1	0	1	2	24	28	26	27	26
S	25626	1	0	0	2	24	28	26	27	26
S	25627	1	0	1	2	25	29	26	26	27
S	25628	1	0	0	2	25	29	26	26	27
S	25629	1	0	1	30	2	18	2	31	31
S	25630	1	0	0	30	2	18	2	31	31
S	25631	1	0	1	32	2	23	2	31	2
S	25632	1	0	0	32	2	23	2	31	2
S	25633	1	0	1	33	2	21	2	2	31
S	25634	1	0	0	33	2	21	2	2	31
S	25635	1	0	1	34	2	18	23	18	31
S	25636	1	0	0	34	2	18	23	18	31
S	25637	1	0	1	35	2	18	21	31	18
S	25638	1	0	0	35	2	18	21	31	18
S	25639	1	0	1	2	30	26	2	36	36
S	25640	1	0	0	2	30	26	2	36	36
S	25641	1	0	1	2	32	29	2	36	2
S	25642	1	0	0	2	32	29	2	36	2
S	25643	1	0	1	2	33	28	2	2	36
S	25644	1	0	0	2	33	28	2	2	36
S	25645	1	0	1	2	34	26	29	26	36
S	25646	1	0	0	2	34	26	29	26	36
S	25647	1	0	1	2	35	26	28	36	26
S	25648	1	0	0	2	35	26	28	36	26
S	25649	1	0	1	37	2	21	21	2	18
S	25650	1	0	0	37	2	21	21	2	18
S	25651	1	0	1	33	2	21	2	2	31
S	25652	1	0	0	33	2	21	2	2	31
S	25653	1	0	1	20	2	2	21	2	19
S	25654	1	0	0	20	2	2	21	2	19
S	25655	1	0	1	35	2	18	21	31	18
S	25656	1	0	0	35	2	18	21	31	18
S	25657	1	0	1	24	2	21	18	19	18
S	25658	1	0	0	24	2	21	18	19	18
S	25659	1	0	1	2	37	28	28	2	26
S	25660	1	0	0	2	37	28	28	2	26
S	25661	1	0	1	2	33	28	2	2	36
S	25662	1	0	0	2	33	28	2	2	36
S	25663	1	0	1	2	20	2	28	2	27
S	25664	1	0	0	2	20	2	28	2	27
S	25665	1	0	1	2	35	26	28	36	26
S	25666	1	0	0	2	35	26	28	36	26
S	25667	1	0	1	2	24	28	26	27	26
S	25668	1	0	0	2	24	28	26	27	26
S	25669	1	0	1	38	2	23	23	18	2
S	25670	1	0	0	38	2	23	23	18	2
S	25671	1	0	1	22	2	2	23	19	2
S	25672	1	0	0	22	2	2	23	19	2
S	25673	1	0	1	32	2	23	2	31	2
S	25674	1	0	0	32	2	23	2	31	2
S	25675	1	0	1	25	2	23	18	18	19
S	25676	1	0	0	25	2	23	18	18	19
S	25677	1	0	1	34	2	18	23	18	31
S	25678	1	0	0	34	2	18	23	18	31
S	25679	1	0	1	2	38	29	29	26	2
S	25680	1	0	0	2	38	29	29	26	2
S	25681	1	0	1	2	22	2	29	27	2
S	25682	1	0	0	2	22	2	29	27	2
S	25683	1	0	1	2	32	29	2	36	2
S	25684	1	0	0	2	32	29	2	36	2
S	25685	1	0	1	2	25	29	26	26	27
S	25686	1	0	0	2	25	29	26	26	27
S	25687	1	0	1	2	34	26	29	26	36
S	25688	1	0	0	2	34	26	29	26	36
S	25689	3	0	1	0	0	0	0	0	0
S	25692	3	0	0	0	0	0	0	0	0
S	25695	3	0	1	0	0	0	0	0	0
S	25698	3	0	0	0	0	0	0	0	0
S	25701	3	0	1	0	0	0	0	0	0
S	25704	3	0	0	0	0	0	0	0	0
S	25707	3	0	1	0	0	0	0	0	0
S	25710	3	0	0	0	0	0	0	0	0
S	25713	3	0	1	0	0	0	0	0	0
S	25716	3	0	0	0	0	0	0	0	0
S	25719	3	0	1	0	0	0	0	0	0
S	25722	3	0	0	0	0	0	0	0	0
S	25725	3	0	1	0	0	0	0	0	0
S	25728	3	0	0	0	0	0	0	0	0
S	25731	3	0	1	0	0	0	0	0	0
S	25734	3	0	0	0	0	0	0	0	0
S	25737	3	0	1	0	0	0	0	0	0
S	25740	3	0	0	0	0	0	0	0	0
S	25743	3	0	1	0	0	0	0	0	0
S	25746	3	0	0	0	0	0	0	0	0
S	25749	3	0	1	0	0	0	0	0	0
S	25752	3	0	0	0	0	0	0	0	0
S	25755	3	0	1	0	0	0	0	0	0
S	25758	3	0	0	0	0	0	0	0	0
S	25761	3	0	1	0	0	0	0	0	0
S	25764	3	0	0	0	0	0	0	0	0
S	25767	3	0	1	0	0	0	0	0	0
S	25770	3	0	0	0	0	0	0	0	0
S	25773	3	0	1	0	0	0	0	0	0
S	25776	3	0	0	0	0	0	0	0	0
S	25779	3	0	1	0	0	0	0	0	0
S	25782	3	0	0	0	0	0	0	0	0
S	25785	3	0	1	0	0	0	0	0	0
S	25788	3	0	0	0	0	0	0	0	0
S	25791	3	0	1	0	0	0	0	0	0
S	25794	3	0	0	0	0	0	0	0	0
S	25797	3	0	1	0	0	0	0	0	0
S	25800	3	0	0	0	0	0	0	0	0
S	25803	3	0	1	0	0	0	0	0	0
S	25806	3	0	0	0	0	0	0	0	0
S	25809	3	0	1	0	0	0	0	0	0
S	25812	3	0	0	0	0	0	0	0	0
S	25815	3	0	1	0	0	0	0	0	0
S	25818	3	0	0	0	0	0	0	0	0
S	25821	3	0	1	0	0	0	0	0	0
S	25824	3	0	0	0	0	0	0	0	0
S	25827	3	0	1	0	0	0	0	0	0
S	25830	3	0	0	0	0	0	0	0	0
S	25833	3	0	1	0	0	0	0	0	0
S	25836	3	0	0	0	0	0	0	0	0
S	25839	3	0	1	0	0	0	0	0	0
S	25842	3	0	0	0	0	0	0	0	0
S	25845	3	0	1	0	0	0	0	0	0
S	25848	3	0	0	0	0	0	0	0	0
S	25851	3	0	1	0	0	0	0	0	0
S	25854	3	0	0	0	0	0	0	0	0
S	25857	3	0	1	0	0	0	0	0	0
S	25860	3	0	0	0	0	0	0	0	0
S	25863	3	0	1	0	0	0	0	0	0
S	25866	3	0	0	0	0	0	0	0	0
S	25869	3	0	1	0	0	0	0	0	0
S	25872	3	0	0	0	0	0	0	0	0
S	25875	3	0	1	0	0	0	0	0	0
S	25878	3	0	0	0	0	0	0	0	0
S	25881	3	0	1	0	0	0	0	0	0
S	25884	3	0	0	0	0	0	0	0	0
S	25887	3	0	1	0	0	0	0	0	0
S	25890	3	0	0	0	0	0	0	0	0
S	25893	3	0	1	0	0	0	0	0	0
S	25896	3	0	0	0	0	0	0	0	0
S	25899	3	0	1	0	0	0	0	0	0
S	25902	3	0	0	0	0	0	0	0	0
S	25905	3	0	1	0	0	0	0	0	0
S	25908	3	0	0	0	0	0	0	0	0
S	25911	3	0	1	0	0	0	0	0	0
S	25914	3	0	0	0	0	0	0	0	0
S	25917	3	0	1	0	0	0	0	0	0
S	25920	3	0	0	0	0	0	0	0	0
S	25923	3	0	1	0	0	0	0	0	0
S	25926	3	0	0	0	0	0	0	0	0
S	25929	3	0	1	0	0	0	0	0	0
S	25932	3	0	0	0	0	0	0	0	0
S	25935	3	0	1	0	0	0	0	0	0
S	25938	3	0	0	0	0	0	0	0	0
S	25941	3	0	1	0	0	0	0	0	0
S	25944	3	0	0	0	0	0	0	0	0
S	25947	3	0	1	0	0	0	0	0	0
S	25950	3	0	0	0	0	0	0	0	0
S	25953	3	0	1	0	0	0	0	0	0
S	25956	3	0	0	0	0	0	0	0	0
S	25959	3	0	1	0	0	0	0	0	0
S	25962	3	0	0	0	0	0	0	0	0
S	25965	3	0	1	0	0	0	0	0	0
S	25968	3	0	0	0	0	0	0	0	0
S	25971	3	0	1	0	0	0	0	0	0
S	25974	3	0	0	0	0	0	0	0	0
S	25977	3	0	1	0	0	0	0	0	0
S	25980	3	0	0	0	0	0	0	0	0
S	25983	3	0	1	0	0	0	0	0	0
S	25986	3	0	0	0	0	0	0	0	0
S	25989	3	0	1	0	0	0	0	0	0
S	25992	3	0	0	0	0	0	0	0	0
S	25995	3	0	1	0	0	0	0	0	0
S	25998	3	0	0	0	0	0	0	0	0
S	26001	3	0	1	0	0	0	0	0	0
S	26004	3	0	0	0	0	0	0	0	0
S	26007	3	0	1	0	0	0	0	0	0
S	26010	3	0	0	0	0	0	0	0	0
S	26013	1	0	15	0	0	0	0	0	0
S	26014	1	0	1	17	2	2	18	19	19
S	26015	1	0	0	17	2	2	18	19	19
S	26016	1	0	1	20	2	2	21	2	19
S	26017	1	0	0	20	2	2	21	2	19
S	26018	1	0	1	22	2	2	23	19	2
S	26019	1	0	0	22	2	2	23	19	2
S	26020	1	0	1	24	2	21	18	19	18
S	26021	1	0	0	24	2	21	18	19	18
S	26022	1	0	1	25	2	23	18	18	19
S	26023	1	0	0	25	2	23	18	18	19
S	26024	1	0	1	2	17	2	26	27	27
S	26025	1	0	0	2	17	2	26	27	27
S	26026	1	0	1	2	20	2	28	2	27
S	26027	1	0	0	2	20	2	28	2	27
S	26028	1	0	1	2	22	2	29	27	2
S	26029	1	0	0	2	22	2	29	27	2
S	26030	1	0	1	2	24	28	26	27	26
S	26031	1	0	0	2	24	28	26	27	26
S	26032	1	0	1	2	25	29	26	26	27
S	26033	1	0	0	2	25	29	26	26	27
S	26034	1	0	1	30	2	18	2	31	31
S	26035	1	0	0	30	2	18	2	31	31
S	26036	1	0	1	32	2	23	2	31	2
S	26037	1	0	0	32	2	23	2	31	2
S	26038	1	0	1	33	2	21	2	2	31
S	26039	1	0	0	33	2	21	2	2	31
S	26040	1	0	1	34	2	18	23	18	31
S	26041	1	0	0	34	2	18	23	18	31
S	26042	1	0	1	35	2	18	21	31	18
S	26043	1	0	0	35	2	18	21	31	18
S	26044	1	0	1	2	30	26	2	36	36
S	26045	1	0	0	2	30	26	2	36	36
S	26046	1	0	1	2	32	29	2	36	2
S	26047	1	0	0	2	32	29	2	36	2
S	26048	1	0	1	2	33	28	2	2	36
S	26049	1	0	0	2	33	28	2	2	36
S	26050	1	0	1	2	34	26	29	26	36
S	26051	1	0	0	2	34	26	29	26	36
S	26052	1	0	1	2	35	26	28	36	26
S	26053	1	0	0	2	35	26	28	36	26
S	26054	1	0	1	37	2	21	21	2	18
S	26055	1	0	0	37	2	21	21	2	18
S	26056	1	0	1	33	2	21	2	2	31
S	26057	1	0	0	33	2	21	2	2	31
S	26058	1	0	1	20	2	2	21	2	19
S	26059	1	0	0	20	2	2	21	2	19
S	26060	1	0	1	35	2	18	21	31	18
S	26061	1	0	0	35	2	18	21	31	18
S	26062	1	0	1	24	2	21	18	19	18
S	26063	1	0	0	24	2	21	18	19	18
S	26064	1	0	1	2	37	28	28	2	26
S	26065	1	0	0	2	37	28	28	2	26
S	26066	1	0	1	2	33	28	2	2	36
S	26067	1	0	0	2	33	28	2	2	36
S	26068	1	0	1	2	20	2	28	2	27
S	26069	1	0	0	2	20	2	28	2	27
S	26070	1	0	1	2	35	26	28	36	26
S	26071	1	0	0	2	35	26	28	36	26
S	26072	1	0	1	2	24	28	26	27	26
S	26073	1	0	0	2	24	28	26	27	26
S	26074	1	0	1	38	2	23	23	18	2
S	26075	1	0	0	38	2	23	23	18	2
S	26076	1	0	1	22	2	2	23	19	2
S	26077	1	0	0	22	2	2	23	19	2
S	26078	1	0	1	32	2	23	2	31	2
S	26079	1	0	0	32	2	23	2	31	2
S	26080	1	0	1	25	2	23	18	18	19
S	26081	1	0	0	25	2	23	18	18	19
S	26082	1	0	1	34	2	18	23	18	31
S	26083	1	0	0	34	2	18	23	18	31
S	26084	1	0	1	2	38	29	29	26	2
S	26085	1	0	0	2	38	29	29	26	2
S	26086	1	0	1	2	22	2	29	27	2
S	26087	1	0	0	2	22	2	29	27	2
S	26088	1	0	1	2	32	29	2	36	2
S	26089	1	0	0	2	32	29	2	36	2
S	26090	1	0	1	2	25	29	26	26	27
S	26091	1	0	0	2	25	29	26	26	27
S	26092	1	0	1	2	34	26	29	26	36
S	26093	1	0	0	2	34	26	29	26	36
S	26094	1	0	1	0	2	18	18	18	18
S	26095	1	0	0	0	2	18	18	18	18
S	26096	1	0	1	2	0	26	26	26	26
S	26097	1	0	0	2	0	26	26	26	26
S	26098	2	0	15	0	0	0	0	0	0
S	26100	26	0	0	0	0	0	0	0	0
S	26126	3	0	1	0	0	0	0	0	0
S	26129	3	0	0	0	0	0	0	0	0
S	26132	3	0	1	0	0	0	0	0	0
S	26135	3	0	0	0	0	0	0	0	0
S	26138	3	0	1	0	0	0	0	0	0
S	26141	3	0	0	0	0	0	0	0	0
S	26144	3	0	1	0	0	0	0	0	0
S	26147	3	0	0	0	0	0	0	0	0
S	26150	3	0	1	0	0	0	0	0	0
S	26153	3	0	0	0	0	0	0	0	0
S	26156	3	0	1	0	0	0	0	0	0
S	26159	3	0	0	0	0	0	0	0	0
S	26162	3	0	1	0	0	0	0	0	0
S	26165	3	0	0	0	0	0	0	0	0
S	26168	3	0	1	0	0	0	0	0	0
S	26171	3	0	0	0	0	0	0	0	0
S	26174	3	0	1	0	0	0	0	0	0
S	26177	3	0	0	0	0	0	0	0	0
S	26180	3	0	1	0	0	0	0	0	0
S	26183	3	0	0	0	0	0	0	0	0
S	26186	3	0	1	0	0	0	0	0	0
S	26189	3	0	0	0	0	0	0	0	0
S	26192	3	0	1	0	0	0	0	0	0
S	26195	3	0	0	0	0	0	0	0	0
S	26198	3	0	1	0	0	0	0	0	0
S	26201	3	0	0	0	0	0	0	0	0
S	26204	3	0	1	0	0	0	0	0	0
S	26207	3	0	0	0	0	0	0	0	0
S	26210	3	0	1	0	0	0	0	0	0
S	26213	3	0	0	0	0	0	0	0	0
S	26216	3	0	1	0	0	0	0	0	0
S	26219	3	0	0	0	0	0	0	0	0
S	26222	3	0	1	0	0	0	0	0	0
S	26225	3	0	0	0	0	0	0	0	0
S	26228	3	0	1	0	0	0	0	0	0
S	26231	3	0	0	0	0	0	0	0	0
S	26234	3	0	1	0	0	0	0	0	0
S	26237	3	0	0	0	0	0	0	0	0
S	26240	3	0	1	0	0	0	0	0	0
S	26243	3	0	0	0	0	0	0	0	0
S	26246	3	0	1	0	0	0	0	0	0
S	26249	3	0	0	0	0	0	0	0	0
S	26252	3	0	1	0	0	0	0	0	0
S	26255	3	0	0	0	0	0	0	0	0
S	26258	3	0	1	0	0	0	0	0	0
S	26261	3	0	0	0	0	0	0	0	0
S	26264	3	0	1	0	0	0	0	0	0
S	26267	3	0	0	0	0	0	0	0	0
S	26270	3	0	1	0	0	0	0	0	0
S	26273	3	0	0	0	0	0	0	0	0
S	26276	3	0	1	0	0	0	0	0	0
S	26279	3	0	0	0	0	0	0	0	0
S	26282	3	0	1	0	0	0	0	0	0
S	26285	3	0	0	0	0	0	0	0	0
S	26288	3	0	1	0	0	0	0	0	0
S	26291	3	0	0	0	0	0	0	0	0
S	26294	3	0	1	0	0	0	0	0	0
S	26297	3	0	0	0	0	0	0	0	0
S	26300	3	0	1	0	0	0	0	0	0
S	26303	3	0	0	0	0	0	0	0	0
S	26306	3	0	1	0	0	0	0	0	0
S	26309	3	0	0	0	0	0	0	0	0
S	26312	3	0	1	0	0	0	0	0	0
S	26315	3	0	0	0	0	0	0	0	0
S	26318	3	0	1	0	0	0	0	0	0
S	26321	3	0	0	0	0	0	0	0	0
S	26324	3	0	1	0	0	0	0	0	0
S	26327	3	0	0	0	0	0	0	0	0
S	26330	3	0	1	0	0	0	0	0	0
S	26333	3	0	0	0	0	0	0	0	0
S	26336	3	0	1	0	0	0	0	0	0
S	26339	3	0	0	0	0	0	0	0	0
S	26342	3	0	1	0	0	0	0	0	0
S	26345	3	0	0	0	0	0	0	0	0
S	26348	3	0	1	0	0	0	0	0	0
S	26351	3	0	0	0	0	0	0	0	0
S	26354	3	0	1	0	0	0	0	0	0
S	26357	3	0	0	0	0	0	0	0	0
S	26360	3	0	1	0	0	0	0	0	0
S	26363	3	0	0	0	0	0	0	0	0
S	26366	3	0	1	0	0	0	0	0	0
S	26369	3	0	0	0	0	0	0	0	0
S	26372	3	0	1	0	0	0	0	0	0
S	26375	3	0	0	0	0	0	0	0	0
S	26378	3	0	1	0	0	0	0	0	0
S	26381	3	0	0	0	0	0	0	0	0
S	26384	3	0	1	0	0	0	0	0	0
S	26387	3	0	0	0	0	0	0	0	0
S	26390	3	0	1	0	0	0	0	0	0
S	26393	3	0	0	0	0	0	0	0	0
S	26396	3	0	1	0	0	0	0	0	0
S	26399	3	0	0	0	0	0	0	0	0
S	26402	3	0	1	0	0	0	0	0	0
S	26405	3	0	0	0	0	0	0	0	0
S	26408	3	0	1	0	0	0	0	0	0
S	26411	3	0	0	0	0	0	0	0	0
S	26414	3	0	1	0	0	0	0	0	0
S	26417	3	0	0	0	0	0	0	0	0
S	26420	3	0	1	0	0	0	0	0	0
S	26423	3	0	0	0	0	0	0	0	0
S	26426	3	0	1	0	0	0	0	0	0
S	26429	3	0	0	0	0	0	0	0	0
S	26432	3	0	1	0	0	0	0	0	0
S	26435	3	0	0	0	0	0	0	0	0
S	26438	3	0	1	0	0	0	0	0	0
S	26441	3	0	0	0	0	0	0	0	0
S	26444	3	0	1	0	0	0	0	0	0
S	26447	3	0	0	0	0	0	0	0	0
S	26450	3	0	15	0	0	0	0	0	0
S	26453	1	3	1	0	0	0	0	0	0
S	26454	1	3	0	0	0	0	0	0	0
S	26455	1	0	1	0	0	0	0	0	0
S	26456	1	0	0	0	0	0	0	0	0
S	26457	1	6	1	0	0	0	0	0	0
S	26458	1	6	0	0	0	0	0	0	0
S	26459	1	0	1	0	0	0	0	0	0
S	26460	1	0	0	0	0	0	0	0	0
S	26461	1	9	1	0	0	0	0	0	0
S	26462	1	9	0	0	0	0	0	0	0
S	26463	1	0	1	0	0	0	0	0	0
S	26464	1	0	0	0	0	0	0	0	0
S	26465	1	12	1	0	0	0	0	0	0
S	26466	1	12	0	0	0	0	0	0	0
S	26467	1	0	1	0	0	0	0	0	0
S	26468	1	0	0	0	0	0	0	0	0
S	26469	1	3	1	0	0	0	0	0	0
S	26470	1	3	0	0	0	0	0	0	0
S	26471	1	0	1	0	0	0	0	0	0
S	26472	1	0	0	0	0	0	0	0	0
S	26473	1	6	1	0	0	0	0	0	0
S	26474	1	6	0	0	0	0	0	0	0
S	26475	1	0	1	0	0	0	0	0	0
S	26476	1	0	0	0	0	0	0	0	0
S	26477	1	9	1	0	0	0	0	0	0
S	26478	1	9	0	0	0	0	0	0	0
S	26479	1	0	1	0	0	0	0	0	0
S	26480	1	0	0	0	0	0	0	0	0
S	26481	1	12	1	0	0	0	0	0	0
S	26482	1	12	0	0	0	0	0	0	0
S	26483	1	0	1	0	0	0	0	0	0
S	26484	1	0	0	0	0	0	0	0	0
S	26485	1	3	1	0	0	0	0	0	0
S	26486	1	3	0	0	0	0	0	0	0
S	26487	1	0	1	0	0	0	0	0	0
S	26488	1	0	0	0	0	0	0	0	0
S	26489	1	6	1	0	0	0	0	0	0
S	26490	1	6	0	0	0	0	0	0	0
S	26491	1	0	1	0	0	0	0	0	0
S	26492	1	0	0	0	0	0	0	0	0
S	26493	1	9	1	0	0	0	0	0	0
S	26494	1	9	0	0	0	0	0	0	0
S	26495	1	0	1	0	0	0	0	0	0
S	26496	1	0	0	0	0	0	0	0	0
S	26497	1	12	1	0	0	0	0	0	0
S	26498	1	12	0	0	0	0	0	0	0
S	26499	1	0	1	0	0	0	0	0	0
S	26500	1	0	0	0	0	0	0	0	0
S	26501	1	3	1	0	0	0	0	0	0
S	26502	1	3	0	0	0	0	0	0	0
S	26503	1	0	1	0	0	0	0	0	0
S	26504	1	0	0	0	0	0	0	0	0
S	26505	1	6	1	0	0	0	0	0	0
S	26506	1	6	0	0	0	0	0	0	0
S	26507	1	0	1	0	0	0	0	0	0
S	26508	1	0	0	0	0	0	0	0	0
S	26509	1	9	1	0	0	0	0	0	0
S	26510	1	9	0	0	0	0	0	0	0
S	26511	1	0	1	0	0	0	0	0	0
S	26512	1	0	0	0	0	0	0	0	0
S	26513	1	12	1	0	0	0	0	0	0
S	26514	1	12	0	0	0	0	0	0	0
S	26515	1	0	1	0	0	0	0	0	0
S	26516	1	0	0	0	0	0	0	0	0
S	26517	1	3	1	0	0	0	0	0	0
S	26518	1	3	0	0	0	0	0	0	0
S	26519	1	0	1	0	0	0	0	0	0
S	26520	1	0	0	0	0	0	0	0	0
S	26521	1	6	1	0	0	0	0	0	0
S	26522	1	6	0	0	0	0	0	0	0
S	26523	1	0	1	0	0	0	0	0	0
S	26524	1	0	0	0	0	0	0	0	0
S	26525	1	9	1	0	0	0	0	0	0
S	26526	1	9	0	0	0	0	0	0	0
S	26527	1	0	1	0	0	0	0	0	0
S	26528	1	0	0	0	0	0	0	0	0
S	26529	1	12	1	0	0	0	0	0	0
S	26530	1	12	0	0	0	0	0	0	0
S	26531	1	0	1	0	0	0	0	0	0
S	26532	1	0	0	0	0	0	0	0	0
S	26533	1	3	1	0	0	0	0	0	0
S	26534	1	3	0	0	0	0	0	0	0
S	26535	1	0	1	0	0	0	0	0	0
S	26536	1	0	0	0	0	0	0	0	0
S	26537	1	6	1	0	0	0	0	0	0
S	26538	1	6	0	0	0	0	0	0	0
S	26539	1	0	1	0	0	0	0	0	0
S	26540	1	0	0	0	0	0	0	0	0
S	26541	1	9	1	0	0	0	0	0	0
S	26542	1	9	0	0	0	0	0	0	0
S	26543	1	0	1	0	0	0	0	0	0
S	26544	1	0	0	0	0	0	0	0	0
S	26545	1	12	1	0	0	0	0	0	0
S	26546	1	12	0	0	0	0	0	0	0
S	26547	1	0	1	0	0	0	0	0	0
S	26548	1	0	0	0	0	0	0	0	0
S	26549	1	3	1	0	0	0	0	0	0
S	26550	1	3	0	0	0	0	0	0	0
S	26551	1	0	1	0	0	0	0	0	0
S	26552	1	0	0	0	0	0	0	0	0
S	26553	1	6	1	0	0	0	0	0	0
S	26554	1	6	0	0	0	0	0	0	0
S	26555	1	0	1	0	0	0	0	0	0
S	26556	1	0	0	0	0	0	0	0	0
S	26557	1	9	1	0	0	0	0	0	0
S	26558	1	9	0	0	0	0	0	0	0
S	26559	1	0	1	0	0	0	0	0	0
S	26560	1	0	0	0	0	0	0	0	0
S	26561	1	12	1	0	0	0	0	0	0
S	26562	1	12	0	0	0	0	0	0	0
S	26563	1	0	1	0	0	0	0	0	0
S	26564	1	0	0	0	0	0	0	0	0
S	26565	1	3	1	0	0	0	0	0	0
S	26566	1	3	0	0	0	0	0	0	0
S	26567	1	0	1	0	0	0	0	0	0
S	26568	1	0	0	0	0	0	0	0	0
S	26569	1	6	1	0	0	0	0	0	0
S	26570	1	6	0	0	0	0	0	0	0
S	26571	1	0	1	0	0	0	0	0	0
S	26572	1	0	0	0	0	0	0	0	0
S	26573	1	9	1	0	0	0	0	0	0
S	26574	1	9	0	0	0	0	0	0	0
S	26575	1	0	1	0	0	0	0	0	0
S	26576	1	0	0	0	0	0	0	0	0
S	26577	1	12	1	0	0	0	0	0	0
S	26578	1	12	0	0	0	0	0	0	0
S	26579	1	0	1	0	0	0	0	0	0
S	26580	1	0	0	0	0	0	0	0	0
S	26581	1	3	1	0	0	0	0	0	0
S	26582	1	3	0	0	0	0	0	0	0
S	26583	1	0	1	0	0	0	0	0	0
S	26584	1	0	0	0	0	0	0	0	0
S	26585	1	6	1	0	0	0	0	0	0
S	26586	1	6	0	0	0	0	0	0	0
S	26587	1	0	1	0	0	0	0	0	0
S	26588	1	0	0	0	0	0	0	0	0
S	26589	1	9	1	0	0	0	0	0	0
S	26590	1	9	0	0	0	0	0	0	0
S	26591	1	0	1	0	0	0	0	0	0
S	26592	1	0	0	0	0	0	0	0	0
S	26593	1	12	1	0	0	0	0	0	0
S	26594	1	12	0	0	0	0	0	0	0
S	26595	1	0	1	0	0	0	0	0	0
S	26596	1	0	0	0	0	0	0	0	0
S	26597	1	3	1	0	0	0	0	0	0
S	26598	1	3	0	0	0	0	0	0	0
S	26599	1	0	1	0	0	0	0	0	0
S	26600	1	0	0	0	0	0	0	0	0
S	26601	1	6	1	0	0	0	0	0	0
S	26602	1	6	0	0	0	0	0	0	0
S	26603	1	0	1	0	0	0	0	0	0
S	26604	1	0	0	0	0	0	0	0	0
S	26605	1	9	1	0	0	0	0	0	0
S	26606	1	9	0	0	0	0	0	0	0
S	26607	1	0	1	0	0	0	0	0	0
S	26608	1	0	0	0	0	0	0	0	0
S	26609	1	12	1	0	0	0	0	0	0
S	26610	1	12	0	0	0	0	0	0	0
S	26611	1	0	1	0	0	0	0	0	0
S	26612	1	0	0	0	0	0	0	0	0
S	26613	1	3	1	0	0	0	0	0	0
S	26614	1	3	0	0	0	0	0	0	0
S	26615	1	0	1	0	0	0	0	0	0
S	26616	1	0	0	0	0	0	0	0	0
S	26617	1	6	1	0	0	0	0	0	0
S	26618	1	6	0	0	0	0	0	0	0
S	26619	1	0	1	0	0	0	0	0	0
S	26620	1	0	0	0	0	0	0	0	0
S	26621	1	9	1	0	0	0	0	0	0
S	26622	1	9	0	0	0	0	0	0	0
S	26623	1	0	1	0	0	0	0	0	0
S	26624	1	0	0	0	0	0	0	0	0
S	26625	1	12	1	0	0	0	0	0	0
S	26626	1	12	0	0	0	0	0	0	0
S	26627	1	0	1	0	0	0	0	0	0
S	26628	1	0	0	0	0	0	0	0	0
S	26629	1	3	1	0	0	0	0	0	0
S	26630	1	3	0	0	0	0	0	0	0
S	26631	1	0	1	0	0	0	0	0	0
S	26632	1	0	0	0	0	0	0	0	0
S	26633	1	6	1	0	0	0	0	0	0
S	26634	1	6	0	0	0	0	0	0	0
S	26635	1	0	1	0	0	0	0	0	0
S	26636	1	0	0	0	0	0	0	0	0
S	26637	1	9	1	0	0	0	0	0	0
S	26638	1	9	0	0	0	0	0	0	0
S	26639	1	0	1	0	0	0	0	0	0
S	26640	1	0	0	0	0	0	0	0	0
S	26641	1	12	1	0	0	0	0	0	0
S	26642	1	12	0	0	0	0	0	0	0
S	26643	1	0	1	0	0	0	0	0	0
S	26644	1	0	0	0	0	0	0	0	0
S	26645	1	3	1	0	0	0	0	0	0
S	26646	1	3	0	0	0	0	0	0	0
S	26647	1	0	1	0	0	0	0	0	0
S	26648	1	0	0	0	0	0	0	0	0
S	26649	1	6	1	0	0	0	0	0	0
S	26650	1	6	0	0	0	0	0	0	0
S	26651	1	0	1	0	0	0	0	0	0
S	26652	1	0	0	0	0	0	0	0	0
S	26653	1	9	1	0	0	0	0	0	0
S	26654	1	9	0	0	0	0	0	0	0
S	26655	1	0	1	0	0	0	0	0	0
S	26656	1	0	0	0	0	0	0	0	0
S	26657	1	12	1	0	0	0	0	0	0
S	26658	1	12	0	0	0	0	0	0	0
S	26659	1	0	1	0	0	0	0	0	0
S	26660	1	0	0	0	0	0	0	0	0
S	26661	1	3	1	0	0	0	0	0	0
S	26662	1	3	0	0	0	0	0	0	0
S	26663	1	0	1	0	0	0	0	0	0
S	26664	1	0	0	0	0	0	0	0	0
S	26665	1	6	1	0	0	0	0	0	0
S	26666	1	6	0	0	0	0	0	0	0
S	26667	1	0	1	0	0	0	0	0	0
S	26668	1	0	0	0	0	0	0	0	0
S	26669	1	9	1	0	0	0	0	0	0
S	26670	1	9	0	0	0	0	0	0	0
S	26671	1	0	1	0	0	0	0	0	0
S	26672	1	0	0	0	0	0	0	0	0
S	26673	1	12	1	0	0	0	0	0	0
S	26674	1	12	0	0	0	0	0	0	0
S	26675	1	0	1	0	0	0	0	0	0
S	26676	1	0	0	0	0	0	0	0	0
S	26677	1	3	1	0	0	0	0	0	0
S	26678	1	3	0	0	0	0	0	0	0
S	26679	1	0	1	0	0	0	0	0	0
S	26680	1	0	0	0	0	0	0	0	0
S	26681	1	6	1	0	0	0	0	0	0
S	26682	1	6	0	0	0	0	0	0	0
S	26683	1	0	1	0	0	0	0	0	0
S	26684	1	0	0	0	0	0	0	0	0
S	26685	1	9	1	0	0	0	0	0	0
S	26686	1	9	0	0	0	0	0	0	0
S	26687	1	0	1	0	0	0	0	0	0
S	26688	1	0	0	0	0	0	0	0	0
S	26689	1	12	1	0	0	0	0	0	0
S	26690	1	12	0	0	0	0	0	0	0
S	26691	1	0	1	0	0	0	0	0	0
S	26692	1	0	0	0	0	0	0	0	0
S	26693	1	3	1	0	0	0	0	0	0
S	26694	1	3	0	0	0	0	0	0	0
S	26695	1	0	1	0	0	0	0	0	0
S	26696	1	0	0	0	0	0	0	0	0
S	26697	1	6	1	0	0	0	0	0	0
S	26698	1	6	0	0	0	0	0	0	0
S	26699	1	0	1	0	0	0	0	0	0
S	26700	1	0	0	0	0	0	0	0	0
S	26701	1	9	1	0	0	0	0	0	0
S	26702	1	9	0	0	0	0	0	0	0
S	26703	1	0	1	0	0	0	0	0	0
S	26704	1	0	0	0	0	0	0	0	0
S	26705	1	12	1	0	0	0	0	0	0
S	26706	1	12	0	0	0	0	0	0	0
S	26707	1	0	1	0	0	0	0	0	0
S	26708	1	0	0	0	0	0	0	0	0
S	26709	1	3	1	0	0	0	0	0	0
S	26710	1	3	0	0	0	0	0	0	0
S	26711	1	0	1	0	0	0	0	0	0
S	26712	1	0	0	0	0	0	0	0	0
S	26713	1	6	1	0	0	0	0	0	0
S	26714	1	6	0	0	0	0	0	0	0
S	26715	1	0	1	0	0	0	0	0	0
S	26716	1	0	0	0	0	0	0	0	0
S	26717	1	9	1	0	0	0	0	0	0
S	26718	1	9	0	0	0	0	0	0	0
S	26719	1	0	1	0	0	0	0	0	0
S	26720	1	0	0	0	0	0	0	0	0
S	26721	1	12	1	0	0	0	0	0	0
S	26722	1	12	0	0	0	0	0	0	0
S	26723	1	0	1	0	0	0	0	0	0
S	26724	1	0	0	0	0	0	0	0	0
S	26725	1	3	0	0	0	0	0	0	0
S	26726	1	0	0	0	0	0	0	0	0
S	26727	1	3	0	0	0	0	0	0	0
S	26728	1	0	0	0	0	0	0	0	0
S	26729	1	3	0	0	0	0	0	0	0
S	26730	1	0	0	0	0	0	0	0	0
S	26731	1	3	0	0	0	0	0	0	0
S	26732	1	0	0	0	0	0	0	0	0
S	26733	1	3	0	0	0	0	0	0	0
S	26734	1	0	0	0	0	0	0	0	0
S	26735	1	3	0	0	0	0	0	0	0
S	26736	1	0	0	0	0	0	0	0	0
S	26737	1	3	0	0	0	0	0	0	0
S	26738	1	0	0	0	0	0	0	0	0
S	26739	1	3	0	0	0	0	0	0	0
S	26740	1	0	0	0	0	0	0	0	0
S	26741	1	3	0	0	0	0	0	0	0
S	26742	1	0	0	0	0	0	0	0	0
S	26743	1	3	0	0	0	0	0	0	0
S	26744	1	0	0	0	0	0	0	0	0
S	26745	1	3	0	0	0	0	0	0	0
S	26746	1	0	0	0	0	0	0	0	0
S	26747	1	3	0	0	0	0	0	0	0
S	26748	1	0	0	0	0	0	0	0	0
S	26749	1	3	0	0	0	0	0	0	0
S	26750	1	0	0	0	0	0	0	0	0
S	26751	1	3	0	0	0	0	0	0	0
S	26752	1	0	0	0	0	0	0	0	0
S	26753	1	3	0	0	0	0	0	0	0
S	26754	1	0	0	0	0	0	0	0	0
S	26755	1	3	0	0	0	0	0	0	0
S	26756	1	0	0	0	0	0	0	0	0
S	26757	1	3	0	0	0	0	0	0	0
S	26758	1	0	0	0	0	0	0	0	0
S	26759	2	0	15	0	0	0	0	0	0
S	26761	1	5	1	0	0	0	0	0	0
S	26762	1	5	0	0	0	0	0	0	0
S	26763	1	5	1	0	0	0	0	0	0
S	26764	1	5	0	0	0	0	0	0	0
S	26765	1	5	1	0	0	0	0	0	0
S	26766	1	5	0	0	0	0	0	0	0
S	26767	1	5	1	0	0	0	0	0	0
S	26768	1	5	0	0	0	0	0	0	0
S	26769	1	5	1	0	0	0	0	0	0
S	26770	1	5	0	0	0	0	0	0	0
S	26771	1	5	1	0	0	0	0	0	0
S	26772	1	5	0	0	0	0	0	0	0
S	26773	1	4	1	0	0	0	0	0	0
S	26774	1	4	0	0	0	0	0	0	0
S	26775	1	4	1	0	0	0	0	0	0
S	26776	1	4	0	0	0	0	0	0	0
S	26777	1	4	1	0	0	0	0	0	0
S	26778	1	4	0	0	0	0	0	0	0
S	26779	1	4	1	0	0	0	0	0	0
S	26780	1	4	0	0	0	0	0	0	0
S	26781	1	4	1	0	0	0	0	0	0
S	26782	1	4	0	0	0	0	0	0	0
S	26783	1	4	1	0	0	0	0	0	0
S	26784	1	4	0	0	0	0	0	0	0
S	26785	1	2	1	0	0	0	0	0	0
S	26786	1	2	0	0	0	0	0	0	0
S	26787	1	2	1	0	0	0	0	0	0
S	26788	1	2	0	0	0	0	0	0	0
S	26789	1	2	1	0	0	0	0	0	0
S	26790	1	2	0	0	0	0	0	0	0
S	26791	1	2	1	0	0	0	0	0	0
S	26792	1	2	0	0	0	0	0	0	0
S	26793	1	2	1	0	0	0	0	0	0
S	26794	1	2	0	0	0	0	0	0	0
S	26795	1	2	1	0	0	0	0	0	0
S	26796	1	2	0	0	0	0	0	0	0
S	26797	1	1	1	0	0	0	0	0	0
S	26798	1	1	0	0	0	0	0	0	0
S	26799	1	1	1	0	0	0	0	0	0
S	26800	1	1	0	0	0	0	0	0	0
S	26801	1	1	1	0	0	0	0	0	0
S	26802	1	1	0	0	0	0	0	0	0
S	26803	1	1	1	0	0	0	0	0	0
S	26804	1	1	0	0	0	0	0	0	0
S	26805	1	1	1	0	0	0	0	0	0
S	26806	1	1	0	0	0	0	0	0	0
S	26807	1	1	1	0	0	0	0	0	0
S	26808	1	1	0	0	0	0	0	0	0
S	26809	1	0	15	0	0	0	0	0	0
S	26810	1	0	1	0	2	18	18	18	18
S	26811	1	0	0	0	2	18	18	18	18
S	26812	1	0	1	2	0	26	26	26	26
S	26813	1	0	0	2	0	26	26	26	26
S	26814	2	0	15	0	0	0	0	0	0
S	26816	1	0	1	17	2	2	18	19	19
S	26817	1	0	0	17	2	2	18	19	19
S	26818	1	0	1	20	2	2	21	2	19
S	26819	1	0	0	20	2	2	21	2	19
S	26820	1	0	1	22	2	2	23	19	2
S	26821	1	0	0	22	2	2	23	19	2
S	26822	1	0	1	24	2	21	18	19	18
S	26823	1	0	0	24	2	21	18	19	18
S	26824	1	0	1	25	2	23	18	18	19
S	26825	1	0	0	25	2	23	18	18	19
S	26826	1	0	1	2	17	2	26	27	27
S	26827	1	0	0	2	17	2	26	27	27
S	26828	1	0	1	2	20	2	28	2	27
S	26829	1	0	0	2	20	2	28	2	27
S	26830	1	0	1	2	22	2	29	27	2
S	26831	1	0	0	2	22	2	29	27	2
S	26832	1	0	1	2	24	28	26	27	26
S	26833	1	0	0	2	24	28	26	27	26
S	26834	1	0	1	2	25	29	26	26	27
S	26835	1	0	0	2	25	29	26	26	27
S	26836	1	0	1	30	2	18	2	31	31
S	26837	1	0	0	30	2	18	2	31	31
S	26838	1	0	1	32	2	23	2	31	2
S	26839	1	0	0	32	2	23	2	31	2
S	26840	1	0	1	33	2	21	2	2	31
S	26841	1	0	0	33	2	21	2	2	31
S	26842	1	0	1	34	2	18	23	18	31
S	26843	1	0	0	34	2	18	23	18	31
S	26844	1	0	1	35	2	18	21	31	18
S	26845	1	0	0	35	2	18	21	31	18
S	26846	1	0	1	2	30	26	2	36	36
S	26847	1	0	0	2	30	26	2	36	36
S	26848	1	0	1	2	32	29	2	36	2
S	26849	1	0	0	2	32	29	2	36	2
S	26850	1	0	1	2	33	28	2	2	36
S	26851	1	0	0	2	33	28	2	2	36
S	26852	1	0	1	2	34	26	29	26	36
S	26853	1	0	0	2	34	26	29	26	36
S	26854	1	0	1	2	35	26	28	36	26
S	26855	1	0	0	2	35	26	28	36	26
S	26856	1	0	1	37	2	21	21	2	18
S	26857	1	0	0	37	2	21	21	2	18
S	26858	1	0	1	33	2	21	2	2	31
S	26859	1	0	0	33	2	21	2	2	31
S	26860	1	0	1	20	2	2	21	2	19
S	26861	1	0	0	20	2	2	21	2	19
S	26862	1	0	1	35	2	18	21	31	18
S	26863	1	0	0	35	2	18	21	31	18
S	26864	1	0	1	24	2	21	18	19	18
S	26865	1	0	0	24	2	21	18	19	18
S	26866	1	0	1	2	37	28	28	2	26
S	26867	1	0	0	2	37	28	28	2	26
S	26868	1	0	1	2	33	28	2	2	36
S	26869	1	0	0	2	33	28	2	2	36
S	26870	1	0	1	2	20	2	28	2	27
S	26871	1	0	0	2	20	2	28	2	27
S	26872	1	0	1	2	35	26	28	36	26
S	26873	1	0	0	2	35	26	28	36	26
S	26874	1	0	1	2	24	28	26	27	26
S	26875	1	0	0	2	24	28	26	27	26
S	26876	1	0	1	38	2	23	23	18	2
S	26877	1	0	0	38	2	23	23	18	2
S	26878	1	0	1	22	2	2	23	19	2
S	26879	1	0	0	22	2	2	23	19	2
S	26880	1	0	1	32	2	23	2	31	2
S	26881	1	0	0	32	2	23	2	31	2
S	26882	1	0	1	25	2	23	18	18	19
S	26883	1	0	0	25	2	23	18	18	19
S	26884	1	0	1	34	2	18	23	18	31
S	26885	1	0	0	34	2	18	23	18	31
S	26886	1	0	1	2	38	29	29	26	2
S	26887	1	0	0	2	38	29	29	26	2
S	26888	1	0	1	2	22	2	29	27	2
S	26889	1	0	0	2	22	2	29	27	2
S	26890	1	0	1	2	32	29	2	36	2
S	26891	1	0	0	2	32	29	2	36	2
S	26892	1	0	1	2	25	29	26	26	27
S	26893	1	0	0	2	25	29	26	26	27
S	26894	1	0	1	2	34	26	29	26	36
S	26895	1	0	0	2	34	26	29	26	36
S	26896	3	0	1	0	0	0	0	0	0
S	26899	3	0	0	0	0	0	0	0	0
S	26902	3	0	1	0	0	0	0	0	0
S	26905	3	0	0	0	0	0	0	0	0
S	26908	3	0	1	0	0	0	0	0	0
S	26911	3	0	0	0	0	0	0	0	0
S	26914	3	0	1	0	0	0	0	0	0
S	26917	3	0	0	0	0	0	0	0	0
S	26920	3	0	1	0	0	0	0	0	0
S	26923	3	0	0	0	0	0	0	0	0
S	26926	3	0	1	0	0	0	0	0	0
S	26929	3	0	0	0	0	0	0	0	0
S	26932	3	0	1	0	0	0	0	0	0
S	26935	3	0	0	0	0	0	0	0	0
S	26938	3	0	1	0	0	0	0	0	0
S	26941	3	0	0	0	0	0	0	0	0
S	26944	3	0	1	0	0	0	0	0	0
S	26947	3	0	0	0	0	0	0	0	0
S	26950	3	0	1	0	0	0	0	0	0
S	26953	3	0	0	0	0	0	0	0	0
S	26956	3	0	1	0	0	0	0	0	0
S	26959	3	0	0	0	0	0	0	0	0
S	26962	3	0	1	0	0	0	0	0	0
S	26965	3	0	0	0	0	0	0	0	0
S	26968	3	0	1	0	0	0	0	0	0
S	26971	3	0	0	0	0	0	0	0	0
S	26974	3	0	1	0	0	0	0	0	0
S	26977	3	0	0	0	0	0	0	0	0
S	26980	3	0	1	0	0	0	0	0	0
S	26983	3	0	0	0	0	0	0	0	0
S	26986	3	0	1	0	0	0	0	0	0
S	26989	3	0	0	0	0	0	0	0	0
S	26992	3	0	1	0	0	0	0	0	0
S	26995	3	0	0	0	0	0	0	0	0
S	26998	3	0	1	0	0	0	0	0	0
S	27001	3	0	0	0	0	0	0	0	0
S	27004	3	0	1	0	0	0	0	0	0
S	27007	3	0	0	0	0	0	0	0	0
S	27010	3	0	1	0	0	0	0	0	0
S	27013	3	0	0	0	0	0	0	0	0
S	27016	3	0	1	0	0	0	0	0	0
S	27019	3	0	0	0	0	0	0	0	0
S	27022	3	0	1	0	0	0	0	0	0
S	27025	3	0	0	0	0	0	0	0	0
S	27028	3	0	1	0	0	0	0	0	0
S	27031	3	0	0	0	0	0	0	0	0
S	27034	3	0	1	0	0	0	0	0	0
S	27037	3	0	0	0	0	0	0	0	0
S	27040	3	0	1	0	0	0	0	0	0
S	27043	3	0	0	0	0	0	0	0	0
S	27046	3	0	1	0	0	0	0	0	0
S	27049	3	0	0	0	0	0	0	0	0
S	27052	3	0	1	0	0	0	0	0	0
S	27055	3	0	0	0	0	0	0	0	0
S	27058	3	0	1	0	0	0	0	0	0
S	27061	3	0	0	0	0	0	0	0	0
S	27064	3	0	1	0	0	0	0	0	0
S	27067	3	0	0	0	0	0	0	0	0
S	27070	3	0	1	0	0	0	0	0	0
S	27073	3	0	0	0	0	0	0	0	0
S	27076	3	0	1	0	0	0	0	0	0
S	27079	3	0	0	0	0	0	0	0	0
S	27082	3	0	1	0	0	0	0	0	0
S	27085	3	0	0	0	0	0	0	0	0
S	27088	3	0	1	0	0	0	0	0	0
S	27091	3	0	0	0	0	0	0	0	0
S	27094	3	0	1	0	0	0	0	0	0
S	27097	3	0	0	0	0	0	0	0	0
S	27100	3	0	1	0	0	0	0	0	0
S	27103	3	0	0	0	0	0	0	0	0
S	27106	3	0	1	0	0	0	0	0	0
S	27109	3	0	0	0	0	0	0	0	0
S	27112	3	0	1	0	0	0	0	0	0
S	27115	3	0	0	0	0	0	0	0	0
S	27118	3	0	1	0	0	0	0	0	0
S	27121	3	0	0	0	0	0	0	0	0
S	27124	3	0	1	0	0	0	0	0	0
S	27127	3	0	0	0	0	0	0	0	0
S	27130	3	0	1	0	0	0	0	0	0
S	27133	3	0	0	0	0	0	0	0	0
S	27136	3	0	1	0	0	0	0	0	0
S	27139	3	0	0	0	0	0	0	0	0
S	27142	3	0	1	0	0	0	0	0	0
S	27145	3	0	0	0	0	0	0	0	0
S	27148	3	0	1	0	0	0	0	0	0
S	27151	3	0	0	0	0	0	0	0	0
S	27154	3	0	1	0	0	0	0	0	0
S	27157	3	0	0	0	0	0	0	0	0
S	27160	3	0	1	0	0	0	0	0	0
S	27163	3	0	0	0	0	0	0	0	0
S	27166	3	0	1	0	0	0	0	0	0
S	27169	3	0	0	0	0	0	0	0	0
S	27172	3	0	1	0	0	0	0	0	0
S	27175	3	0	0	0	0	0	0	0	0
S	27178	3	0	1	0	0	0	0	0	0
S	27181	3	0	0	0	0	0	0	0	0
S	27184	3	0	1	0	0	0	0	0	0
S	27187	3	0	0	0	0	0	0	0	0
S	27190	3	0	1	0	0	0	0	0	0
S	27193	3	0	0	0	0	0	0	0	0
S	27196	3	0	1	0	0	0	0	0	0
S	27199	3	0	0	0	0	0	0	0	0
S	27202	3	0	1	0	0	0	0	0	0
S	27205	3	0	0	0	0	0	0	0	0
S	27208	3	0	1	0	0	0	0	0	0
S	27211	3	0	0	0	0	0	0	0	0
S	27214	3	0	1	0	0	0	0	0	0
S	27217	3	0	0	0	0	0	0	0	0
S	27220	1	0	15	0	0	0	0	0	0
S	27221	1	0	1	0	2	18	18	18	18
S	27222	1	0	0	0	2	18	18	18	18
S	27223	1	0	1	2	0	26	26	26	26
S	27224	1	0	0	2	0	26	26	26	26
S	27225	2	0	15	0	0	0	0	0	0
S	27227	1	0	1	17	2	2	18	19	19
S	27228	1	0	0	17	2	2	18	19	19
S	27229	1	0	1	20	2	2	21	2	19
S	27230	1	0	0	20	2	2	21	2	19
S	27231	1	0	1	22	2	2	23	19	2
S	27232	1	0	0	22	2	2	23	19	2
S	27233	1	0	1	24	2	21	18	19	18
S	27234	1	0	0	24	2	21	18	19	18
S	27235	1	0	1	25	2	23	18	18	19
S	27236	1	0	0	25	2	23	18	18	19
S	27237	1	0	1	2	17	2	26	27	27
S	27238	1	0	0	2	17	2	26	27	27
S	27239	1	0	1	2	20	2	28	2	27
S	27240	1	0	0	2	20	2	28	2	27
S	27241	1	0	1	2	22	2	29	27	2
S	27242	1	0	0	2	22	2	29	27	2
S	27243	1	0	1	2	24	28	26	27	26
S	27244	1	0	0	2	24	28	26	27	26
S	27245	1	0	1	2	25	29	26	26	27
S	27246	1	0	0	2	25	29	26	26	27
S	27247	1	0	1	30	2	18	2	31	31
S	27248	1	0	0	30	2	18	2	31	31
S	27249	1	0	1	32	2	23	2	31	2
S	27250	1	0	0	32	2	23	2	31	2
S	27251	1	0	1	33	2	21	2	2	31
S	27252	1	0	0	33	2	21	2	2	31
S	27253	1	0	1	34	2	18	23	18	31
S	27254	1	0	0	34	2	18	23	18	31
S	27255	1	0	1	35	2	18	21	31	18
S	27256	1	0	0	35	2	18	21	31	18
S	27257	1	0	1	2	30	26	2	36	36
S	27258	1	0	0	2	30	26	2	36	36
S	27259	1	0	1	2	32	29	2	36	2
S	27260	1	0	0	2	32	29	2	36	2
S	27261	1	0	1	2	33	28	2	2	36
S	27262	1	0	0	2	33	28	2	2	36
S	27263	1	0	1	2	34	26	29	26	36
S	27264	1	0	0	2	34	26	29	26	36
S	27265	1	0	1	2	35	26	28	36	26
S	27266	1	0	0	2	35	26	28	36	26
S	27267	1	0	1	37	2	21	21	2	18
S	27268	1	0	0	37	2	21	21	2	18
S	27269	1	0	1	33	2	21	2	2	31
S	27270	1	0	0	33	2	21	2	2	31
S	27271	1	0	1	20	2	2	21	2	19
S	27272	1	0	0	20	2	2	21	2	19
S	27273	1	0	1	35	2	18	21	31	18
S	27274	1	0	0	35	2	18	21	31	18
S	27275	1	0	1	24	2	21	18	19	18
S	27276	1	0	0	24	2	21	18	19	18
S	27277	1	0	1	2	37	28	28	2	26
S	27278	1	0	0	2	37	28	28	2	26
S	27279	1	0	1	2	33	28	2	2	36
S	27280	1	0	0	2	33	28	2	2	36
S	27281	1	0	1	2	20	2	28	2	27
S	27282	1	0	0	2	20	2	28	2	27
S	27283	1	0	1	2	35	26	28	36	26
S	27284	1	0	0	2	35	26	28	36	26
S	27285	1	0	1	2	24	28	26	27	26
S	27286	1	0	0	2	24	28	26	27	26
S	27287	1	0	1	38	2	23	23	18	2
S	27288	1	0	0	38	2	23	23	18	2
S	27289	1	0	1	22	2	2	23	19	2
S	27290	1	0	0	22	2	2	23	19	2
S	27291	1	0	1	32	2	23	2	31	2
S	27292	1	0	0	32	2	23	2	31	2
S	27293	1	0	1	25	2	23	18	18	19
S	27294	1	0	0	25	2	23	18	18	19
S	27295	1	0	1	34	2	18	23	18	31
S	27296	1	0	0	34	2	18	23	18	31
S	27297	1	0	1	2	38	29	29	26	2
S	27298	1	0	0	2	38	29	29	26	2
S	27299	1	0	1	2	22	2	29	27	2
S	27300	1	0	0	2	22	2	29	27	2
S	27301	1	0	1	2	32	29	2	36	2
S	27302	1	0	0	2	32	29	2	36	2
S	27303	1	0	1	2	25	29	26	26	27
S	27304	1	0	0	2	25	29	26	26	27
S	27305	1	0	1	2	34	26	29	26	36
S	27306	1	0	0	2	34	26	29	26	36
S	27307	3	0	1	0	0	0	0	0	0
S	27310	3	0	0	0	0	0	0	0	0
S	27313	3	0	1	0	0	0	0	0	0
S	27316	3	0	0	0	0	0	0	0	0
S	27319	3	0	1	0	0	0	0	0	0
S	27322	3	0	0	0	0	0	0	0	0
S	27325	3	0	1	0	0	0	0	0	0
S	27328	3	0	0	0	0	0	0	0	0
S	27331	3	0	1	0	0	0	0	0	0
S	27334	3	0	0	0	0	0	0	0	0
S	27337	3	0	1	0	0	0	0	0	0
S	27340	3	0	0	0	0	0	0	0	0
S	27343	3	0	1	0	0	0	0	0	0
S	27346	3	0	0	0	0	0	0	0	0
S	27349	3	0	1	0	0	0	0	0	0
S	27352	3	0	0	0	0	0	0	0	0
S	27355	3	0	1	0	0	0	0	0	0
S	27358	3	0	0	0	0	0	0	0	0
S	27361	3	0	1	0	0	0	0	0	0
S	27364	3	0	0	0	0	0	0	0	0
S	27367	3	0	1	0	0	0	0	0	0
S	27370	3	0	0	0	0	0	0	0	0
S	27373	3	0	1	0	0	0	0	0	0
S	27376	3	0	0	0	0	0	0	0	0
S	27379	3	0	1	0	0	0	0	0	0
S	27382	3	0	0	0	0	0	0	0	0
S	27385	3	0	1	0	0	0	0	0	0
S	27388	3	0	0	0	0	0	0	0	0
S	27391	3	0	1	0	0	0	0	0	0
S	27394	3	0	0	0	0	0	0	0	0
S	27397	3	0	1	0	0	0	0	0	0
S	27400	3	0	0	0	0	0	0	0	0
S	27403	3	0	1	0	0	0	0	0	0
S	27406	3	0	0	0	0	0	0	0	0
S	27409	3	0	1	0	0	0	0	0	0
S	27412	3	0	0	0	0	0	0	0	0
S	27415	3	0	1	0	0	0	0	0	0
S	27418	3	0	0	0	0	0	0	0	0
S	27421	3	0	1	0	0	0	0	0	0
S	27424	3	0	0	0	0	0	0	0	0
S	27427	3	0	1	0	0	0	0	0	0
S	27430	3	0	0	0	0	0	0	0	0
S	27433	3	0	1	0	0	0	0	0	0
S	27436	3	0	0	0	0	0	0	0	0
S	27439	3	0	1	0	0	0	0	0	0
S	27442	3	0	0	0	0	0	0	0	0
S	27445	3	0	1	0	0	0	0	0	0
S	27448	3	0	0	0	0	0	0	0	0
S	27451	3	0	1	0	0	0	0	0	0
S	27454	3	0	0	0	0	0	0	0	0
S	27457	3	0	1	0	0	0	0	0	0
S	27460	3	0	0	0	0	0	0	0	0
S	27463	3	0	1	0	0	0	0	0	0
S	27466	3	0	0	0	0	0	0	0	0
S	27469	3	0	1	0	0	0	0	0	0
S	27472	3	0	0	0	0	0	0	0	0
S	27475	3	0	1	0	0	0	0	0	0
S	27478	3	0	0	0	0	0	0	0	0
S	27481	3	0	1	0	0	0	0	0	0
S	27484	3	0	0	0	0	0	0	0	0
S	27487	3	0	1	0	0	0	0	0	0
S	27490	3	0	0	0	0	0	0	0	0
S	27493	3	0	1	0	0	0	0	0	0
S	27496	3	0	0	0	0	0	0	0	0
S	27499	3	0	1	0	0	0	0	0	0
S	27502	3	0	0	0	0	0	0	0	0
S	27505	3	0	1	0	0	0	0	0	0
S	27508	3	0	0	0	0	0	0	0	0
S	27511	3	0	1	0	0	0	0	0	0
S	27514	3	0	0	0	0	0	0	0	0
S	27517	3	0	1	0	0	0	0	0	0
S	27520	3	0	0	0	0	0	0	0	0
S	27523	3	0	1	0	0	0	0	0	0
S	27526	3	0	0	0	0	0	0	0	0
S	27529	3	0	1	0	0	0	0	0	0
S	27532	3	0	0	0	0	0	0	0	0
S	27535	3	0	1	0	0	0	0	0	0
S	27538	3	0	0	0	0	0	0	0	0
S	27541	3	0	1	0	0	0	0	0	0
S	27544	3	0	0	0	0	0	0	0	0
S	27547	3	0	1	0	0	0	0	0	0
S	27550	3	0	0	0	0	0	0	0	0
S	27553	3	0	1	0	0	0	0	0	0
S	27556	3	0	0	0	0	0	0	0	0
S	27559	3	0	1	0	0	0	0	0	0
S	27562	3	0	0	0	0	0	0	0	0
S	27565	3	0	1	0	0	0	0	0	0
S	27568	3	0	0	0	0	0	0	0	0
S	27571	3	0	1	0	0	0	0	0	0
S	27574	3	0	0	0	0	0	0	0	0
S	27577	3	0	1	0	0	0	0	0	0
S	27580	3	0	0	0	0	0	0	0	0
S	27583	3	0	1	0	0	0	0	0	0
S	27586	3	0	0	0	0	0	0	0	0
S	27589	3	0	1	0	0	0	0	0	0
S	27592	3	0	0	0	0	0	0	0	0
S	27595	3	0	1	0	0	0	0	0	0
S	27598	3	0	0	0	0	0	0	0	0
S	27601	3	0	1	0	0	0	0	0	0
S	27604	3	0	0	0	0	0	0	0	0
S	27607	3	0	1	0	0	0	0	0	0
S	27610	3	0	0	0	0	0	0	0	0
S	27613	3	0	1	0	0	0	0	0	0
S	27616	3	0	0	0	0	0	0	0	0
S	27619	3	0	1	0	0	0	0	0	0
S	27622	3	0	0	0	0	0	0	0	0
S	27625	3	0	1	0	0	0	0	0	0
S	27628	3	0	0	0	0	0	0	0	0
S	27631	2	0	15	0	0	0	0	0	0
S	27633	1	0	1	0	2	18	18	18	18
S	27634	1	0	0	0	2	18	18	18	18
S	27635	1	0	1	2	0	26	26	26	26
S	27636	1	0	0	2	0	26	26	26	26
S	27637	2	0	15	0	0	0	0	0	0
S	27639	1	0	1	17	2	2	18	19	19
S	27640	1	0	0	17	2	2	18	19	19
S	27641	1	0	1	20	2	2	21	2	19
S	27642	1	0	0	20	2	2	21	2	19
S	27643	1	0	1	22	2	2	23	19	2
S	27644	1	0	0	22	2	2	23	19	2
S	27645	1	0	1	24	2	21	18	19	18
S	27646	1	0	0	24	2	21	18	19	18
S	27647	1	0	1	25	2	23	18	18	19
S	27648	1	0	0	25	2	23	18	18	19
S	27649	1	0	1	2	17	2	26	27	27
S	27650	1	0	0	2	17	2	26	27	27
S	27651	1	0	1	2	20	2	28	2	27
S	27652	1	0	0	2	20	2	28	2	27
S	27653	1	0	1	2	22	2	29	27	2
S	27654	1	0	0	2	22	2	29	27	2
S	27655	1	0	1	2	24	28	26	27	26
S	27656	1	0	0	2	24	28	26	27	26
S	27657	1	0	1	2	25	29	26	26	27
S	27658	1	0	0	2	25	29	26	26	27
S	27659	1	0	1	30	2	18	2	31	31
S	27660	1	0	0	30	2	18	2	31	31
S	27661	1	0	1	32	2	23	2	31	2
S	27662	1	0	0	32	2	23	2	31	2
S	27663	1	0	1	33	2	21	2	2	31
S	27664	1	0	0	33	2	21	2	2	31
S	27665	1	0	1	34	2	18	23	18	31
S	27666	1	0	0	34	2	18	23	18	31
S	27667	1	0	1	35	2	18	21	31	18
S	27668	1	0	0	35	2	18	21	31	18
S	27669	1	0	1	2	30	26	2	36	36
S	27670	1	0	0	2	30	26	2	36	36
S	27671	1	0	1	2	32	29	2	36	2
S	27672	1	0	0	2	32	29	2	36	2
S	27673	1	0	1	2	33	28	2	2	36
S	27674	1	0	0	2	33	28	2	2	36
S	27675	1	0	1	2	34	26	29	26	36
S	27676	1	0	0	2	34	26	29	26	36
S	27677	1	0	1	2	35	26	28	36	26
S	27678	1	0	0	2	35	26	28	36	26
S	27679	1	0	1	37	2	21	21	2	18
S	27680	1	0	0	37	2	21	21	2	18
S	27681	1	0	1	33	2	21	2	2	31
S	27682	1	0	0	33	2	21	2	2	31
S	27683	1	0	1	20	2	2	21	2	19
S	27684	1	0	0	20	2	2	21	2	19
S	27685	1	0	1	35	2	18	21	31	18
S	27686	1	0	0	35	2	18	21	31	18
S	27687	1	0	1	24	2	21	18	19	18
S	27688	1	0	0	24	2	21	18	19	18
S	27689	1	0	1	2	37	28	28	2	26
S	27690	1	0	0	2	37	28	28	2	26
S	27691	1	0	1	2	33	28	2	2	36
S	27692	1	0	0	2	33	28	2	2	36
S	27693	1	0	1	2	20	2	28	2	27
S	27694	1	0	0	2	20	2	28	2	27
S	27695	1	0	1	2	35	26	28	36	26
S	27696	1	0	0	2	35	26	28	36	26
S	27697	1	0	1	2	24	28	26	27	26
S	27698	1	0	0	2	24	28	26	27	26
S	27699	1	0	1	38	2	23	23	18	2
S	27700	1	0	0	38	2	23	23	18	2
S	27701	1	0	1	22	2	2	23	19	2
S	27702	1	0	0	22	2	2	23	19	2
S	27703	1	0	1	32	2	23	2	31	2
S	27704	1	0	0	32	2	23	2	31	2
S	27705	1	0	1	25	2	23	18	18	19
S	27706	1	0	0	25	2	23	18	18	19
S	27707	1	0	1	34	2	18	23	18	31
S	27708	1	0	0	34	2	18	23	18	31
S	27709	1	0	1	2	38	29	29	26	2
S	27710	1	0	0	2	38	29	29	26	2
S	27711	1	0	1	2	22	2	29	27	2
S	27712	1	0	0	2	22	2	29	27	2
S	27713	1	0	1	2	32	29	2	36	2
S	27714	1	0	0	2	32	29	2	36	2
S	27715	1	0	1	2	25	29	26	26	27
S	27716	1	0	0	2	25	29	26	26	27
S	27717	1	0	1	2	34	26	29	26	36
S	27718	1	0	0	2	34	26	29	26	36
S	27719	3	0	1	0	0	0	0	0	0
S	27722	3	0	0	0	0	0	0	0	0
S	27725	3	0	1	0	0	0	0	0	0
S	27728	3	0	0	0	0	0	0	0	0
S	27731	3	0	1	0	0	0	0	0	0
S	27734	3	0	0	0	0	0	0	0	0
S	27737	3	0	1	0	0	0	0	0	0
S	27740	3	0	0	0	0	0	0	0	0
S	27743	3	0	1	0	0	0	0	0	0
S	27746	3	0	0	0	0	0	0	0	0
S	27749	3	0	1	0	0	0	0	0	0
S	27752	3	0	0	0	0	0	0	0	0
S	27755	3	0	1	0	0	0	0	0	0
S	27758	3	0	0	0	0	0	0	0	0
S	27761	3	0	1	0	0	0	0	0	0
S	27764	3	0	0	0	0	0	0	0	0
S	27767	3	0	1	0	0	0	0	0	0
S	27770	3	0	0	0	0	0	0	0	0
S	27773	3	0	1	0	0	0	0	0	0
S	27776	3	0	0	0	0	0	0	0	0
S	27779	3	0	1	0	0	0	0	0	0
S	27782	3	0	0	0	0	0	0	0	0
S	27785	3	0	1	0	0	0	0	0	0
S	27788	3	0	0	0	0	0	0	0	0
S	27791	3	0	1	0	0	0	0	0	0
S	27794	3	0	0	0	0	0	0	0	0
S	27797	3	0	1	0	0	0	0	0	0
S	27800	3	0	0	0	0	0	0	0	0
S	27803	3	0	1	0	0	0	0	0	0
S	27806	3	0	0	0	0	0	0	0	0
S	27809	3	0	1	0	0	0	0	0	0
S	27812	3	0	0	0	0	0	0	0	0
S	27815	3	0	1	0	0	0	0	0	0
S	27818	3	0	0	0	0	0	0	0	0
S	27821	3	0	1	0	0	0	0	0	0
S	27824	3	0	0	0	0	0	0	0	0
S	27827	3	0	1	0	0	0	0	0	0
S	27830	3	0	0	0	0	0	0	0	0
S	27833	3	0	1	0	0	0	0	0	0
S	27836	3	0	0	0	0	0	0	0	0
S	27839	3	0	1	0	0	0	0	0	0
S	27842	3	0	0	0	0	0	0	0	0
S	27845	3	0	1	0	0	0	0	0	0
S	27848	3	0	0	0	0	0	0	0	0
S	27851	3	0	1	0	0	0	0	0	0
S	27854	3	0	0	0	0	0	0	0	0
S	27857	3	0	1	0	0	0	0	0	0
S	27860	3	0	0	0	0	0	0	0	0
S	27863	3	0	1	0	0	0	0	0	0
S	27866	3	0	0	0	0	0	0	0	0
S	27869	3	0	1	0	0	0	0	0	0
S	27872	3	0	0	0	0	0	0	0	0
S	27875	3	0	1	0	0	0	0	0	0
S	27878	3	0	0	0	0	0	0	0	0
S	27881	3	0	1	0	0	0	0	0	0
S	27884	3	0	0	0	0	0	0	0	0
S	27887	3	0	1	0	0	0	0	0	0
S	27890	3	0	0	0	0	0	0	0	0
S	27893	3	0	1	0	0	0	0	0	0
S	27896	3	0	0	0	0	0	0	0	0
S	27899	3	0	1	0	0	0	0	0	0
S	27902	3	0	0	0	0	0	0	0	0
S	27905	3	0	1	0	0	0	0	0	0
S	27908	3	0	0	0	0	0	0	0	0
S	27911	3	0	1	0	0	0	0	0	0
S	27914	3	0	0	0	0	0	0	0	0
S	27917	3	0	1	0	0	0	0	0	0
S	27920	3	0	0	0	0	0	0	0	0
S	27923	3	0	1	0	0	0	0	0	0
S	27926	3	0	0	0	0	0	0	0	0
S	27929	3	0	1	0	0	0	0	0	0
S	27932	3	0	0	0	0	0	0	0	0
S	27935	3	0	1	0	0	0	0	0	0
S	27938	3	0	0	0	0	0	0	0	0
S	27941	3	0	1	0	0	0	0	0	0
S	27944	3	0	0	0	0	0	0	0	0
S	27947	3	0	1	0	0	0	0	0	0
S	27950	3	0	0	0	0	0	0	0	0
S	27953	3	0	1	0	0	0	0	0	0
S	27956	3	0	0	0	0	0	0	0	0
S	27959	3	0	1	0	0	0	0	0	0
S	27962	3	0	0	0	0	0	0	0	0
S	27965	3	0	1	0	0	0	0	0	0
S	27968	3	0	0	0	0	0	0	0	0
S	27971	3	0	1	0	0	0	0	0	0
S	27974	3	0	0	0	0	0	0	0	0
S	27977	3	0	1	0	0	0	0	0	0
S	27980	3	0	0	0	0	0	0	0	0
S	27983	3	0	1	0	0	0	0	0	0
S	27986	3	0	0	0	0	0	0	0	0
S	27989	3	0	1	0	0	0	0	0	0
S	27992	3	0	0	0	0	0	0	0	0
S	27995	3	0	1	0	0	0	0	0	0
S	27998	3	0	0	0	0	0	0	0	0
S	28001	3	0	1	0	0	0	0	0	0
S	28004	3	0	0	0	0	0	0	0	0
S	28007	3	0	1	0	0	0	0	0	0
S	28010	3	0	0	0	0	0	0	0	0
S	28013	3	0	1	0	0	0	0	0	0
S	28016	3	0	0	0	0	0	0	0	0
S	28019	3	0	1	0	0	0	0	0	0
S	28022	3	0	0	0	0	0	0	0	0
S	28025	3	0	1	0	0	0	0	0	0
S	28028	3	0	0	0	0	0	0	0	0
S	28031	3	0	1	0	0	0	0	0	0
S	28034	3	0	0	0	0	0	0	0	0
S	28037	3	0	1	0	0	0	0	0	0
S	28040	3	0	0	0	0	0	0	0	0
S	28043	7	0	15	0	0	0	0	0	0
S	28050	1	0	1	0	2	18	18	18	18
S	28051	1	0	0	0	2	18	18	18	18
S	28052	1	0	1	2	0	26	26	26	26
S	28053	1	0	0	2	0	26	26	26	26
S	28054	2	0	15	0	0	0	0	0	0
S	28056	1	0	1	17	2	2	18	19	19
S	28057	1	0	0	17	2	2	18	19	19
S	28058	1	0	1	20	2	2	21	2	19
S	28059	1	0	0	20	2	2	21	2	19
S	28060	1	0	1	22	2	2	23	19	2
S	28061	1	0	0	22	2	2	23	19	2
S	28062	1	0	1	24	2	21	18	19	18
S	28063	1	0	0	24	2	21	18	19	18
S	28064	1	0	1	25	2	23	18	18	19
S	28065	1	0	0	25	2	23	18	18	19
S	28066	1	0	1	2	17	2	26	27	27
S	28067	1	0	0	2	17	2	26	27	27
S	28068	1	0	1	2	20	2	28	2	27
S	28069	1	0	0	2	20	2	28	2	27
S	28070	1	0	1	2	22	2	29	27	2
S	28071	1	0	0	2	22	2	29	27	2
S	28072	1	0	1	2	24	28	26	27	26
S	28073	1	0	0	2	24	28	26	27	26
S	28074	1	0	1	2	25	29	26	26	27
S	28075	1	0	0	2	25	29	26	26	27
S	28076	1	0	1	30	2	18	2	31	31
S	28077	1	0	0	30	2	18	2	31	31
S	28078	1	0	1	32	2	23	2	31	2
S	28079	1	0	0	32	2	23	2	31	2
S	28080	1	0	1	33	2	21	2	2	31
S	28081	1	0	0	33	2	21	2	2	31
S	28082	1	0	1	34	2	18	23	18	31
S	28083	1	0	0	34	2	18	23	18	31
S	28084	1	0	1	35	2	18	21	31	18
S	28085	1	0	0	35	2	18	21	31	18
S	28086	1	0	1	2	30	26	2	36	36
S	28087	1	0	0	2	30	26	2	36	36
S	28088	1	0	1	2	32	29	2	36	2
S	28089	1	0	0	2	32	29	2	36	2
S	28090	1	0	1	2	33	28	2	2	36
S	28091	1	0	0	2	33	28	2	2	36
S	28092	1	0	1	2	34	26	29	26	36
S	28093	1	0	0	2	34	26	29	26	36
S	28094	1	0	1	2	35	26	28	36	26
S	28095	1	0	0	2	35	26	28	36	26
S	28096	1	0	1	37	2	21	21	2	18
S	28097	1	0	0	37	2	21	21	2	18
S	28098	1	0	1	33	2	21	2	2	31
S	28099	1	0	0	33	2	21	2	2	31
S	28100	1	0	1	20	2	2	21	2	19
S	28101	1	0	0	20	2	2	21	2	19
S	28102	1	0	1	35	2	18	21	31	18
S	28103	1	0	0	35	2	18	21	31	18
S	28104	1	0	1	24	2	21	18	19	18
S	28105	1	0	0	24	2	21	18	19	18
S	28106	1	0	1	2	37	28	28	2	26
S	28107	1	0	0	2	37	28	28	2	26
S	28108	1	0	1	2	33	28	2	2	36
S	28109	1	0	0	2	33	28	2	2	36
S	28110	1	0	1	2	20	2	28	2	27
S	28111	1	0	0	2	20	2	28	2	27
S	28112	1	0	1	2	35	26	28	36	26
S	28113	1	0	0	2	35	26	28	36	26
S	28114	1	0	1	2	24	28	26	27	26
S	28115	1	0	0	2	24	28	26	27	26
S	28116	1	0	1	38	2	23	23	18	2
S	28117	1	0	0	38	2	23	23	18	2
S	28118	1	0	1	22	2	2	23	19	2
S	28119	1	0	0	22	2	2	23	19	2
S	28120	1	0	1	32	2	23	2	31	2
S	28121	1	0	0	32	2	23	2	31	2
S	28122	1	0	1	25	2	23	18	18	19
S	28123	1	0	0	25	2	23	18	18	19
S	28124	1	0	1	34	2	18	23	18	31
S	28125	1	0	0	34	2	18	23	18	31
S	28126	1	0	1	2	38	29	29	26	2
S	28127	1	0	0	2	38	29	29	26	2
S	28128	1	0	1	2	22	2	29	27	2
S	28129	1	0	0	2	22	2	29	27	2
S	28130	1	0	1	2	32	29	2	36	2
S	28131	1	0	0	2	32	29	2	36	2
S	28132	1	0	1	2	25	29	26	26	27
S	28133	1	0	0	2	25	29	26	26	27
S	28134	1	0	1	2	34	26	29	26	36
S	28135	1	0	0	2	34	26	29	26	36
S	28136	3	0	1	0	0	0	0	0	0
S	28139	3	0	0	0	0	0	0	0	0
S	28142	3	0	1	0	0	0	0	0	0
S	28145	3	0	0	0	0	0	0	0	0
S	28148	3	0	1	0	0	0	0	0	0
S	28151	3	0	0	0	0	0	0	0	0
S	28154	3	0	1	0	0	0	0	0	0
S	28157	3	0	0	0	0	0	0	0	0
S	28160	3	0	1	0	0	0	0	0	0
S	28163	3	0	0	0	0	0	0	0	0
S	28166	3	0	1	0	0	0	0	0	0
S	28169	3	0	0	0	0	0	0	0	0
S	28172	3	0	1	0	0	0	0	0	0
S	28175	3	0	0	0	0	0	0	0	0
S	28178	3	0	1	0	0	0	0	0	0
S	28181	3	0	0	0	0	0	0	0	0
S	28184	3	0	1	0	0	0	0	0	0
S	28187	3	0	0	0	0	0	0	0	0
S	28190	3	0	1	0	0	0	0	0	0
S	28193	3	0	0	0	0	0	0	0	0
S	28196	3	0	1	0	0	0	0	0	0
S	28199	3	0	0	0	0	0	0	0	0
S	28202	3	0	1	0	0	0	0	0	0
S	28205	3	0	0	0	0	0	0	0	0
S	28208	3	0	1	0	0	0	0	0	0
S	28211	3	0	0	0	0	0	0	0	0
S	28214	3	0	1	0	0	0	0	0	0
S	28217	3	0	0	0	0	0	0	0	0
S	28220	3	0	1	0	0	0	0	0	0
S	28223	3	0	0	0	0	0	0	0	0
S	28226	3	0	1	0	0	0	0	0	0
S	28229	3	0	0	0	0	0	0	0	0
S	28232	3	0	1	0	0	0	0	0	0
S	28235	3	0	0	0	0	0	0	0	0
S	28238	3	0	1	0	0	0	0	0	0
S	28241	3	0	0	0	0	0	0	0	0
S	28244	3	0	1	0	0	0	0	0	0
S	28247	3	0	0	0	0	0	0	0	0
S	28250	3	0	1	0	0	0	0	0	0
S	28253	3	0	0	0	0	0	0	0	0
S	28256	3	0	1	0	0	0	0	0	0
S	28259	3	0	0	0	0	0	0	0	0
S	28262	3	0	1	0	0	0	0	0	0
S	28265	3	0	0	0	0	0	0	0	0
S	28268	3	0	1	0	0	0	0	0	0
S	28271	3	0	0	0	0	0	0	0	0
S	28274	3	0	1	0	0	0	0	0	0
S	28277	3	0	0	0	0	0	0	0	0
S	28280	3	0	1	0	0	0	0	0	0
S	28283	3	0	0	0	0	0	0	0	0
S	28286	3	0	1	0	0	0	0	0	0
S	28289	3	0	0	0	0	0	0	0	0
S	28292	3	0	1	0	0	0	0	0	0
S	28295	3	0	0	0	0	0	0	0	0
S	28298	3	0	1	0	0	0	0	0	0
S	28301	3	0	0	0	0	0	0	0	0
S	28304	3	0	1	0	0	0	0	0	0
S	28307	3	0	0	0	0	0	0	0	0
S	28310	3	0	1	0	0	0	0	0	0
S	28313	3	0	0	0	0	0	0	0	0
S	28316	3	0	1	0	0	0	0	0	0
S	28319	3	0	0	0	0	0	0	0	0
S	28322	3	0	1	0	0	0	0	0	0
S	28325	3	0	0	0	0	0	0	0	0
S	28328	3	0	1	0	0	0	0	0	0
S	28331	3	0	0	0	0	0	0	0	0
S	28334	3	0	1	0	0	0	0	0	0
S	28337	3	0	0	0	0	0	0	0	0
S	28340	3	0	1	0	0	0	0	0	0
S	28343	3	0	0	0	0	0	0	0	0
S	28346	3	0	1	0	0	0	0	0	0
S	28349	3	0	0	0	0	0	0	0	0
S	28352	3	0	1	0	0	0	0	0	0
S	28355	3	0	0	0	0	0	0	0	0
S	28358	3	0	1	0	0	0	0	0	0
S	28361	3	0	0	0	0	0	0	0	0
S	28364	3	0	1	0	0	0	0	0	0
S	28367	3	0	0	0	0	0	0	0	0
S	28370	3	0	1	0	0	0	0	0	0
S	28373	3	0	0	0	0	0	0	0	0
S	28376	3	0	1	0	0	0	0	0	0
S	28379	3	0	0	0	0	0	0	0	0
S	28382	3	0	1	0	0	0	0	0	0
S	28385	3	0	0	0	0	0	0	0	0
S	28388	3	0	1	0	0	0	0	0	0
S	28391	3	0	0	0	0	0	0	0	0
S	28394	3	0	1	0	0	0	0	0	0
S	28397	3	0	0	0	0	0	0	0	0
S	28400	3	0	1	0	0	0	0	0	0
S	28403	3	0	0	0	0	0	0	0	0
S	28406	3	0	1	0	0	0	0	0	0
S	28409	3	0	0	0	0	0	0	0	0
S	28412	3	0	1	0	0	0	0	0	0
S	28415	3	0	0	0	0	0	0	0	0
S	28418	3	0	1	0	0	0	0	0	0
S	28421	3	0	0	0	0	0	0	0	0
S	28424	3	0	1	0	0	0	0	0	0
S	28427	3	0	0	0	0	0	0	0	0
S	28430	3	0	1	0	0	0	0	0	0
S	28433	3	0	0	0	0	0	0	0	0
S	28436	3	0	1	0	0	0	0	0	0
S	28439	3	0	0	0	0	0	0	0	0
S	28442	3	0	1	0	0	0	0	0	0
S	28445	3	0	0	0	0	0	0	0	0
S	28448	3	0	1	0	0	0	0	0	0
S	28451	3	0	0	0	0	0	0	0	0
S	28454	3	0	1	0	0	0	0	0	0
S	28457	3	0	0	0	0	0	0	0	0
S	28460	1	0	15	0	0	0	0	0	0
S	28461	1	0	1	0	2	18	18	18	18
S	28462	1	0	0	0	2	18	18	18	18
S	28463	1	0	1	2	0	26	26	26	26
S	28464	1	0	0	2	0	26	26	26	26
S	28465	2	0	15	0	0	0	0	0	0
S	28467	1	0	1	17	2	2	18	19	19
S	28468	1	0	0	17	2	2	18	19	19
S	28469	1	0	1	20	2	2	21	2	19
S	28470	1	0	0	20	2	2	21	2	19
S	28471	1	0	1	22	2	2	23	19	2
S	28472	1	0	0	22	2	2	23	19	2
S	28473	1	0	1	24	2	21	18	19	18
S	28474	1	0	0	24	2	21	18	19	18
S	28475	1	0	1	25	2	23	18	18	19
S	28476	1	0	0	25	2	23	18	18	19
S	28477	1	0	1	2	17	2	26	27	27
S	28478	1	0	0	2	17	2	26	27	27
S	28479	1	0	1	2	20	2	28	2	27
S	28480	1	0	0	2	20	2	28	2	27
S	28481	1	0	1	2	22	2	29	27	2
S	28482	1	0	0	2	22	2	29	27	2
S	28483	1	0	1	2	24	28	26	27	26
S	28484	1	0	0	2	24	28	26	27	26
S	28485	1	0	1	2	25	29	26	26	27
S	28486	1	0	0	2	25	29	26	26	27
S	28487	1	0	1	30	2	18	2	31	31
S	28488	1	0	0	30	2	18	2	31	31
S	28489	1	0	1	32	2	23	2	31	2
S	28490	1	0	0	32	2	23	2	31	2
S	28491	1	0	1	33	2	21	2	2	31
S	28492	1	0	0	33	2	21	2	2	31
S	28493	1	0	1	34	2	18	23	18	31
S	28494	1	0	0	34	2	18	23	18	31
S	28495	1	0	1	35	2	18	21	31	18
S	28496	1	0	0	35	2	18	21	31	18
S	28497	1	0	1	2	30	26	2	36	36
S	28498	1	0	0	2	30	26	2	36	36
S	28499	1	0	1	2	32	29	2	36	2
S	28500	1	0	0	2	32	29	2	36	2
S	28501	1	0	1	2	33	28	2	2	36
S	28502	1	0	0	2	33	28	2	2	36
S	28503	1	0	1	2	34	26	29	26	36
S	28504	1	0	0	2	34	26	29	26	36
S	28505	1	0	1	2	35	26	28	36	26
S	28506	1	0	0	2	35	26	28	36	26
S	28507	1	0	1	37	2	21	21	2	18
S	28508	1	0	0	37	2	21	21	2	18
S	28509	1	0	1	33	2	21	2	2	31
S	28510	1	0	0	33	2	21	2	2	31
S	28511	1	0	1	20	2	2	21	2	19
S	28512	1	0	0	20	2	2	21	2	19
S	28513	1	0	1	35	2	18	21	31	18
S	28514	1	0	0	35	2	18	21	31	18
S	28515	1	0	1	24	2	21	18	19	18
S	28516	1	0	0	24	2	21	18	19	18
S	28517	1	0	1	2	37	28	28	2	26
S	28518	1	0	0	2	37	28	28	2	26
S	28519	1	0	1	2	33	28	2	2	36
S	28520	1	0	0	2	33	28	2	2	36
S	28521	1	0	1	2	20	2	28	2	27
S	28522	1	0	0	2	20	2	28	2	27
S	28523	1	0	1	2	35	26	28	36	26
S	28524	1	0	0	2	35	26	28	36	26
S	28525	1	0	1	2	24	28	26	27	26
S	28526	1	0	0	2	24	28	26	27	26
S	28527	1	0	1	38	2	23	23	18	2
S	28528	1	0	0	38	2	23	23	18	2
S	28529	1	0	1	22	2	2	23	19	2
S	28530	1	0	0	22	2	2	23	19	2
S	28531	1	0	1	32	2	23	2	31	2
S	28532	1	0	0	32	2	23	2	31	2
S	28533	1	0	1	25	2	23	18	18	19
S	28534	1	0	0	25	2	23	18	18	19
S	28535	1	0	1	34	2	18	23	18	31
S	28536	1	0	0	34	2	18	23	18	31
S	28537	1	0	1	2	38	29	29	26	2
S	28538	1	0	0	2	38	29	29	26	2
S	28539	1	0	1	2	22	2	29	27	2
S	28540	1	0	0	2	22	2	29	27	2
S	28541	1	0	1	2	32	29	2	36	2
S	28542	1	0	0	2	32	29	2	36	2
S	28543	1	0	1	2	25	29	26	26	27
S	28544	1	0	0	2	25	29	26	26	27
S	28545	1	0	1	2	34	26	29	26	36
S	28546	1	0	0	2	34	26	29	26	36
S	28547	3	0	1	0	0	0	0	0	0
S	28550	3	0	0	0	0	0	0	0	0
S	28553	3	0	1	0	0	0	0	0	0
S	28556	3	0	0	0	0	0	0	0	0
S	28559	3	0	1	0	0	0	0	0	0
S	28562	3	0	0	0	0	0	0	0	0
S	28565	3	0	1	0	0	0	0	0	0
S	28568	3	0	0	0	0	0	0	0	0
S	28571	3	0	1	0	0	0	0	0	0
S	28574	3	0	0	0	0	0	0	0	0
S	28577	3	0	1	0	0	0	0	0	0
S	28580	3	0	0	0	0	0	0	0	0
S	28583	3	0	1	0	0	0	0	0	0
S	28586	3	0	0	0	0	0	0	0	0
S	28589	3	0	1	0	0	0	0	0	0
S	28592	3	0	0	0	0	0	0	0	0
S	28595	3	0	1	0	0	0	0	0	0
S	28598	3	0	0	0	0	0	0	0	0
S	28601	3	0	1	0	0	0	0	0	0
S	28604	3	0	0	0	0	0	0	0	0
S	28607	3	0	1	0	0	0	0	0	0
S	28610	3	0	0	0	0	0	0	0	0
S	28613	3	0	1	0	0	0	0	0	0
S	28616	3	0	0	0	0	0	0	0	0
S	28619	3	0	1	0	0	0	0	0	0
S	28622	3	0	0	0	0	0	0	0	0
S	28625	3	0	1	0	0	0	0	0	0
S	28628	3	0	0	0	0	0	0	0	0
S	28631	3	0	1	0	0	0	0	0	0
S	28634	3	0	0	0	0	0	0	0	0
S	28637	3	0	1	0	0	0	0	0	0
S	28640	3	0	0	0	0	0	0	0	0
S	28643	3	0	1	0	0	0	0	0	0
S	28646	3	0	0	0	0	0	0	0	0
S	28649	3	0	1	0	0	0	0	0	0
S	28652	3	0	0	0	0	0	0	0	0
S	28655	3	0	1	0	0	0	0	0	0
S	28658	3	0	0	0	0	0	0	0	0
S	28661	3	0	1	0	0	0	0	0	0
S	28664	3	0	0	0	0	0	0	0	0
S	28667	3	0	1	0	0	0	0	0	0
S	28670	3	0	0	0	0	0	0	0	0
S	28673	3	0	1	0	0	0	0	0	0
S	28676	3	0	0	0	0	0	0	0	0
S	28679	3	0	1	0	0	0	0	0	0
S	28682	3	0	0	0	0	0	0	0	0
S	28685	3	0	1	0	0	0	0	0	0
S	28688	3	0	0	0	0	0	0	0	0
S	28691	3	0	1	0	0	0	0	0	0
S	28694	3	0	0	0	0	0	0	0	0
S	28697	3	0	1	0	0	0	0	0	0
S	28700	3	0	0	0	0	0	0	0	0
S	28703	3	0	1	0	0	0	0	0	0
S	28706	3	0	0	0	0	0	0	0	0
S	28709	3	0	1	0	0	0	0	0	0
S	28712	3	0	0	0	0	0	0	0	0
S	28715	3	0	1	0	0	0	0	0	0
S	28718	3	0	0	0	0	0	0	0	0
S	28721	3	0	1	0	0	0	0	0	0
S	28724	3	0	0	0	0	0	0	0	0
S	28727	3	0	1	0	0	0	0	0	0
S	28730	3	0	0	0	0	0	0	0	0
S	28733	3	0	1	0	0	0	0	0	0
S	28736	3	0	0	0	0	0	0	0	0
S	28739	3	0	1	0	0	0	0	0	0
S	28742	3	0	0	0	0	0	0	0	0
S	28745	3	0	1	0	0	0	0	0	0
S	28748	3	0	0	0	0	0	0	0	0
S	28751	3	0	1	0	0	0	0	0	0
S	28754	3	0	0	0	0	0	0	0	0
S	28757	3	0	1	0	0	0	0	0	0
S	28760	3	0	0	0	0	0	0	0	0
S	28763	3	0	1	0	0	0	0	0	0
S	28766	3	0	0	0	0	0	0	0	0
S	28769	3	0	1	0	0	0	0	0	0
S	28772	3	0	0	0	0	0	0	0	0
S	28775	3	0	1	0	0	0	0	0	0
S	28778	3	0	0	0	0	0	0	0	0
S	28781	3	0	1	0	0	0	0	0	0
S	28784	3	0	0	0	0	0	0	0	0
S	28787	3	0	1	0	0	0	0	0	0
S	28790	3	0	0	0	0	0	0	0	0
S	28793	3	0	1	0	0	0	0	0	0
S	28796	3	0	0	0	0	0	0	0	0
S	28799	3	0	1	0	0	0	0	0	0
S	28802	3	0	0	0	0	0	0	0	0
S	28805	3	0	1	0	0	0	0	0	0
S	28808	3	0	0	0	0	0	0	0	0
S	28811	3	0	1	0	0	0	0	0	0
S	28814	3	0	0	0	0	0	0	0	0
S	28817	3	0	1	0	0	0	0	0	0
S	28820	3	0	0	0	0	0	0	0	0
S	28823	3	0	1	0	0	0	0	0	0
S	28826	3	0	0	0	0	0	0	0	0
S	28829	3	0	1	0	0	0	0	0	0
S	28832	3	0	0	0	0	0	0	0	0
S	28835	3	0	1	0	0	0	0	0	0
S	28838	3	0	0	0	0	0	0	0	0
S	28841	3	0	1	0	0	0	0	0	0
S	28844	3	0	0	0	0	0	0	0	0
S	28847	3	0	1	0	0	0	0	0	0
S	28850	3	0	0	0	0	0	0	0	0
S	28853	3	0	1	0	0	0	0	0	0
S	28856	3	0	0	0	0	0	0	0	0
S	28859	3	0	1	0	0	0	0	0	0
S	28862	3	0	0	0	0	0	0	0	0
S	28865	3	0	1	0	0	0	0	0	0
S	28868	3	0	0	0	0	0	0	0	0
S	28871	1	0	15	0	0	0	0	0	0
S	28872	1	0	1	0	2	18	18	18	18
S	28873	1	0	0	0	2	18	18	18	18
S	28874	1	0	1	2	0	26	26	26	26
S	28875	1	0	0	2	0	26	26	26	26
S	28876	2	0	15	0	0	0	0	0	0
S	28878	1	0	1	17	2	2	18	19	19
S	28879	1	0	0	17	2	2	18	19	19
S	28880	1	0	1	20	2	2	21	2	19
S	28881	1	0	0	20	2	2	21	2	19
S	28882	1	0	1	22	2	2	23	19	2
S	28883	1	0	0	22	2	2	23	19	2
S	28884	1	0	1	24	2	21	18	19	18
S	28885	1	0	0	24	2	21	18	19	18
S	28886	1	0	1	25	2	23	18	18	19
S	28887	1	0	0	25	2	23	18	18	19
S	28888	1	0	1	2	17	2	26	27	27
S	28889	1	0	0	2	17	2	26	27	27
S	28890	1	0	1	2	20	2	28	2	27
S	28891	1	0	0	2	20	2	28	2	27
S	28892	1	0	1	2	22	2	29	27	2
S	28893	1	0	0	2	22	2	29	27	2
S	28894	1	0	1	2	24	28	26	27	26
S	28895	1	0	0	2	24	28	26	27	26
S	28896	1	0	1	2	25	29	26	26	27
S	28897	1	0	0	2	25	29	26	26	27
S	28898	1	0	1	30	2	18	2	31	31
S	28899	1	0	0	30	2	18	2	31	31
S	28900	1	0	1	32	2	23	2	31	2
S	28901	1	0	0	32	2	23	2	31	2
S	28902	1	0	1	33	2	21	2	2	31
S	28903	1	0	0	33	2	21	2	2	31
S	28904	1	0	1	34	2	18	23	18	31
S	28905	1	0	0	34	2	18	23	18	31
S	28906	1	0	1	35	2	18	21	31	18
S	28907	1	0	0	35	2	18	21	31	18
S	28908	1	0	1	2	30	26	2	36	36
S	28909	1	0	0	2	30	26	2	36	36
S	28910	1	0	1	2	32	29	2	36	2
S	28911	1	0	0	2	32	29	2	36	2
S	28912	1	0	1	2	33	28	2	2	36
S	28913	1	0	0	2	33	28	2	2	36
S	28914	1	0	1	2	34	26	29	26	36
S	28915	1	0	0	2	34	26	29	26	36
S	28916	1	0	1	2	35	26	28	36	26
S	28917	1	0	0	2	35	26	28	36	26
S	28918	1	0	1	37	2	21	21	2	18
S	28919	1	0	0	37	2	21	21	2	18
S	28920	1	0	1	33	2	21	2	2	31
S	28921	1	0	0	33	2	21	2	2	31
S	28922	1	0	1	20	2	2	21	2	19
S	28923	1	0	0	20	2	2	21	2	19
S	28924	1	0	1	35	2	18	21	31	18
S	28925	1	0	0	35	2	18	21	31	18
S	28926	1	0	1	24	2	21	18	19	18
S	28927	1	0	0	24	2	21	18	19	18
S	28928	1	0	1	2	37	28	28	2	26
S	28929	1	0	0	2	37	28	28	2	26
S	28930	1	0	1	2	33	28	2	2	36
S	28931	1	0	0	2	33	28	2	2	36
S	28932	1	0	1	2	20	2	28	2	27
S	28933	1	0	0	2	20	2	28	2	27
S	28934	1	0	1	2	35	26	28	36	26
S	28935	1	0	0	2	35	26	28	36	26
S	28936	1	0	1	2	24	28	26	27	26
S	28937	1	0	0	2	24	28	26	27	26
S	28938	1	0	1	38	2	23	23	18	2
S	28939	1	0	0	38	2	23	23	18	2
S	28940	1	0	1	22	2	2	23	19	2
S	28941	1	0	0	22	2	2	23	19	2
S	28942	1	0	1	32	2	23	2	31	2
S	28943	1	0	0	32	2	23	2	31	2
S	28944	1	0	1	25	2	23	18	18	19
S	28945	1	0	0	25	2	23	18	18	19
S	28946	1	0	1	34	2	18	23	18	31
S	28947	1	0	0	34	2	18	23	18	31
S	28948	1	0	1	2	38	29	29	26	2
S	28949	1	0	0	2	38	29	29	26	2
S	28950	1	0	1	2	22	2	29	27	2
S	28951	1	0	0	2	22	2	29	27	2
S	28952	1	0	1	2	32	29	2	36	2
S	28953	1	0	0	2	32	29	2	36	2
S	28954	1	0	1	2	25	29	26	26	27
S	28955	1	0	0	2	25	29	26	26	27
S	28956	1	0	1	2	34	26	29	26	36
S	28957	1	0	0	2	34	26	29	26	36
S	28958	3	0	1	0	0	0	0	0	0
S	28961	3	0	0	0	0	0	0	0	0
S	28964	3	0	1	0	0	0	0	0	0
S	28967	3	0	0	0	0	0	0	0	0
S	28970	3	0	1	0	0	0	0	0	0
S	28973	3	0	0	0	0	0	0	0	0
S	28976	3	0	1	0	0	0	0	0	0
S	28979	3	0	0	0	0	0	0	0	0
S	28982	3	0	1	0	0	0	0	0	0
S	28985	3	0	0	0	0	0	0	0	0
S	28988	3	0	1	0	0	0	0	0	0
S	28991	3	0	0	0	0	0	0	0	0
S	28994	3	0	1	0	0	0	0	0	0
S	28997	3	0	0	0	0	0	0	0	0
S	29000	3	0	1	0	0	0	0	0	0
S	29003	3	0	0	0	0	0	0	0	0
S	29006	3	0	1	0	0	0	0	0	0
S	29009	3	0	0	0	0	0	0	0	0
S	29012	3	0	1	0	0	0	0	0	0
S	29015	3	0	0	0	0	0	0	0	0
S	29018	3	0	1	0	0	0	0	0	0
S	29021	3	0	0	0	0	0	0	0	0
S	29024	3	0	1	0	0	0	0	0	0
S	29027	3	0	0	0	0	0	0	0	0
S	29030	3	0	1	0	0	0	0	0	0
S	29033	3	0	0	0	0	0	0	0	0
S	29036	3	0	1	0	0	0	0	0	0
S	29039	3	0	0	0	0	0	0	0	0
S	29042	3	0	1	0	0	0	0	0	0
S	29045	3	0	0	0	0	0	0	0	0
S	29048	3	0	1	0	0	0	0	0	0
S	29051	3	0	0	0	0	0	0	0	0
S	29054	3	0	1	0	0	0	0	0	0
S	29057	3	0	0	0	0	0	0	0	0
S	29060	3	0	1	0	0	0	0	0	0
S	29063	3	0	0	0	0	0	0	0	0
S	29066	3	0	1	0	0	0	0	0	0
S	29069	3	0	0	0	0	0	0	0	0
S	29072	3	0	1	0	0	0	0	0	0
S	29075	3	0	0	0	0	0	0	0	0
S	29078	3	0	1	0	0	0	0	0	0
S	29081	3	0	0	0	0	0	0	0	0
S	29084	3	0	1	0	0	0	0	0	0
S	29087	3	0	0	0	0	0	0	0	0
S	29090	3	0	1	0	0	0	0	0	0
S	29093	3	0	0	0	0	0	0	0	0
S	29096	3	0	1	0	0	0	0	0	0
S	29099	3	0	0	0	0	0	0	0	0
S	29102	3	0	1	0	0	0	0	0	0
S	29105	3	0	0	0	0	0	0	0	0
S	29108	3	0	1	0	0	0	0	0	0
S	29111	3	0	0	0	0	0	0	0	0
S	29114	3	0	1	0	0	0	0	0	0
S	29117	3	0	0	0	0	0	0	0	0
S	29120	3	0	1	0	0	0	0	0	0
S	29123	3	0	0	0	0	0	0	0	0
S	29126	3	0	1	0	0	0	0	0	0
S	29129	3	0	0	0	0	0	0	0	0
S	29132	3	0	1	0	0	0	0	0	0
S	29135	3	0	0	0	0	0	0	0	0
S	29138	3	0	1	0	0	0	0	0	0
S	29141	3	0	0	0	0	0	0	0	0
S	29144	3	0	1	0	0	0	0	0	0
S	29147	3	0	0	0	0	0	0	0	0
S	29150	3	0	1	0	0	0	0	0	0
S	29153	3	0	0	0	0	0	0	0	0
S	29156	3	0	1	0	0	0	0	0	0
S	29159	3	0	0	0	0	0	0	0	0
S	29162	3	0	1	0	0	0	0	0	0
S	29165	3	0	0	0	0	0	0	0	0
S	29168	3	0	1	0	0	0	0	0	0
S	29171	3	0	0	0	0	0	0	0	0
S	29174	3	0	1	0	0	0	0	0	0
S	29177	3	0	0	0	0	0	0	0	0
S	29180	3	0	1	0	0	0	0	0	0
S	29183	3	0	0	0	0	0	0	0	0
S	29186	3	0	1	0	0	0	0	0	0
S	29189	3	0	0	0	0	0	0	0	0
S	29192	3	0	1	0	0	0	0	0	0
S	29195	3	0	0	0	0	0	0	0	0
S	29198	3	0	1	0	0	0	0	0	0
S	29201	3	0	0	0	0	0	0	0	0
S	29204	3	0	1	0	0	0	0	0	0
S	29207	3	0	0	0	0	0	0	0	0
S	29210	3	0	1	0	0	0	0	0	0
S	29213	3	0	0	0	0	0	0	0	0
S	29216	3	0	1	0	0	0	0	0	0
S	29219	3	0	0	0	0	0	0	0	0
S	29222	3	0	1	0	0	0	0	0	0
S	29225	3	0	0	0	0	0	0	0	0
S	29228	3	0	1	0	0	0	0	0	0
S	29231	3	0	0	0	0	0	0	0	0
S	29234	3	0	1	0	0	0	0	0	0
S	29237	3	0	0	0	0	0	0	0	0
S	29240	3	0	1	0	0	0	0	0	0
S	29243	3	0	0	0	0	0	0	0	0
S	29246	3	0	1	0	0	0	0	0	0
S	29249	3	0	0	0	0	0	0	0	0
S	29252	3	0	1	0	0	0	0	0	0
S	29255	3	0	0	0	0	0	0	0	0
S	29258	3	0	1	0	0	0	0	0	0
S	29261	3	0	0	0	0	0	0	0	0
S	29264	3	0	1	0	0	0	0	0	0
S	29267	3	0	0	0	0	0	0	0	0
S	29270	3	0	1	0	0	0	0	0	0
S	29273	3	0	0	0	0	0	0	0	0
S	29276	3	0	1	0	0	0	0	0	0
S	29279	3	0	0	0	0	0	0	0	0
S	29282	2	0	15	0	0	0	0	0	0
S	29284	1	0	1	0	2	18	18	18	18
S	29285	1	0	0	0	2	18	18	18	18
S	29286	1	0	1	2	0	26	26	26	26
S	29287	1	0	0	2	0	26	26	26	26
S	29288	2	0	15	0	0	0	0	0	0
S	29290	1	0	1	17	2	2	18	19	19
S	29291	1	0	0	17	2	2	18	19	19
S	29292	1	0	1	20	2	2	21	2	19
S	29293	1	0	0	20	2	2	21	2	19
S	29294	1	0	1	22	2	2	23	19	2
S	29295	1	0	0	22	2	2	23	19	2
S	29296	1	0	1	24	2	21	18	19	18
S	29297	1	0	0	24	2	21	18	19	18
S	29298	1	0	1	25	2	23	18	18	19
S	29299	1	0	0	25	2	23	18	18	19
S	29300	1	0	1	2	17	2	26	27	27
S	29301	1	0	0	2	17	2	26	27	27
S	29302	1	0	1	2	20	2	28	2	27
S	29303	1	0	0	2	20	2	28	2	27
S	29304	1	0	1	2	22	2	29	27	2
S	29305	1	0	0	2	22	2	29	27	2
S	29306	1	0	1	2	24	28	26	27	26
S	29307	1	0	0	2	24	28	26	27	26
S	29308	1	0	1	2	25	29	26	26	27
S	29309	1	0	0	2	25	29	26	26	27
S	29310	1	0	1	30	2	18	2	31	31
S	29311	1	0	0	30	2	18	2	31	31
S	29312	1	0	1	32	2	23	2	31	2
S	29313	1	0	0	32	2	23	2	31	2
S	29314	1	0	1	33	2	21	2	2	31
S	29315	1	0	0	33	2	21	2	2	31
S	29316	1	0	1	34	2	18	23	18	31
S	29317	1	0	0	34	2	18	23	18	31
S	29318	1	0	1	35	2	18	21	31	18
S	29319	1	0	0	35	2	18	21	31	18
S	29320	1	0	1	2	30	26	2	36	36
S	29321	1	0	0	2	30	26	2	36	36
S	29322	1	0	1	2	32	29	2	36	2
S	29323	1	0	0	2	32	29	2	36	2
S	29324	1	0	1	2	33	28	2	2	36
S	29325	1	0	0	2	33	28	2	2	36
S	29326	1	0	1	2	34	26	29	26	36
S	29327	1	0	0	2	34	26	29	26	36
S	29328	1	0	1	2	35	26	28	36	26
S	29329	1	0	0	2	35	26	28	36	26
S	29330	1	0	1	37	2	21	21	2	18
S	29331	1	0	0	37	2	21	21	2	18
S	29332	1	0	1	33	2	21	2	2	31
S	29333	1	0	0	33	2	21	2	2	31
S	29334	1	0	1	20	2	2	21	2	19
S	29335	1	0	0	20	2	2	21	2	19
S	29336	1	0	1	35	2	18	21	31	18
S	29337	1	0	0	35	2	18	21	31	18
S	29338	1	0	1	24	2	21	18	19	18
S	29339	1	0	0	24	2	21	18	19	18
S	29340	1	0	1	2	37	28	28	2	26
S	29341	1	0	0	2	37	28	28	2	26
S	29342	1	0	1	2	33	28	2	2	36
S	29343	1	0	0	2	33	28	2	2	36
S	29344	1	0	1	2	20	2	28	2	27
S	29345	1	0	0	2	20	2	28	2	27
S	29346	1	0	1	2	35	26	28	36	26
S	29347	1	0	0	2	35	26	28	36	26
S	29348	1	0	1	2	24	28	26	27	26
S	29349	1	0	0	2	24	28	26	27	26
S	29350	1	0	1	38	2	23	23	18	2
S	29351	1	0	0	38	2	23	23	18	2
S	29352	1	0	1	22	2	2	23	19	2
S	29353	1	0	0	22	2	2	23	19	2
S	29354	1	0	1	32	2	23	2	31	2
S	29355	1	0	0	32	2	23	2	31	2
S	29356	1	0	1	25	2	23	18	18	19
S	29357	1	0	0	25	2	23	18	18	19
S	29358	1	0	1	34	2	18	23	18	31
S	29359	1	0	0	34	2	18	23	18	31
S	29360	1	0	1	2	38	29	29	26	2
S	29361	1	0	0	2	38	29	29	26	2
S	29362	1	0	1	2	22	2	29	27	2
S	29363	1	0	0	2	22	2	29	27	2
S	29364	1	0	1	2	32	29	2	36	2
S	29365	1	0	0	2	32	29	2	36	2
S	29366	1	0	1	2	25	29	26	26	27
S	29367	1	0	0	2	25	29	26	26	27
S	29368	1	0	1	2	34	26	29	26	36
S	29369	1	0	0	2	34	26	29	26	36
S	29370	3	0	1	0	0	0	0	0	0
S	29373	3	0	0	0	0	0	0	0	0
S	29376	3	0	1	0	0	0	0	0	0
S	29379	3	0	0	0	0	0	0	0	0
S	29382	3	0	1	0	0	0	0	0	0
S	29385	3	0	0	0	0	0	0	0	0
S	29388	3	0	1	0	0	0	0	0	0
S	29391	3	0	0	0	0	0	0	0	0
S	29394	3	0	1	0	0	0	0	0	0
S	29397	3	0	0	0	0	0	0	0	0
S	29400	3	0	1	0	0	0	0	0	0
S	29403	3	0	0	0	0	0	0	0	0
S	29406	3	0	1	0	0	0	0	0	0
S	29409	3	0	0	0	0	0	0	0	0
S	29412	3	0	1	0	0	0	0	0	0
S	29415	3	0	0	0	0	0	0	0	0
S	29418	3	0	1	0	0	0	0	0	0
S	29421	3	0	0	0	0	0	0	0	0
S	29424	3	0	1	0	0	0	0	0	0
S	29427	3	0	0	0	0	0	0	0	0
S	29430	3	0	1	0	0	0	0	0	0
S	29433	3	0	0	0	0	0	0	0	0
S	29436	3	0	1	0	0	0	0	0	0
S	29439	3	0	0	0	0	0	0	0	0
S	29442	3	0	1	0	0	0	0	0	0
S	29445	3	0	0	0	0	0	0	0	0
S	29448	3	0	1	0	0	0	0	0	0
S	29451	3	0	0	0	0	0	0	0	0
S	29454	3	0	1	0	0	0	0	0	0
S	29457	3	0	0	0	0	0	0	0	0
S	29460	3	0	1	0	0	0	0	0	0
S	29463	3	0	0	0	0	0	0	0	0
S	29466	3	0	1	0	0	0	0	0	0
S	29469	3	0	0	0	0	0	0	0	0
S	29472	3	0	1	0	0	0	0	0	0
S	29475	3	0	0	0	0	0	0	0	0
S	29478	3	0	1	0	0	0	0	0	0
S	29481	3	0	0	0	0	0	0	0	0
S	29484	3	0	1	0	0	0	0	0	0
S	29487	3	0	0	0	0	0	0	0	0
S	29490	3	0	1	0	0	0	0	0	0
S	29493	3	0	0	0	0	0	0	0	0
S	29496	3	0	1	0	0	0	0	0	0
S	29499	3	0	0	0	0	0	0	0	0
S	29502	3	0	1	0	0	0	0	0	0
S	29505	3	0	0	0	0	0	0	0	0
S	29508	3	0	1	0	0	0	0	0	0
S	29511	3	0	0	0	0	0	0	0	0
S	29514	3	0	1	0	0	0	0	0	0
S	29517	3	0	0	0	0	0	0	0	0
S	29520	3	0	1	0	0	0	0	0	0
S	29523	3	0	0	0	0	0	0	0	0
S	29526	3	0	1	0	0	0	0	0	0
S	29529	3	0	0	0	0	0	0	0	0
S	29532	3	0	1	0	0	0	0	0	0
S	29535	3	0	0	0	0	0	0	0	0
S	29538	3	0	1	0	0	0	0	0	0
S	29541	3	0	0	0	0	0	0	0	0
S	29544	3	0	1	0	0	0	0	0	0
S	29547	3	0	0	0	0	0	0	0	0
S	29550	3	0	1	0	0	0	0	0	0
S	29553	3	0	0	0	0	0	0	0	0
S	29556	3	0	1	0	0	0	0	0	0
S	29559	3	0	0	0	0	0	0	0	0
S	29562	3	0	1	0	0	0	0	0	0
S	29565	3	0	0	0	0	0	0	0	0
S	29568	3	0	1	0	0	0	0	0	0
S	29571	3	0	0	0	0	0	0	0	0
S	29574	3	0	1	0	0	0	0	0	0
S	29577	3	0	0	0	0	0	0	0	0
S	29580	3	0	1	0	0	0	0	0	0
S	29583	3	0	0	0	0	0	0	0	0
S	29586	3	0	1	0	0	0	0	0	0
S	29589	3	0	0	0	0	0	0	0	0
S	29592	3	0	1	0	0	0	0	0	0
S	29595	3	0	0	0	0	0	0	0	0
S	29598	3	0	1	0	0	0	0	0	0
S	29601	3	0	0	0	0	0	0	0	0
S	29604	3	0	1	0	0	0	0	0	0
S	29607	3	0	0	0	0	0	0	0	0
S	29610	3	0	1	0	0	0	0	0	0
S	29613	3	0	0	0	0	0	0	0	0
S	29616	3	0	1	0	0	0	0	0	0
S	29619	3	0	0	0	0	0	0	0	0
S	29622	3	0	1	0	0	0	0	0	0
S	29625	3	0	0	0	0	0	0	0	0
S	29628	3	0	1	0	0	0	0	0	0
S	29631	3	0	0	0	0	0	0	0	0
S	29634	3	0	1	0	0	0	0	0	0
S	29637	3	0	0	0	0	0	0	0	0
S	29640	3	0	1	0	0	0	0	0	0
S	29643	3	0	0	0	0	0	0	0	0
S	29646	3	0	1	0	0	0	0	0	0
S	29649	3	0	0	0	0	0	0	0	0
S	29652	3	0	1	0	0	0	0	0	0
S	29655	3	0	0	0	0	0	0	0	0
S	29658	3	0	1	0	0	0	0	0	0
S	29661	3	0	0	0	0	0	0	0	0
S	29664	3	0	1	0	0	0	0	0	0
S	29667	3	0	0	0	0	0	0	0	0
S	29670	3	0	1	0	0	0	0	0	0
S	29673	3	0	0	0	0	0	0	0	0
S	29676	3	0	1	0	0	0	0	0	0
S	29679	3	0	0	0	0	0	0	0	0
S	29682	3	0	1	0	0	0	0	0	0
S	29685	3	0	0	0	0	0	0	0	0
S	29688	3	0	1	0	0	0	0	0	0
S	29691	3	0	0	0	0	0	0	0	0
S	29694	1	0	15	0	0	0	0	0	0
S	29695	1	0	1	0	2	18	18	18	18
S	29696	1	0	0	0	2	18	18	18	18
S	29697	1	0	1	2	0	26	26	26	26
S	29698	1	0	0	2	0	26	26	26	26
S	29699	2	0	15	0	0	0	0	0	0
S	29701	1	0	1	17	2	2	18	19	19
S	29702	1	0	0	17	2	2	18	19	19
S	29703	1	0	1	20	2	2	21	2	19
S	29704	1	0	0	20	2	2	21	2	19
S	29705	1	0	1	22	2	2	23	19	2
S	29706	1	0	0	22	2	2	23	19	2
S	29707	1	0	1	24	2	21	18	19	18
S	29708	1	0	0	24	2	21	18	19	18
S	29709	1	0	1	25	2	23	18	18	19
S	29710	1	0	0	25	2	23	18	18	19
S	29711	1	0	1	2	17	2	26	27	27
S	29712	1	0	0	2	17	2	26	27	27
S	29713	1	0	1	2	20	2	28	2	27
S	29714	1	0	0	2	20	2	28	2	27
S	29715	1	0	1	2	22	2	29	27	2
S	29716	1	0	0	2	22	2	29	27	2
S	29717	1	0	1	2	24	28	26	27	26
S	29718	1	0	0	2	24	28	26	27	26
S	29719	1	0	1	2	25	29	26	26	27
S	29720	1	0	0	2	25	29	26	26	27
S	29721	1	0	1	30	2	18	2	31	31
S	29722	1	0	0	30	2	18	2	31	31
S	29723	1	0	1	32	2	23	2	31	2
S	29724	1	0	0	32	2	23	2	31	2
S	29725	1	0	1	33	2	21	2	2	31
S	29726	1	0	0	33	2	21	2	2	31
S	29727	1	0	1	34	2	18	23	18	31
S	29728	1	0	0	34	2	18	23	18	31
S	29729	1	0	1	35	2	18	21	31	18
S	29730	1	0	0	35	2	18	21	31	18
S	29731	1	0	1	2	30	26	2	36	36
S	29732	1	0	0	2	30	26	2	36	36
S	29733	1	0	1	2	32	29	2	36	2
S	29734	1	0	0	2	32	29	2	36	2
S	29735	1	0	1	2	33	28	2	2	36
S	29736	1	0	0	2	33	28	2	2	36
S	29737	1	0	1	2	34	26	29	26	36
S	29738	1	0	0	2	34	26	29	26	36
S	29739	1	0	1	2	35	26	28	36	26
S	29740	1	0	0	2	35	26	28	36	26
S	29741	1	0	1	37	2	21	21	2	18
S	29742	1	0	0	37	2	21	21	2	18
S	29743	1	0	1	33	2	21	2	2	31
S	29744	1	0	0	33	2	21	2	2	31
S	29745	1	0	1	20	2	2	21	2	19
S	29746	1	0	0	20	2	2	21	2	19
S	29747	1	0	1	35	2	18	21	31	18
S	29748	1	0	0	35	2	18	21	31	18
S	29749	1	0	1	24	2	21	18	19	18
S	29750	1	0	0	24	2	21	18	19	18
S	29751	1	0	1	2	37	28	28	2	26
S	29752	1	0	0	2	37	28	28	2	26
S	29753	1	0	1	2	33	28	2	2	36
S	29754	1	0	0	2	33	28	2	2	36
S	29755	1	0	1	2	20	2	28	2	27
S	29756	1	0	0	2	20	2	28	2	27
S	29757	1	0	1	2	35	26	28	36	26
S	29758	1	0	0	2	35	26	28	36	26
S	29759	1	0	1	2	24	28	26	27	26
S	29760	1	0	0	2	24	28	26	27	26
S	29761	1	0	1	38	2	23	23	18	2
S	29762	1	0	0	38	2	23	23	18	2
S	29763	1	0	1	22	2	2	23	19	2
S	29764	1	0	0	22	2	2	23	19	2
S	29765	1	0	1	32	2	23	2	31	2
S	29766	1	0	0	32	2	23	2	31	2
S	29767	1	0	1	25	2	23	18	18	19
S	29768	1	0	0	25	2	23	18	18	19
S	29769	1	0	1	34	2	18	23	18	31
S	29770	1	0	0	34	2	18	23	18	31
S	29771	1	0	1	2	38	29	29	26	2
S	29772	1	0	0	2	38	29	29	26	2
S	29773	1	0	1	2	22	2	29	27	2
S	29774	1	0	0	2	22	2	29	27	2
S	29775	1	0	1	2	32	29	2	36	2
S	29776	1	0	0	2	32	29	2	36	2
S	29777	1	0	1	2	25	29	26	26	27
S	29778	1	0	0	2	25	29	26	26	27
S	29779	1	0	1	2	34	26	29	26	36
S	29780	1	0	0	2	34	26	29	26	36
S	29781	3	0	1	0	0	0	0	0	0
S	29784	3	0	0	0	0	0	0	0	0
S	29787	3	0	1	0	0	0	0	0	0
S	29790	3	0	0	0	0	0	0	0	0
S	29793	3	0	1	0	0	0	0	0	0
S	29796	3	0	0	0	0	0	0	0	0
S	29799	3	0	1	0	0	0	0	0	0
S	29802	3	0	0	0	0	0	0	0	0
S	29805	3	0	1	0	0	0	0	0	0
S	29808	3	0	0	0	0	0	0	0	0
S	29811	3	0	1	0	0	0	0	0	0
S	29814	3	0	0	0	0	0	0	0	0
S	29817	3	0	1	0	0	0	0	0	0
S	29820	3	0	0	0	0	0	0	0	0
S	29823	3	0	1	0	0	0	0	0	0
S	29826	3	0	0	0	0	0	0	0	0
S	29829	3	0	1	0	0	0	0	0	0
S	29832	3	0	0	0	0	0	0	0	0
S	29835	3	0	1	0	0	0	0	0	0
S	29838	3	0	0	0	0	0	0	0	0
S	29841	3	0	1	0	0	0	0	0	0
S	29844	3	0	0	0	0	0	0	0	0
S	29847	3	0	1	0	0	0	0	0	0
S	29850	3	0	0	0	0	0	0	0	0
S	29853	3	0	1	0	0	0	0	0	0
S	29856	3	0	0	0	0	0	0	0	0
S	29859	3	0	1	0	0	0	0	0	0
S	29862	3	0	0	0	0	0	0	0	0
S	29865	3	0	1	0	0	0	0	0	0
S	29868	3	0	0	0	0	0	0	0	0
S	29871	3	0	1	0	0	0	0	0	0
S	29874	3	0	0	0	0	0	0	0	0
S	29877	3	0	1	0	0	0	0	0	0
S	29880	3	0	0	0	0	0	0	0	0
S	29883	3	0	1	0	0	0	0	0	0
S	29886	3	0	0	0	0	0	0	0	0
S	29889	3	0	1	0	0	0	0	0	0
S	29892	3	0	0	0	0	0	0	0	0
S	29895	3	0	1	0	0	0	0	0	0
S	29898	3	0	0	0	0	0	0	0	0
S	29901	3	0	1	0	0	0	0	0	0
S	29904	3	0	0	0	0	0	0	0	0
S	29907	3	0	1	0	0	0	0	0	0
S	29910	3	0	0	0	0	0	0	0	0
S	29913	3	0	1	0	0	0	0	0	0
S	29916	3	0	0	0	0	0	0	0	0
S	29919	3	0	1	0	0	0	0	0	0
S	29922	3	0	0	0	0	0	0	0	0
S	29925	3	0	1	0	0	0	0	0	0
S	29928	3	0	0	0	0	0	0	0	0
S	29931	3	0	1	0	0	0	0	0	0
S	29934	3	0	0	0	0	0	0	0	0
S	29937	3	0	1	0	0	0	0	0	0
S	29940	3	0	0	0	0	0	0	0	0
S	29943	3	0	1	0	0	0	0	0	0
S	29946	3	0	0	0	0	0	0	0	0
S	29949	3	0	1	0	0	0	0	0	0
S	29952	3	0	0	0	0	0	0	0	0
S	29955	3	0	1	0	0	0	0	0	0
S	29958	3	0	0	0	0	0	0	0	0
S	29961	3	0	1	0	0	0	0	0	0
S	29964	3	0	0	0	0	0	0	0	0
S	29967	3	0	1	0	0	0	0	0	0
S	29970	3	0	0	0	0	0	0	0	0
S	29973	3	0	1	0	0	0	0	0	0
S	29976	3	0	0	0	0	0	0	0	0
S	29979	3	0	1	0	0	0	0	0	0
S	29982	3	0	0	0	0	0	0	0	0
S	29985	3	0	1	0	0	0	0	0	0
S	29988	3	0	0	0	0	0	0	0	0
S	29991	3	0	1	0	0	0	0	0	0
S	29994	3	0	0	0	0	0	0	0	0
S	29997	3	0	1	0	0	0	0	0	0
S	30000	3	0	0	0	0	0	0	0	0
S	30003	3	0	1	0	0	0	0	0	0
S	30006	3	0	0	0	0	0	0	0	0
S	30009	3	0	1	0	0	0	0	0	0
S	30012	3	0	0	0	0	0	0	0	0
S	30015	3	0	1	0	0	0	0	0	0
S	30018	3	0	0	0	0	0	0	0	0
S	30021	3	0	1	0	0	0	0	0	0
S	30024	3	0	0	0	0	0	0	0	0
S	30027	3	0	1	0	0	0	0	0	0
S	30030	3	0	0	0	0	0	0	0	0
S	30033	3	0	1	0	0	0	0	0	0
S	30036	3	0	0	0	0	0	0	0	0
S	30039	3	0	1	0	0	0	0	0	0
S	30042	3	0	0	0	0	0	0	0	0
S	30045	3	0	1	0	0	0	0	0	0
S	30048	3	0	0	0	0	0	0	0	0
S	30051	3	0	1	0	0	0	0	0	0
S	30054	3	0	0	0	0	0	0	0	0
S	30057	3	0	1	0	0	0	0	0	0
S	30060	3	0	0	0	0	0	0	0	0
S	30063	3	0	1	0	0	0	0	0	0
S	30066	3	0	0	0	0	0	0	0	0
S	30069	3	0	1	0	0	0	0	0	0
S	30072	3	0	0	0	0	0	0	0	0
S	30075	3	0	1	0	0	0	0	0	0
S	30078	3	0	0	0	0	0	0	0	0
S	30081	3	0	1	0	0	0	0	0	0
S	30084	3	0	0	0	0	0	0	0	0
S	30087	3	0	1	0	0	0	0	0	0
S	30090	3	0	0	0	0	0	0	0	0
S	30093	3	0	1	0	0	0	0	0	0
S	30096	3	0	0	0	0	0	0	0	0
S	30099	3	0	1	0	0	0	0	0	0
S	30102	3	0	0	0	0	0	0	0	0
S	30105	1	0	15	0	0	0	0	0	0
S	30106	1	0	1	0	2	18	18	18	18
S	30107	1	0	0	0	2	18	18	18	18
S	30108	1	0	1	2	0	26	26	26	26
S	30109	1	0	0	2	0	26	26	26	26
S	30110	2	0	15	0	0	0	0	0	0
S	30112	1	0	1	17	2	2	18	19	19
S	30113	1	0	0	17	2	2	18	19	19
S	30114	1	0	1	20	2	2	21	2	19
S	30115	1	0	0	20	2	2	21	2	19
S	30116	1	0	1	22	2	2	23	19	2
S	30117	1	0	0	22	2	2	23	19	2
S	30118	1	0	1	24	2	21	18	19	18
S	30119	1	0	0	24	2	21	18	19	18
S	30120	1	0	1	25	2	23	18	18	19
S	30121	1	0	0	25	2	23	18	18	19
S	30122	1	0	1	2	17	2	26	27	27
S	30123	1	0	0	2	17	2	26	27	27
S	30124	1	0	1	2	20	2	28	2	27
S	30125	1	0	0	2	20	2	28	2	27
S	30126	1	0	1	2	22	2	29	27	2
S	30127	1	0	0	2	22	2	29	27	2
S	30128	1	0	1	2	24	28	26	27	26
S	30129	1	0	0	2	24	28	26	27	26
S	30130	1	0	1	2	25	29	26	26	27
S	30131	1	0	0	2	25	29	26	26	27
S	30132	1	0	1	30	2	18	2	31	31
S	30133	1	0	0	30	2	18	2	31	31
S	30134	1	0	1	32	2	23	2	31	2
S	30135	1	0	0	32	2	23	2	31	2
S	30136	1	0	1	33	2	21	2	2	31
S	30137	1	0	0	33	2	21	2	2	31
S	30138	1	0	1	34	2	18	23	18	31
S	30139	1	0	0	34	2	18	23	18	31
S	30140	1	0	1	35	2	18	21	31	18
S	30141	1	0	0	35	2	18	21	31	18
S	30142	1	0	1	2	30	26	2	36	36
S	30143	1	0	0	2	30	26	2	36	36
S	30144	1	0	1	2	32	29	2	36	2
S	30145	1	0	0	2	32	29	2	36	2
S	30146	1	0	1	2	33	28	2	2	36
S	30147	1	0	0	2	33	28	2	2	36
S	30148	1	0	1	2	34	26	29	26	36
S	30149	1	0	0	2	34	26	29	26	36
S	30150	1	0	1	2	35	26	28	36	26
S	30151	1	0	0	2	35	26	28	36	26
S	30152	1	0	1	37	2	21	21	2	18
S	30153	1	0	0	37	2	21	21	2	18
S	30154	1	0	1	33	2	21	2	2	31
S	30155	1	0	0	33	2	21	2	2	31
S	30156	1	0	1	20	2	2	21	2	19
S	30157	1	0	0	20	2	2	21	2	19
S	30158	1	0	1	35	2	18	21	31	18
S	30159	1	0	0	35	2	18	21	31	18
S	30160	1	0	1	24	2	21	18	19	18
S	30161	1	0	0	24	2	21	18	19	18
S	30162	1	0	1	2	37	28	28	2	26
S	30163	1	0	0	2	37	28	28	2	26
S	30164	1	0	1	2	33	28	2	2	36
S	30165	1	0	0	2	33	28	2	2	36
S	30166	1	0	1	2	20	2	28	2	27
S	30167	1	0	0	2	20	2	28	2	27
S	30168	1	0	1	2	35	26	28	36	26
S	30169	1	0	0	2	35	26	28	36	26
S	30170	1	0	1	2	24	28	26	27	26
S	30171	1	0	0	2	24	28	26	27	26
S	30172	1	0	1	38	2	23	23	18	2
S	30173	1	0	0	38	2	23	23	18	2
S	30174	1	0	1	22	2	2	23	19	2
S	30175	1	0	0	22	2	2	23	19	2
S	30176	1	0	1	32	2	23	2	31	2
S	30177	1	0	0	32	2	23	2	31	2
S	30178	1	0	1	25	2	23	18	18	19
S	30179	1	0	0	25	2	23	18	18	19
S	30180	1	0	1	34	2	18	23	18	31
S	30181	1	0	0	34	2	18	23	18	31
S	30182	1	0	1	2	38	29	29	26	2
S	30183	1	0	0	2	38	29	29	26	2
S	30184	1	0	1	2	22	2	29	27	2
S	30185	1	0	0	2	22	2	29	27	2
S	30186	1	0	1	2	32	29	2	36	2
S	30187	1	0	0	2	32	29	2	36	2
S	30188	1	0	1	2	25	29	26	26	27
S	30189	1	0	0	2	25	29	26	26	27
S	30190	1	0	1	2	34	26	29	26	36
S	30191	1	0	0	2	34	26	29	26	36
S	30192	3	0	1	0	0	0	0	0	0
S	30195	3	0	0	0	0	0	0	0	0
S	30198	3	0	1	0	0	0	0	0	0
S	30201	3	0	0	0	0	0	0	0	0
S	30204	3	0	1	0	0	0	0	0	0
S	30207	3	0	0	0	0	0	0	0	0
S	30210	3	0	1	0	0	0	0	0	0
S	30213	3	0	0	0	0	0	0	0	0
S	30216	3	0	1	0	0	0	0	0	0
S	30219	3	0	0	0	0	0	0	0	0
S	30222	3	0	1	0	0	0	0	0	0
S	30225	3	0	0	0	0	0	0	0	0
S	30228	3	0	1	0	0	0	0	0	0
S	30231	3	0	0	0	0	0	0	0	0
S	30234	3	0	1	0	0	0	0	0	0
S	30237	3	0	0	0	0	0	0	0	0
S	30240	3	0	1	0	0	0	0	0	0
S	30243	3	0	0	0	0	0	0	0	0
S	30246	3	0	1	0	0	0	0	0	0
S	30249	3	0	0	0	0	0	0	0	0
S	30252	3	0	1	0	0	0	0	0	0
S	30255	3	0	0	0	0	0	0	0	0
S	30258	3	0	1	0	0	0	0	0	0
S	30261	3	0	0	0	0	0	0	0	0
S	30264	3	0	1	0	0	0	0	0	0
S	30267	3	0	0	0	0	0	0	0	0
S	30270	3	0	1	0	0	0	0	0	0
S	30273	3	0	0	0	0	0	0	0	0
S	30276	3	0	1	0	0	0	0	0	0
S	30279	3	0	0	0	0	0	0	0	0
S	30282	3	0	1	0	0	0	0	0	0
S	30285	3	0	0	0	0	0	0	0	0
S	30288	3	0	1	0	0	0	0	0	0
S	30291	3	0	0	0	0	0	0	0	0
S	30294	3	0	1	0	0	0	0	0	0
S	30297	3	0	0	0	0	0	0	0	0
S	30300	3	0	1	0	0	0	0	0	0
S	30303	3	0	0	0	0	0	0	0	0
S	30306	3	0	1	0	0	0	0	0	0
S	30309	3	0	0	0	0	0	0	0	0
S	30312	3	0	1	0	0	0	0	0	0
S	30315	3	0	0	0	0	0	0	0	0
S	30318	3	0	1	0	0	0	0	0	0
S	30321	3	0	0	0	0	0	0	0	0
S	30324	3	0	1	0	0	0	0	0	0
S	30327	3	0	0	0	0	0	0	0	0
S	30330	3	0	1	0	0	0	0	0	0
S	30333	3	0	0	0	0	0	0	0	0
S	30336	3	0	1	0	0	0	0	0	0
S	30339	3	0	0	0	0	0	0	0	0
S	30342	3	0	1	0	0	0	0	0	0
S	30345	3	0	0	0	0	0	0	0	0
S	30348	3	0	1	0	0	0	0	0	0
S	30351	3	0	0	0	0	0	0	0	0
S	30354	3	0	1	0	0	0	0	0	0
S	30357	3	0	0	0	0	0	0	0	0
S	30360	3	0	1	0	0	0	0	0	0
S	30363	3	0	0	0	0	0	0	0	0
S	30366	3	0	1	0	0	0	0	0	0
S	30369	3	0	0	0	0	0	0	0	0
S	30372	3	0	1	0	0	0	0	0	0
S	30375	3	0	0	0	0	0	0	0	0
S	30378	3	0	1	0	0	0	0	0	0
S	30381	3	0	0	0	0	0	0	0	0
S	30384	3	0	1	0	0	0	0	0	0
S	30387	3	0	0	0	0	0	0	0	0
S	30390	3	0	1	0	0	0	0	0	0
S	30393	3	0	0	0	0	0	0	0	0
S	30396	3	0	1	0	0	0	0	0	0
S	30399	3	0	0	0	0	0	0	0	0
S	30402	3	0	1	0	0	0	0	0	0
S	30405	3	0	0	0	0	0	0	0	0
S	30408	3	0	1	0	0	0	0	0	0
S	30411	3	0	0	0	0	0	0	0	0
S	30414	3	0	1	0	0	0	0	0	0
S	30417	3	0	0	0	0	0	0	0	0
S	30420	3	0	1	0	0	0	0	0	0
S	30423	3	0	0	0	0	0	0	0	0
S	30426	3	0	1	0	0	0	0	0	0
S	30429	3	0	0	0	0	0	0	0	0
S	30432	3	0	1	0	0	0	0	0	0
S	30435	3	0	0	0	0	0	0	0	0
S	30438	3	0	1	0	0	0	0	0	0
S	30441	3	0	0	0	0	0	0	0	0
S	30444	3	0	1	0	0	0	0	0	0
S	30447	3	0	0	0	0	0	0	0	0
S	30450	3	0	1	0	0	0	0	0	0
S	30453	3	0	0	0	0	0	0	0	0
S	30456	3	0	1	0	0	0	0	0	0
S	30459	3	0	0	0	0	0	0	0	0
S	30462	3	0	1	0	0	0	0	0	0
S	30465	3	0	0	0	0	0	0	0	0
S	30468	3	0	1	0	0	0	0	0	0
S	30471	3	0	0	0	0	0	0	0	0
S	30474	3	0	1	0	0	0	0	0	0
S	30477	3	0	0	0	0	0	0	0	0
S	30480	3	0	1	0	0	0	0	0	0
S	30483	3	0	0	0	0	0	0	0	0
S	30486	3	0	1	0	0	0	0	0	0
S	30489	3	0	0	0	0	0	0	0	0
S	30492	3	0	1	0	0	0	0	0	0
S	30495	3	0	0	0	0	0	0	0	0
S	30498	3	0	1	0	0	0	0	0	0
S	30501	3	0	0	0	0	0	0	0	0
S	30504	3	0	1	0	0	0	0	0	0
S	30507	3	0	0	0	0	0	0	0	0
S	30510	3	0	1	0	0	0	0	0	0
S	30513	3	0	0	0	0	0	0	0	0
S	30516	3	0	15	0	0	0	0	0	0
S	30519	1	0	1	0	0	0	0	0	0
S	30520	1	1	1	2	0	26	26	26	26
S	30521	1	1	0	2	0	26	26	26	26
S	30522	1	1	1	2	0	26	26	26	26
S	30523	1	1	0	2	0	26	26	26	26
S	30524	1	1	1	2	0	26	26	26	26
S	30525	1	1	0	2	0	26	26	26	26
S	30526	1	1	1	2	0	26	26	26	26
S	30527	1	1	0	2	0	26	26	26	26
S	30528	1	1	1	2	0	26	26	26	26
S	30529	1	1	0	2	0	26	26	26	26
S	30530	1	1	1	2	0	26	26	26	26
S	30531	1	1	0	2	0	26	26	26	26
S	30532	1	1	1	2	0	26	26	26	26
S	30533	1	1	0	2	0	26	26	26	26
S	30534	1	1	1	2	0	26	26	26	26
S	30535	1	1	0	2	0	26	26	26	26
S	30536	1	1	1	2	0	26	26	26	26
S	30537	1	1	0	2	0	26	26	26	26
S	30538	1	1	1	2	0	26	26	26	26
S	30539	1	1	0	2	0	26	26	26	26
S	30540	1	1	1	2	0	26	26	26	26
S	30541	1	1	0	2	0	26	26	26	26
S	30542	1	1	1	2	0	26	26	26	26
S	30543	1	1	0	2	0	26	26	26	26
S	30544	1	1	1	2	0	26	26	26	26
S	30545	1	1	0	2	0	26	26	26	26
S	30546	1	1	1	2	0	26	26	26	26
S	30547	1	1	0	2	0	26	26	26	26
S	30548	1	1	1	2	0	26	26	26	26
S	30549	1	1	0	2	0	26	26	26	26
S	30550	1	1	1	2	0	26	26	26	26
S	30551	1	1	0	2	0	26	26	26	26
S	30552	1	1	1	2	0	26	26	26	26
S	30553	1	1	0	2	0	26	26	26	26
S	30554	1	1	1	2	0	26	26	26	26
S	30555	1	1	0	2	0	26	26	26	26
S	30556	1	1	1	2	0	26	26	26	26
S	30557	1	1	0	2	0	26	26	26	26
S	30558	1	1	1	2	0	26	26	26	26
S	30559	1	1	0	2	0	26	26	26	26
S	30560	1	1	1	2	0	26	26	26	26
S	30561	1	1	0	2	0	26	26	26	26
S	30562	1	1	1	2	0	26	26	26	26
S	30563	1	1	0	2	0	26	26	26	26
S	30564	1	1	1	2	0	26	26	26	26
S	30565	1	1	0	2	0	26	26	26	26
S	30566	1	1	1	2	0	26	26	26	26
S	30567	1	1	0	2	0	26	26	26	26
S	30568	1	1	1	2	0	26	26	26	26
S	30569	1	1	0	2	0	26	26	26	26
S	30570	1	1	1	2	0	26	26	26	26
S	30571	1	1	0	2	0	26	26	26	26
S	30572	1	1	1	2	0	26	26	26	26
S	30573	1	1	0	2	0	26	26	26	26
S	30574	1	1	1	2	0	26	26	26	26
S	30575	1	1	0	2	0	26	26	26	26
S	30576	1	1	1	2	0	26	26	26	26
S	30577	1	1	0	2	0	26	26	26	26
S	30578	1	1	1	2	0	26	26	26	26
S	30579	1	1	0	2	0	26	26	26	26
S	30580	1	1	1	2	0	26	26	26	26
S	30581	1	1	0	2	0	26	26	26	26
S	30582	1	1	1	2	0	26	26	26	26
S	30583	1	1	0	2	0	26	26	26	26
S	30584	1	1	1	2	0	26	26	26	26
S	30585	1	1	0	2	0	26	26	26	26
S	30586	1	1	1	2	0	26	26	26	26
S	30587	1	1	0	2	0	26	26	26	26
S	30588	1	1	1	2	0	26	26	26	26
S	30589	1	1	0	2	0	26	26	26	26
S	30590	1	1	1	2	0	26	26	26	26
S	30591	1	1	0	2	0	26	26	26	26
S	30592	1	1	1	2	0	26	26	26	26
S	30593	1	1	0	2	0	26	26	26	26
S	30594	1	1	1	2	0	26	26	26	26
S	30595	1	1	0	2	0	26	26	26	26
S	30596	1	1	1	2	0	26	26	26	26
S	30597	1	1	0	2	0	26	26	26	26
S	30598	1	1	1	2	0	26	26	26	26
S	30599	1	1	0	2	0	26	26	26	26
S	30600	1	1	1	2	0	26	26	26	26
S	30601	1	1	0	2	0	26	26	26	26
S	30602	1	1	1	2	0	26	26	26	26
S	30603	1	1	0	2	0	26	26	26	26
S	30604	1	1	1	2	0	26	26	26	26
S	30605	1	1	0	2	0	26	26	26	26
S	30606	1	1	1	2	0	26	26	26	26
S	30607	1	1	0	2	0	26	26	26	26
S	30608	1	1	1	2	0	26	26	26	26
S	30609	1	1	0	2	0	26	26	26	26
S	30610	1	1	1	2	0	26	26	26	26
S	30611	1	1	0	2	0	26	26	26	26
S	30612	1	1	1	2	0	26	26	26	26
S	30613	1	1	0	2	0	26	26	26	26
S	30614	1	1	1	2	0	26	26	26	26
S	30615	1	1	0	2	0	26	26	26	26
S	30616	1	1	1	2	0	26	26	26	26
S	30617	1	1	0	2	0	26	26	26	26
S	30618	1	1	1	2	0	26	26	26	26
S	30619	1	1	0	2	0	26	26	26	26
S	30620	1	1	1	2	0	26	26	26	26
S	30621	1	1	0	2	0	26	26	26	26
S	30622	1	1	1	2	0	26	26	26	26
S	30623	1	1	0	2	0	26	26	26	26
S	30624	1	1	1	2	0	26	26	26	26
S	30625	1	1	0	2	0	26	26	26	26
S	30626	1	1	1	2	0	26	26	26	26
S	30627	1	1	0	2	0	26	26	26	26
S	30628	1	1	1	2	0	26	26	26	26
S	30629	1	1	0	2	0	26	26	26	26
S	30630	1	1	1	2	0	26	26	26	26
S	30631	1	1	0	2	0	26	26	26	26
S	30632	1	1	1	2	0	26	26	26	26
S	30633	1	1	0	2	0	26	26	26	26
S	30634	1	1	1	2	0	26	26	26	26
S	30635	1	1	0	2	0	26	26	26	26
S	30636	1	1	1	2	0	26	26	26	26
S	30637	1	1	0	2	0	26	26	26	26
S	30638	1	1	1	2	0	26	26	26	26
S	30639	1	1	0	2	0	26	26	26	26
S	30640	1	1	1	2	0	26	26	26	26
S	30641	1	1	0	2	0	26	26	26	26
S	30642	1	1	1	2	0	26	26	26	26
S	30643	1	1	0	2	0	26	26	26	26
S	30644	1	1	1	2	0	26	26	26	26
S	30645	1	1	0	2	0	26	26	26	26
S	30646	1	1	1	2	0	26	26	26	26
S	30647	1	1	0	2	0	26	26	26	26
S	30648	1	1	1	2	0	26	26	26	26
S	30649	1	1	0	2	0	26	26	26	26
S	30650	1	1	1	2	0	26	26	26	26
S	30651	1	1	0	2	0	26	26	26	26
S	30652	1	1	1	2	0	26	26	26	26
S	30653	1	1	0	2	0	26	26	26	26
S	30654	1	1	1	2	0	26	26	26	26
S	30655	1	1	0	2	0	26	26	26	26
S	30656	1	1	1	2	0	26	26	26	26
S	30657	1	1	0	2	0	26	26	26	26
S	30658	1	1	1	2	0	26	26	26	26
S	30659	1	1	0	2	0	26	26	26	26
S	30660	1	1	1	2	0	26	26	26	26
S	30661	1	1	0	2	0	26	26	26	26
S	30662	1	1	1	2	0	26	26	26	26
S	30663	1	1	0	2	0	26	26	26	26
S	30664	1	1	1	2	0	26	26	26	26
S	30665	1	1	0	2	0	26	26	26	26
S	30666	1	1	1	2	0	26	26	26	26
S	30667	1	1	0	2	0	26	26	26	26
S	30668	1	1	1	2	0	26	26	26	26
S	30669	1	1	0	2	0	26	26	26	26
S	30670	1	1	1	2	0	26	26	26	26
S	30671	1	1	0	2	0	26	26	26	26
S	30672	1	1	1	2	0	26	26	26	26
S	30673	1	1	0	2	0	26	26	26	26
S	30674	1	1	1	2	0	26	26	26	26
S	30675	1	1	0	2	0	26	26	26	26
S	30676	1	1	1	2	0	26	26	26	26
S	30677	1	1	0	2	0	26	26	26	26
S	30678	1	1	1	2	0	26	26	26	26
S	30679	1	1	0	2	0	26	26	26	26
S	30680	1	1	1	2	0	26	26	26	26
S	30681	1	1	0	2	0	26	26	26	26
S	30682	1	1	1	2	0	26	26	26	26
S	30683	1	1	0	2	0	26	26	26	26
S	30684	1	1	1	2	0	26	26	26	26
S	30685	1	1	0	2	0	26	26	26	26
S	30686	1	1	1	2	0	26	26	26	26
S	30687	1	1	0	2	0	26	26	26	26
S	30688	1	1	1	2	0	26	26	26	26
S	30689	1	1	0	2	0	26	26	26	26
S	30690	1	1	1	2	0	26	26	26	26
S	30691	1	1	0	2	0	26	26	26	26
S	30692	1	1	1	2	0	26	26	26	26
S	30693	1	1	0	2	0	26	26	26	26
S	30694	1	1	1	2	0	26	26	26	26
S	30695	1	1	0	2	0	26	26	26	26
S	30696	1	1	1	2	0	26	26	26	26
S	30697	1	1	0	2	0	26	26	26	26
S	30698	1	1	1	2	0	26	26	26	26
S	30699	1	1	0	2	0	26	26	26	26
S	30700	1	1	1	2	0	26	26	26	26
S	30701	1	1	0	2	0	26	26	26	26
S	30702	1	1	1	2	0	26	26	26	26
S	30703	1	1	0	2	0	26	26	26	26
S	30704	1	1	1	2	0	26	26	26	26
S	30705	1	1	0	2	0	26	26	26	26
S	30706	1	1	1	2	0	26	26	26	26
S	30707	1	1	0	2	0	26	26	26	26
S	30708	1	1	1	2	0	26	26	26	26
S	30709	1	1	0	2	0	26	26	26	26
S	30710	1	1	1	2	0	26	26	26	26
S	30711	1	1	0	2	0	26	26	26	26
S	30712	1	1	1	2	0	26	26	26	26
S	30713	1	1	0	2	0	26	26	26	26
S	30714	1	1	1	2	0	26	26	26	26
S	30715	1	1	0	2	0	26	26	26	26
S	30716	1	1	1	2	0	26	26	26	26
S	30717	1	1	0	2	0	26	26	26	26
S	30718	1	1	1	2	0	26	26	26	26
S	30719	1	1	0	2	0	26	26	26	26
S	30720	1	1	1	2	0	26	26	26	26
S	30721	1	1	0	2	0	26	26	26	26
S	30722	1	1	1	2	0	26	26	26	26
S	30723	1	1	0	2	0	26	26	26	26
S	30724	1	1	1	2	0	26	26	26	26
S	30725	1	1	0	2	0	26	26	26	26
S	30726	1	1	1	2	0	26	26	26	26
S	30727	1	1	0	2	0	26	26	26	26
S	30728	1	1	1	2	0	26	26	26	26
S	30729	1	1	0	2	0	26	26	26	26
S	30730	1	1	1	2	0	26	26	26	26
S	30731	1	1	0	2	0	26	26	26	26
S	30732	1	1	1	2	0	26	26	26	26
S	30733	1	1	0	2	0	26	26	26	26
S	30734	1	1	1	2	0	26	26	26	26
S	30735	1	1	0	2	0	26	26	26	26
S	30736	1	1	1	2	0	26	26	26	26
S	30737	1	1	0	2	0	26	26	26	26
S	30738	1	1	1	2	0	26	26	26	26
S	30739	1	1	0	2	0	26	26	26	26
S	30740	1	1	1	2	0	26	26	26	26
S	30741	1	1	0	2	0	26	26	26	26
S	30742	1	1	1	2	0	26	26	26	26
S	30743	1	1	0	2	0	26	26	26	26
S	30744	1	1	1	2	0	26	26	26	26
S	30745	1	1	0	2	0	26	26	26	26
S	30746	1	1	1	2	0	26	26	26	26
S	30747	1	1	0	2	0	26	26	26	26
S	30748	1	1	1	2	0	26	26	26	26
S	30749	1	1	0	2	0	26	26	26	26
S	30750	1	1	1	2	0	26	26	26	26
S	30751	1	1	0	2	0	26	26	26	26
S	30752	1	1	1	2	0	26	26	26	26
S	30753	1	1	0	2	0	26	26	26	26
S	30754	1	1	1	2	0	26	26	26	26
S	30755	1	1	0	2	0	26	26	26	26
S	30756	1	1	1	2	0	26	26	26	26
S	30757	1	1	0	2	0	26	26	26	26
S	30758	1	1	1	2	0	26	26	26	26
S	30759	1	1	0	2	0	26	26	26	26
S	30760	1	1	1	2	0	26	26	26	26
S	30761	1	1	0	2	0	26	26	26	26
S	30762	1	1	1	2	0	26	26	26	26
S	30763	1	1	0	2	0	26	26	26	26
S	30764	1	1	1	2	0	26	26	26	26
S	30765	1	1	0	2	0	26	26	26	26
S	30766	1	1	1	2	0	26	26	26	26
S	30767	1	1	0	2	0	26	26	26	26
S	30768	1	1	1	2	0	26	26	26	26
S	30769	1	1	0	2	0	26	26	26	26
S	30770	1	1	1	2	0	26	26	26	26
S	30771	1	1	0	2	0	26	26	26	26
S	30772	1	1	1	2	0	26	26	26	26
S	30773	1	1	0	2	0	26	26	26	26
S	30774	1	1	1	2	0	26	26	26	26
S	30775	1	1	0	2	0	26	26	26	26
S	30776	1	1	1	2	0	26	26	26	26
S	30777	1	1	0	2	0	26	26	26	26
S	30778	1	1	1	2	0	26	26	26	26
S	30779	1	1	0	2	0	26	26	26	26
S	30780	1	1	1	2	0	26	26	26	26
S	30781	1	1	0	2	0	26	26	26	26
S	30782	1	1	1	2	0	26	26	26	26
S	30783	1	1	0	2	0	26	26	26	26
S	30784	1	1	1	2	0	26	26	26	26
S	30785	1	1	0	2	0	26	26	26	26
S	30786	1	1	1	2	0	26	26	26	26
S	30787	1	1	0	2	0	26	26	26	26
S	30788	1	1	1	2	0	26	26	26	26
S	30789	1	1	0	2	0	26	26	26	26
S	30790	1	1	1	2	0	26	26	26	26
S	30791	1	1	0	2	0	26	26	26	26
S	30792	1	1	1	2	0	26	26	26	26
S	30793	1	1	0	2	0	26	26	26	26
S	30794	1	1	1	2	0	26	26	26	26
S	30795	1	1	0	2	0	26	26	26	26
S	30796	1	1	1	2	0	26	26	26	26
S	30797	1	1	0	2	0	26	26	26	26
S	30798	1	1	1	2	0	26	26	26	26
S	30799	1	1	0	2	0	26	26	26	26
S	30800	1	1	1	2	0	26	26	26	26
S	30801	1	1	0	2	0	26	26	26	26
S	30802	1	1	1	2	0	26	26	26	26
S	30803	1	1	0	2	0	26	26	26	26
S	30804	1	1	1	2	0	26	26	26	26
S	30805	1	1	0	2	0	26	26	26	26
S	30806	1	1	1	2	0	26	26	26	26
S	30807	1	1	0	2	0	26	26	26	26
S	30808	1	1	1	2	0	26	26	26	26
S	30809	1	1	0	2	0	26	26	26	26
S	30810	1	1	1	2	0	26	26	26	26
S	30811	1	1	0	2	0	26	26	26	26
S	30812	1	1	1	2	0	26	26	26	26
S	30813	1	1	0	2	0	26	26	26	26
S	30814	1	1	1	2	0	26	26	26	26
S	30815	1	1	0	2	0	26	26	26	26
S	30816	1	1	1	2	0	26	26	26	26
S	30817	1	1	0	2	0	26	26	26	26
S	30818	1	1	1	2	0	26	26	26	26
S	30819	1	1	0	2	0	26	26	26	26
S	30820	1	1	1	2	0	26	26	26	26
S	30821	1	1	0	2	0	26	26	26	26
S	30822	1	1	1	2	0	26	26	26	26
S	30823	1	1	0	2	0	26	26	26	26
S	30824	1	1	1	2	0	26	26	26	26
S	30825	1	1	0	2	0	26	26	26	26
S	30826	1	1	1	2	0	26	26	26	26
S	30827	1	1	0	2	0	26	26	26	26
S	30828	1	1	1	2	0	26	26	26	26
S	30829	1	1	0	2	0	26	26	26	26
S	30830	1	1	1	2	0	26	26	26	26
S	30831	1	1	0	2	0	26	26	26	26
S	30832	1	1	1	2	0	26	26	26	26
S	30833	1	1	0	2	0	26	26	26	26
S	30834	1	1	1	2	0	26	26	26	26
S	30835	1	1	0	2	0	26	26	26	26
S	30836	1	1	1	2	0	26	26	26	26
S	30837	1	1	0	2	0	26	26	26	26
S	30838	1	1	1	2	0	26	26	26	26
S	30839	1	1	0	2	0	26	26	26	26
S	30840	1	1	1	2	0	26	26	26	26
S	30841	1	1	0	2	0	26	26	26	26
S	30842	1	1	1	2	0	26	26	26	26
S	30843	1	1	0	2	0	26	26	26	26
S	30844	1	1	1	2	0	26	26	26	26
S	30845	1	1	0	2	0	26	26	26	26
S	30846	1	1	1	2	0	26	26	26	26
S	30847	1	1	0	2	0	26	26	26	26
S	30848	1	1	1	2	0	26	26	26	26
S	30849	1	1	0	2	0	26	26	26	26
S	30850	1	1	1	2	0	26	26	26	26
S	30851	1	1	0	2	0	26	26	26	26
S	30852	1	1	1	2	0	26	26	26	26
S	30853	1	1	0	2	0	26	26	26	26
S	30854	1	1	1	2	0	26	26	26	26
S	30855	1	1	0	2	0	26	26	26	26
S	30856	1	1	1	2	0	26	26	26	26
S	30857	1	1	0	2	0	26	26	26	26
S	30858	1	1	1	2	0	26	26	26	26
S	30859	1	1	0	2	0	26	26	26	26
S	30860	1	1	1	2	0	26	26	26	26
S	30861	1	1	0	2	0	26	26	26	26
S	30862	1	1	1	2	0	26	26	26	26
S	30863	1	1	0	2	0	26	26	26	26
S	30864	1	1	1	2	0	26	26	26	26
S	30865	1	1	0	2	0	26	26	26	26
S	30866	1	1	1	2	0	26	26	26	26
S	30867	1	1	0	2	0	26	26	26	26
S	30868	1	1	1	2	0	26	26	26	26
S	30869	1	1	0	2	0	26	26	26	26
S	30870	1	1	1	2	0	26	26	26	26
S	30871	1	1	0	2	0	26	26	26	26
S	30872	1	1	1	2	0	26	26	26	26
S	30873	1	1	0	2	0	26	26	26	26
S	30874	1	1	1	2	0	26	26	26	26
S	30875	1	1	0	2	0	26	26	26	26
S	30876	1	1	1	2	0	26	26	26	26
S	30877	1	1	0	2	0	26	26	26	26
S	30878	1	1	1	2	0	26	26	26	26
S	30879	1	1	0	2	0	26	26	26	26
S	30880	1	1	1	2	0	26	26	26	26
S	30881	1	1	0	2	0	26	26	26	26
S	30882	1	1	1	2	0	26	26	26	26
S	30883	1	1	0	2	0	26	26	26	26
S	30884	1	1	1	2	0	26	26	26	26
S	30885	1	1	0	2	0	26	26	26	26
S	30886	1	1	1	2	0	26	26	26	26
S	30887	1	1	0	2	0	26	26	26	26
S	30888	1	1	1	2	0	26	26	26	26
S	30889	1	1	0	2	0	26	26	26	26
S	30890	1	1	1	2	0	26	26	26	26
S	30891	1	1	0	2	0	26	26	26	26
S	30892	1	1	1	2	0	26	26	26	26
S	30893	1	1	0	2	0	26	26	26	26
S	30894	1	1	1	2	0	26	26	26	26
S	30895	1	1	0	2	0	26	26	26	26
S	30896	1	1	1	2	0	26	26	26	26
S	30897	1	1	0	2	0	26	26	26	26
S	30898	1	1	1	2	0	26	26	26	26
S	30899	1	1	0	2	0	26	26	26	26
S	30900	1	1	1	2	0	26	26	26	26
S	30901	1	1	0	2	0	26	26	26	26
S	30902	1	1	1	2	0	26	26	26	26
S	30903	1	1	0	2	0	26	26	26	26
S	30904	1	1	1	2	0	26	26	26	26
S	30905	1	1	0	2	0	26	26	26	26
S	30906	1	1	1	2	0	26	26	26	26
S	30907	1	1	0	2	0	26	26	26	26
S	30908	1	1	1	2	0	26	26	26	26
S	30909	1	1	0	2	0	26	26	26	26
S	30910	1	1	1	2	0	26	26	26	26
S	30911	1	1	0	2	0	26	26	26	26
S	30912	1	1	1	2	0	26	26	26	26
S	30913	1	1	0	2	0	26	26	26	26
S	30914	1	1	1	2	0	26	26	26	26
S	30915	1	1	0	2	0	26	26	26	26
S	30916	1	1	1	2	0	26	26	26	26
S	30917	1	1	0	2	0	26	26	26	26
S	30918	1	1	1	2	0	26	26	26	26
S	30919	1	1	0	2	0	26	26	26	26
S	30920	1	1	1	2	0	26	26	26	26
S	30921	1	1	0	2	0	26	26	26	26
S	30922	1	1	1	2	0	26	26	26	26
S	30923	1	1	0	2	0	26	26	26	26
S	30924	1	1	1	2	0	26	26	26	26
S	30925	1	1	0	2	0	26	26	26	26
S	30926	1	1	1	2	0	26	26	26	26
S	30927	1	1	0	2	0	26	26	26	26
S	30928	1	1	1	2	0	26	26	26	26
S	30929	1	1	0	2	0	26	26	26	26
S	30930	1	1	1	2	0	26	26	26	26
S	30931	1	1	0	2	0	26	26	26	26
S	30932	1	1	1	2	0	26	26	26	26
S	30933	1	1	0	2	0	26	26	26	26
S	30934	1	1	1	2	0	26	26	26	26
S	30935	1	1	0	2	0	26	26	26	26
S	30936	1	1	1	2	0	26	26	26	26
S	30937	1	1	0	2	0	26	26	26	26
S	30938	1	1	1	2	0	26	26	26	26
S	30939	1	1	0	2	0	26	26	26	26
S	30940	1	1	1	2	0	26	26	26	26
S	30941	1	1	0	2	0	26	26	26	26
S	30942	1	1	1	2	0	26	26	26	26
S	30943	1	1	0	2	0	26	26	26	26
S	30944	1	1	1	2	0	26	26	26	26
S	30945	1	1	0	2	0	26	26	26	26
S	30946	1	1	1	2	0	26	26	26	26
S	30947	1	1	0	2	0	26	26	26	26
S	30948	1	1	1	2	0	26	26	26	26
S	30949	1	1	0	2	0	26	26	26	26
S	30950	1	1	1	2	0	26	26	26	26
S	30951	1	1	0	2	0	26	26	26	26
S	30952	1	1	1	2	0	26	26	26	26
S	30953	1	1	0	2	0	26	26	26	26
S	30954	1	1	1	2	0	26	26	26	26
S	30955	1	1	0	2	0	26	26	26	26
S	30956	1	1	1	2	0	26	26	26	26
S	30957	1	1	0	2	0	26	26	26	26
S	30958	1	1	1	2	0	26	26	26	26
S	30959	1	1	0	2	0	26	26	26	26
S	30960	1	1	1	2	0	26	26	26	26
S	30961	1	1	0	2	0	26	26	26	26
S	30962	1	1	1	2	0	26	26	26	26
S	30963	1	1	0	2	0	26	26	26	26
S	30964	1	1	1	2	0	26	26	26	26
S	30965	1	1	0	2	0	26	26	26	26
S	30966	1	1	1	2	0	26	26	26	26
S	30967	1	1	0	2	0	26	26	26	26
S	30968	1	1	1	2	0	26	26	26	26
S	30969	1	1	0	2	0	26	26	26	26
S	30970	1	1	1	2	0	26	26	26	26
S	30971	1	1	0	2	0	26	26	26	26
S	30972	1	1	1	2	0	26	26	26	26
S	30973	1	1	0	2	0	26	26	26	26
S	30974	1	1	1	2	0	26	26	26	26
S	30975	1	1	0	2	0	26	26	26	26
S	30976	1	1	1	2	0	26	26	26	26
S	30977	1	1	0	2	0	26	26	26	26
S	30978	1	1	1	2	0	26	26	26	26
S	30979	1	1	0	2	0	26	26	26	26
S	30980	1	1	1	2	0	26	26	26	26
S	30981	1	1	0	2	0	26	26	26	26
S	30982	1	1	1	2	0	26	26	26	26
S	30983	1	1	0	2	0	26	26	26	26
S	30984	1	1	1	2	0	26	26	26	26
S	30985	1	1	0	2	0	26	26	26	26
S	30986	1	1	1	2	0	26	26	26	26
S	30987	1	1	0	2	0	26	26	26	26
S	30988	1	1	1	2	0	26	26	26	26
S	30989	1	1	0	2	0	26	26	26	26
S	30990	1	1	1	2	0	26	26	26	26
S	30991	1	1	0	2	0	26	26	26	26
S	30992	1	1	1	2	0	26	26	26	26
S	30993	1	1	0	2	0	26	26	26	26
S	30994	1	1	1	2	0	26	26	26	26
S	30995	1	1	0	2	0	26	26	26	26
S	30996	1	1	1	2	0	26	26	26	26
S	30997	1	1	0	2	0	26	26	26	26
S	30998	1	1	1	2	0	26	26	26	26
S	30999	1	1	0	2	0	26	26	26	26
S	31000	1	0	15	0	0	0	0	0	0
S	31001	2	0	1	0	0	0	0	0	0
S	31003	2	0	0	0	0	0	0	0	0
S	31005	2	0	1	0	0	0	0	0	0
S	31007	2	0	0	0	0	0	0	0	0
S	31009	2	0	1	0	0	0	0	0	0
S	31011	2	0	0	0	0	0	0	0	0
S	31013	2	0	1	0	0	0	0	0	0
S	31015	2	0	0	0	0	0	0	0	0
S	31017	2	0	1	0	0	0	0	0	0
S	31019	2	0	0	0	0	0	0	0	0
S	31021	2	0	1	0	0	0	0	0	0
S	31023	2	0	0	0	0	0	0	0	0
S	31025	2	0	1	0	0	0	0	0	0
S	31027	2	0	0	0	0	0	0	0	0
S	31029	2	0	1	0	0	0	0	0	0
S	31031	2	0	0	0	0	0	0	0	0
S	31033	2	0	1	0	0	0	0	0	0
S	31035	2	0	0	0	0	0	0	0	0
S	31037	2	0	1	0	0	0	0	0	0
S	31039	2	0	0	0	0	0	0	0	0
S	31041	2	0	1	0	0	0	0	0	0
S	31043	2	0	0	0	0	0	0	0	0
S	31045	2	0	1	0	0	0	0	0	0
S	31047	2	0	0	0	0	0	0	0	0
S	31049	2	0	1	0	0	0	0	0	0
S	31051	2	0	0	0	0	0	0	0	0
S	31053	2	0	1	0	0	0	0	0	0
S	31055	2	0	0	0	0	0	0	0	0
S	31057	2	0	1	0	0	0	0	0	0
S	31059	2	0	0	0	0	0	0	0	0
S	31061	2	0	1	0	0	0	0	0	0
S	31063	2	0	0	0	0	0	0	0	0
S	31065	2	0	1	0	0	0	0	0	0
S	31067	2	0	0	0	0	0	0	0	0
S	31069	2	0	1	0	0	0	0	0	0
S	31071	2	0	0	0	0	0	0	0	0
S	31073	2	0	1	0	0	0	0	0	0
S	31075	2	0	0	0	0	0	0	0	0
S	31077	2	0	1	0	0	0	0	0	0
S	31079	2	0	0	0	0	0	0	0	0
S	31081	2	0	1	0	0	0	0	0	0
S	31083	2	0	0	0	0	0	0	0	0
S	31085	2	0	1	0	0	0	0	0	0
S	31087	2	0	0	0	0	0	0	0	0
S	31089	2	0	1	0	0	0	0	0	0
S	31091	2	0	0	0	0	0	0	0	0
S	31093	2	0	1	0	0	0	0	0	0
S	31095	2	0	0	0	0	0	0	0	0
S	31097	2	0	1	0	0	0	0	0	0
S	31099	2	0	0	0	0	0	0	0	0
S	31101	2	0	1	0	0	0	0	0	0
S	31103	2	0	0	0	0	0	0	0	0
S	31105	2	0	1	0	0	0	0	0	0
S	31107	2	0	0	0	0	0	0	0	0
S	31109	2	0	1	0	0	0	0	0	0
S	31111	2	0	0	0	0	0	0	0	0
S	31113	2	0	1	0	0	0	0	0	0
S	31115	2	0	0	0	0	0	0	0	0
S	31117	2	0	1	0	0	0	0	0	0
S	31119	2	0	0	0	0	0	0	0	0
S	31121	2	0	1	0	0	0	0	0	0
S	31123	2	0	0	0	0	0	0	0	0
S	31125	2	0	1	0	0	0	0	0	0
S	31127	1	0	0	0	0	0	0	0	0
S	31128	1	0	1	0	0	0	0	0	0
S	31129	2	6	15	0	0	0	0	0	0
S	31131	8	0	1	2	0	26	26	26	26
S	31139	26	0	15	0	0	0	0	0	0
S	31165	1	0	1	17	2	2	18	19	19
S	31166	1	0	0	17	2	2	18	19	19
S	31167	1	0	1	20	2	2	21	2	19
S	31168	1	0	0	20	2	2	21	2	19
S	31169	1	0	1	22	2	2	23	19	2
S	31170	1	0	0	22	2	2	23	19	2
S	31171	1	0	1	24	2	21	18	19	18
S	31172	1	0	0	24	2	21	18	19	18
S	31173	1	0	1	25	2	23	18	18	19
S	31174	1	0	0	25	2	23	18	18	19
S	31175	1	0	1	2	17	2	26	27	27
S	31176	1	0	0	2	17	2	26	27	27
S	31177	1	0	1	2	20	2	28	2	27
S	31178	1	0	0	2	20	2	28	2	27
S	31179	1	0	1	2	22	2	29	27	2
S	31180	1	0	0	2	22	2	29	27	2
S	31181	1	0	1	2	24	28	26	27	26
S	31182	1	0	0	2	24	28	26	27	26
S	31183	1	0	1	2	25	29	26	26	27
S	31184	1	0	0	2	25	29	26	26	27
S	31185	1	0	1	30	2	18	2	31	31
S	31186	1	0	0	30	2	18	2	31	31
S	31187	1	0	1	32	2	23	2	31	2
S	31188	1	0	0	32	2	23	2	31	2
S	31189	1	0	1	33	2	21	2	2	31
S	31190	1	0	0	33	2	21	2	2	31
S	31191	1	0	1	34	2	18	23	18	31
S	31192	1	0	0	34	2	18	23	18	31
S	31193	1	0	1	35	2	18	21	31	18
S	31194	1	0	0	35	2	18	21	31	18
S	31195	1	0	1	2	30	26	2	36	36
S	31196	1	0	0	2	30	26	2	36	36
S	31197	1	0	1	2	32	29	2	36	2
S	31198	1	0	0	2	32	29	2	36	2
S	31199	1	0	1	2	33	28	2	2	36
S	31200	1	0	0	2	33	28	2	2	36
S	31201	1	0	1	2	34	26	29	26	36
S	31202	1	0	0	2	34	26	29	26	36
S	31203	1	0	1	2	35	26	28	36	26
S	31204	1	0	0	2	35	26	28	36	26
S	31205	1	0	1	37	2	21	21	2	18
S	31206	1	0	0	37	2	21	21	2	18
S	31207	1	0	1	33	2	21	2	2	31
S	31208	1	0	0	33	2	21	2	2	31
S	31209	1	0	1	20	2	2	21	2	19
S	31210	1	0	0	20	2	2	21	2	19
S	31211	1	0	1	35	2	18	21	31	18
S	31212	1	0	0	35	2	18	21	31	18
S	31213	1	0	1	24	2	21	18	19	18
S	31214	1	0	0	24	2	21	18	19	18
S	31215	1	0	1	2	37	28	28	2	26
S	31216	1	0	0	2	37	28	28	2	26
S	31217	1	0	1	2	33	28	2	2	36
S	31218	1	0	0	2	33	28	2	2	36
S	31219	1	0	1	2	20	2	28	2	27
S	31220	1	0	0	2	20	2	28	2	27
S	31221	1	0	1	2	35	26	28	36	26
S	31222	1	0	0	2	35	26	28	36	26
S	31223	1	0	1	2	24	28	26	27	26
S	31224	1	0	0	2	24	28	26	27	26
S	31225	1	0	1	38	2	23	23	18	2
S	31226	1	0	0	38	2	23	23	18	2
S	31227	1	0	1	22	2	2	23	19	2
S	31228	1	0	0	22	2	2	23	19	2
S	31229	1	0	1	32	2	23	2	31	2
S	31230	1	0	0	32	2	23	2	31	2
S	31231	1	0	1	25	2	23	18	18	19
S	31232	1	0	0	25	2	23	18	18	19
S	31233	1	0	1	34	2	18	23	18	31
S	31234	1	0	0	34	2	18	23	18	31
S	31235	1	0	1	2	38	29	29	26	2
S	31236	1	0	0	2	38	29	29	26	2
S	31237	1	0	1	2	22	2	29	27	2
S	31238	1	0	0	2	22	2	29	27	2
S	31239	1	0	1	2	32	29	2	36	2
S	31240	1	0	0	2	32	29	2	36	2
S	31241	1	0	1	2	25	29	26	26	27
S	31242	1	0	0	2	25	29	26	26	27
S	31243	1	0	1	2	34	26	29	26	36
S	31244	1	0	0	2	34	26	29	26	36
S	31245	1	0	1	17	2	2	18	19	19
S	31246	1	0	0	17	2	2	18	19	19
S	31247	1	0	1	20	2	2	21	2	19
S	31248	1	0	0	20	2	2	21	2	19
S	31249	1	0	1	22	2	2	23	19	2
S	31250	1	0	0	22	2	2	23	19	2
S	31251	1	0	1	24	2	21	18	19	18
S	31252	1	0	0	24	2	21	18	19	18
S	31253	1	0	1	25	2	23	18	18	19
S	31254	1	0	0	25	2	23	18	18	19
S	31255	1	0	1	2	17	2	26	27	27
S	31256	1	0	0	2	17	2	26	27	27
S	31257	1	0	1	2	20	2	28	2	27
S	31258	1	0	0	2	20	2	28	2	27
S	31259	1	0	1	2	22	2	29	27	2
S	31260	1	0	0	2	22	2	29	27	2
S	31261	1	0	1	2	24	28	26	27	26
S	31262	1	0	0	2	24	28	26	27	26
S	31263	1	0	1	2	25	29	26	26	27
S	31264	1	0	0	2	25	29	26	26	27
S	31265	1	0	1	30	2	18	2	31	31
S	31266	1	0	0	30	2	18	2	31	31
S	31267	1	0	1	32	2	23	2	31	2
S	31268	1	0	0	32	2	23	2	31	2
S	31269	1	0	1	33	2	21	2	2	31
S	31270	1	0	0	33	2	21	2	2	31
S	31271	1	0	1	34	2	18	23	18	31
S	31272	1	0	0	34	2	18	23	18	31
S	31273	1	0	1	35	2	18	21	31	18
S	31274	1	0	0	35	2	18	21	31	18
S	31275	1	0	1	2	30	26	2	36	36
S	31276	1	0	0	2	30	26	2	36	36
S	31277	1	0	1	2	32	29	2	36	2
S	31278	1	0	0	2	32	29	2	36	2
S	31279	1	0	1	2	33	28	2	2	36
S	31280	1	0	0	2	33	28	2	2	36
S	31281	1	0	1	2	34	26	29	26	36
S	31282	1	0	0	2	34	26	29	26	36
S	31283	1	0	1	2	35	26	28	36	26
S	31284	1	0	0	2	35	26	28	36	26
S	31285	1	0	1	37	2	21	21	2	18
S	31286	1	0	0	37	2	21	21	2	18
S	31287	1	0	1	33	2	21	2	2	31
S	31288	1	0	0	33	2	21	2	2	31
S	31289	1	0	1	20	2	2	21	2	19
S	31290	1	0	0	20	2	2	21	2	19
S	31291	1	0	1	35	2	18	21	31	18
S	31292	1	0	0	35	2	18	21	31	18
S	31293	1	0	1	24	2	21	18	19	18
S	31294	1	0	0	24	2	21	18	19	18
S	31295	1	0	1	2	37	28	28	2	26
S	31296	1	0	0	2	37	28	28	2	26
S	31297	1	0	1	2	33	28	2	2	36
S	31298	1	0	0	2	33	28	2	2	36
S	31299	1	0	1	2	20	2	28	2	27
S	31300	1	0	0	2	20	2	28	2	27
S	31301	1	0	1	2	35	26	28	36	26
S	31302	1	0	0	2	35	26	28	36	26
S	31303	1	0	1	2	24	28	26	27	26
S	31304	1	0	0	2	24	28	26	27	26
S	31305	1	0	1	38	2	23	23	18	2
S	31306	1	0	0	38	2	23	23	18	2
S	31307	1	0	1	22	2	2	23	19	2
S	31308	1	0	0	22	2	2	23	19	2
S	31309	1	0	1	32	2	23	2	31	2
S	31310	1	0	0	32	2	23	2	31	2
S	31311	1	0	1	25	2	23	18	18	19
S	31312	1	0	0	25	2	23	18	18	19
S	31313	1	0	1	34	2	18	23	18	31
S	31314	1	0	0	34	2	18	23	18	31
S	31315	1	0	1	2	38	29	29	26	2
S	31316	1	0	0	2	38	29	29	26	2
S	31317	1	0	1	2	22	2	29	27	2
S	31318	1	0	0	2	22	2	29	27	2
S	31319	1	0	1	2	32	29	2	36	2
S	31320	1	0	0	2	32	29	2	36	2
S	31321	1	0	1	2	25	29	26	26	27
S	31322	1	0	0	2	25	29	26	26	27
S	31323	1	0	1	2	34	26	29	26	36
S	31324	1	0	0	2	34	26	29	26	36
S	31325	1	0	1	17	2	2	18	19	19
S	31326	1	0	0	17	2	2	18	19	19
S	31327	1	0	1	20	2	2	21	2	19
S	31328	1	0	0	20	2	2	21	2	19
S	31329	1	0	1	22	2	2	23	19	2
S	31330	1	0	0	22	2	2	23	19	2
S	31331	1	0	1	24	2	21	18	19	18
S	31332	1	0	0	24	2	21	18	19	18
S	31333	1	0	1	25	2	23	18	18	19
S	31334	1	0	0	25	2	23	18	18	19
S	31335	1	0	1	2	17	2	26	27	27
S	31336	1	0	0	2	17	2	26	27	27
S	31337	1	0	1	2	20	2	28	2	27
S	31338	1	0	0	2	20	2	28	2	27
S	31339	1	0	1	2	22	2	29	27	2
S	31340	1	0	0	2	22	2	29	27	2
S	31341	1	0	1	2	24	28	26	27	26
S	31342	1	0	0	2	24	28	26	27	26
S	31343	1	0	1	2	25	29	26	26	27
S	31344	1	0	0	2	25	29	26	26	27
S	31345	1	0	1	30	2	18	2	31	31
S	31346	1	0	0	30	2	18	2	31	31
S	31347	1	0	1	32	2	23	2	31	2
S	31348	1	0	0	32	2	23	2	31	2
S	31349	1	0	1	33	2	21	2	2	31
S	31350	1	0	0	33	2	21	2	2	31
S	31351	1	0	1	34	2	18	23	18	31
S	31352	1	0	0	34	2	18	23	18	31
S	31353	1	0	1	35	2	18	21	31	18
S	31354	1	0	0	35	2	18	21	31	18
S	31355	1	0	1	2	30	26	2	36	36
S	31356	1	0	0	2	30	26	2	36	36
S	31357	1	0	1	2	32	29	2	36	2
S	31358	1	0	0	2	32	29	2	36	2
S	31359	1	0	1	2	33	28	2	2	36
S	31360	1	0	0	2	33	28	2	2	36
S	31361	1	0	1	2	34	26	29	26	36
S	31362	1	0	0	2	34	26	29	26	36
S	31363	1	0	1	2	35	26	28	36	26
S	31364	1	0	0	2	35	26	28	36	26
S	31365	1	0	1	37	2	21	21	2	18
S	31366	1	0	0	37	2	21	21	2	18
S	31367	1	0	1	33	2	21	2	2	31
S	31368	1	0	0	33	2	21	2	2	31
S	31369	1	0	1	20	2	2	21	2	19
S	31370	1	0	0	20	2	2	21	2	19
S	31371	1	0	1	35	2	18	21	31	18
S	31372	1	0	0	35	2	18	21	31	18
S	31373	1	0	1	24	2	21	18	19	18
S	31374	1	0	0	24	2	21	18	19	18
S	31375	1	0	1	2	37	28	28	2	26
S	31376	1	0	0	2	37	28	28	2	26
S	31377	1	0	1	2	33	28	2	2	36
S	31378	1	0	0	2	33	28	2	2	36
S	31379	1	0	1	2	20	2	28	2	27
S	31380	1	0	0	2	20	2	28	2	27
S	31381	1	0	1	2	35	26	28	36	26
S	31382	1	0	0	2	35	26	28	36	26
S	31383	1	0	1	2	24	28	26	27	26
S	31384	1	0	0	2	24	28	26	27	26
S	31385	1	0	1	38	2	23	23	18	2
S	31386	1	0	0	38	2	23	23	18	2
S	31387	1	0	1	22	2	2	23	19	2
S	31388	1	0	0	22	2	2	23	19	2
S	31389	1	0	1	32	2	23	2	31	2
S	31390	1	0	0	32	2	23	2	31	2
S	31391	1	0	1	25	2	23	18	18	19
S	31392	1	0	0	25	2	23	18	18	19
S	31393	1	0	1	34	2	18	23	18	31
S	31394	1	0	0	34	2	18	23	18	31
S	31395	1	0	1	2	38	29	29	26	2
S	31396	1	0	0	2	38	29	29	26	2
S	31397	1	0	1	2	22	2	29	27	2
S	31398	1	0	0	2	22	2	29	27	2
S	31399	1	0	1	2	32	29	2	36	2
S	31400	1	0	0	2	32	29	2	36	2
S	31401	1	0	1	2	25	29	26	26	27
S	31402	1	0	0	2	25	29	26	26	27
S	31403	1	0	1	2	34	26	29	26	36
S	31404	1	0	0	2	34	26	29	26	36
S	31405	1	0	1	17	2	2	18	19	19
S	31406	1	0	0	17	2	2	18	19	19
S	31407	1	0	1	20	2	2	21	2	19
S	31408	1	0	0	20	2	2	21	2	19
S	31409	1	0	1	22	2	2	23	19	2
S	31410	1	0	0	22	2	2	23	19	2
S	31411	1	0	1	24	2	21	18	19	18
S	31412	1	0	0	24	2	21	18	19	18
S	31413	1	0	1	25	2	23	18	18	19
S	31414	1	0	0	25	2	23	18	18	19
S	31415	1	0	1	2	17	2	26	27	27
S	31416	1	0	0	2	17	2	26	27	27
S	31417	1	0	1	2	20	2	28	2	27
S	31418	1	0	0	2	20	2	28	2	27
S	31419	1	0	1	2	22	2	29	27	2
S	31420	1	0	0	2	22	2	29	27	2
S	31421	1	0	1	2	24	28	26	27	26
S	31422	1	0	0	2	24	28	26	27	26
S	31423	1	0	1	2	25	29	26	26	27
S	31424	1	0	0	2	25	29	26	26	27
S	31425	1	0	1	30	2	18	2	31	31
S	31426	1	0	0	30	2	18	2	31	31
S	31427	1	0	1	32	2	23	2	31	2
S	31428	1	0	0	32	2	23	2	31	2
S	31429	1	0	1	33	2	21	2	2	31
S	31430	1	0	0	33	2	21	2	2	31
S	31431	1	0	1	34	2	18	23	18	31
S	31432	1	0	0	34	2	18	23	18	31
S	31433	1	0	1	35	2	18	21	31	18
S	31434	1	0	0	35	2	18	21	31	18
S	31435	1	0	1	2	30	26	2	36	36
S	31436	1	0	0	2	30	26	2	36	36
S	31437	1	0	1	2	32	29	2	36	2
S	31438	1	0	0	2	32	29	2	36	2
S	31439	1	0	1	2	33	28	2	2	36
S	31440	1	0	0	2	33	28	2	2	36
S	31441	1	0	1	2	34	26	29	26	36
S	31442	1	0	0	2	34	26	29	26	36
S	31443	1	0	1	2	35	26	28	36	26
S	31444	1	0	0	2	35	26	28	36	26
S	31445	1	0	1	37	2	21	21	2	18
S	31446	1	0	0	37	2	21	21	2	18
S	31447	1	0	1	33	2	21	2	2	31
S	31448	1	0	0	33	2	21	2	2	31
S	31449	1	0	1	20	2	2	21	2	19
S	31450	1	0	0	20	2	2	21	2	19
S	31451	1	0	1	35	2	18	21	31	18
S	31452	1	0	0	35	2	18	21	31	18
S	31453	1	0	1	24	2	21	18	19	18
S	31454	1	0	0	24	2	21	18	19	18
S	31455	1	0	1	2	37	28	28	2	26
S	31456	1	0	0	2	37	28	28	2	26
S	31457	1	0	1	2	33	28	2	2	36
S	31458	1	0	0	2	33	28	2	2	36
S	31459	1	0	1	2	20	2	28	2	27
S	31460	1	0	0	2	20	2	28	2	27
S	31461	1	0	1	2	35	26	28	36	26
S	31462	1	0	0	2	35	26	28	36	26
S	31463	1	0	1	2	24	28	26	27	26
S	31464	1	0	0	2	24	28	26	27	26
S	31465	1	0	1	38	2	23	23	18	2
S	31466	1	0	0	38	2	23	23	18	2
S	31467	1	0	1	22	2	2	23	19	2
S	31468	1	0	0	22	2	2	23	19	2
S	31469	1	0	1	32	2	23	2	31	2
S	31470	1	0	0	32	2	23	2	31	2
S	31471	1	0	1	25	2	23	18	18	19
S	31472	1	0	0	25	2	23	18	18	19
S	31473	1	0	1	34	2	18	23	18	31
S	31474	1	0	0	34	2	18	23	18	31
S	31475	1	0	1	2	38	29	29	26	2
S	31476	1	0	0	2	38	29	29	26	2
S	31477	1	0	1	2	22	2	29	27	2
S	31478	1	0	0	2	22	2	29	27	2
S	31479	1	0	1	2	32	29	2	36	2
S	31480	1	0	0	2	32	29	2	36	2
S	31481	1	0	1	2	25	29	26	26	27
S	31482	1	0	0	2	25	29	26	26	27
S	31483	1	0	1	2	34	26	29	26	36
S	31484	1	0	0	2	34	26	29	26	36
S	31485	1	0	1	17	2	2	18	19	19
S	31486	1	0	0	17	2	2	18	19	19
S	31487	1	0	1	20	2	2	21	2	19
S	31488	1	0	0	20	2	2	21	2	19
S	31489	1	0	1	22	2	2	23	19	2
S	31490	1	0	0	22	2	2	23	19	2
S	31491	1	0	1	24	2	21	18	19	18
S	31492	1	0	0	24	2	21	18	19	18
S	31493	1	0	1	25	2	23	18	18	19
S	31494	1	0	0	25	2	23	18	18	19
S	31495	1	0	1	2	17	2	26	27	27
S	31496	1	0	0	2	17	2	26	27	27
S	31497	1	0	1	2	20	2	28	2	27
S	31498	1	0	0	2	20	2	28	2	27
S	31499	1	0	1	2	22	2	29	27	2
S	31500	1	0	0	2	22	2	29	27	2
S	31501	1	0	1	2	24	28	26	27	26
S	31502	1	0	0	2	24	28	26	27	26
S	31503	1	0	1	2	25	29	26	26	27
S	31504	1	0	0	2	25	29	26	26	27
S	31505	1	0	1	30	2	18	2	31	31
S	31506	1	0	0	30	2	18	2	31	31
S	31507	1	0	1	32	2	23	2	31	2
S	31508	1	0	0	32	2	23	2	31	2
S	31509	1	0	1	33	2	21	2	2	31
S	31510	1	0	0	33	2	21	2	2	31
S	31511	1	0	1	34	2	18	23	18	31
S	31512	1	0	0	34	2	18	23	18	31
S	31513	1	0	1	35	2	18	21	31	18
S	31514	1	0	0	35	2	18	21	31	18
S	31515	1	0	1	2	30	26	2	36	36
S	31516	1	0	0	2	30	26	2	36	36
S	31517	1	0	1	2	32	29	2	36	2
S	31518	1	0	0	2	32	29	2	36	2
S	31519	1	0	1	2	33	28	2	2	36
S	31520	1	0	0	2	33	28	2	2	36
S	31521	1	0	1	2	34	26	29	26	36
S	31522	1	0	0	2	34	26	29	26	36
S	31523	1	0	1	2	35	26	28	36	26
S	31524	1	0	0	2	35	26	28	36	26
S	31525	1	0	1	37	2	21	21	2	18
S	31526	1	0	0	37	2	21	21	2	18
S	31527	1	0	1	33	2	21	2	2	31
S	31528	1	0	0	33	2	21	2	2	31
S	31529	1	0	1	20	2	2	21	2	19
S	31530	1	0	0	20	2	2	21	2	19
S	31531	1	0	1	35	2	18	21	31	18
S	31532	1	0	0	35	2	18	21	31	18
S	31533	1	0	1	24	2	21	18	19	18
S	31534	1	0	0	24	2	21	18	19	18
S	31535	1	0	1	2	37	28	28	2	26
S	31536	1	0	0	2	37	28	28	2	26
S	31537	1	0	1	2	33	28	2	2	36
S	31538	1	0	0	2	33	28	2	2	36
S	31539	1	0	1	2	20	2	28	2	27
S	31540	1	0	0	2	20	2	28	2	27
S	31541	1	0	1	2	35	26	28	36	26
S	31542	1	0	0	2	35	26	28	36	26
S	31543	1	0	1	2	24	28	26	27	26
S	31544	1	0	0	2	24	28	26	27	26
S	31545	1	0	1	38	2	23	23	18	2
S	31546	1	0	0	38	2	23	23	18	2
S	31547	1	0	1	22	2	2	23	19	2
S	31548	1	0	0	22	2	2	23	19	2
S	31549	1	0	1	32	2	23	2	31	2
S	31550	1	0	0	32	2	23	2	31	2
S	31551	1	0	1	25	2	23	18	18	19
S	31552	1	0	0	25	2	23	18	18	19
S	31553	1	0	1	34	2	18	23	18	31
S	31554	1	0	0	34	2	18	23	18	31
S	31555	1	0	1	2	38	29	29	26	2
S	31556	1	0	0	2	38	29	29	26	2
S	31557	1	0	1	2	22	2	29	27	2
S	31558	1	0	0	2	22	2	29	27	2
S	31559	1	0	1	2	32	29	2	36	2
S	31560	1	0	0	2	32	29	2	36	2
S	31561	1	0	1	2	25	29	26	26	27
S	31562	1	0	0	2	25	29	26	26	27
S	31563	1	0	1	2	34	26	29	26	36
S	31564	1	0	0	2	34	26	29	26	36
S	31565	1	0	1	17	2	2	18	19	19
S	31566	1	0	0	17	2	2	18	19	19
S	31567	1	0	1	20	2	2	21	2	19
S	31568	1	0	0	20	2	2	21	2	19
S	31569	1	0	1	22	2	2	23	19	2
S	31570	1	0	0	22	2	2	23	19	2
S	31571	1	0	1	24	2	21	18	19	18
S	31572	1	0	0	24	2	21	18	19	18
S	31573	1	0	1	25	2	23	18	18	19
S	31574	1	0	0	25	2	23	18	18	19
S	31575	1	0	1	2	17	2	26	27	27
S	31576	1	0	0	2	17	2	26	27	27
S	31577	1	0	1	2	20	2	28	2	27
S	31578	1	0	0	2	20	2	28	2	27
S	31579	1	0	1	2	22	2	29	27	2
S	31580	1	0	0	2	22	2	29	27	2
S	31581	1	0	1	2	24	28	26	27	26
S	31582	1	0	0	2	24	28	26	27	26
S	31583	1	0	1	2	25	29	26	26	27
S	31584	1	0	0	2	25	29	26	26	27
S	31585	1	0	1	30	2	18	2	31	31
S	31586	1	0	0	30	2	18	2	31	31
S	31587	1	0	1	32	2	23	2	31	2
S	31588	1	0	0	32	2	23	2	31	2
S	31589	1	0	1	33	2	21	2	2	31
S	31590	1	0	0	33	2	21	2	2	31
S	31591	1	0	1	34	2	18	23	18	31
S	31592	1	0	0	34	2	18	23	18	31
S	31593	1	0	1	35	2	18	21	31	18
S	31594	1	0	0	35	2	18	21	31	18
S	31595	1	0	1	2	30	26	2	36	36
S	31596	1	0	0	2	30	26	2	36	36
S	31597	1	0	1	2	32	29	2	36	2
S	31598	1	0	0	2	32	29	2	36	2
S	31599	1	0	1	2	33	28	2	2	36
S	31600	1	0	0	2	33	28	2	2	36
S	31601	1	0	1	2	34	26	29	26	36
S	31602	1	0	0	2	34	26	29	26	36
S	31603	1	0	1	2	35	26	28	36	26
S	31604	1	0	0	2	35	26	28	36	26
S	31605	1	0	1	37	2	21	21	2	18
S	31606	1	0	0	37	2	21	21	2	18
S	31607	1	0	1	33	2	21	2	2	31
S	31608	1	0	0	33	2	21	2	2	31
S	31609	1	0	1	20	2	2	21	2	19
S	31610	1	0	0	20	2	2	21	2	19
S	31611	1	0	1	35	2	18	21	31	18
S	31612	1	0	0	35	2	18	21	31	18
S	31613	1	0	1	24	2	21	18	19	18
S	31614	1	0	0	24	2	21	18	19	18
S	31615	1	0	1	2	37	28	28	2	26
S	31616	1	0	0	2	37	28	28	2	26
S	31617	1	0	1	2	33	28	2	2	36
S	31618	1	0	0	2	33	28	2	2	36
S	31619	1	0	1	2	20	2	28	2	27
S	31620	1	0	0	2	20	2	28	2	27
S	31621	1	0	1	2	35	26	28	36	26
S	31622	1	0	0	2	35	26	28	36	26
S	31623	1	0	1	2	24	28	26	27	26
S	31624	1	0	0	2	24	28	26	27	26
S	31625	1	0	1	38	2	23	23	18	2
S	31626	1	0	0	38	2	23	23	18	2
S	31627	1	0	1	22	2	2	23	19	2
S	31628	1	0	0	22	2	2	23	19	2
S	31629	1	0	1	32	2	23	2	31	2
S	31630	1	0	0	32	2	23	2	31	2
S	31631	1	0	1	25	2	23	18	18	19
S	31632	1	0	0	25	2	23	18	18	19
S	31633	1	0	1	34	2	18	23	18	31
S	31634	1	0	0	34	2	18	23	18	31
S	31635	1	0	1	2	38	29	29	26	2
S	31636	1	0	0	2	38	29	29	26	2
S	31637	1	0	1	2	22	2	29	27	2
S	31638	1	0	0	2	22	2	29	27	2
S	31639	1	0	1	2	32	29	2	36	2
S	31640	1	0	0	2	32	29	2	36	2
S	31641	1	0	1	2	25	29	26	26	27
S	31642	1	0	0	2	25	29	26	26	27
S	31643	1	0	1	2	34	26	29	26	36
S	31644	1	0	0	2	34	26	29	26	36
S	31645	1	0	1	17	2	2	18	19	19
S	31646	1	0	0	17	2	2	18	19	19
S	31647	1	0	1	20	2	2	21	2	19
S	31648	1	0	0	20	2	2	21	2	19
S	31649	1	0	1	22	2	2	23	19	2
S	31650	1	0	0	22	2	2	23	19	2
S	31651	1	0	1	24	2	21	18	19	18
S	31652	1	0	0	24	2	21	18	19	18
S	31653	1	0	1	25	2	23	18	18	19
S	31654	1	0	0	25	2	23	18	18	19
S	31655	1	0	1	2	17	2	26	27	27
S	31656	1	0	0	2	17	2	26	27	27
S	31657	1	0	1	2	20	2	28	2	27
S	31658	1	0	0	2	20	2	28	2	27
S	31659	1	0	1	2	22	2	29	27	2
S	31660	1	0	0	2	22	2	29	27	2
S	31661	1	0	1	2	24	28	26	27	26
S	31662	1	0	0	2	24	28	26	27	26
S	31663	1	0	1	2	25	29	26	26	27
S	31664	1	0	0	2	25	29	26	26	27
S	31665	1	0	1	30	2	18	2	31	31
S	31666	1	0	0	30	2	18	2	31	31
S	31667	1	0	1	32	2	23	2	31	2
S	31668	1	0	0	32	2	23	2	31	2
S	31669	1	0	1	33	2	21	2	2	31
S	31670	1	0	0	33	2	21	2	2	31
S	31671	1	0	1	34	2	18	23	18	31
S	31672	1	0	0	34	2	18	23	18	31
S	31673	1	0	1	35	2	18	21	31	18
S	31674	1	0	0	35	2	18	21	31	18
S	31675	1	0	1	2	30	26	2	36	36
S	31676	1	0	0	2	30	26	2	36	36
S	31677	1	0	1	2	32	29	2	36	2
S	31678	1	0	0	2	32	29	2	36	2
S	31679	1	0	1	2	33	28	2	2	36
S	31680	1	0	0	2	33	28	2	2	36
S	31681	1	0	1	2	34	26	29	26	36
S	31682	1	0	0	2	34	26	29	26	36
S	31683	1	0	1	2	35	26	28	36	26
S	31684	1	0	0	2	35	26	28	36	26
S	31685	1	0	1	37	2	21	21	2	18
S	31686	1	0	0	37	2	21	21	2	18
S	31687	1	0	1	33	2	21	2	2	31
S	31688	1	0	0	33	2	21	2	2	31
S	31689	1	0	1	20	2	2	21	2	19
S	31690	1	0	0	20	2	2	21	2	19
S	31691	1	0	1	35	2	18	21	31	18
S	31692	1	0	0	35	2	18	21	31	18
S	31693	1	0	1	24	2	21	18	19	18
S	31694	1	0	0	24	2	21	18	19	18
S	31695	1	0	1	2	37	28	28	2	26
S	31696	1	0	0	2	37	28	28	2	26
S	31697	1	0	1	2	33	28	2	2	36
S	31698	1	0	0	2	33	28	2	2	36
S	31699	1	0	1	2	20	2	28	2	27
S	31700	1	0	0	2	20	2	28	2	27
S	31701	1	0	1	2	35	26	28	36	26
S	31702	1	0	0	2	35	26	28	36	26
S	31703	1	0	1	2	24	28	26	27	26
S	31704	1	0	0	2	24	28	26	27	26
S	31705	1	0	1	38	2	23	23	18	2
S	31706	1	0	0	38	2	23	23	18	2
S	31707	1	0	1	22	2	2	23	19	2
S	31708	1	0	0	22	2	2	23	19	2
S	31709	1	0	1	32	2	23	2	31	2
S	31710	1	0	0	32	2	23	2	31	2
S	31711	1	0	1	25	2	23	18	18	19
S	31712	1	0	0	25	2	23	18	18	19
S	31713	1	0	1	34	2	18	23	18	31
S	31714	1	0	0	34	2	18	23	18	31
S	31715	1	0	1	2	38	29	29	26	2
S	31716	1	0	0	2	38	29	29	26	2
S	31717	1	0	1	2	22	2	29	27	2
S	31718	1	0	0	2	22	2	29	27	2
S	31719	1	0	1	2	32	29	2	36	2
S	31720	1	0	0	2	32	29	2	36	2
S	31721	1	0	1	2	25	29	26	26	27
S	31722	1	0	0	2	25	29	26	26	27
S	31723	1	0	1	2	34	26	29	26	36
S	31724	1	0	0	2	34	26	29	26	36
S	31725	1	0	1	17	2	2	18	19	19
S	31726	1	0	0	17	2	2	18	19	19
S	31727	1	0	1	20	2	2	21	2	19
S	31728	1	0	0	20	2	2	21	2	19
S	31729	1	0	1	22	2	2	23	19	2
S	31730	1	0	0	22	2	2	23	19	2
S	31731	1	0	1	24	2	21	18	19	18
S	31732	1	0	0	24	2	21	18	19	18
S	31733	1	0	1	25	2	23	18	18	19
S	31734	1	0	0	25	2	23	18	18	19
S	31735	1	0	1	2	17	2	26	27	27
S	31736	1	0	0	2	17	2	26	27	27
S	31737	1	0	1	2	20	2	28	2	27
S	31738	1	0	0	2	20	2	28	2	27
S	31739	1	0	1	2	22	2	29	27	2
S	31740	1	0	0	2	22	2	29	27	2
S	31741	1	0	1	2	24	28	26	27	26
S	31742	1	0	0	2	24	28	26	27	26
S	31743	1	0	1	2	25	29	26	26	27
S	31744	1	0	0	2	25	29	26	26	27
S	31745	1	0	1	30	2	18	2	31	31
S	31746	1	0	0	30	2	18	2	31	31
S	31747	1	0	1	32	2	23	2	31	2
S	31748	1	0	0	32	2	23	2	31	2
S	31749	1	0	1	33	2	21	2	2	31
S	31750	1	0	0	33	2	21	2	2	31
S	31751	1	0	1	34	2	18	23	18	31
S	31752	1	0	0	34	2	18	23	18	31
S	31753	1	0	1	35	2	18	21	31	18
S	31754	1	0	0	35	2	18	21	31	18
S	31755	1	0	1	2	30	26	2	36	36
S	31756	1	0	0	2	30	26	2	36	36
S	31757	1	0	1	2	32	29	2	36	2
S	31758	1	0	0	2	32	29	2	36	2
S	31759	1	0	1	2	33	28	2	2	36
S	31760	1	0	0	2	33	28	2	2	36
S	31761	1	0	1	2	34	26	29	26	36
S	31762	1	0	0	2	34	26	29	26	36
S	31763	1	0	1	2	35	26	28	36	26
S	31764	1	0	0	2	35	26	28	36	26
S	31765	1	0	1	37	2	21	21	2	18
S	31766	1	0	0	37	2	21	21	2	18
S	31767	1	0	1	33	2	21	2	2	31
S	31768	1	0	0	33	2	21	2	2	31
S	31769	1	0	1	20	2	2	21	2	19
S	31770	1	0	0	20	2	2	21	2	19
S	31771	1	0	1	35	2	18	21	31	18
S	31772	1	0	0	35	2	18	21	31	18
S	31773	1	0	1	24	2	21	18	19	18
S	31774	1	0	0	24	2	21	18	19	18
S	31775	1	0	1	2	37	28	28	2	26
S	31776	1	0	0	2	37	28	28	2	26
S	31777	1	0	1	2	33	28	2	2	36
S	31778	1	0	0	2	33	28	2	2	36
S	31779	1	0	1	2	20	2	28	2	27
S	31780	1	0	0	2	20	2	28	2	27
S	31781	1	0	1	2	35	26	28	36	26
S	31782	1	0	0	2	35	26	28	36	26
S	31783	1	0	1	2	24	28	26	27	26
S	31784	1	0	0	2	24	28	26	27	26
S	31785	1	0	1	38	2	23	23	18	2
S	31786	1	0	0	38	2	23	23	18	2
S	31787	1	0	1	22	2	2	23	19	2
S	31788	1	0	0	22	2	2	23	19	2
S	31789	1	0	1	32	2	23	2	31	2
S	31790	1	0	0	32	2	23	2	31	2
S	31791	1	0	1	25	2	23	18	18	19
S	31792	1	0	0	25	2	23	18	18	19
S	31793	1	0	1	34	2	18	23	18	31
S	31794	1	0	0	34	2	18	23	18	31
S	31795	1	0	1	2	38	29	29	26	2
S	31796	1	0	0	2	38	29	29	26	2
S	31797	1	0	1	2	22	2	29	27	2
S	31798	1	0	0	2	22	2	29	27	2
S	31799	1	0	1	2	32	29	2	36	2
S	31800	1	0	0	2	32	29	2	36	2
S	31801	1	0	1	2	25	29	26	26	27
S	31802	1	0	0	2	25	29	26	26	27
S	31803	1	0	1	2	34	26	29	26	36
S	31804	1	0	0	2	34	26	29	26	36
S	31805	1	0	1	0	2	18	18	18	18
S	31806	1	0	0	0	2	18	18	18	18
S	31807	1	0	1	2	0	26	26	26	26
S	31808	1	0	0	2	0	26	26	26	26
S	31809	2	0	15	0	0	0	0	0	0
S	31811	1	0	1	0	2	18	18	18	18
S	31812	1	0	0	0	2	18	18	18	18
S	31813	1	0	1	2	0	26	26	26	26
S	31814	1	0	0	2	0	26	26	26	26
S	31815	2	0	15	0	0	0	0	0	0
S	31817	1	0	1	0	2	18	18	18	18
S	31818	1	0	0	0	2	18	18	18	18
S	31819	1	0	1	2	0	26	26	26	26
S	31820	1	0	0	2	0	26	26	26	26
S	31821	2	0	15	0	0	0	0	0	0
S	31823	1	0	1	0	2	18	18	18	18
S	31824	1	0	0	0	2	18	18	18	18
S	31825	1	0	1	2	0	26	26	26	26
S	31826	1	0	0	2	0	26	26	26	26
S	31827	2	0	15	0	0	0	0	0	0
S	31829	1	0	1	0	2	18	18	18	18
S	31830	1	0	0	0	2	18	18	18	18
S	31831	1	0	1	2	0	26	26	26	26
S	31832	1	0	0	2	0	26	26	26	26
S	31833	2	0	15	0	0	0	0	0	0
S	31835	1	0	1	0	2	18	18	18	18
S	31836	1	0	0	0	2	18	18	18	18
S	31837	1	0	1	2	0	26	26	26	26
S	31838	1	0	0	2	0	26	26	26	26
S	31839	2	0	15	0	0	0	0	0	0
S	31841	1	0	1	0	2	18	18	18	18
S	31842	1	0	0	0	2	18	18	18	18
S	31843	1	0	1	2	0	26	26	26	26
S	31844	1	0	0	2	0	26	26	26	26
S	31845	2	0	15	0	0	0	0	0	0
S	31847	1	0	1	0	2	18	18	18	18
S	31848	1	0	0	0	2	18	18	18	18
S	31849	1	0	1	2	0	26	26	26	26
S	31850	1	0	0	2	0	26	26	26	26
S	31851	2	0	15	0	0	0	0	0	0
S	31853	512	0	0	0	0	0	0	0	0
S	32365	1	0	1	0	0	0	0	0	0
S	32366	1	0	0	0	0	0	0	0	0
S	32367	1	0	1	0	0	0	0	0	0
S	32368	1	0	0	0	0	0	0	0	0
S	32369	1	0	1	0	0	0	0	0	0
S	32370	1	0	0	0	0	0	0	0	0
S	32371	1	0	1	0	0	0	0	0	0
S	32372	1	0	0	0	0	0	0	0	0
S	32373	1	0	1	0	0	0	0	0	0
S	32374	1	0	0	0	0	0	0	0	0
S	32375	1	0	1	0	0	0	0	0	0
S	32376	1	0	0	0	0	0	0	0	0
S	32377	1	0	1	0	0	0	0	0	0
S	32378	1	0	0	0	0	0	0	0	0
S	32379	1	0	1	0	0	0	0	0	0
S	32380	1	0	0	0	0	0	0	0	0
S	32381	1	0	1	0	0	0	0	0	0
S	32382	1	0	0	0	0	0	0	0	0
S	32383	1	0	1	0	0	0	0	0	0
S	32384	1	0	0	0	0	0	0	0	0
S	32385	1	0	1	0	0	0	0	0	0
S	32386	1	0	0	0	0	0	0	0	0
S	32387	1	0	1	0	0	0	0	0	0
S	32388	1	0	0	0	0	0	0	0	0
S	32389	1	0	1	0	0	0	0	0	0
S	32390	1	0	0	0	0	0	0	0	0
S	32391	1	0	1	0	0	0	0	0	0
S	32392	1	0	0	0	0	0	0	0	0
S	32393	1	0	1	0	0	0	0	0	0
S	32394	1	0	0	0	0	0	0	0	0
S	32395	1	0	1	0	0	0	0	0	0
S	32396	1	0	0	0	0	0	0	0	0
S	32397	1	0	1	0	0	0	0	0	0
S	32398	1	0	0	0	0	0	0	0	0
S	32399	1	0	1	0	0	0	0	0	0
S	32400	1	0	0	0	0	0	0	0	0
S	32401	1	0	1	0	0	0	0	0	0
S	32402	1	0	0	0	0	0	0	0	0
S	32403	1	0	1	0	0	0	0	0	0
S	32404	1	0	0	0	0	0	0	0	0
S	32405	1	0	1	0	0	0	0	0	0
S	32406	1	0	0	0	0	0	0	0	0
S	32407	1	0	1	0	0	0	0	0	0
S	32408	1	0	0	0	0	0	0	0	0
S	32409	1	0	1	0	0	0	0	0	0
S	32410	1	0	0	0	0	0	0	0	0
S	32411	1	0	1	0	0	0	0	0	0
S	32412	1	0	0	0	0	0	0	0	0
S	32413	1	0	1	0	0	0	0	0	0
S	32414	1	0	0	0	0	0	0	0	0
S	32415	1	0	1	0	0	0	0	0	0
S	32416	1	0	0	0	0	0	0	0	0
S	32417	1	0	1	0	0	0	0	0	0
S	32418	1	0	0	0	0	0	0	0	0
S	32419	1	0	1	0	0	0	0	0	0
S	32420	1	0	0	0	0	0	0	0	0
S	32421	1	0	1	0	0	0	0	0	0
S	32422	1	0	0	0	0	0	0	0	0
S	32423	1	0	1	0	0	0	0	0	0
S	32424	1	0	0	0	0	0	0	0	0
S	32425	1	0	1	0	0	0	0	0	0
S	32426	1	0	0	0	0	0	0	0	0
S	32427	1	0	1	0	0	0	0	0	0
S	32428	1	0	0	0	0	0	0	0	0
S	32429	1	0	1	0	0	0	0	0	0
S	32430	1	0	0	0	0	0	0	0	0
S	32431	1	0	1	0	0	0	0	0	0
S	32432	1	0	0	0	0	0	0	0	0
S	32433	1	0	1	0	0	0	0	0	0
S	32434	1	0	0	0	0	0	0	0	0
S	32435	1	0	1	0	0	0	0	0	0
S	32436	1	0	0	0	0	0	0	0	0
S	32437	1	0	1	0	0	0	0	0	0
S	32438	1	0	0	0	0	0	0	0	0
S	32439	1	0	1	0	0	0	0	0	0
S	32440	1	0	0	0	0	0	0	0	0
S	32441	1	0	1	0	0	0	0	0	0
S	32442	1	0	0	0	0	0	0	0	0
S	32443	1	0	1	0	0	0	0	0	0
S	32444	1	0	0	0	0	0	0	0	0
S	32445	1	0	1	0	0	0	0	0	0
S	32446	1	0	0	0	0	0	0	0	0
S	32447	1	0	1	0	0	0	0	0	0
S	32448	1	0	0	0	0	0	0	0	0
S	32449	1	0	1	0	0	0	0	0	0
S	32450	1	0	0	0	0	0	0	0	0
S	32451	1	0	1	0	0	0	0	0	0
S	32452	1	0	0	0	0	0	0	0	0
S	32453	1	0	1	0	0	0	0	0	0
S	32454	1	0	0	0	0	0	0	0	0
S	32455	1	0	1	0	0	0	0	0	0
S	32456	1	0	0	0	0	0	0	0	0
S	32457	1	0	1	0	0	0	0	0	0
S	32458	1	0	0	0	0	0	0	0	0
S	32459	1	0	1	0	0	0	0	0	0
S	32460	1	0	0	0	0	0	0	0	0
S	32461	1	0	1	0	0	0	0	0	0
S	32462	1	0	0	0	0	0	0	0	0
S	32463	1	0	1	0	0	0	0	0	0
S	32464	1	0	0	0	0	0	0	0	0
S	32465	1	0	1	0	0	0	0	0	0
S	32466	1	0	0	0	0	0	0	0	0
S	32467	1	0	1	0	0	0	0	0	0
S	32468	1	0	0	0	0	0	0	0	0
S	32469	1	0	1	0	0	0	0	0	0
S	32470	1	0	0	0	0	0	0	0	0
S	32471	1	0	1	0	0	0	0	0	0
S	32472	1	0	0	0	0	0	0	0	0
S	32473	1	0	1	0	0	0	0	0	0
S	32474	1	0	0	0	0	0	0	0	0
S	32475	1	0	1	0	0	0	0	0	0
S	32476	1	0	0	0	0	0	0	0	0
S	32477	1	0	1	0	0	0	0	0	0
S	32478	1	0	0	0	0	0	0	0	0
S	32479	1	0	1	0	0	0	0	0	0
S	32480	1	0	0	0	0	0	0	0	0
S	32481	1	0	1	0	0	0	0	0	0
S	32482	1	0	0	0	0	0	0	0	0
S	32483	1	0	1	0	0	0	0	0	0
S	32484	1	0	0	0	0	0	0	0	0
S	32485	1	0	1	0	0	0	0	0	0
S	32486	1	0	0	0	0	0	0	0	0
S	32487	1	0	1	0	0	0	0	0	0
S	32488	1	0	0	0	0	0	0	0	0
S	32489	1	0	1	0	0	0	0	0	0
S	32490	1	0	0	0	0	0	0	0	0
S	32491	1	0	1	0	0	0	0	0	0
S	32492	1	0	0	0	0	0	0	0	0
S	32493	1	0	1	0	0	0	0	0	0
S	32494	1	0	0	0	0	0	0	0	0
S	32495	1	0	1	0	0	0	0	0	0
S	32496	1	0	0	0	0	0	0	0	0
S	32497	1	0	1	0	0	0	0	0	0
S	32498	1	0	0	0	0	0	0	0	0
S	32499	1	0	1	0	0	0	0	0	0
S	32500	1	0	0	0	0	0	0	0	0
S	32501	1	0	1	0	0	0	0	0	0
S	32502	1	0	0	0	0	0	0	0	0
S	32503	1	0	1	0	0	0	0	0	0
S	32504	1	0	0	0	0	0	0	0	0
S	32505	1	0	1	0	0	0	0	0	0
S	32506	1	0	0	0	0	0	0	0	0
S	32507	1	0	1	0	0	0	0	0	0
S	32508	1	0	0	0	0	0	0	0	0
S	32509	1	0	1	0	0	0	0	0	0
S	32510	1	0	0	0	0	0	0	0	0
S	32511	1	0	1	0	0	0	0	0	0
S	32512	1	0	0	0	0	0	0	0	0
S	32513	1	0	1	0	0	0	0	0	0
S	32514	1	0	0	0	0	0	0	0	0
S	32515	1	0	1	0	0	0	0	0	0
S	32516	1	0	0	0	0	0	0	0	0
S	32517	1	0	1	0	0	0	0	0	0
S	32518	1	0	0	0	0	0	0	0	0
S	32519	1	0	1	0	0	0	0	0	0
S	32520	1	0	0	0	0	0	0	0	0
S	32521	1	0	1	0	0	0	0	0	0
S	32522	1	0	0	0	0	0	0	0	0
S	32523	1	0	1	0	0	0	0	0	0
S	32524	1	0	0	0	0	0	0	0	0
S	32525	1	0	1	0	0	0	0	0	0
S	32526	1	0	0	0	0	0	0	0	0
S	32527	1	0	1	0	0	0	0	0	0
S	32528	1	0	0	0	0	0	0	0	0
S	32529	1	0	1	0	0	0	0	0	0
S	32530	1	0	0	0	0	0	0	0	0
S	32531	1	0	1	0	0	0	0	0	0
S	32532	1	0	0	0	0	0	0	0	0
S	32533	1	0	1	0	0	0	0	0	0
S	32534	1	0	0	0	0	0	0	0	0
S	32535	1	0	1	0	0	0	0	0	0
S	32536	1	0	0	0	0	0	0	0	0
S	32537	1	0	1	0	0	0	0	0	0
S	32538	1	0	0	0	0	0	0	0	0
S	32539	1	0	1	0	0	0	0	0	0
S	32540	1	0	0	0	0	0	0	0	0
S	32541	1	0	1	0	0	0	0	0	0
S	32542	1	0	0	0	0	0	0	0	0
S	32543	1	0	1	0	0	0	0	0	0
S	32544	1	0	0	0	0	0	0	0	0
S	32545	1	0	1	0	0	0	0	0	0
S	32546	1	0	0	0	0	0	0	0	0
S	32547	1	0	1	0	0	0	0	0	0
S	32548	1	0	0	0	0	0	0	0	0
S	32549	1	0	1	0	0	0	0	0	0
S	32550	1	0	0	0	0	0	0	0	0
S	32551	1	0	1	0	0	0	0	0	0
S	32552	1	0	0	0	0	0	0	0	0
S	32553	1	0	1	0	0	0	0	0	0
S	32554	1	0	0	0	0	0	0	0	0
S	32555	1	0	1	0	0	0	0	0	0
S	32556	1	0	0	0	0	0	0	0	0
S	32557	1	0	1	0	0	0	0	0	0
S	32558	1	0	0	0	0	0	0	0	0
S	32559	1	0	1	0	0	0	0	0	0
S	32560	1	0	0	0	0	0	0	0	0
S	32561	1	0	1	0	0	0	0	0	0
S	32562	1	0	0	0	0	0	0	0	0
S	32563	1	0	1	0	0	0	0	0	0
S	32564	1	0	0	0	0	0	0	0	0
S	32565	1	0	1	0	0	0	0	0	0
S	32566	1	0	0	0	0	0	0	0	0
S	32567	1	0	1	0	0	0	0	0	0
S	32568	1	0	0	0	0	0	0	0	0
S	32569	1	0	1	0	0	0	0	0	0
S	32570	1	0	0	0	0	0	0	0	0
S	32571	1	0	1	0	0	0	0	0	0
S	32572	1	0	0	0	0	0	0	0	0
S	32573	1	0	1	0	0	0	0	0	0
S	32574	1	0	0	0	0	0	0	0	0
S	32575	1	0	1	0	0	0	0	0	0
S	32576	1	0	0	0	0	0	0	0	0
S	32577	1	0	1	0	0	0	0	0	0
S	32578	1	0	0	0	0	0	0	0	0
S	32579	1	0	1	0	0	0	0	0	0
S	32580	1	0	0	0	0	0	0	0	0
S	32581	1	0	1	0	0	0	0	0	0
S	32582	1	0	0	0	0	0	0	0	0
S	32583	1	0	1	0	0	0	0	0	0
S	32584	1	0	0	0	0	0	0	0	0
S	32585	1	0	1	0	0	0	0	0	0
S	32586	1	0	0	0	0	0	0	0	0
S	32587	1	0	1	0	0	0	0	0	0
S	32588	1	0	0	0	0	0	0	0	0
S	32589	1	0	1	0	0	0	0	0	0
S	32590	1	0	0	0	0	0	0	0	0
S	32591	1	0	1	0	0	0	0	0	0
S	32592	1	0	0	0	0	0	0	0	0
S	32593	1	0	1	0	0	0	0	0	0
S	32594	1	0	0	0	0	0	0	0	0
S	32595	1	0	1	0	0	0	0	0	0
S	32596	1	0	0	0	0	0	0	0	0
S	32597	1	0	1	0	0	0	0	0	0
S	32598	1	0	0	0	0	0	0	0	0
S	32599	1	0	1	0	0	0	0	0	0
S	32600	1	0	0	0	0	0	0	0	0
S	32601	1	0	1	0	0	0	0	0	0
S	32602	1	0	0	0	0	0	0	0	0
S	32603	1	0	1	0	0	0	0	0	0
S	32604	1	0	0	0	0	0	0	0	0
S	32605	1	0	1	0	0	0	0	0	0
S	32606	1	0	0	0	0	0	0	0	0
S	32607	1	0	1	0	0	0	0	0	0
S	32608	1	0	0	0	0	0	0	0	0
S	32609	1	0	1	0	0	0	0	0	0
S	32610	1	0	0	0	0	0	0	0	0
S	32611	1	0	1	0	0	0	0	0	0
S	32612	1	0	0	0	0	0	0	0	0
S	32613	1	0	1	0	0	0	0	0	0
S	32614	1	0	0	0	0	0	0	0	0
S	32615	1	0	1	0	0	0	0	0	0
S	32616	1	0	0	0	0	0	0	0	0
S	32617	1	0	1	0	0	0	0	0	0
S	32618	1	0	0	0	0	0	0	0	0
S	32619	1	0	1	0	0	0	0	0	0
S	32620	1	0	0	0	0	0	0	0	0
S	32621	1	0	1	0	0	0	0	0	0
S	32622	1	0	0	0	0	0	0	0	0
S	32623	1	0	1	0	0	0	0	0	0
S	32624	1	0	0	0	0	0	0	0	0
S	32625	1	0	1	0	0	0	0	0	0
S	32626	1	0	0	0	0	0	0	0	0
S	32627	1	0	1	0	0	0	0	0	0
S	32628	1	0	0	0	0	0	0	0	0
S	32629	1	0	1	0	0	0	0	0	0
S	32630	1	0	0	0	0	0	0	0	0
S	32631	1	0	1	0	0	0	0	0	0
S	32632	1	0	0	0	0	0	0	0	0
S	32633	1	0	1	0	0	0	0	0	0
S	32634	1	0	0	0	0	0	0	0	0
S	32635	1	0	1	0	0	0	0	0	0
S	32636	1	0	0	0	0	0	0	0	0
S	32637	1	0	1	0	0	0	0	0	0
S	32638	1	0	0	0	0	0	0	0	0
S	32639	1	0	1	0	0	0	0	0	0
S	32640	1	0	0	0	0	0	0	0	0
S	32641	1	0	1	0	0	0	0	0	0
S	32642	1	0	0	0	0	0	0	0	0
S	32643	1	0	1	0	0	0	0	0	0
S	32644	1	0	0	0	0	0	0	0	0
S	32645	1	0	1	0	0	0	0	0	0
S	32646	1	0	0	0	0	0	0	0	0
S	32647	1	0	1	0	0	0	0	0	0
S	32648	1	0	0	0	0	0	0	0	0
S	32649	1	0	1	0	0	0	0	0	0
S	32650	1	0	0	0	0	0	0	0	0
S	32651	1	0	1	0	0	0	0	0	0
S	32652	1	0	0	0	0	0	0	0	0
S	32653	1	0	1	0	0	0	0	0	0
S	32654	1	0	0	0	0	0	0	0	0
S	32655	1	0	1	0	0	0	0	0	0
S	32656	1	0	0	0	0	0	0	0	0
S	32657	1	0	1	0	0	0	0	0	0
S	32658	1	0	0	0	0	0	0	0	0
S	32659	1	0	1	0	0	0	0	0	0
S	32660	1	0	0	0	0	0	0	0	0
S	32661	1	0	1	0	0	0	0	0	0
S	32662	1	0	0	0	0	0	0	0	0
S	32663	1	0	1	0	0	0	0	0	0
S	32664	1	0	0	0	0	0	0	0	0
S	32665	1	0	1	0	0	0	0	0	0
S	32666	1	0	0	0	0	0	0	0	0
S	32667	1	0	1	0	0	0	0	0	0
S	32668	1	0	0	0	0	0	0	0	0
S	32669	1	0	1	0	0	0	0	0	0
S	32670	1	0	0	0	0	0	0	0	0
S	32671	1	0	1	0	0	0	0	0	0
S	32672	1	0	0	0	0	0	0	0	0
S	32673	1	0	1	0	0	0	0	0	0
S	32674	1	0	0	0	0	0	0	0	0
S	32675	1	0	1	0	0	0	0	0	0
S	32676	1	0	0	0	0	0	0	0	0
S	32677	1	0	1	0	0	0	0	0	0
S	32678	1	0	0	0	0	0	0	0	0
S	32679	1	0	1	0	0	0	0	0	0
S	32680	1	0	0	0	0	0	0	0	0
S	32681	1	0	1	0	0	0	0	0	0
S	32682	1	0	0	0	0	0	0	0	0
S	32683	1	0	1	0	0	0	0	0	0
S	32684	1	0	0	0	0	0	0	0	0
S	32685	1	0	1	0	0	0	0	0	0
S	32686	1	0	0	0	0	0	0	0	0
S	32687	1	0	1	0	0	0	0	0	0
S	32688	1	0	0	0	0	0	0	0	0
S	32689	1	0	1	0	0	0	0	0	0
S	32690	1	0	0	0	0	0	0	0	0
S	32691	1	0	1	0	0	0	0	0	0
S	32692	1	0	0	0	0	0	0	0	0
S	32693	1	0	1	0	0	0	0	0	0
S	32694	1	0	0	0	0	0	0	0	0
S	32695	1	0	1	0	0	0	0	0	0
S	32696	1	0	0	0	0	0	0	0	0
S	32697	1	0	1	0	0	0	0	0	0
S	32698	1	0	0	0	0	0	0	0	0
S	32699	1	0	1	0	0	0	0	0	0
S	32700	1	0	0	0	0	0	0	0	0
S	32701	1	0	1	0	0	0	0	0	0
S	32702	1	0	0	0	0	0	0	0	0
S	32703	1	0	1	0	0	0	0	0	0
S	32704	1	0	0	0	0	0	0	0	0
S	32705	1	0	1	0	0	0	0	0	0
S	32706	1	0	0	0	0	0	0	0	0
S	32707	1	0	1	0	0	0	0	0	0
S	32708	1	0	0	0	0	0	0	0	0
S	32709	1	0	1	0	0	0	0	0	0
S	32710	1	0	0	0	0	0	0	0	0
S	32711	1	0	1	0	0	0	0	0	0
S	32712	1	0	0	0	0	0	0	0	0
S	32713	1	0	1	0	0	0	0	0	0
S	32714	1	0	0	0	0	0	0	0	0
S	32715	1	0	1	0	0	0	0	0	0
S	32716	1	0	0	0	0	0	0	0	0
S	32717	1	0	1	0	0	0	0	0	0
S	32718	1	0	0	0	0	0	0	0	0
S	32719	1	0	1	0	0	0	0	0	0
S	32720	1	0	0	0	0	0	0	0	0
S	32721	1	0	1	0	0	0	0	0	0
S	32722	1	0	0	0	0	0	0	0	0
S	32723	1	0	1	0	0	0	0	0	0
S	32724	1	0	0	0	0	0	0	0	0
S	32725	1	0	1	0	0	0	0	0	0
S	32726	1	0	0	0	0	0	0	0	0
S	32727	1	0	1	0	0	0	0	0	0
S	32728	1	0	0	0	0	0	0	0	0
S	32729	1	0	1	0	0	0	0	0	0
S	32730	1	0	0	0	0	0	0	0	0
S	32731	1	0	1	0	0	0	0	0	0
S	32732	1	0	0	0	0	0	0	0	0
S	32733	1	0	1	0	0	0	0	0	0
S	32734	1	0	0	0	0	0	0	0	0
S	32735	1	0	1	0	0	0	0	0	0
S	32736	1	0	0	0	0	0	0	0	0
S	32737	1	0	1	0	0	0	0	0	0
S	32738	1	0	0	0	0	0	0	0	0
S	32739	1	0	1	0	0	0	0	0	0
S	32740	1	0	0	0	0	0	0	0	0
S	32741	1	0	1	0	0	0	0	0	0
S	32742	1	0	0	0	0	0	0	0	0
S	32743	1	0	1	0	0	0	0	0	0
S	32744	1	0	0	0	0	0	0	0	0
S	32745	1	0	1	0	0	0	0	0	0
S	32746	1	0	0	0	0	0	0	0	0
S	32747	1	0	1	0	0	0	0	0	0
S	32748	1	0	0	0	0	0	0	0	0
S	32749	1	0	1	0	0	0	0	0	0
S	32750	1	0	0	0	0	0	0	0	0
S	32751	1	0	1	0	0	0	0	0	0
S	32752	1	0	0	0	0	0	0	0	0
S	32753	1	0	1	0	0	0	0	0	0
S	32754	1	0	0	0	0	0	0	0	0
S	32755	1	0	1	0	0	0	0	0	0
S	32756	1	0	0	0	0	0	0	0	0
S	32757	1	0	1	0	0	0	0	0	0
S	32758	1	0	0	0	0	0	0	0	0
S	32759	1	0	1	0	0	0	0	0	0
S	32760	1	0	0	0	0	0	0	0	0
S	32761	1	0	1	0	0	0	0	0	0
S	32762	1	0	0	0	0	0	0	0	0
S	32763	1	0	1	0	0	0	0	0	0
S	32764	1	0	0	0	0	0	0	0	0
S	32765	1	0	1	0	0	0	0	0	0
S	32766	1	0	0	0	0	0	0	0	0
S	32767	1	0	1	0	0	0	0	0	0
S	32768	1	0	0	0	0	0	0	0	0
S	32769	1	0	1	0	0	0	0	0	0
S	32770	1	0	0	0	0	0	0	0	0
S	32771	1	0	1	0	0	0	0	0	0
S	32772	1	0	0	0	0	0	0	0	0
S	32773	1	0	1	0	0	0	0	0	0
S	32774	1	0	0	0	0	0	0	0	0
S	32775	1	0	1	0	0	0	0	0	0
S	32776	1	0	0	0	0	0	0	0	0
S	32777	1	0	1	0	0	0	0	0	0
S	32778	1	0	0	0	0	0	0	0	0
S	32779	1	0	1	0	0	0	0	0	0
S	32780	1	0	0	0	0	0	0	0	0
S	32781	1	0	1	0	0	0	0	0	0
S	32782	1	0	0	0	0	0	0	0	0
S	32783	1	0	1	0	0	0	0	0	0
S	32784	1	0	0	0	0	0	0	0	0
S	32785	1	0	1	0	0	0	0	0	0
S	32786	1	0	0	0	0	0	0	0	0
S	32787	1	0	1	0	0	0	0	0	0
S	32788	1	0	0	0	0	0	0	0	0
S	32789	1	0	1	0	0	0	0	0	0
S	32790	1	0	0	0	0	0	0	0	0
S	32791	1	0	1	0	0	0	0	0	0
S	32792	1	0	0	0	0	0	0	0	0
S	32793	1	0	1	0	0	0	0	0	0
S	32794	1	0	0	0	0	0	0	0	0
S	32795	1	0	1	0	0	0	0	0	0
S	32796	1	0	0	0	0	0	0	0	0
S	32797	1	0	1	0	0	0	0	0	0
S	32798	1	0	0	0	0	0	0	0	0
S	32799	1	0	1	0	0	0	0	0	0
S	32800	1	0	0	0	0	0	0	0	0
S	32801	1	0	1	0	0	0	0	0	0
S	32802	1	0	0	0	0	0	0	0	0
S	32803	1	0	1	0	0	0	0	0	0
S	32804	1	0	0	0	0	0	0	0	0
S	32805	1	0	1	0	0	0	0	0	0
S	32806	1	0	0	0	0	0	0	0	0
S	32807	1	0	1	0	0	0	0	0	0
S	32808	1	0	0	0	0	0	0	0	0
S	32809	1	0	1	0	0	0	0	0	0
S	32810	1	0	0	0	0	0	0	0	0
S	32811	1	0	1	0	0	0	0	0	0
S	32812	1	0	0	0	0	0	0	0	0
S	32813	1	0	1	0	0	0	0	0	0
S	32814	1	0	0	0	0	0	0	0	0
S	32815	1	0	1	0	0	0	0	0	0
S	32816	1	0	0	0	0	0	0	0	0
S	32817	1	0	1	0	0	0	0	0	0
S	32818	1	0	0	0	0	0	0	0	0
S	32819	1	0	1	0	0	0	0	0	0
S	32820	1	0	0	0	0	0	0	0	0
S	32821	1	0	1	0	0	0	0	0	0
S	32822	1	0	0	0	0	0	0	0	0
S	32823	1	0	1	0	0	0	0	0	0
S	32824	1	0	0	0	0	0	0	0	0
S	32825	1	0	1	0	0	0	0	0	0
S	32826	1	0	0	0	0	0	0	0	0
S	32827	1	0	1	0	0	0	0	0	0
S	32828	1	0	0	0	0	0	0	0	0
S	32829	1	0	1	0	0	0	0	0	0
S	32830	1	0	0	0	0	0	0	0	0
S	32831	1	0	1	0	0	0	0	0	0
S	32832	1	0	0	0	0	0	0	0	0
S	32833	1	0	1	0	0	0	0	0	0
S	32834	1	0	0	0	0	0	0	0	0
S	32835	1	0	1	0	0	0	0	0	0
S	32836	1	0	0	0	0	0	0	0	0
S	32837	1	0	1	0	0	0	0	0	0
S	32838	1	0	0	0	0	0	0	0	0
S	32839	1	0	1	0	0	0	0	0	0
S	32840	1	0	0	0	0	0	0	0	0
S	32841	1	0	1	0	0	0	0	0	0
S	32842	1	0	0	0	0	0	0	0	0
S	32843	1	0	1	0	0	0	0	0	0
S	32844	1	0	0	0	0	0	0	0	0
S	32845	1	0	1	0	0	0	0	0	0
S	32846	1	0	0	0	0	0	0	0	0
S	32847	1	0	1	0	0	0	0	0	0
S	32848	1	0	0	0	0	0	0	0	0
S	32849	1	0	1	0	0	0	0	0	0
S	32850	1	0	0	0	0	0	0	0	0
S	32851	1	0	1	0	0	0	0	0	0
S	32852	1	0	0	0	0	0	0	0	0
S	32853	1	0	1	0	0	0	0	0	0
S	32854	1	0	0	0	0	0	0	0	0
S	32855	1	0	1	0	0	0	0	0	0
S	32856	1	0	0	0	0	0	0	0	0
S	32857	1	0	1	0	0	0	0	0	0
S	32858	1	0	0	0	0	0	0	0	0
S	32859	1	0	1	0	0	0	0	0	0
S	32860	1	0	0	0	0	0	0	0	0
S	32861	1	0	1	0	0	0	0	0	0
S	32862	1	0	0	0	0	0	0	0	0
S	32863	1	0	1	0	0	0	0	0	0
S	32864	1	0	0	0	0	0	0	0	0
S	32865	1	0	1	0	0	0	0	0	0
S	32866	1	0	0	0	0	0	0	0	0
S	32867	1	0	1	0	0	0	0	0	0
S	32868	1	0	0	0	0	0	0	0	0
S	32869	1	0	1	0	0	0	0	0	0
S	32870	1	0	0	0	0	0	0	0	0
S	32871	1	0	1	0	0	0	0	0	0
S	32872	1	0	0	0	0	0	0	0	0
S	32873	1	0	1	0	0	0	0	0	0
S	32874	1	0	0	0	0	0	0	0	0
S	32875	1	0	1	0	0	0	0	0	0
S	32876	17	0	0	0	0	0	0	0	0
S	32893	2	15	15	0	0	0	0	0	0
S	32895	2	0	15	0	0	0	0	0	0
S	32897	2	12	15	0	0	0	0	0	0
S	32899	2	0	15	0	0	0	0	0	0
S	32901	2	8	15	0	0	0	0	0	0
S	32903	2	0	15	0	0	0	0	0	0
S	32905	2	4	15	0	0	0	0	0	0
S	32907	2	0	15	0	0	0	0	0	0
S	32909	2	15	15	0	0	0	0	0	0
S	32911	2	0	15	0	0	0	0	0	0
S	32913	2	12	15	0	0	0	0	0	0
S	32915	2	0	15	0	0	0	0	0	0
S	32917	2	8	15	0	0	0	0	0	0
S	32919	2	0	15	0	0	0	0	0	0
S	32921	2	4	15	0	0	0	0	0	0
S	32923	2	0	15	0	0	0	0	0	0
S	32925	1	0	1	0	0	0	0	0	0
S	32926	1	0	0	0	0	0	0	0	0
S	32927	1	0	1	0	0	0	0	0	0
S	32928	1	0	0	0	0	0	0	0	0
S	32929	1	0	1	0	0	0	0	0	0
S	32930	1	0	0	0	0	0	0	0	0
S	32931	1	0	1	0	0	0	0	0	0
S	32932	1	0	0	0	0	0	0	0	0
S	32933	1	0	1	0	0	0	0	0	0
S	32934	1	0	0	0	0	0	0	0	0
S	32935	1	0	1	0	0	0	0	0	0
S	32936	1	0	0	0	0	0	0	0	0
S	32937	1	0	1	0	0	0	0	0	0
S	32938	1	0	0	0	0	0	0	0	0
S	32939	1	0	1	0	0	0	0	0	0
S	32940	1	0	0	0	0	0	0	0	0
S	32941	1	0	1	0	0	0	0	0	0
S	32942	1	0	0	0	0	0	0	0	0
S	32943	1	0	1	0	0	0	0	0	0
S	32944	1	0	0	0	0	0	0	0	0
S	32945	1	0	1	0	0	0	0	0	0
S	32946	1	0	0	0	0	0	0	0	0
S	32947	1	0	1	0	0	0	0	0	0
S	32948	1	0	0	0	0	0	0	0	0
S	32949	1	0	1	0	0	0	0	0	0
S	32950	1	0	0	0	0	0	0	0	0
S	32951	1	0	1	0	0	0	0	0	0
S	32952	1	0	0	0	0	0	0	0	0
S	32953	1	0	1	0	0	0	0	0	0
S	32954	1	0	0	0	0	0	0	0	0
S	32955	1	0	1	0	0	0	0	0	0
S	32956	1	0	0	0	0	0	0	0	0
S	32957	1	0	1	0	0	0	0	0	0
S	32958	1	0	0	0	0	0	0	0	0
S	32959	1	0	1	0	0	0	0	0	0
S	32960	1	0	0	0	0	0	0	0	0
S	32961	1	0	1	0	0	0	0	0	0
S	32962	1	0	0	0	0	0	0	0	0
S	32963	1	0	1	0	0	0	0	0	0
S	32964	1	0	0	0	0	0	0	0	0
S	32965	1	0	1	0	0	0	0	0	0
S	32966	1	0	0	0	0	0	0	0	0
S	32967	1	0	1	0	0	0	0	0	0
S	32968	1	0	0	0	0	0	0	0	0
S	32969	1	0	1	0	0	0	0	0	0
S	32970	1	0	0	0	0	0	0	0	0
S	32971	1	0	1	0	0	0	0	0	0
S	32972	1	0	0	0	0	0	0	0	0
S	32973	1	0	1	0	0	0	0	0	0
S	32974	1	0	0	0	0	0	0	0	0
S	32975	1	0	1	0	0	0	0	0	0
S	32976	1	0	0	0	0	0	0	0	0
S	32977	1	0	1	0	0	0	0	0	0
S	32978	1	0	0	0	0	0	0	0	0
S	32979	1	0	1	0	0	0	0	0	0
S	32980	1	0	0	0	0	0	0	0	0
S	32981	1	0	1	0	0	0	0	0	0
S	32982	1	0	0	0	0	0	0	0	0
S	32983	1	0	1	0	0	0	0	0	0
S	32984	1	0	0	0	0	0	0	0	0
S	32985	1	0	1	0	0	0	0	0	0
S	32986	1	0	0	0	0	0	0	0	0
S	32987	1	0	1	0	0	0	0	0	0
S	32988	1	0	0	0	0	0	0	0	0
S	32989	1	0	1	0	0	0	0	0	0
S	32990	1	0	0	0	0	0	0	0	0
S	32991	1	0	1	0	0	0	0	0	0
S	32992	1	0	0	0	0	0	0	0	0
S	32993	1	0	1	0	0	0	0	0	0
S	32994	1	0	0	0	0	0	0	0	0
S	32995	1	0	1	0	0	0	0	0	0
S	32996	1	0	0	0	0	0	0	0	0
S	32997	1	0	1	0	0	0	0	0	0
S	32998	1	0	0	0	0	0	0	0	0
S	32999	1	0	1	0	0	0	0	0	0
S	33000	1	0	0	0	0	0	0	0	0
S	33001	1	0	1	0	0	0	0	0	0
S	33002	1	0	0	0	0	0	0	0	0
S	33003	1	0	1	0	0	0	0	0	0
S	33004	1	0	0	0	0	0	0	0	0
S	33005	1	0	1	0	0	0	0	0	0
S	33006	1	0	0	0	0	0	0	0	0
S	33007	1	0	1	0	0	0	0	0	0
S	33008	1	0	0	0	0	0	0	0	0
S	33009	1	0	1	0	0	0	0	0	0
S	33010	1	0	0	0	0	0	0	0	0
S	33011	1	0	1	0	0	0	0	0	0
S	33012	1	0	0	0	0	0	0	0	0
S	33013	1	0	1	0	0	0	0	0	0
S	33014	1	0	0	0	0	0	0	0	0
S	33015	1	0	1	0	0	0	0	0	0
S	33016	1	0	0	0	0	0	0	0	0
S	33017	1	0	1	0	0	0	0	0	0
S	33018	1	0	0	0	0	0	0	0	0
S	33019	1	0	1	0	0	0	0	0	0
S	33020	1	0	0	0	0	0	0	0	0
S	33021	1	0	1	0	0	0	0	0	0
S	33022	1	0	0	0	0	0	0	0	0
S	33023	1	0	1	0	0	0	0	0	0
S	33024	1	0	0	0	0	0	0	0	0
S	33025	1	0	1	0	0	0	0	0	0
S	33026	1	0	0	0	0	0	0	0	0
S	33027	1	0	1	0	0	0	0	0	0
S	33028	1	0	0	0	0	0	0	0	0
S	33029	1	0	1	0	0	0	0	0	0
S	33030	1	0	0	0	0	0	0	0	0
S	33031	1	0	1	0	0	0	0	0	0
S	33032	1	0	0	0	0	0	0	0	0
S	33033	1	0	1	0	0	0	0	0	0
S	33034	1	0	0	0	0	0	0	0	0
S	33035	1	0	1	0	0	0	0	0	0
S	33036	1	0	0	0	0	0	0	0	0
S	33037	1	0	1	0	0	0	0	0	0
S	33038	1	0	0	0	0	0	0	0	0
S	33039	1	0	1	0	0	0	0	0	0
S	33040	1	0	0	0	0	0	0	0	0
S	33041	1	0	1	0	0	0	0	0	0
S	33042	1	0	0	0	0	0	0	0	0
S	33043	1	0	1	0	0	0	0	0	0
S	33044	1	0	0	0	0	0	0	0	0
S	33045	1	0	1	0	0	0	0	0	0
S	33046	1	0	0	0	0	0	0	0	0
S	33047	1	0	1	0	0	0	0	0	0
S	33048	1	0	0	0	0	0	0	0	0
S	33049	1	0	1	0	0	0	0	0	0
S	33050	1	0	0	0	0	0	0	0	0
S	33051	1	0	1	0	0	0	0	0	0
S	33052	1	0	0	0	0	0	0	0	0
S	33053	1	0	1	0	0	0	0	0	0
S	33054	1	0	0	0	0	0	0	0	0
S	33055	1	0	1	0	0	0	0	0	0
S	33056	1	0	0	0	0	0	0	0	0
S	33057	1	0	1	0	0	0	0	0	0
S	33058	1	0	0	0	0	0	0	0	0
S	33059	1	0	1	0	0	0	0	0	0
S	33060	1	0	0	0	0	0	0	0	0
S	33061	1	0	1	0	0	0	0	0	0
S	33062	1	0	0	0	0	0	0	0	0
S	33063	1	0	1	0	0	0	0	0	0
S	33064	1	0	0	0	0	0	0	0	0
S	33065	1	0	1	0	0	0	0	0	0
S	33066	1	0	0	0	0	0	0	0	0
S	33067	1	0	1	0	0	0	0	0	0
S	33068	1	0	0	0	0	0	0	0	0
S	33069	1	0	1	0	0	0	0	0	0
S	33070	1	0	0	0	0	0	0	0	0
S	33071	1	0	1	0	0	0	0	0	0
S	33072	1	0	0	0	0	0	0	0	0
S	33073	1	0	1	0	0	0	0	0	0
S	33074	1	0	0	0	0	0	0	0	0
S	33075	1	0	1	0	0	0	0	0	0
S	33076	1	0	0	0	0	0	0	0	0
S	33077	1	0	1	0	0	0	0	0	0
S	33078	1	0	0	0	0	0	0	0	0
S	33079	1	0	1	0	0	0	0	0	0
S	33080	1	0	0	0	0	0	0	0	0
S	33081	1	0	1	0	0	0	0	0	0
S	33082	1	0	0	0	0	0	0	0	0
S	33083	1	0	1	0	0	0	0	0	0
S	33084	1	0	0	0	0	0	0	0	0
S	33085	1	0	1	0	0	0	0	0	0
S	33086	1	0	0	0	0	0	0	0	0
S	33087	1	0	1	0	0	0	0	0	0
S	33088	1	0	0	0	0	0	0	0	0
S	33089	1	0	1	0	0	0	0	0	0
S	33090	1	0	0	0	0	0	0	0	0
S	33091	1	0	1	0	0	0	0	0	0
S	33092	1	0	0	0	0	0	0	0	0
S	33093	1	0	1	0	0	0	0	0	0
S	33094	1	0	0	0	0	0	0	0	0
S	33095	1	0	1	0	0	0	0	0	0
S	33096	1	0	0	0	0	0	0	0	0
S	33097	1	0	1	0	0	0	0	0	0
S	33098	1	0	0	0	0	0	0	0	0
S	33099	1	0	1	0	0	0	0	0	0
S	33100	1	0	0	0	0	0	0	0	0
S	33101	1	0	1	0	0	0	0	0	0
S	33102	1	0	0	0	0	0	0	0	0
S	33103	1	0	1	0	0	0	0	0	0
S	33104	1	0	0	0	0	0	0	0	0
S	33105	1	0	1	0	0	0	0	0	0
S	33106	1	0	0	0	0	0	0	0	0
S	33107	1	0	1	0	0	0	0	0	0
S	33108	1	0	0	0	0	0	0	0	0
S	33109	1	0	1	0	0	0	0	0	0
S	33110	1	0	0	0	0	0	0	0	0
S	33111	1	0	1	0	0	0	0	0	0
S	33112	1	0	0	0	0	0	0	0	0
S	33113	1	0	1	0	0	0	0	0	0
S	33114	1	0	0	0	0	0	0	0	0
S	33115	1	0	1	0	0	0	0	0	0
S	33116	1	0	0	0	0	0	0	0	0
S	33117	1	0	1	0	0	0	0	0	0
S	33118	1	0	0	0	0	0	0	0	0
S	33119	1	0	1	0	0	0	0	0	0
S	33120	1	0	0	0	0	0	0	0	0
S	33121	1	0	1	0	0	0	0	0	0
S	33122	1	0	0	0	0	0	0	0	0
S	33123	1	0	1	0	0	0	0	0	0
S	33124	1	0	0	0	0	0	0	0	0
S	33125	1	0	1	0	0	0	0	0	0
S	33126	1	0	0	0	0	0	0	0	0
S	33127	1	0	1	0	0	0	0	0	0
S	33128	1	0	0	0	0	0	0	0	0
S	33129	1	0	1	0	0	0	0	0	0
S	33130	1	0	0	0	0	0	0	0	0
S	33131	1	0	1	0	0	0	0	0	0
S	33132	1	0	0	0	0	0	0	0	0
S	33133	1	0	1	0	0	0	0	0	0
S	33134	1	0	0	0	0	0	0	0	0
S	33135	1	0	1	0	0	0	0	0	0
S	33136	1	0	0	0	0	0	0	0	0
S	33137	1	0	1	0	0	0	0	0	0
S	33138	1	0	0	0	0	0	0	0	0
S	33139	1	0	1	0	0	0	0	0	0
S	33140	1	0	0	0	0	0	0	0	0
S	33141	1	0	1	0	0	0	0	0	0
S	33142	1	0	0	0	0	0	0	0	0
S	33143	1	0	1	0	0	0	0	0	0
S	33144	1	0	0	0	0	0	0	0	0
S	33145	1	0	1	0	0	0	0	0	0
S	33146	1	0	0	0	0	0	0	0	0
S	33147	1	0	1	0	0	0	0	0	0
S	33148	1	0	0	0	0	0	0	0	0
S	33149	1	0	1	0	0	0	0	0	0
S	33150	1	0	0	0	0	0	0	0	0
S	33151	1	0	1	0	0	0	0	0	0
S	33152	1	0	0	0	0	0	0	0	0
S	33153	1	0	1	0	0	0	0	0	0
S	33154	1	0	0	0	0	0	0	0	0
S	33155	1	0	1	0	0	0	0	0	0
S	33156	1	0	0	0	0	0	0	0	0
S	33157	1	0	1	0	0	0	0	0	0
S	33158	1	0	0	0	0	0	0	0	0
S	33159	1	0	1	0	0	0	0	0	0
S	33160	1	0	0	0	0	0	0	0	0
S	33161	1	0	1	0	0	0	0	0	0
S	33162	1	0	0	0	0	0	0	0	0
S	33163	1	0	1	0	0	0	0	0	0
S	33164	1	0	0	0	0	0	0	0	0
S	33165	1	0	1	0	0	0	0	0	0
S	33166	1	0	0	0	0	0	0	0	0
S	33167	1	0	1	0	0	0	0	0	0
S	33168	1	0	0	0	0	0	0	0	0
S	33169	1	0	1	0	0	0	0	0	0
S	33170	1	0	0	0	0	0	0	0	0
S	33171	1	0	1	0	0	0	0	0	0
S	33172	1	0	0	0	0	0	0	0	0
S	33173	1	0	1	0	0	0	0	0	0
S	33174	1	0	0	0	0	0	0	0	0
S	33175	1	0	1	0	0	0	0	0	0
S	33176	1	0	0	0	0	0	0	0	0
S	33177	1	0	1	0	0	0	0	0	0
S	33178	1	0	0	0	0	0	0	0	0
S	33179	1	0	1	0	0	0	0	0	0
S	33180	1	0	0	0	0	0	0	0	0
S	33181	1	0	1	0	0	0	0	0	0
S	33182	1	0	0	0	0	0	0	0	0
S	33183	1	0	1	0	0	0	0	0	0
S	33184	1	0	0	0	0	0	0	0	0
S	33185	1	0	1	0	0	0	0	0	0
S	33186	1	0	0	0	0	0	0	0	0
S	33187	1	0	1	0	0	0	0	0	0
S	33188	1	0	0	0	0	0	0	0	0
S	33189	1	0	1	0	0	0	0	0	0
S	33190	1	0	0	0	0	0	0	0	0
S	33191	1	0	1	0	0	0	0	0	0
S	33192	1	0	0	0	0	0	0	0	0
S	33193	1	0	1	0	0	0	0	0	0
S	33194	1	0	0	0	0	0	0	0	0
S	33195	1	0	1	0	0	0	0	0	0
S	33196	1	0	0	0	0	0	0	0	0
S	33197	1	0	1	0	0	0	0	0	0
S	33198	1	0	0	0	0	0	0	0	0
S	33199	1	0	1	0	0	0	0	0	0
S	33200	1	0	0	0	0	0	0	0	0
S	33201	1	0	1	0	0	0	0	0	0
S	33202	1	0	0	0	0	0	0	0	0
S	33203	1	0	1	0	0	0	0	0	0
S	33204	1	0	0	0	0	0	0	0	0
S	33205	1	0	1	0	0	0	0	0	0
S	33206	1	0	0	0	0	0	0	0	0
S	33207	1	0	1	0	0	0	0	0	0
S	33208	1	0	0	0	0	0	0	0	0
S	33209	1	0	1	0	0	0	0	0	0
S	33210	1	0	0	0	0	0	0	0	0
S	33211	1	0	1	0	0	0	0	0	0
S	33212	1	0	0	0	0	0	0	0	0
S	33213	1	0	1	0	0	0	0	0	0
S	33214	1	0	0	0	0	0	0	0	0
S	33215	1	0	1	0	0	0	0	0	0
S	33216	1	0	0	0	0	0	0	0	0
S	33217	1	0	1	0	0	0	0	0	0
S	33218	1	0	0	0	0	0	0	0	0
S	33219	1	0	1	0	0	0	0	0	0
S	33220	1	0	0	0	0	0	0	0	0
S	33221	1	0	1	0	0	0	0	0	0
S	33222	1	0	0	0	0	0	0	0	0
S	33223	1	0	1	0	0	0	0	0	0
S	33224	1	0	0	0	0	0	0	0	0
S	33225	1	0	1	0	0	0	0	0	0
S	33226	1	0	0	0	0	0	0	0	0
S	33227	1	0	1	0	0	0	0	0	0
S	33228	1	0	0	0	0	0	0	0	0
S	33229	1	0	1	0	0	0	0	0	0
S	33230	1	0	0	0	0	0	0	0	0
S	33231	1	0	1	0	0	0	0	0	0
S	33232	1	0	0	0	0	0	0	0	0
S	33233	1	0	1	0	0	0	0	0	0
S	33234	1	0	0	0	0	0	0	0	0
S	33235	1	0	1	0	0	0	0	0	0
S	33236	1	0	0	0	0	0	0	0	0
S	33237	1	0	1	0	0	0	0	0	0
S	33238	1	0	0	0	0	0	0	0	0
S	33239	1	0	1	0	0	0	0	0	0
S	33240	1	0	0	0	0	0	0	0	0
S	33241	1	0	1	0	0	0	0	0	0
S	33242	1	0	0	0	0	0	0	0	0
S	33243	1	0	1	0	0	0	0	0	0
S	33244	1	0	0	0	0	0	0	0	0
S	33245	1	0	1	0	0	0	0	0	0
S	33246	1	0	0	0	0	0	0	0	0
S	33247	1	0	1	0	0	0	0	0	0
S	33248	1	0	0	0	0	0	0	0	0
S	33249	1	0	1	0	0	0	0	0	0
S	33250	1	0	0	0	0	0	0	0	0
S	33251	1	0	1	0	0	0	0	0	0
S	33252	1	0	0	0	0	0	0	0	0
S	33253	1	0	1	0	0	0	0	0	0
S	33254	1	0	0	0	0	0	0	0	0
S	33255	1	0	1	0	0	0	0	0	0
S	33256	1	0	0	0	0	0	0	0	0
S	33257	1	0	1	0	0	0	0	0	0
S	33258	1	0	0	0	0	0	0	0	0
S	33259	1	0	1	0	0	0	0	0	0
S	33260	1	0	0	0	0	0	0	0	0
S	33261	1	0	1	0	0	0	0	0	0
S	33262	1	0	0	0	0	0	0	0	0
S	33263	1	0	1	0	0	0	0	0	0
S	33264	1	0	0	0	0	0	0	0	0
S	33265	1	0	1	0	0	0	0	0	0
S	33266	1	0	0	0	0	0	0	0	0
S	33267	1	0	1	0	0	0	0	0	0
S	33268	1	0	0	0	0	0	0	0	0
S	33269	1	0	1	0	0	0	0	0	0
S	33270	1	0	0	0	0	0	0	0	0
S	33271	1	0	1	0	0	0	0	0	0
S	33272	1	0	0	0	0	0	0	0	0
S	33273	1	0	1	0	0	0	0	0	0
S	33274	1	0	0	0	0	0	0	0	0
S	33275	1	0	1	0	0	0	0	0	0
S	33276	1	0	0	0	0	0	0	0	0
S	33277	1	0	1	0	0	0	0	0	0
S	33278	1	0	0	0	0	0	0	0	0
S	33279	1	0	1	0	0	0	0	0	0
S	33280	1	0	0	0	0	0	0	0	0
S	33281	1	0	1	0	0	0	0	0	0
S	33282	1	0	0	0	0	0	0	0	0
S	33283	1	0	1	0	0	0	0	0	0
S	33284	1	0	0	0	0	0	0	0	0
S	33285	1	0	1	0	0	0	0	0	0
S	33286	1	0	0	0	0	0	0	0	0
S	33287	1	0	1	0	0	0	0	0	0
S	33288	1	0	0	0	0	0	0	0	0
S	33289	1	0	1	0	0	0	0	0	0
S	33290	1	0	0	0	0	0	0	0	0
S	33291	1	0	1	0	0	0	0	0	0
S	33292	1	0	0	0	0	0	0	0	0
S	33293	1	0	1	0	0	0	0	0	0
S	33294	1	0	0	0	0	0	0	0	0
S	33295	1	0	1	0	0	0	0	0	0
S	33296	1	0	0	0	0	0	0	0	0
S	33297	1	0	1	0	0	0	0	0	0
S	33298	1	0	0	0	0	0	0	0	0
S	33299	1	0	1	0	0	0	0	0	0
S	33300	1	0	0	0	0	0	0	0	0
S	33301	1	0	1	0	0	0	0	0	0
S	33302	1	0	0	0	0	0	0	0	0
S	33303	1	0	1	0	0	0	0	0	0
S	33304	1	0	0	0	0	0	0	0	0
S	33305	1	0	1	0	0	0	0	0	0
S	33306	1	0	0	0	0	0	0	0	0
S	33307	1	0	1	0	0	0	0	0	0
S	33308	1	0	0	0	0	0	0	0	0
S	33309	1	0	1	0	0	0	0	0	0
S	33310	1	0	0	0	0	0	0	0	0
S	33311	1	0	1	0	0	0	0	0	0
S	33312	1	0	0	0	0	0	0	0	0
S	33313	1	0	1	0	0	0	0	0	0
S	33314	1	0	0	0	0	0	0	0	0
S	33315	1	0	1	0	0	0	0	0	0
S	33316	1	0	0	0	0	0	0	0	0
S	33317	1	0	1	0	0	0	0	0	0
S	33318	1	0	0	0	0	0	0	0	0
S	33319	1	0	1	0	0	0	0	0	0
S	33320	1	0	0	0	0	0	0	0	0
S	33321	1	0	1	0	0	0	0	0	0
S	33322	1	0	0	0	0	0	0	0	0
S	33323	1	0	1	0	0	0	0	0	0
S	33324	1	0	0	0	0	0	0	0	0
S	33325	1	0	1	0	0	0	0	0	0
S	33326	1	0	0	0	0	0	0	0	0
S	33327	1	0	1	0	0	0	0	0	0
S	33328	1	0	0	0	0	0	0	0	0
S	33329	1	0	1	0	0	0	0	0	0
S	33330	1	0	0	0	0	0	0	0	0
S	33331	1	0	1	0	0	0	0	0	0
S	33332	1	0	0	0	0	0	0	0	0
S	33333	1	0	1	0	0	0	0	0	0
S	33334	1	0	0	0	0	0	0	0	0
S	33335	1	0	1	0	0	0	0	0	0
S	33336	1	0	0	0	0	0	0	0	0
S	33337	1	0	1	0	0	0	0	0	0
S	33338	1	0	0	0	0	0	0	0	0
S	33339	1	0	1	0	0	0	0	0	0
S	33340	1	0	0	0	0	0	0	0	0
S	33341	1	0	1	0	0	0	0	0	0
S	33342	1	0	0	0	0	0	0	0	0
S	33343	1	0	1	0	0	0	0	0	0
S	33344	1	0	0	0	0	0	0	0	0
S	33345	1	0	1	0	0	0	0	0	0
S	33346	1	0	0	0	0	0	0	0	0
S	33347	1	0	1	0	0	0	0	0	0
S	33348	1	0	0	0	0	0	0	0	0
S	33349	1	0	1	0	0	0	0	0	0
S	33350	1	0	0	0	0	0	0	0	0
S	33351	1	0	1	0	0	0	0	0	0
S	33352	1	0	0	0	0	0	0	0	0
S	33353	1	0	1	0	0	0	0	0	0
S	33354	1	0	0	0	0	0	0	0	0
S	33355	1	0	1	0	0	0	0	0	0
S	33356	1	0	0	0	0	0	0	0	0
S	33357	1	0	1	0	0	0	0	0	0
S	33358	1	0	0	0	0	0	0	0	0
S	33359	1	0	1	0	0	0	0	0	0
S	33360	1	0	0	0	0	0	0	0	0
S	33361	1	0	1	0	0	0	0	0	0
S	33362	1	0	0	0	0	0	0	0	0
S	33363	1	0	1	0	0	0	0	0	0
S	33364	1	0	0	0	0	0	0	0	0
S	33365	1	0	1	0	0	0	0	0	0
S	33366	1	0	0	0	0	0	0	0	0
S	33367	1	0	1	0	0	0	0	0	0
S	33368	1	0	0	0	0	0	0	0	0
S	33369	1	0	1	0	0	0	0	0	0
S	33370	1	0	0	0	0	0	0	0	0
S	33371	1	0	1	0	0	0	0	0	0
S	33372	1	0	0	0	0	0	0	0	0
S	33373	1	0	1	0	0	0	0	0	0
S	33374	1	0	0	0	0	0	0	0	0
S	33375	1	0	1	0	0	0	0	0	0
S	33376	1	0	0	0	0	0	0	0	0
S	33377	1	0	1	0	0	0	0	0	0
S	33378	1	0	0	0	0	0	0	0	0
S	33379	1	0	1	0	0	0	0	0	0
S	33380	1	0	0	0	0	0	0	0	0
S	33381	1	0	1	0	0	0	0	0	0
S	33382	1	0	0	0	0	0	0	0	0
S	33383	1	0	1	0	0	0	0	0	0
S	33384	1	0	0	0	0	0	0	0	0
S	33385	1	0	1	0	0	0	0	0	0
S	33386	1	0	0	0	0	0	0	0	0
S	33387	1	0	1	0	0	0	0	0	0
S	33388	1	0	0	0	0	0	0	0	0
S	33389	1	0	1	0	0	0	0	0	0
S	33390	1	0	0	0	0	0	0	0	0
S	33391	1	0	1	0	0	0	0	0	0
S	33392	1	0	0	0	0	0	0	0	0
S	33393	1	0	1	0	0	0	0	0	0
S	33394	1	0	0	0	0	0	0	0	0
S	33395	1	0	1	0	0	0	0	0	0
S	33396	1	0	0	0	0	0	0	0	0
S	33397	1	0	1	0	0	0	0	0	0
S	33398	1	0	0	0	0	0	0	0	0
S	33399	1	0	1	0	0	0	0	0	0
S	33400	1	0	0	0	0	0	0	0	0
S	33401	1	0	1	0	0	0	0	0	0
S	33402	1	0	0	0	0	0	0	0	0
S	33403	1	0	1	0	0	0	0	0	0
S	33404	1	0	0	0	0	0	0	0	0
S	33405	1	0	1	0	0	0	0	0	0
S	33406	1	0	0	0	0	0	0	0	0
S	33407	1	0	1	0	0	0	0	0	0
S	33408	1	0	0	0	0	0	0	0	0
S	33409	1	0	1	0	0	0	0	0	0
S	33410	1	0	0	0	0	0	0	0	0
S	33411	1	0	1	0	0	0	0	0	0
S	33412	1	0	0	0	0	0	0	0	0
S	33413	1	0	1	0	0	0	0	0	0
S	33414	1	0	0	0	0	0	0	0	0
S	33415	1	0	1	0	0	0	0	0	0
S	33416	1	0	0	0	0	0	0	0	0
S	33417	1	0	1	0	0	0	0	0	0
S	33418	1	0	0	0	0	0	0	0	0
S	33419	1	0	1	0	0	0	0	0	0
S	33420	1	0	0	0	0	0	0	0	0
S	33421	1	0	1	0	0	0	0	0	0
S	33422	1	0	0	0	0	0	0	0	0
S	33423	1	0	1	0	0	0	0	0	0
S	33424	1	0	0	0	0	0	0	0	0
S	33425	1	0	1	0	0	0	0	0	0
S	33426	1	0	0	0	0	0	0	0	0
S	33427	1	0	1	0	0	0	0	0	0
S	33428	1	0	0	0	0	0	0	0	0
S	33429	1	0	1	0	0	0	0	0	0
S	33430	1	0	0	0	0	0	0	0	0
S	33431	1	0	1	0	0	0	0	0	0
S	33432	1	0	0	0	0	0	0	0	0
S	33433	1	0	1	0	0	0	0	0	0
S	33434	1	0	0	0	0	0	0	0	0
S	33435	1	0	1	0	0	0	0	0	0
S	33436	1	0	0	0	0	0	0	0	0
S	33437	1	0	1	0	0	0	0	0	0
S	33438	1	0	0	0	0	0	0	0	0
S	33439	1	0	1	0	0	0	0	0	0
S	33440	1	0	0	0	0	0	0	0	0
S	33441	1	0	1	0	0	0	0	0	0
S	33442	1	0	0	0	0	0	0	0	0
S	33443	1	0	1	0	0	0	0	0	0
S	33444	1	0	0	0	0	0	0	0	0
S	33445	1	0	1	0	0	0	0	0	0
S	33446	1	0	0	0	0	0	0	0	0
S	33447	1	0	1	0	0	0	0	0	0
S	33448	1	0	0	0	0	0	0	0	0
S	33449	1	0	1	0	0	0	0	0	0
S	33450	1	0	0	0	0	0	0	0	0
S	33451	1	0	1	0	0	0	0	0	0
S	33452	1	0	0	0	0	0	0	0	0
S	33453	1	0	1	0	0	0	0	0	0
S	33454	1	0	0	0	0	0	0	0	0
S	33455	1	0	1	0	0	0	0	0	0
S	33456	1	0	0	0	0	0	0	0	0
S	33457	1	0	1	0	0	0	0	0	0
S	33458	1	0	0	0	0	0	0	0	0
S	33459	1	0	1	0	0	0	0	0	0
S	33460	1	0	0	0	0	0	0	0	0
S	33461	1	0	1	0	0	0	0	0	0
S	33462	1	0	0	0	0	0	0	0	0
S	33463	1	0	1	0	0	0	0	0	0
S	33464	1	0	0	0	0	0	0	0	0
S	33465	1	0	1	0	0	0	0	0	0
S	33466	1	0	0	0	0	0	0	0	0
S	33467	1	0	1	0	0	0	0	0	0
S	33468	1	0	0	0	0	0	0	0	0
S	33469	1	0	1	0	0	0	0	0	0
S	33470	1	0	0	0	0	0	0	0	0
S	33471	1	0	1	0	0	0	0	0	0
S	33472	1	0	0	0	0	0	0	0	0
S	33473	1	0	1	0	0	0	0	0	0
S	33474	1	0	0	0	0	0	0	0	0
S	33475	1	0	1	0	0	0	0	0	0
S	33476	1	0	0	0	0	0	0	0	0
S	33477	1	0	1	0	0	0	0	0	0
S	33478	1	0	0	0	0	0	0	0	0
S	33479	1	0	1	0	0	0	0	0	0
S	33480	1	0	0	0	0	0	0	0	0
S	33481	1	0	1	0	0	0	0	0	0
S	33482	1	0	0	0	0	0	0	0	0
S	33483	1	0	1	0	0	0	0	0	0
S	33484	1	0	0	0	0	0	0	0	0
S	33485	1	0	1	0	0	0	0	0	0
S	33486	1	0	0	0	0	0	0	0	0
S	33487	1	0	1	0	0	0	0	0	0
S	33488	1	0	0	0	0	0	0	0	0
S	33489	1	0	1	0	0	0	0	0	0
S	33490	1	0	0	0	0	0	0	0	0
S	33491	1	0	1	0	0	0	0	0	0
S	33492	1	0	0	0	0	0	0	0	0
S	33493	1	0	1	0	0	0	0	0	0
S	33494	1	0	0	0	0	0	0	0	0
S	33495	1	0	1	0	0	0	0	0	0
S	33496	1	0	0	0	0	0	0	0	0
S	33497	1	0	1	0	0	0	0	0	0
S	33498	1	0	0	0	0	0	0	0	0
S	33499	1	0	1	0	0	0	0	0	0
S	33500	1	0	0	0	0	0	0	0	0
S	33501	1	0	1	0	0	0	0	0	0
S	33502	1	0	0	0	0	0	0	0	0
S	33503	1	0	1	0	0	0	0	0	0
S	33504	1	0	0	0	0	0	0	0	0
S	33505	1	0	1	0	0	0	0	0	0
S	33506	1	0	0	0	0	0	0	0	0
S	33507	1	0	1	0	0	0	0	0	0
S	33508	1	0	0	0	0	0	0	0	0
S	33509	1	0	1	0	0	0	0	0	0
S	33510	1	0	0	0	0	0	0	0	0
S	33511	1	0	1	0	0	0	0	0	0
S	33512	1	0	0	0	0	0	0	0	0
S	33513	1	0	1	0	0	0	0	0	0
S	33514	1	0	0	0	0	0	0	0	0
S	33515	1	0	1	0	0	0	0	0	0
S	33516	1	0	0	0	0	0	0	0	0
S	33517	1	0	1	0	0	0	0	0	0
S	33518	1	0	0	0	0	0	0	0	0
S	33519	1	0	1	0	0	0	0	0	0
S	33520	1	0	0	0	0	0	0	0	0
S	33521	1	0	1	0	0	0	0	0	0
S	33522	1	0	0	0	0	0	0	0	0
S	33523	1	0	1	0	0	0	0	0	0
S	33524	1	0	0	0	0	0	0	0	0
S	33525	1	0	1	0	0	0	0	0	0
S	33526	1	0	0	0	0	0	0	0	0
S	33527	1	0	1	0	0	0	0	0	0
S	33528	1	0	0	0	0	0	0	0	0
S	33529	1	0	1	0	0	0	0	0	0
S	33530	1	0	0	0	0	0	0	0	0
S	33531	1	0	1	0	0	0	0	0	0
S	33532	1	0	0	0	0	0	0	0	0
S	33533	1	0	1	0	0	0	0	0	0
S	33534	1	0	0	0	0	0	0	0	0
S	33535	1	0	1	0	0	0	0	0	0
S	33536	1	0	0	0	0	0	0	0	0
S	33537	1	0	1	0	0	0	0	0	0
S	33538	1	0	0	0	0	0	0	0	0
S	33539	1	0	1	0	0	0	0	0	0
S	33540	1	0	0	0	0	0	0	0	0
S	33541	1	0	1	0	0	0	0	0	0
S	33542	1	0	0	0	0	0	0	0	0
S	33543	1	0	1	0	0	0	0	0	0
S	33544	1	0	0	0	0	0	0	0	0
S	33545	1	0	1	0	0	0	0	0	0
S	33546	1	0	0	0	0	0	0	0	0
S	33547	1	0	1	0	0	0	0	0	0
S	33548	1	0	0	0	0	0	0	0	0
S	33549	1	0	1	0	0	0	0	0	0
S	33550	1	0	0	0	0	0	0	0	0
S	33551	1	0	1	0	0	0	0	0	0
S	33552	1	0	0	0	0	0	0	0	0
S	33553	1	0	1	0	0	0	0	0	0
S	33554	1	0	0	0	0	0	0	0	0
S	33555	1	0	1	0	0	0	0	0	0
S	33556	1	0	0	0	0	0	0	0	0
S	33557	1	0	1	0	0	0	0	0	0
S	33558	1	0	0	0	0	0	0	0	0
S	33559	1	0	1	0	0	0	0	0	0
S	33560	1	0	0	0	0	0	0	0	0
S	33561	1	0	1	0	0	0	0	0	0
S	33562	1	0	0	0	0	0	0	0	0
S	33563	1	0	1	0	0	0	0	0	0
S	33564	1	0	0	0	0	0	0	0	0
S	33565	1	0	15	0	0	0	0	0	0
S	33566	1	0	1	0	0	0	0	0	0
S	33567	1	0	0	0	0	0	0	0	0
S	33568	1	0	1	0	0	0	0	0	0
S	33569	1	0	0	0	0	0	0	0	0
S	33570	1	0	1	0	0	0	0	0	0
S	33571	1	0	0	0	0	0	0	0	0
S	33572	1	0	1	0	0	0	0	0	0
S	33573	1	0	0	0	0	0	0	0	0
S	33574	1	0	1	0	0	0	0	0	0
S	33575	1	0	0	0	0	0	0	0	0
S	33576	1	0	1	0	0	0	0	0	0
S	33577	1	0	0	0	0	0	0	0	0
S	33578	1	0	1	0	0	0	0	0	0
S	33579	1	0	0	0	0	0	0	0	0
S	33580	1	0	1	0	0	0	0	0	0
S	33581	1	0	0	0	0	0	0	0	0
S	33582	1	0	1	0	0	0	0	0	0
S	33583	1	0	0	0	0	0	0	0	0
S	33584	1	0	1	0	0	0	0	0	0
S	33585	1	0	0	0	0	0	0	0	0
S	33586	1	0	1	0	0	0	0	0	0
S	33587	1	0	0	0	0	0	0	0	0
S	33588	1	0	1	0	0	0	0	0	0
S	33589	1	0	0	0	0	0	0	0	0
S	33590	1	0	1	0	0	0	0	0	0
S	33591	1	0	0	0	0	0	0	0	0
S	33592	1	0	1	0	0	0	0	0	0
S	33593	1	0	0	0	0	0	0	0	0
S	33594	1	0	1	0	0	0	0	0	0
S	33595	1	0	0	0	0	0	0	0	0
S	33596	1	0	1	0	0	0	0	0	0
S	33597	1	0	0	0	0	0	0	0	0
S	33598	1	0	1	0	0	0	0	0	0
S	33599	1	0	0	0	0	0	0	0	0
S	33600	1	0	1	0	0	0	0	0	0
S	33601	1	0	0	0	0	0	0	0	0
S	33602	1	0	1	0	0	0	0	0	0
S	33603	1	0	0	0	0	0	0	0	0
S	33604	1	0	1	0	0	0	0	0	0
S	33605	1	0	0	0	0	0	0	0	0
S	33606	1	14	0	0	0	0	0	0	0
S	33607	1	0	0	0	0	0	0	0	0
S	33608	1	14	0	0	0	0	0	0	0
S	33609	1	0	0	0	0	0	0	0	0
S	33610	1	14	0	0	0	0	0	0	0
S	33611	1	0	0	0	0	0	0	0	0
S	33612	1	14	0	0	0	0	0	0	0
S	33613	1	0	0	0	0	0	0	0	0
S	33614	1	14	0	0	0	0	0	0	0
S	33615	1	0	0	0	0	0	0	0	0
S	33616	1	14	0	0	0	0	0	0	0
S	33617	1	0	0	0	0	0	0	0	0
S	33618	1	14	0	0	0	0	0	0	0
S	33619	1	0	0	0	0	0	0	0	0
S	33620	1	14	0	0	0	0	0	0	0
S	33621	1	0	0	0	0	0	0	0	0
S	33622	1	14	0	0	0	0	0	0	0
S	33623	1	0	0	0	0	0	0	0	0
S	33624	1	14	0	0	0	0	0	0	0
S	33625	1	0	0	0	0	0	0	0	0
S	33626	1	14	0	0	0	0	0	0	0
S	33627	1	0	0	0	0	0	0	0	0
S	33628	1	14	0	0	0	0	0	0	0
S	33629	1	0	0	0	0	0	0	0	0
S	33630	1	14	0	0	0	0	0	0	0
S	33631	1	0	0	0	0	0	0	0	0
S	33632	1	14	0	0	0	0	0	0	0
S	33633	1	0	0	0	0	0	0	0	0
S	33634	1	14	0	0	0	0	0	0	0
S	33635	1	0	0	0	0	0	0	0	0
S	33636	1	14	0	0	0	0	0	0	0
S	33637	1	0	0	0	0	0	0	0	0
S	33638	1	14	0	0	0	0	0	0	0
S	33639	1	0	0	0	0	0	0	0	0
S	33640	1	14	0	0	0	0	0	0	0
S	33641	1	0	0	0	0	0	0	0	0
S	33642	1	14	0	0	0	0	0	0	0
S	33643	1	0	0	0	0	0	0	0	0
S	33644	1	14	0	0	0	0	0	0	0
S	33645	1	0	0	0	0	0	0	0	0
S	33646	1	14	0	0	0	0	0	0	0
S	33647	1	0	0	0	0	0	0	0	0
S	33648	1	14	0	0	0	0	0	0	0
S	33649	1	0	0	0	0	0	0	0	0
S	33650	1	14	0	0	0	0	0	0	0
S	33651	1	0	0	0	0	0	0	0	0
S	33652	1	14	0	0	0	0	0	0	0
S	33653	1	0	0	0	0	0	0	0	0
S	33654	1	14	0	0	0	0	0	0	0
S	33655	1	0	0	0	0	0	0	0	0
S	33656	1	14	0	0	0	0	0	0	0
S	33657	1	0	0	0	0	0	0	0	0
S	33658	1	14	0	0	0	0	0	0	0
S	33659	53	0	0	0	0	0	0	0	0
S	33712	1	0	15	0	0	0	0	0	0
S	33713	1	0	1	0	0	0	0	0	0
S	33714	1	0	0	0	0	0	0	0	0
S	33715	1	0	1	0	0	0	0	0	0
S	33716	1	0	0	0	0	0	0	0	0
S	33717	1	0	1	0	0	0	0	0	0
S	33718	1	0	0	0	0	0	0	0	0
S	33719	1	0	1	0	0	0	0	0	0
S	33720	1	0	0	0	0	0	0	0	0
S	33721	1	0	1	0	0	0	0	0	0
S	33722	1	0	0	0	0	0	0	0	0
S	33723	1	0	1	0	0	0	0	0	0
S	33724	1	0	0	0	0	0	0	0	0
S	33725	1	0	1	0	0	0	0	0	0
S	33726	1	0	0	0	0	0	0	0	0
S	33727	1	0	1	0	0	0	0	0	0
S	33728	1	0	0	0	0	0	0	0	0
S	33729	1	0	1	0	0	0	0	0	0
S	33730	1	0	0	0	0	0	0	0	0
S	33731	1	0	1	0	0	0	0	0	0
S	33732	1	0	0	0	0	0	0	0	0
S	33733	1	0	1	0	0	0	0	0	0
S	33734	1	0	0	0	0	0	0	0	0
S	33735	1	0	1	0	0	0	0	0	0
S	33736	1	0	0	0	0	0	0	0	0
S	33737	1	0	1	0	0	0	0	0	0
S	33738	1	0	0	0	0	0	0	0	0
S	33739	1	0	1	0	0	0	0	0	0
S	33740	1	0	0	0	0	0	0	0	0
S	33741	1	0	1	0	0	0	0	0	0
S	33742	1	0	0	0	0	0	0	0	0
S	33743	1	0	1	0	0	0	0	0	0
S	33744	1	0	0	0	0	0	0	0	0
S	33745	1	0	1	0	0	0	0	0	0
S	33746	1	0	0	0	0	0	0	0	0
S	33747	1	0	1	0	0	0	0	0	0
S	33748	1	0	0	0	0	0	0	0	0
S	33749	1	0	1	0	0	0	0	0	0
S	33750	1	0	0	0	0	0	0	0	0
S	33751	1	0	1	0	0	0	0	0	0
S	33752	1	0	0	0	0	0	0	0	0
S	33753	1	0	1	0	0	0	0	0	0
S	33754	1	0	0	0	0	0	0	0	0
S	33755	1	0	1	0	0	0	0	0	0
S	33756	1	0	0	0	0	0	0	0	0
S	33757	1	0	1	0	0	0	0	0	0
S	33758	1	0	0	0	0	0	0	0	0
S	33759	1	0	1	0	0	0	0	0	0
S	33760	1	0	0	0	0	0	0	0	0
S	33761	1	0	1	0	0	0	0	0	0
S	33762	1	0	0	0	0	0	0	0	0
S	33763	1	0	1	0	0	0	0	0	0
S	33764	1	0	0	0	0	0	0	0	0
S	33765	1	0	1	0	0	0	0	0	0
S	33766	1	0	0	0	0	0	0	0	0
S	33767	1	0	1	0	0	0	0	0	0
S	33768	1	0	0	0	0	0	0	0	0
S	33769	1	0	1	0	0	0	0	0	0
S	33770	1	0	0	0	0	0	0	0	0
S	33771	6	0	15	0	0	0	0	0	0
S	33777	1	0	1	17	2	2	18	19	19
S	33778	1	0	0	17	2	2	18	19	19
S	33779	1	0	1	20	2	2	21	2	19
S	33780	1	0	0	20	2	2	21	2	19
S	33781	1	0	1	22	2	2	23	19	2
S	33782	1	0	0	22	2	2	23	19	2
S	33783	1	0	1	24	2	21	18	19	18
S	33784	1	0	0	24	2	21	18	19	18
S	33785	1	0	1	25	2	23	18	18	19
S	33786	1	0	0	25	2	23	18	18	19
S	33787	1	0	1	2	17	2	26	27	27
S	33788	1	0	0	2	17	2	26	27	27
S	33789	1	0	1	2	20	2	28	2	27
S	33790	1	0	0	2	20	2	28	2	27
S	33791	1	0	1	2	22	2	29	27	2
S	33792	1	0	0	2	22	2	29	27	2
S	33793	1	0	1	2	24	28	26	27	26
S	33794	1	0	0	2	24	28	26	27	26
S	33795	1	0	1	2	25	29	26	26	27
S	33796	1	0	0	2	25	29	26	26	27
S	33797	1	0	1	30	2	18	2	31	31
S	33798	1	0	0	30	2	18	2	31	31
S	33799	1	0	1	32	2	23	2	31	2
S	33800	1	0	0	32	2	23	2	31	2
S	33801	1	0	1	33	2	21	2	2	31
S	33802	1	0	0	33	2	21	2	2	31
S	33803	1	0	1	34	2	18	23	18	31
S	33804	1	0	0	34	2	18	23	18	31
S	33805	1	0	1	35	2	18	21	31	18
S	33806	1	0	0	35	2	18	21	31	18
S	33807	1	0	1	2	30	26	2	36	36
S	33808	1	0	0	2	30	26	2	36	36
S	33809	1	0	1	2	32	29	2	36	2
S	33810	1	0	0	2	32	29	2	36	2
S	33811	1	0	1	2	33	28	2	2	36
S	33812	1	0	0	2	33	28	2	2	36
S	33813	1	0	1	2	34	26	29	26	36
S	33814	1	0	0	2	34	26	29	26	36
S	33815	1	0	1	2	35	26	28	36	26
S	33816	1	0	0	2	35	26	28	36	26
S	33817	1	0	1	37	2	21	21	2	18
S	33818	1	0	0	37	2	21	21	2	18
S	33819	1	0	1	33	2	21	2	2	31
S	33820	1	0	0	33	2	21	2	2	31
S	33821	1	0	1	20	2	2	21	2	19
S	33822	1	0	0	20	2	2	21	2	19
S	33823	1	0	1	35	2	18	21	31	18
S	33824	1	0	0	35	2	18	21	31	18
S	33825	1	0	1	24	2	21	18	19	18
S	33826	1	0	0	24	2	21	18	19	18
S	33827	1	0	1	2	37	28	28	2	26
S	33828	1	0	0	2	37	28	28	2	26
S	33829	1	0	1	2	33	28	2	2	36
S	33830	1	0	0	2	33	28	2	2	36
S	33831	1	0	1	2	20	2	28	2	27
S	33832	1	0	0	2	20	2	28	2	27
S	33833	1	0	1	2	35	26	28	36	26
S	33834	1	0	0	2	35	26	28	36	26
S	33835	1	0	1	2	24	28	26	27	26
S	33836	1	0	0	2	24	28	26	27	26
S	33837	1	0	1	38	2	23	23	18	2
S	33838	1	0	0	38	2	23	23	18	2
S	33839	1	0	1	22	2	2	23	19	2
S	33840	1	0	0	22	2	2	23	19	2
S	33841	1	0	1	32	2	23	2	31	2
S	33842	1	0	0	32	2	23	2	31	2
S	33843	1	0	1	25	2	23	18	18	19
S	33844	1	0	0	25	2	23	18	18	19
S	33845	1	0	1	34	2	18	23	18	31
S	33846	1	0	0	34	2	18	23	18	31
S	33847	1	0	1	2	38	29	29	26	2
S	33848	1	0	0	2	38	29	29	26	2
S	33849	1	0	1	2	22	2	29	27	2
S	33850	1	0	0	2	22	2	29	27	2
S	33851	1	0	1	2	32	29	2	36	2
S	33852	1	0	0	2	32	29	2	36	2
S	33853	1	0	1	2	25	29	26	26	27
S	33854	1	0	0	2	25	29	26	26	27
S	33855	1	0	1	2	34	26	29	26	36
S	33856	1	0	0	2	34	26	29	26	36
S	33857	1	0	1	0	2	18	18	18	18
S	33858	1	0	0	0	2	18	18	18	18
S	33859	1	0	1	2	0	26	26	26	26
S	33860	1	0	0	2	0	26	26	26	26
S	33861	2	0	15	0	0	0	0	0	0
S	33863	3	0	1	0	0	0	0	0	0
S	33866	3	0	0	0	0	0	0	0	0
S	33869	3	0	1	0	0	0	0	0	0
S	33872	3	0	0	0	0	0	0	0	0
S	33875	3	0	1	0	0	0	0	0	0
S	33878	3	0	0	0	0	0	0	0	0
S	33881	3	0	1	0	0	0	0	0	0
S	33884	3	0	0	0	0	0	0	0	0
S	33887	3	0	1	0	0	0	0	0	0
S	33890	3	0	0	0	0	0	0	0	0
S	33893	3	0	1	0	0	0	0	0	0
S	33896	3	0	0	0	0	0	0	0	0
S	33899	3	0	1	0	0	0	0	0	0
S	33902	3	0	0	0	0	0	0	0	0
S	33905	3	0	1	0	0	0	0	0	0
S	33908	3	0	0	0	0	0	0	0	0
S	33911	3	0	1	0	0	0	0	0	0
S	33914	3	0	0	0	0	0	0	0	0
S	33917	3	0	1	0	0	0	0	0	0
S	33920	3	0	0	0	0	0	0	0	0
S	33923	3	0	1	0	0	0	0	0	0
S	33926	3	0	0	0	0	0	0	0	0
S	33929	3	0	1	0	0	0	0	0	0
S	33932	3	0	0	0	0	0	0	0	0
S	33935	3	0	1	0	0	0	0	0	0
S	33938	3	0	0	0	0	0	0	0	0
S	33941	3	0	1	0	0	0	0	0	0
S	33944	3	0	0	0	0	0	0	0	0
S	33947	3	0	1	0	0	0	0	0	0
S	33950	3	0	0	0	0	0	0	0	0
S	33953	3	0	1	0	0	0	0	0	0
S	33956	3	0	0	0	0	0	0	0	0
S	33959	3	0	1	0	0	0	0	0	0
S	33962	3	0	0	0	0	0	0	0	0
S	33965	3	0	1	0	0	0	0	0	0
S	33968	3	0	0	0	0	0	0	0	0
S	33971	3	0	1	0	0	0	0	0	0
S	33974	3	0	0	0	0	0	0	0	0
S	33977	3	0	1	0	0	0	0	0	0
S	33980	3	0	0	0	0	0	0	0	0
S	33983	3	0	1	0	0	0	0	0	0
S	33986	3	0	0	0	0	0	0	0	0
S	33989	3	0	1	0	0	0	0	0	0
S	33992	3	0	0	0	0	0	0	0	0
S	33995	3	0	1	0	0	0	0	0	0
S	33998	3	0	0	0	0	0	0	0	0
S	34001	3	0	1	0	0	0	0	0	0
S	34004	3	0	0	0	0	0	0	0	0
S	34007	3	0	1	0	0	0	0	0	0
S	34010	3	0	0	0	0	0	0	0	0
S	34013	3	0	1	0	0	0	0	0	0
S	34016	3	0	0	0	0	0	0	0	0
S	34019	3	0	1	0	0	0	0	0	0
S	34022	3	0	0	0	0	0	0	0	0
S	34025	3	0	1	0	0	0	0	0	0
S	34028	3	0	0	0	0	0	0	0	0
S	34031	3	0	1	0	0	0	0	0	0
S	34034	3	0	0	0	0	0	0	0	0
S	34037	3	0	1	0	0	0	0	0	0
S	34040	3	0	0	0	0	0	0	0	0
S	34043	3	0	1	0	0	0	0	0	0
S	34046	3	0	0	0	0	0	0	0	0
S	34049	3	0	1	0	0	0	0	0	0
S	34052	3	0	0	0	0	0	0	0	0
S	34055	3	0	1	0	0	0	0	0	0
S	34058	3	0	0	0	0	0	0	0	0
S	34061	3	0	1	0	0	0	0	0	0
S	34064	3	0	0	0	0	0	0	0	0
S	34067	3	0	1	0	0	0	0	0	0
S	34070	3	0	0	0	0	0	0	0	0
S	34073	3	0	1	0	0	0	0	0	0
S	34076	3	0	0	0	0	0	0	0	0
S	34079	3	0	1	0	0	0	0	0	0
S	34082	3	0	0	0	0	0	0	0	0
S	34085	3	0	1	0	0	0	0	0	0
S	34088	3	0	0	0	0	0	0	0	0
S	34091	3	0	1	0	0	0	0	0	0
S	34094	3	0	0	0	0	0	0	0	0
S	34097	3	0	1	0	0	0	0	0	0
S	34100	3	0	0	0	0	0	0	0	0
S	34103	3	0	1	0	0	0	0	0	0
S	34106	3	0	0	0	0	0	0	0	0
S	34109	3	0	1	0	0	0	0	0	0
S	34112	3	0	0	0	0	0	0	0	0
S	34115	3	0	1	0	0	0	0	0	0
S	34118	3	0	0	0	0	0	0	0	0
S	34121	3	0	1	0	0	0	0	0	0
S	34124	3	0	0	0	0	0	0	0	0
S	34127	3	0	1	0	0	0	0	0	0
S	34130	3	0	0	0	0	0	0	0	0
S	34133	3	0	1	0	0	0	0	0	0
S	34136	3	0	0	0	0	0	0	0	0
S	34139	3	0	1	0	0	0	0	0	0
S	34142	3	0	0	0	0	0	0	0	0
S	34145	3	0	1	0	0	0	0	0	0
S	34148	3	0	0	0	0	0	0	0	0
S	34151	3	0	1	0	0	0	0	0	0
S	34154	3	0	0	0	0	0	0	0	0
S	34157	3	0	1	0	0	0	0	0	0
S	34160	3	0	0	0	0	0	0	0	0
S	34163	3	0	1	0	0	0	0	0	0
S	34166	3	0	0	0	0	0	0	0	0
S	34169	3	0	1	0	0	0	0	0	0
S	34172	3	0	0	0	0	0	0	0	0
S	34175	3	0	1	0	0	0	0	0	0
S	34178	3	0	0	0	0	0	0	0	0
S	34181	3	0	1	0	0	0	0	0	0
S	34184	3	0	0	0	0	0	0	0	0
S	34187	1	0	15	0	0	0	0	0	0
S	34188	1	0	1	17	2	2	18	19	19
S	34189	1	0	0	17	2	2	18	19	19
S	34190	1	0	1	20	2	2	21	2	19
S	34191	1	0	0	20	2	2	21	2	19
S	34192	1	0	1	22	2	2	23	19	2
S	34193	1	0	0	22	2	2	23	19	2
S	34194	1	0	1	24	2	21	18	19	18
S	34195	1	0	0	24	2	21	18	19	18
S	34196	1	0	1	25	2	23	18	18	19
S	34197	1	0	0	25	2	23	18	18	19
S	34198	1	0	1	2	17	2	26	27	27
S	34199	1	0	0	2	17	2	26	27	27
S	34200	1	0	1	2	20	2	28	2	27
S	34201	1	0	0	2	20	2	28	2	27
S	34202	1	0	1	2	22	2	29	27	2
S	34203	1	0	0	2	22	2	29	27	2
S	34204	1	0	1	2	24	28	26	27	26
S	34205	1	0	0	2	24	28	26	27	26
S	34206	1	0	1	2	25	29	26	26	27
S	34207	1	0	0	2	25	29	26	26	27
S	34208	1	0	1	30	2	18	2	31	31
S	34209	1	0	0	30	2	18	2	31	31
S	34210	1	0	1	32	2	23	2	31	2
S	34211	1	0	0	32	2	23	2	31	2
S	34212	1	0	1	33	2	21	2	2	31
S	34213	1	0	0	33	2	21	2	2	31
S	34214	1	0	1	34	2	18	23	18	31
S	34215	1	0	0	34	2	18	23	18	31
S	34216	1	0	1	35	2	18	21	31	18
S	34217	1	0	0	35	2	18	21	31	18
S	34218	1	0	1	2	30	26	2	36	36
S	34219	1	0	0	2	30	26	2	36	36
S	34220	1	0	1	2	32	29	2	36	2
S	34221	1	0	0	2	32	29	2	36	2
S	34222	1	0	1	2	33	28	2	2	36
S	34223	1	0	0	2	33	28	2	2	36
S	34224	1	0	1	2	34	26	29	26	36
S	34225	1	0	0	2	34	26	29	26	36
S	34226	1	0	1	2	35	26	28	36	26
S	34227	1	0	0	2	35	26	28	36	26
S	34228	1	0	1	37	2	21	21	2	18
S	34229	1	0	0	37	2	21	21	2	18
S	34230	1	0	1	33	2	21	2	2	31
S	34231	1	0	0	33	2	21	2	2	31
S	34232	1	0	1	20	2	2	21	2	19
S	34233	1	0	0	20	2	2	21	2	19
S	34234	1	0	1	35	2	18	21	31	18
S	34235	1	0	0	35	2	18	21	31	18
S	34236	1	0	1	24	2	21	18	19	18
S	34237	1	0	0	24	2	21	18	19	18
S	34238	1	0	1	2	37	28	28	2	26
S	34239	1	0	0	2	37	28	28	2	26
S	34240	1	0	1	2	33	28	2	2	36
S	34241	1	0	0	2	33	28	2	2	36
S	34242	1	0	1	2	20	2	28	2	27
S	34243	1	0	0	2	20	2	28	2	27
S	34244	1	0	1	2	35	26	28	36	26
S	34245	1	0	0	2	35	26	28	36	26
S	34246	1	0	1	2	24	28	26	27	26
S	34247	1	0	0	2	24	28	26	27	26
S	34248	1	0	1	38	2	23	23	18	2
S	34249	1	0	0	38	2	23	23	18	2
S	34250	1	0	1	22	2	2	23	19	2
S	34251	1	0	0	22	2	2	23	19	2
S	34252	1	0	1	32	2	23	2	31	2
S	34253	1	0	0	32	2	23	2	31	2
S	34254	1	0	1	25	2	23	18	18	19
S	34255	1	0	0	25	2	23	18	18	19
S	34256	1	0	1	34	2	18	23	18	31
S	34257	1	0	0	34	2	18	23	18	31
S	34258	1	0	1	2	38	29	29	26	2
S	34259	1	0	0	2	38	29	29	26	2
S	34260	1	0	1	2	22	2	29	27	2
S	34261	1	0	0	2	22	2	29	27	2
S	34262	1	0	1	2	32	29	2	36	2
S	34263	1	0	0	2	32	29	2	36	2
S	34264	1	0	1	2	25	29	26	26	27
S	34265	1	0	0	2	25	29	26	26	27
S	34266	1	0	1	2	34	26	29	26	36
S	34267	1	0	0	2	34	26	29	26	36
S	34268	1	0	1	0	2	18	18	18	18
S	34269	1	0	0	0	2	18	18	18	18
S	34270	1	0	1	2	0	26	26	26	26
S	34271	1	0	0	2	0	26	26	26	26
S	34272	2	0	15	0	0	0	0	0	0
S	34274	3	0	1	0	0	0	0	0	0
S	34277	3	0	0	0	0	0	0	0	0
S	34280	3	0	1	0	0	0	0	0	0
S	34283	3	0	0	0	0	0	0	0	0
S	34286	3	0	1	0	0	0	0	0	0
S	34289	3	0	0	0	0	0	0	0	0
S	34292	3	0	1	0	0	0	0	0	0
S	34295	3	0	0	0	0	0	0	0	0
S	34298	3	0	1	0	0	0	0	0	0
S	34301	3	0	0	0	0	0	0	0	0
S	34304	3	0	1	0	0	0	0	0	0
S	34307	3	0	0	0	0	0	0	0	0
S	34310	3	0	1	0	0	0	0	0	0
S	34313	3	0	0	0	0	0	0	0	0
S	34316	3	0	1	0	0	0	0	0	0
S	34319	3	0	0	0	0	0	0	0	0
S	34322	3	0	1	0	0	0	0	0	0
S	34325	3	0	0	0	0	0	0	0	0
S	34328	3	0	1	0	0	0	0	0	0
S	34331	3	0	0	0	0	0	0	0	0
S	34334	3	0	1	0	0	0	0	0	0
S	34337	3	0	0	0	0	0	0	0	0
S	34340	3	0	1	0	0	0	0	0	0
S	34343	3	0	0	0	0	0	0	0	0
S	34346	3	0	1	0	0	0	0	0	0
S	34349	3	0	0	0	0	0	0	0	0
S	34352	3	0	1	0	0	0	0	0	0
S	34355	3	0	0	0	0	0	0	0	0
S	34358	3	0	1	0	0	0	0	0	0
S	34361	3	0	0	0	0	0	0	0	0
S	34364	3	0	1	0	0	0	0	0	0
S	34367	3	0	0	0	0	0	0	0	0
S	34370	3	0	1	0	0	0	0	0	0
S	34373	3	0	0	0	0	0	0	0	0
S	34376	3	0	1	0	0	0	0	0	0
S	34379	3	0	0	0	0	0	0	0	0
S	34382	3	0	1	0	0	0	0	0	0
S	34385	3	0	0	0	0	0	0	0	0
S	34388	3	0	1	0	0	0	0	0	0
S	34391	3	0	0	0	0	0	0	0	0
S	34394	3	0	1	0	0	0	0	0	0
S	34397	3	0	0	0	0	0	0	0	0
S	34400	3	0	1	0	0	0	0	0	0
S	34403	3	0	0	0	0	0	0	0	0
S	34406	3	0	1	0	0	0	0	0	0
S	34409	3	0	0	0	0	0	0	0	0
S	34412	3	0	1	0	0	0	0	0	0
S	34415	3	0	0	0	0	0	0	0	0
S	34418	3	0	1	0	0	0	0	0	0
S	34421	3	0	0	0	0	0	0	0	0
S	34424	3	0	1	0	0	0	0	0	0
S	34427	3	0	0	0	0	0	0	0	0
S	34430	3	0	1	0	0	0	0	0	0
S	34433	3	0	0	0	0	0	0	0	0
S	34436	3	0	1	0	0	0	0	0	0
S	34439	3	0	0	0	0	0	0	0	0
S	34442	3	0	1	0	0	0	0	0	0
S	34445	3	0	0	0	0	0	0	0	0
S	34448	3	0	1	0	0	0	0	0	0
S	34451	3	0	0	0	0	0	0	0	0
S	34454	3	0	1	0	0	0	0	0	0
S	34457	3	0	0	0	0	0	0	0	0
S	34460	3	0	1	0	0	0	0	0	0
S	34463	3	0	0	0	0	0	0	0	0
S	34466	3	0	1	0	0	0	0	0	0
S	34469	3	0	0	0	0	0	0	0	0
S	34472	3	0	1	0	0	0	0	0	0
S	34475	3	0	0	0	0	0	0	0	0
S	34478	3	0	1	0	0	0	0	0	0
S	34481	3	0	0	0	0	0	0	0	0
S	34484	3	0	1	0	0	0	0	0	0
S	34487	3	0	0	0	0	0	0	0	0
S	34490	3	0	1	0	0	0	0	0	0
S	34493	3	0	0	0	0	0	0	0	0
S	34496	3	0	1	0	0	0	0	0	0
S	34499	3	0	0	0	0	0	0	0	0
S	34502	3	0	1	0	0	0	0	0	0
S	34505	3	0	0	0	0	0	0	0	0
S	34508	3	0	1	0	0	0	0	0	0
S	34511	3	0	0	0	0	0	0	0	0
S	34514	3	0	1	0	0	0	0	0	0
S	34517	3	0	0	0	0	0	0	0	0
S	34520	3	0	1	0	0	0	0	0	0
S	34523	3	0	0	0	0	0	0	0	0
S	34526	3	0	1	0	0	0	0	0	0
S	34529	3	0	0	0	0	0	0	0	0
S	34532	3	0	1	0	0	0	0	0	0
S	34535	3	0	0	0	0	0	0	0	0
S	34538	3	0	1	0	0	0	0	0	0
S	34541	3	0	0	0	0	0	0	0	0
S	34544	3	0	1	0	0	0	0	0	0
S	34547	3	0	0	0	0	0	0	0	0
S	34550	3	0	1	0	0	0	0	0	0
S	34553	3	0	0	0	0	0	0	0	0
S	34556	3	0	1	0	0	0	0	0	0
S	34559	3	0	0	0	0	0	0	0	0
S	34562	3	0	1	0	0	0	0	0	0
S	34565	3	0	0	0	0	0	0	0	0
S	34568	3	0	1	0	0	0	0	0	0
S	34571	3	0	0	0	0	0	0	0	0
S	34574	3	0	1	0	0	0	0	0	0
S	34577	3	0	0	0	0	0	0	0	0
S	34580	3	0	1	0	0	0	0	0	0
S	34583	3	0	0	0	0	0	0	0	0
S	34586	3	0	1	0	0	0	0	0	0
S	34589	3	0	0	0	0	0	0	0	0
S	34592	3	0	1	0	0	0	0	0	0
S	34595	3	0	0	0	0	0	0	0	0
S	34598	1	0	15	0	0	0	0	0	0
S	34599	1	0	1	17	2	2	18	19	19
S	34600	1	0	0	17	2	2	18	19	19
S	34601	1	0	1	20	2	2	21	2	19
S	34602	1	0	0	20	2	2	21	2	19
S	34603	1	0	1	22	2	2	23	19	2
S	34604	1	0	0	22	2	2	23	19	2
S	34605	1	0	1	24	2	21	18	19	18
S	34606	1	0	0	24	2	21	18	19	18
S	34607	1	0	1	25	2	23	18	18	19
S	34608	1	0	0	25	2	23	18	18	19
S	34609	1	0	1	2	17	2	26	27	27
S	34610	1	0	0	2	17	2	26	27	27
S	34611	1	0	1	2	20	2	28	2	27
S	34612	1	0	0	2	20	2	28	2	27
S	34613	1	0	1	2	22	2	29	27	2
S	34614	1	0	0	2	22	2	29	27	2
S	34615	1	0	1	2	24	28	26	27	26
S	34616	1	0	0	2	24	28	26	27	26
S	34617	1	0	1	2	25	29	26	26	27
S	34618	1	0	0	2	25	29	26	26	27
S	34619	1	0	1	30	2	18	2	31	31
S	34620	1	0	0	30	2	18	2	31	31
S	34621	1	0	1	32	2	23	2	31	2
S	34622	1	0	0	32	2	23	2	31	2
S	34623	1	0	1	33	2	21	2	2	31
S	34624	1	0	0	33	2	21	2	2	31
S	34625	1	0	1	34	2	18	23	18	31
S	34626	1	0	0	34	2	18	23	18	31
S	34627	1	0	1	35	2	18	21	31	18
S	34628	1	0	0	35	2	18	21	31	18
S	34629	1	0	1	2	30	26	2	36	36
S	34630	1	0	0	2	30	26	2	36	36
S	34631	1	0	1	2	32	29	2	36	2
S	34632	1	0	0	2	32	29	2	36	2
S	34633	1	0	1	2	33	28	2	2	36
S	34634	1	0	0	2	33	28	2	2	36
S	34635	1	0	1	2	34	26	29	26	36
S	34636	1	0	0	2	34	26	29	26	36
S	34637	1	0	1	2	35	26	28	36	26
S	34638	1	0	0	2	35	26	28	36	26
S	34639	1	0	1	37	2	21	21	2	18
S	34640	1	0	0	37	2	21	21	2	18
S	34641	1	0	1	33	2	21	2	2	31
S	34642	1	0	0	33	2	21	2	2	31
S	34643	1	0	1	20	2	2	21	2	19
S	34644	1	0	0	20	2	2	21	2	19
S	34645	1	0	1	35	2	18	21	31	18
S	34646	1	0	0	35	2	18	21	31	18
S	34647	1	0	1	24	2	21	18	19	18
S	34648	1	0	0	24	2	21	18	19	18
S	34649	1	0	1	2	37	28	28	2	26
S	34650	1	0	0	2	37	28	28	2	26
S	34651	1	0	1	2	33	28	2	2	36
S	34652	1	0	0	2	33	28	2	2	36
S	34653	1	0	1	2	20	2	28	2	27
S	34654	1	0	0	2	20	2	28	2	27
S	34655	1	0	1	2	35	26	28	36	26
S	34656	1	0	0	2	35	26	28	36	26
S	34657	1	0	1	2	24	28	26	27	26
S	34658	1	0	0	2	24	28	26	27	26
S	34659	1	0	1	38	2	23	23	18	2
S	34660	1	0	0	38	2	23	23	18	2
S	34661	1	0	1	22	2	2	23	19	2
S	34662	1	0	0	22	2	2	23	19	2
S	34663	1	0	1	32	2	23	2	31	2
S	34664	1	0	0	32	2	23	2	31	2
S	34665	1	0	1	25	2	23	18	18	19
S	34666	1	0	0	25	2	23	18	18	19
S	34667	1	0	1	34	2	18	23	18	31
S	34668	1	0	0	34	2	18	23	18	31
S	34669	1	0	1	2	38	29	29	26	2
S	34670	1	0	0	2	38	29	29	26	2
S	34671	1	0	1	2	22	2	29	27	2
S	34672	1	0	0	2	22	2	29	27	2
S	34673	1	0	1	2	32	29	2	36	2
S	34674	1	0	0	2	32	29	2	36	2
S	34675	1	0	1	2	25	29	26	26	27
S	34676	1	0	0	2	25	29	26	26	27
S	34677	1	0	1	2	34	26	29	26	36
S	34678	1	0	0	2	34	26	29	26	36
S	34679	1	0	1	0	2	18	18	18	18
S	34680	1	0	0	0	2	18	18	18	18
S	34681	1	0	1	2	0	26	26	26	26
S	34682	1	0	0	2	0	26	26	26	26
S	34683	2	0	15	0	0	0	0	0	0
S	34685	3	0	1	0	0	0	0	0	0
S	34688	3	0	0	0	0	0	0	0	0
S	34691	3	0	1	0	0	0	0	0	0
S	34694	3	0	0	0	0	0	0	0	0
S	34697	3	0	1	0	0	0	0	0	0
S	34700	3	0	0	0	0	0	0	0	0
S	34703	3	0	1	0	0	0	0	0	0
S	34706	3	0	0	0	0	0	0	0	0
S	34709	3	0	1	0	0	0	0	0	0
S	34712	3	0	0	0	0	0	0	0	0
S	34715	3	0	1	0	0	0	0	0	0
S	34718	3	0	0	0	0	0	0	0	0
S	34721	3	0	1	0	0	0	0	0	0
S	34724	3	0	0	0	0	0	0	0	0
S	34727	3	0	1	0	0	0	0	0	0
S	34730	3	0	0	0	0	0	0	0	0
S	34733	3	0	1	0	0	0	0	0	0
S	34736	3	0	0	0	0	0	0	0	0
S	34739	3	0	1	0	0	0	0	0	0
S	34742	3	0	0	0	0	0	0	0	0
S	34745	3	0	1	0	0	0	0	0	0
S	34748	3	0	0	0	0	0	0	0	0
S	34751	3	0	1	0	0	0	0	0	0
S	34754	3	0	0	0	0	0	0	0	0
S	34757	3	0	1	0	0	0	0	0	0
S	34760	3	0	0	0	0	0	0	0	0
S	34763	3	0	1	0	0	0	0	0	0
S	34766	3	0	0	0	0	0	0	0	0
S	34769	3	0	1	0	0	0	0	0	0
S	34772	3	0	0	0	0	0	0	0	0
S	34775	3	0	1	0	0	0	0	0	0
S	34778	3	0	0	0	0	0	0	0	0
S	34781	3	0	1	0	0	0	0	0	0
S	34784	3	0	0	0	0	0	0	0	0
S	34787	3	0	1	0	0	0	0	0	0
S	34790	3	0	0	0	0	0	0	0	0
S	34793	3	0	1	0	0	0	0	0	0
S	34796	3	0	0	0	0	0	0	0	0
S	34799	3	0	1	0	0	0	0	0	0
S	34802	3	0	0	0	0	0	0	0	0
S	34805	3	0	1	0	0	0	0	0	0
S	34808	3	0	0	0	0	0	0	0	0
S	34811	3	0	1	0	0	0	0	0	0
S	34814	3	0	0	0	0	0	0	0	0
S	34817	3	0	1	0	0	0	0	0	0
S	34820	3	0	0	0	0	0	0	0	0
S	34823	3	0	1	0	0	0	0	0	0
S	34826	3	0	0	0	0	0	0	0	0
S	34829	3	0	1	0	0	0	0	0	0
S	34832	3	0	0	0	0	0	0	0	0
S	34835	3	0	1	0	0	0	0	0	0
S	34838	3	0	0	0	0	0	0	0	0
S	34841	3	0	1	0	0	0	0	0	0
S	34844	3	0	0	0	0	0	0	0	0
S	34847	3	0	1	0	0	0	0	0	0
S	34850	3	0	0	0	0	0	0	0	0
S	34853	3	0	1	0	0	0	0	0	0
S	34856	3	0	0	0	0	0	0	0	0
S	34859	3	0	1	0	0	0	0	0	0
S	34862	3	0	0	0	0	0	0	0	0
S	34865	3	0	1	0	0	0	0	0	0
S	34868	3	0	0	0	0	0	0	0	0
S	34871	3	0	1	0	0	0	0	0	0
S	34874	3	0	0	0	0	0	0	0	0
S	34877	3	0	1	0	0	0	0	0	0
S	34880	3	0	0	0	0	0	0	0	0
S	34883	3	0	1	0	0	0	0	0	0
S	34886	3	0	0	0	0	0	0	0	0
S	34889	3	0	1	0	0	0	0	0	0
S	34892	3	0	0	0	0	0	0	0	0
S	34895	3	0	1	0	0	0	0	0	0
S	34898	3	0	0	0	0	0	0	0	0
S	34901	3	0	1	0	0	0	0	0	0
S	34904	3	0	0	0	0	0	0	0	0
S	34907	3	0	1	0	0	0	0	0	0
S	34910	3	0	0	0	0	0	0	0	0
S	34913	3	0	1	0	0	0	0	0	0
S	34916	3	0	0	0	0	0	0	0	0
S	34919	3	0	1	0	0	0	0	0	0
S	34922	3	0	0	0	0	0	0	0	0
S	34925	3	0	1	0	0	0	0	0	0
S	34928	3	0	0	0	0	0	0	0	0
S	34931	3	0	1	0	0	0	0	0	0
S	34934	3	0	0	0	0	0	0	0	0
S	34937	3	0	1	0	0	0	0	0	0
S	34940	3	0	0	0	0	0	0	0	0
S	34943	3	0	1	0	0	0	0	0	0
S	34946	3	0	0	0	0	0	0	0	0
S	34949	3	0	1	0	0	0	0	0	0
S	34952	3	0	0	0	0	0	0	0	0
S	34955	3	0	1	0	0	0	0	0	0
S	34958	3	0	0	0	0	0	0	0	0
S	34961	3	0	1	0	0	0	0	0	0
S	34964	3	0	0	0	0	0	0	0	0
S	34967	3	0	1	0	0	0	0	0	0
S	34970	3	0	0	0	0	0	0	0	0
S	34973	3	0	1	0	0	0	0	0	0
S	34976	3	0	0	0	0	0	0	0	0
S	34979	3	0	1	0	0	0	0	0	0
S	34982	3	0	0	0	0	0	0	0	0
S	34985	3	0	1	0	0	0	0	0	0
S	34988	3	0	0	0	0	0	0	0	0
S	34991	3	0	1	0	0	0	0	0	0
S	34994	3	0	0	0	0	0	0	0	0
S	34997	3	0	1	0	0	0	0	0	0
S	35000	3	0	0	0	0	0	0	0	0
S	35003	3	0	1	0	0	0	0	0	0
S	35006	3	0	0	0	0	0	0	0	0
S	35009	1	0	15	0	0	0	0	0	0
S	35010	1	0	1	17	2	2	18	19	19
S	35011	1	0	0	17	2	2	18	19	19
S	35012	1	0	1	20	2	2	21	2	19
S	35013	1	0	0	20	2	2	21	2	19
S	35014	1	0	1	22	2	2	23	19	2
S	35015	1	0	0	22	2	2	23	19	2
S	35016	1	0	1	24	2	21	18	19	18
S	35017	1	0	0	24	2	21	18	19	18
S	35018	1	0	1	25	2	23	18	18	19
S	35019	1	0	0	25	2	23	18	18	19
S	35020	1	0	1	2	17	2	26	27	27
S	35021	1	0	0	2	17	2	26	27	27
S	35022	1	0	1	2	20	2	28	2	27
S	35023	1	0	0	2	20	2	28	2	27
S	35024	1	0	1	2	22	2	29	27	2
S	35025	1	0	0	2	22	2	29	27	2
S	35026	1	0	1	2	24	28	26	27	26
S	35027	1	0	0	2	24	28	26	27	26
S	35028	1	0	1	2	25	29	26	26	27
S	35029	1	0	0	2	25	29	26	26	27
S	35030	1	0	1	30	2	18	2	31	31
S	35031	1	0	0	30	2	18	2	31	31
S	35032	1	0	1	32	2	23	2	31	2
S	35033	1	0	0	32	2	23	2	31	2
S	35034	1	0	1	33	2	21	2	2	31
S	35035	1	0	0	33	2	21	2	2	31
S	35036	1	0	1	34	2	18	23	18	31
S	35037	1	0	0	34	2	18	23	18	31
S	35038	1	0	1	35	2	18	21	31	18
S	35039	1	0	0	35	2	18	21	31	18
S	35040	1	0	1	2	30	26	2	36	36
S	35041	1	0	0	2	30	26	2	36	36
S	35042	1	0	1	2	32	29	2	36	2
S	35043	1	0	0	2	32	29	2	36	2
S	35044	1	0	1	2	33	28	2	2	36
S	35045	1	0	0	2	33	28	2	2	36
S	35046	1	0	1	2	34	26	29	26	36
S	35047	1	0	0	2	34	26	29	26	36
S	35048	1	0	1	2	35	26	28	36	26
S	35049	1	0	0	2	35	26	28	36	26
S	35050	1	0	1	37	2	21	21	2	18
S	35051	1	0	0	37	2	21	21	2	18
S	35052	1	0	1	33	2	21	2	2	31
S	35053	1	0	0	33	2	21	2	2	31
S	35054	1	0	1	20	2	2	21	2	19
S	35055	1	0	0	20	2	2	21	2	19
S	35056	1	0	1	35	2	18	21	31	18
S	35057	1	0	0	35	2	18	21	31	18
S	35058	1	0	1	24	2	21	18	19	18
S	35059	1	0	0	24	2	21	18	19	18
S	35060	1	0	1	2	37	28	28	2	26
S	35061	1	0	0	2	37	28	28	2	26
S	35062	1	0	1	2	33	28	2	2	36
S	35063	1	0	0	2	33	28	2	2	36
S	35064	1	0	1	2	20	2	28	2	27
S	35065	1	0	0	2	20	2	28	2	27
S	35066	1	0	1	2	35	26	28	36	26
S	35067	1	0	0	2	35	26	28	36	26
S	35068	1	0	1	2	24	28	26	27	26
S	35069	1	0	0	2	24	28	26	27	26
S	35070	1	0	1	38	2	23	23	18	2
S	35071	1	0	0	38	2	23	23	18	2
S	35072	1	0	1	22	2	2	23	19	2
S	35073	1	0	0	22	2	2	23	19	2
S	35074	1	0	1	32	2	23	2	31	2
S	35075	1	0	0	32	2	23	2	31	2
S	35076	1	0	1	25	2	23	18	18	19
S	35077	1	0	0	25	2	23	18	18	19
S	35078	1	0	1	34	2	18	23	18	31
S	35079	1	0	0	34	2	18	23	18	31
S	35080	1	0	1	2	38	29	29	26	2
S	35081	1	0	0	2	38	29	29	26	2
S	35082	1	0	1	2	22	2	29	27	2
S	35083	1	0	0	2	22	2	29	27	2
S	35084	1	0	1	2	32	29	2	36	2
S	35085	1	0	0	2	32	29	2	36	2
S	35086	1	0	1	2	25	29	26	26	27
S	35087	1	0	0	2	25	29	26	26	27
S	35088	1	0	1	2	34	26	29	26	36
S	35089	1	0	0	2	34	26	29	26	36
S	35090	1	0	1	0	2	18	18	18	18
S	35091	1	0	0	0	2	18	18	18	18
S	35092	1	0	1	2	0	26	26	26	26
S	35093	1	0	0	2	0	26	26	26	26
S	35094	2	0	15	0	0	0	0	0	0
S	35096	3	0	1	0	0	0	0	0	0
S	35099	3	0	0	0	0	0	0	0	0
S	35102	3	0	1	0	0	0	0	0	0
S	35105	3	0	0	0	0	0	0	0	0
S	35108	3	0	1	0	0	0	0	0	0
S	35111	3	0	0	0	0	0	0	0	0
S	35114	3	0	1	0	0	0	0	0	0
S	35117	3	0	0	0	0	0	0	0	0
S	35120	3	0	1	0	0	0	0	0	0
S	35123	3	0	0	0	0	0	0	0	0
S	35126	3	0	1	0	0	0	0	0	0
S	35129	3	0	0	0	0	0	0	0	0
S	35132	3	0	1	0	0	0	0	0	0
S	35135	3	0	0	0	0	0	0	0	0
S	35138	3	0	1	0	0	0	0	0	0
S	35141	3	0	0	0	0	0	0	0	0
S	35144	3	0	1	0	0	0	0	0	0
S	35147	3	0	0	0	0	0	0	0	0
S	35150	3	0	1	0	0	0	0	0	0
S	35153	3	0	0	0	0	0	0	0	0
S	35156	3	0	1	0	0	0	0	0	0
S	35159	3	0	0	0	0	0	0	0	0
S	35162	3	0	1	0	0	0	0	0	0
S	35165	3	0	0	0	0	0	0	0	0
S	35168	3	0	1	0	0	0	0	0	0
S	35171	3	0	0	0	0	0	0	0	0
S	35174	3	0	1	0	0	0	0	0	0
S	35177	3	0	0	0	0	0	0	0	0
S	35180	3	0	1	0	0	0	0	0	0
S	35183	3	0	0	0	0	0	0	0	0
S	35186	3	0	1	0	0	0	0	0	0
S	35189	3	0	0	0	0	0	0	0	0
S	35192	3	0	1	0	0	0	0	0	0
S	35195	3	0	0	0	0	0	0	0	0
S	35198	3	0	1	0	0	0	0	0	0
S	35201	3	0	0	0	0	0	0	0	0
S	35204	3	0	1	0	0	0	0	0	0
S	35207	3	0	0	0	0	0	0	0	0
S	35210	3	0	1	0	0	0	0	0	0
S	35213	3	0	0	0	0	0	0	0	0
S	35216	3	0	1	0	0	0	0	0	0
S	35219	3	0	0	0	0	0	0	0	0
S	35222	3	0	1	0	0	0	0	0	0
S	35225	3	0	0	0	0	0	0	0	0
S	35228	3	0	1	0	0	0	0	0	0
S	35231	3	0	0	0	0	0	0	0	0
S	35234	3	0	1	0	0	0	0	0	0
S	35237	3	0	0	0	0	0	0	0	0
S	35240	3	0	1	0	0	0	0	0	0
S	35243	3	0	0	0	0	0	0	0	0
S	35246	3	0	1	0	0	0	0	0	0
S	35249	3	0	0	0	0	0	0	0	0
S	35252	3	0	1	0	0	0	0	0	0
S	35255	3	0	0	0	0	0	0	0	0
S	35258	3	0	1	0	0	0	0	0	0
S	35261	3	0	0	0	0	0	0	0	0
S	35264	3	0	1	0	0	0	0	0	0
S	35267	3	0	0	0	0	0	0	0	0
S	35270	3	0	1	0	0	0	0	0	0
S	35273	3	0	0	0	0	0	0	0	0
S	35276	3	0	1	0	0	0	0	0	0
S	35279	3	0	0	0	0	0	0	0	0
S	35282	3	0	1	0	0	0	0	0	0
S	35285	3	0	0	0	0	0	0	0	0
S	35288	3	0	1	0	0	0	0	0	0
S	35291	3	0	0	0	0	0	0	0	0
S	35294	3	0	1	0	0	0	0	0	0
S	35297	3	0	0	0	0	0	0	0	0
S	35300	3	0	1	0	0	0	0	0	0
S	35303	3	0	0	0	0	0	0	0	0
S	35306	3	0	1	0	0	0	0	0	0
S	35309	3	0	0	0	0	0	0	0	0
S	35312	3	0	1	0	0	0	0	0	0
S	35315	3	0	0	0	0	0	0	0	0
S	35318	3	0	1	0	0	0	0	0	0
S	35321	3	0	0	0	0	0	0	0	0
S	35324	3	0	1	0	0	0	0	0	0
S	35327	3	0	0	0	0	0	0	0	0
S	35330	3	0	1	0	0	0	0	0	0
S	35333	3	0	0	0	0	0	0	0	0
S	35336	3	0	1	0	0	0	0	0	0
S	35339	3	0	0	0	0	0	0	0	0
S	35342	3	0	1	0	0	0	0	0	0
S	35345	3	0	0	0	0	0	0	0	0
S	35348	3	0	1	0	0	0	0	0	0
S	35351	3	0	0	0	0	0	0	0	0
S	35354	3	0	1	0	0	0	0	0	0
S	35357	3	0	0	0	0	0	0	0	0
S	35360	3	0	1	0	0	0	0	0	0
S	35363	3	0	0	0	0	0	0	0	0
S	35366	3	0	1	0	0	0	0	0	0
S	35369	3	0	0	0	0	0	0	0	0
S	35372	3	0	1	0	0	0	0	0	0
S	35375	3	0	0	0	0	0	0	0	0
S	35378	3	0	1	0	0	0	0	0	0
S	35381	3	0	0	0	0	0	0	0	0
S	35384	3	0	1	0	0	0	0	0	0
S	35387	3	0	0	0	0	0	0	0	0
S	35390	3	0	1	0	0	0	0	0	0
S	35393	3	0	0	0	0	0	0	0	0
S	35396	3	0	1	0	0	0	0	0	0
S	35399	3	0	0	0	0	0	0	0	0
S	35402	3	0	1	0	0	0	0	0	0
S	35405	3	0	0	0	0	0	0	0	0
S	35408	3	0	1	0	0	0	0	0	0
S	35411	3	0	0	0	0	0	0	0	0
S	35414	3	0	1	0	0	0	0	0	0
S	35417	3	0	0	0	0	0	0	0	0
S	35420	10	0	15	0	0	0	0	0	0
S	35430	2	0	0	0	0	0	0	0	0
S	35432	9	15	15	0	0	0	0	0	0
S	35441	1	0	0	0	0	0	0	0	0
S	35442	1	0	15	0	0	0	0	0	0
S	35443	1	0	1	0	0	0	0	0	0
S	35444	1	0	0	0	0	0	0	0	0
S	35445	1	0	1	0	0	0	0	0	0
S	35446	1	0	0	0	0	0	0	0	0
S	35447	1	0	1	0	0	0	0	0	0
S	35448	1	0	0	0	0	0	0	0	0
S	35449	1	0	1	0	0	0	0	0	0
S	35450	1	0	0	0	0	0	0	0	0
S	35451	1	0	1	0	0	0	0	0	0
S	35452	1	0	0	0	0	0	0	0	0
S	35453	1	0	1	0	0	0	0	0	0
S	35454	1	0	0	0	0	0	0	0	0
S	35455	1	0	1	0	0	0	0	0	0
S	35456	1	0	0	0	0	0	0	0	0
S	35457	1	0	1	0	0	0	0	0	0
S	35458	1	0	0	0	0	0	0	0	0
S	35459	48	0	15	0	0	0	0	0	0
S	35507	1	0	1	0	0	0	0	0	0
S	35508	1	4	1	0	0	0	0	0	0
S	35509	3	8	1	0	0	0	0	0	0
S	35512	2	0	1	0	0	0	0	0	0
S	35514	1	4	1	0	0	0	0	0	0
S	35515	3	8	1	0	0	0	0	0	0
S	35518	1	0	1	0	0	0	0	0	0
S	35519	1	6	1	0	0	0	0	0	0
S	35520	3	12	1	0	0	0	0	0	0
S	35523	1	6	1	0	0	0	0	0	0
S	35524	3	12	1	0	0	0	0	0	0
S	35527	1	6	1	0	0	0	0	0	0
S	35528	3	12	1	0	0	0	0	0	0
S	35531	1	6	1	0	0	0	0	0	0
S	35532	3	12	1	0	0	0	0	0	0
S	35535	1	6	1	0	0	0	0	0	0
S	35536	3	12	1	0	0	0	0	0	0
S	35539	1	6	1	0	0	0	0	0	0
S	35540	3	12	1	0	0	0	0	0	0
S	35543	1	6	1	0	0	0	0	0	0
S	35544	3	12	1	0	0	0	0	0	0
S	35547	1	6	1	0	0	0	0	0	0
S	35548	3	12	1	0	0	0	0	0	0
S	35551	1	0	1	0	0	0	0	0	0
S	35552	1	0	0	0	0	0	0	0	0
S	35553	1	0	15	0	0	0	0	0	0
S	35554	168	0	0	0	0	0	0	0	0
S	35722	1	2	0	0	0	0	0	0	0
F	0	4	0
F	1	140116244	512
F	2	4294967295	8388607
F	3	549454884	2113
F	4	3221229574	147
F	5	271589388	8226
F	6	2158788740	0
F	7	1006698564	7241744
F	8	6	0
F	9	4	0
F	10	12	0
F	11	4	0
F	12	20	0
F	13	36	0
F	14	4	0
F	15	68	2654208
F	16	132	0
F	17	3221225478	19
F	18	1006633028	7110672
F	19	4227858502	7110675
F	20	3770679334	87
F	21	1019215972	7110737
F	22	3492806670	59
F	23	1009778764	7110706
F	24	4	1
F	25	4	2
F	26	2158755972	0
F	27	3232497798	19
F	28	2699821220	65
F	29	2428240012	34
F	30	140115988	0
F	31	1012531284	7110672
F	32	427425820	34
F	33	718929972	65
F	34	1048580	0
F	35	4194308	0
F	36	2298347668	0
F	37	549453860	65
F	38	271581196	34
F	39	20	0
F	40	4	0
F	41	6	0
F	42	4	0
F	43	12	0
F	44	4	0
F	45	36	0
F	46	4	0
F	47	2158788740	0
F	48	4	0
F	49	132	0
F	50	2158755972	0
F	51	2158788740	0
F	52	4	0
F	53	2158788740	0
F	54	2158755972	0
